STN_ID,SITE_CODE,SWN,WELL_NAME,LATITUDE,LONGITUDE,WLM_METHOD,WLM_ACC,BASIN_CODE,BASIN_NAME,COUNTY_NAME,WELL_DEPTH,WELL_USE,WELL_TYPE
49420,380926N1215871W001,03N03E12R002M,03N03E12R002M,38.113,-121.587,GPS,10 ft.,5-021.66,Solano,Sacramento,23,Observation,Part of a nested/multi-completion well
49421,380926N1215871W002,03N03E12R003M,03N03E12R003M,38.113,-121.587,GPS,10 ft.,5-021.66,Solano,Sacramento,102,Observation,Part of a nested/multi-completion well
49419,381023N1215691W001,03N03E12R001M,03N03E12R001M,38.1023,-121.569,GPS,10 ft.,5-021.66,Solano,Sacramento,20,Observation,Single Well
49425,381123N1215102W001,03N04E16A001M,03N04E16A001M,38.1123,-121.51,GPS,10 ft.,5-022.01,Eastern San Joaquin,Sacramento,85,Observation,Part of a nested/multi-completion well
49426,381123N1215102W002,03N04E16A002M,03N04E16A002M,38.1123,-121.51,GPS,10 ft.,5-022.01,Eastern San Joaquin,Sacramento,85,Observation,Part of a nested/multi-completion well
50577,381132N1216951W001,03N03E07N001M,COSAC3,38.1132,-121.695,Digital Elevation Model,0.1 ft.,5-021.66,Solano,Sacramento,416,Other,Single Well
49423,381170N1215245W001,03N04E17A001M,03N04E17A001M,38.117,-121.525,GPS,10 ft.,5-022.01,Eastern San Joaquin,Sacramento,30,Observation,Single Well
49433,381200N1214920W001,03N04E13D002M,03N04E13D002M,38.12,-121.492,GPS,10 ft.,5-022.01,Eastern San Joaquin,Sacramento,20,Observation,Single Well
49428,381222N1214999W001,03N04E11N001M,03N04E11N001M,38.1222,-121.5,GPS,10 ft.,5-022.01,Eastern San Joaquin,Sacramento,20,Observation,Single Well
49416,381301N1215640W001,03N04E02Q001M,03N04E02Q001M,38.1301,-121.564,GPS,10 ft.,5-022.01,Eastern San Joaquin,Sacramento,25,Observation,Single Well
49411,381343N1215695W001,03N04E05M001M,ND52,38.1343,-121.57,GPS,10 ft.,5-021.66,Solano,Sacramento,20,Observation,Single Well
49413,381386N1215201W001,03N04E07G001M,03N04E07G001M,38.1386,-121.52,GPS,10 ft.,5-022.01,Eastern San Joaquin,Sacramento,20,Observation,Single Well
49409,381440N1215627W001,03N04E05C001M,03N04E05C001M,38.144,-121.563,GPS,10 ft.,5-021.66,Solano,Sacramento,100,Observation,Part of a nested/multi-completion well
49410,381440N1215627W002,03N04E05C002M,03N04E05C002M,38.144,-121.563,GPS,10 ft.,5-021.66,Solano,Sacramento,100,Observation,Part of a nested/multi-completion well
49406,381466N1215535W001,04N04E33N001M,ND49,38.1466,-121.553,GPS,10 ft.,5-021.66,Solano,Sacramento,25,Observation,Single Well
49408,381485N1215500W001,03N04E05B001M,03N04E05B001M,38.1485,-121.55,GPS,10 ft.,5-021.66,Solano,Sacramento,20,Observation,Single Well
49400,381733N1215255W001,04N04E27B001M,ND44,38.1733,-121.526,GPS,10 ft.,5-021.66,Solano,Sacramento,25,Observation,Single Well
50578,381798N1216477W001,NA,COSAC2,38.1798,-121.648,Digital Elevation Model,0.1 ft.,5-021.66,Solano,Sacramento,80,Observation,Single Well
49399,381809N1215290W001,04N04E22L001M,ND43,38.1809,-121.529,GPS,10 ft.,5-021.66,Solano,Sacramento,20,Observation,Single Well
49396,381852N1215268W001,04N04E14E001M,04N04E14E001M,38.1852,-121.527,GPS,10 ft.,5-021.66,Solano,Sacramento,100,Observation,Part of a nested/multi-completion well
49397,381853N1215272W001,04N04E14E002M,04N04E14E002M,38.1853,-121.527,GPS,10 ft.,5-021.66,Solano,Sacramento,100,Observation,Part of a nested/multi-completion well
49398,381858N1215280W001,04N04E15H001M,04N04E15H001M,38.1858,-121.528,GPS,10 ft.,5-021.66,Solano,Sacramento,20,Observation,Single Well
49395,381990N1215259W001,04N04E15G002M,ND40,38.199,-121.526,GPS,10 ft.,5-021.66,Solano,Sacramento,20,Observation,Single Well
49393,382044N1215280W001,04N04E10Q001M,04N04E10Q001M,38.2044,-121.528,GPS,10 ft.,5-021.66,Solano,Sacramento,100,Observation,Part of a nested/multi-completion well
49394,382044N1215280W002,04N04E10Q002M,04N04E10Q002M,38.2044,-121.528,GPS,10 ft.,5-021.66,Solano,Sacramento,100,Observation,Part of a nested/multi-completion well
49388,382328N1215070W001,04N04E02B001M,ND34,38.2328,-121.507,GPS,10 ft.,5-021.66,Solano,Sacramento,20,Observation,Single Well
28194,382377N1213206W001,05N06E33J001M,NA,38.2377,-121.321,Unknown,Unknown,5-022.16,Cosumnes,Sacramento,NA,Irrigation,Unknown
52075,382391N1213011W002,NA,Kost MW 1654,38.2391,-121.301,Other,Unknown,5-022.16,Cosumnes,Sacramento,1654,Observation,Part of a nested/multi-completion well
6095,382400N1212969W001,05N06E35M003M,NA,38.24,-121.297,Unknown,Unknown,5-022.16,Cosumnes,Sacramento,NA,Residential,Unknown
49362,382400N1214844W001,05N04E36E001M,05N04E36E001M,38.24,-121.484,GPS,10 ft.,5-022.01,Eastern San Joaquin,Sacramento,20,Observation,Single Well
4830,382402N1213700W001,05N06E31E003M,NA,38.2402,-121.37,Unknown,Unknown,5-022.16,Cosumnes,Sacramento,105,Unknown,Unknown
6094,382405N1213205W001,05N06E33H001M,05N06E33H001M,38.2405,-121.321,Unknown,Unknown,5-022.16,Cosumnes,Sacramento,NA,Irrigation,Single Well
49364,382411N1214894W001,05N04E36G001M,05N04E36G001M,38.2411,-121.489,GPS,10 ft.,5-021.65,South American,Sacramento,100,Observation,Part of a nested/multi-completion well
49365,382411N1214894W002,05N04E36G002M,05N04E36G002M,38.2411,-121.489,GPS,10 ft.,5-021.65,South American,Sacramento,100,Observation,Part of a nested/multi-completion well
49361,382419N1214831W001,05N04E36H001M,ND-10,38.2411,-121.486,GPS,10 ft.,5-021.65,South American,Sacramento,20,Observation,Single Well
49359,382465N1214792W001,05N05E31D003M,05N05E31D003M,38.2465,-121.479,GPS,10 ft.,5-021.65,South American,Sacramento,20,Observation,Single Well
49357,382471N1214811W001,05N05E31D002M,05N05E31D002M,38.2471,-121.481,GPS,10 ft.,5-021.65,South American,Sacramento,100,Observation,Part of a nested/multi-completion well
49358,382471N1214811W002,05N05E31D004M,05N05E31D004M,38.2471,-121.481,GPS,10 ft.,5-021.65,South American,Sacramento,100,Observation,Part of a nested/multi-completion well
49363,382500N1214874W001,05N04E36F001M,05N04E36F001M,38.25,-121.487,GPS,10 ft.,5-021.65,South American,Sacramento,20,Observation,Single Well
6254,382523N1212320W001,05N07E29K002M,NA,38.2523,-121.232,Unknown,Unknown,5-022.16,Cosumnes,Sacramento,530,Irrigation,Unknown
6253,382524N1212329W001,05N07E29K001M,NA,38.2524,-121.233,Unknown,Unknown,5-022.16,Cosumnes,Sacramento,330,Residential,Unknown
39108,382542N1213399W001,05N06E29H001M,NA,38.2542,-121.34,Unknown,Unknown,5-022.16,Cosumnes,Sacramento,335,Irrigation,Unknown
27987,382548N1212908W001,05N06E26K001M,05N06E26K001M,38.2548,-121.291,Unknown,Unknown,5-022.16,Cosumnes,Sacramento,310,Irrigation,Single Well
27988,382550N1213698W001,05N06E30E001M,05N06E30E001M,38.255,-121.37,Unknown,Unknown,5-022.16,Cosumnes,Sacramento,200,Irrigation,Single Well
49353,382563N1214771W001,05N05E30F001M,05N05E30F001M,38.2563,-121.477,GPS,10 ft.,5-021.65,South American,Sacramento,20,Observation,Single Well
49351,382604N1214665W001,05N05E30A004M,ND2,38.2604,-121.467,GPS,10 ft.,5-021.65,South American,Sacramento,20,Observation,Single Well
28613,382613N1212086W001,05N07E28A001M,NA,38.2613,-121.209,Unknown,Unknown,5-022.16,Cosumnes,Sacramento,480,Irrigation,Unknown
4829,382617N1213510W001,05N06E29C001M,NA,38.2617,-121.351,Unknown,Unknown,5-022.16,Cosumnes,Sacramento,NA,Irrigation,Unknown
27986,382621N1212827W001,05N06E26A002M,NA,38.2621,-121.283,Unknown,Unknown,5-022.16,Cosumnes,Sacramento,NA,Residential,Unknown
28614,382623N1212452W001,05N07E30A001M,NA,38.2623,-121.245,Unknown,Unknown,5-022.16,Cosumnes,Sacramento,NA,Irrigation,Unknown
4828,382623N1212973W001,05N06E26D001M,05N06E26D001M,38.2623,-121.297,Unknown,Unknown,5-022.16,Cosumnes,Sacramento,383,Irrigation,Single Well
6250,382625N1212626W001,05N07E19N001M,05N07E19N001M,38.2625,-121.263,Unknown,Unknown,5-022.16,Cosumnes,Sacramento,225,Residential,Single Well
48984,382633N1211992W001,05N07E22P001M,05N07E22P001M,38.2633,-121.199,Unknown,Unknown,5-022.16,Cosumnes,Sacramento,NA,Irrigation,Single Well
6252,382727N1211718W001,05N07E23H001M,05N07E23H001M,38.2727,-121.172,Unknown,Unknown,5-022.16,Cosumnes,Sacramento,600,Irrigation,Single Well
4827,382732N1213610W001,05N06E19B001M,NA,38.2732,-121.361,Unknown,Unknown,5-022.16,Cosumnes,Sacramento,NA,Residential,Unknown
6251,382737N1212346W001,05N07E20G001M,NA,38.2737,-121.235,Unknown,Unknown,5-022.16,Cosumnes,Sacramento,341,Irrigation,Unknown
7464,382742N1214193W001,05N05E22B001M,05N05E22B001M,38.2742,-121.419,Unknown,Unknown,5-021.65,South American,Sacramento,NA,Residential,Single Well
28813,382748N1214823W001,05N05E19D001M,NA,38.2748,-121.482,Unknown,Unknown,5-021.65,South American,Sacramento,12,NA,Unknown
28612,382771N1211806W001,05N07E23C001M,NA,38.2771,-121.181,Unknown,Unknown,5-022.16,Cosumnes,Sacramento,NA,Irrigation,Unknown
4825,382792N1212652W001,05N06E13R001M,05N06E13R001M,38.2792,-121.265,Unknown,Unknown,5-022.16,Cosumnes,Sacramento,240,Irrigation,Single Well
7463,382815N1214585W001,05N05E17L002M,NA,38.2815,-121.459,Unknown,Unknown,5-021.65,South American,Sacramento,27,NA,Unknown
28611,382893N1212127W001,05N07E16A001M,NA,38.2893,-121.213,Unknown,Unknown,5-022.16,Cosumnes,Sacramento,225,Residential,Unknown
27985,382895N1212974W001,05N06E14D001M,NA,38.2895,-121.297,Unknown,Unknown,5-022.16,Cosumnes,Sacramento,NA,Irrigation,Unknown
28812,382899N1214415W001,05N05E16C001M,05n05e16c001m,38.2899,-121.442,Unknown,Unknown,5-021.65,South American,Sacramento,NA,Irrigation,Single Well
4826,382901N1213123W001,05N06E15C002M,NA,38.2901,-121.312,Unknown,Unknown,5-022.16,Cosumnes,Sacramento,84,Unknown,Unknown
4821,382912N1213625W001,05N06E07Q002M,NA,38.2912,-121.363,Unknown,Unknown,5-022.16,Cosumnes,Sacramento,39,Unknown,Unknown
4824,382913N1213131W001,05N06E10P001M,SCGA #25,38.2913,-121.313,Unknown,Unknown,5-022.16,Cosumnes,Sacramento,384,Irrigation,Single Well
7460,382916N1214076W001,05N05E11N001M,NA,38.2916,-121.408,Unknown,Unknown,5-021.65,South American,Sacramento,NA,Unknown,Unknown
6247,382920N1212357W001,05N07E08Q001M,NA,38.292,-121.236,Unknown,Unknown,5-022.16,Cosumnes,Sacramento,463,Irrigation,Unknown
7459,382920N1214194W001,05N05E10Q001M,NA,38.292,-121.419,Unknown,Unknown,5-021.65,South American,Sacramento,NA,Irrigation,Unknown
7461,382934N1213896W001,05N05E12N002M,NA,38.2934,-121.39,Unknown,Unknown,5-021.65,South American,Sacramento,97,Unknown,Unknown
28811,382934N1213904W001,05N05E12N001M,NA,38.2934,-121.39,Unknown,Unknown,5-021.65,South American,Sacramento,NA,Unknown,Unknown
6953,382935N1211328W001,05N08E08N001M,NA,38.2935,-121.133,Unknown,Unknown,5-022.16,Cosumnes,Sacramento,191,Stockwatering,Unknown
6248,382936N1211747W001,05N07E11R002M,05N07E11R002M,38.2936,-121.175,Unknown,Unknown,5-022.16,Cosumnes,Sacramento,228,Residential,Single Well
7462,382939N1213904W001,05N05E12N003M,05N05E12N003M,38.2939,-121.39,Unknown,Unknown,5-021.65,South American,Sacramento,334,Irrigation,Single Well
4822,382940N1213379W001,05N06E08R001M,05N06E08R001M,38.294,-121.338,Unknown,Unknown,5-022.16,Cosumnes,Sacramento,NA,Irrigation,Single Well
27984,382943N1212644W001,05N06E12R001M,05N06E12R001M,38.2943,-121.264,Unknown,Unknown,5-022.16,Cosumnes,Sacramento,850,Irrigation,Single Well
27983,382969N1213373W001,05N06E09M002M,NA,38.2969,-121.337,Unknown,Unknown,5-022.16,Cosumnes,Sacramento,70,Unknown,Unknown
6249,383000N1211712W001,05N07E12E002M,NA,38.3,-121.171,Unknown,Unknown,5-022.16,Cosumnes,Sacramento,290,Irrigation,Unknown
27982,383003N1213482W001,05N06E08F001M,NA,38.3003,-121.348,Unknown,Unknown,5-022.16,Cosumnes,Sacramento,NA,Unknown,Unknown
7458,383009N1214224W001,05N05E10C003M,05N05E10C003M,38.3009,-121.422,Unknown,Unknown,5-021.65,South American,Sacramento,165,Irrigation,Single Well
28610,383033N1212075W001,05N07E10D001M,NA,38.3033,-121.208,Unknown,Unknown,5-022.16,Cosumnes,Sacramento,260,Residential,Unknown
28810,383040N1214005W001,05N05E11B002M,NA,38.304,-121.401,Unknown,Unknown,5-021.65,South American,Sacramento,225,Irrigation,Unknown
4823,383041N1213016W001,05N06E10A001M,NA,38.3041,-121.302,Unknown,Unknown,5-022.16,Cosumnes,Sacramento,NA,Irrigation,Unknown
4820,383089N1213210W001,05N06E04R002M,NA,38.3089,-121.321,Unknown,Unknown,5-022.16,Cosumnes,Sacramento,NA,Irrigation,Unknown
28609,383116N1212452W001,05N07E06A001M,NA,38.3116,-121.245,Unknown,Unknown,5-022.16,Cosumnes,Sacramento,NA,Irrigation,Unknown
27981,383174N1212951W001,05N06E02C001M,NA,38.3174,-121.295,Unknown,Unknown,5-022.16,Cosumnes,Sacramento,NA,Irrigation,Unknown
7457,383195N1214726W001,05N05E06B001M,NA,38.3195,-121.473,Unknown,Unknown,5-021.65,South American,Sacramento,51,Unknown,Unknown
7456,383204N1214430W001,05N05E04C001M,NA,38.3204,-121.443,Unknown,Unknown,5-021.65,South American,Sacramento,163,Irrigation,Unknown
5549,383210N1213919W001,05N05E01D002M,05N05E01D002M,38.321,-121.392,Unknown,Unknown,5-021.65,South American,Sacramento,150,Residential,Single Well
29052,383213N1212330W001,06N07E32P001M,NA,38.3213,-121.233,Unknown,Unknown,5-022.16,Cosumnes,Sacramento,545,Irrigation,Unknown
27448,383217N1213072W001,06N06E34P001M,06N06E34P001M,38.3217,-121.307,Unknown,Unknown,5-022.16,Cosumnes,Sacramento,375,Irrigation,Single Well
5743,383237N1213272W001,06N06E33L001M,SCGA #26,38.3237,-121.327,Unknown,Unknown,5-022.16,Cosumnes,Sacramento,226,Irrigation,Single Well
5744,383254N1213250W001,06N06E33Q002M,NA,38.3254,-121.325,Unknown,Unknown,5-022.16,Cosumnes,Sacramento,NA,Unknown,Unknown
27447,383264N1213191W001,06N06E33J002M,06N06E33J002M,38.3264,-121.319,Unknown,Unknown,5-022.16,Cosumnes,Sacramento,167,Irrigation,Single Well
7159,383270N1214736W001,06N05E31L003M,06N05E31L003M,38.327,-121.474,Unknown,Unknown,5-021.65,South American,Sacramento,125,Residential,Single Well
6457,383294N1211895W001,06N07E34H001M,06N07E34H001M,38.3294,-121.19,Unknown,Unknown,5-022.16,Cosumnes,Sacramento,210,Unknown,Single Well
7212,383305N1211486W001,06N08E31E002M,NA,38.3305,-121.149,Unknown,Unknown,5-022.16,Cosumnes,Sacramento,325,Residential,Unknown
28209,383314N1214643W001,06N05E31A002M,NA,38.3314,-121.464,Unknown,Unknown,5-021.65,South American,Sacramento,100,Residential,Unknown
7213,383322N1210943W001,06N08E34E001M,NA,38.3322,-121.094,Unknown,Unknown,5-022.16,Cosumnes,Sacramento,520,Irrigation,Unknown
7160,383354N1214177W001,06N05E34C002M,NA,38.3354,-121.418,Unknown,Unknown,5-021.65,South American,Sacramento,NA,Irrigation,Unknown
27153,383385N1212663W001,06N06E25Q001M,NA,38.3385,-121.266,Unknown,Unknown,5-022.16,Cosumnes,Sacramento,90,Residential,Unknown
5610,383422N1213404W001,06N06E29K001M,NA,38.3422,-121.34,Unknown,Unknown,5-022.16,Cosumnes,Sacramento,600,Irrigation,Unknown
7158,383434N1214367W001,06N05E28F001M,NA,38.3434,-121.437,Unknown,Unknown,5-021.65,South American,Sacramento,160,Irrigation,Unknown
28756,383440N1212229W001,06N07E28E001M,NA,38.344,-121.223,Unknown,Unknown,5-022.16,Cosumnes,Sacramento,225,Residential,Unknown
28353,383468N1211390W001,06N08E30B001M,NA,38.3468,-121.139,Unknown,Unknown,5-022.16,Cosumnes,Sacramento,NA,Irrigation,Unknown
27154,383483N1213280W001,06N06E28C002M,06N06E28C002M,38.3483,-121.328,Unknown,Unknown,5-022.16,Cosumnes,Sacramento,NA,Irrigation,Single Well
5609,383504N1212971W001,06N06E26D002M,NA,38.3504,-121.297,Unknown,Unknown,5-022.16,Cosumnes,Sacramento,139,Unknown,Unknown
28208,383510N1213741W001,06N05E24R001M,06N05E24R001M,38.351,-121.374,Unknown,Unknown,5-021.65,South American,Sacramento,NA,Irrigation,Single Well
7210,383527N1211077W001,06N08E21P002M,NA,38.3527,-121.108,Unknown,Unknown,5-022.16,Cosumnes,Sacramento,140,Unknown,Unknown
7211,383527N1211081W001,06N08E21P003M,06N08E21P003M,38.3527,-121.108,Unknown,Unknown,5-022.16,Cosumnes,Sacramento,305,Irrigation,Single Well
5563,383610N1214825W001,06N04E24A001M,06N04E24A001M,38.361,-121.483,Unknown,Unknown,5-021.65,South American,Sacramento,200,Irrigation,Single Well
7157,383619N1214178W001,06N05E22C002M,NA,38.3619,-121.418,Unknown,Unknown,5-021.65,South American,Sacramento,NA,Irrigation,Unknown
7156,383632N1214513W001,06N05E20B001M,NA,38.3632,-121.451,Unknown,Unknown,5-021.65,South American,Sacramento,NA,Irrigation,Unknown
5608,383636N1212922W001,06N06E23C001M,06N06E23C001M,38.3636,-121.292,Unknown,Unknown,5-022.16,Cosumnes,Sacramento,275,Irrigation,Single Well
6322,383639N1212444W001,06N07E19A001M,NA,38.3639,-121.244,Unknown,Unknown,5-022.16,Cosumnes,Sacramento,NA,Irrigation,Unknown
5607,383642N1213113W001,06N06E22C001M,NA,38.3642,-121.311,Unknown,Unknown,5-022.16,Cosumnes,Sacramento,141,Irrigation,Unknown
6321,383696N1211927W001,06N07E15K001M,NA,38.3696,-121.193,Unknown,Unknown,5-022.16,Cosumnes,Sacramento,NA,Irrigation,Unknown
28352,383720N1210784W001,06N08E15J001M,06N08E15J001M,38.372,-121.078,Unknown,Unknown,5-022.16,Cosumnes,Sacramento,150,Residential,Single Well
28207,383728N1214548W001,06N05E17F001M,06N05E17F001M,38.3728,-121.455,Unknown,Unknown,5-021.65,South American,Sacramento,200,Unknown,Single Well
5606,383729N1213638W001,06N06E18F001M,06N06E18F001M,38.3729,-121.364,Unknown,Unknown,5-021.65,South American,Sacramento,314,Irrigation,Single Well
5605,383735N1213338W001,06N06E16E001M,06N06E16E001M,38.3735,-121.334,Unknown,Unknown,5-021.65,South American,Sacramento,90,Residential,Single Well
27152,383754N1213632W001,06N06E18G001M,NA,38.3754,-121.363,Unknown,Unknown,5-021.65,South American,Sacramento,513,Irrigation,Unknown
7155,383764N1214303W001,06N05E16A001M,NA,38.3764,-121.43,Unknown,Unknown,5-021.65,South American,Sacramento,NA,Irrigation,Unknown
28755,383791N1211689W001,06N07E14A001M,NA,38.3791,-121.169,Unknown,Unknown,5-022.16,Cosumnes,Sacramento,635,Irrigation,Unknown
28754,383822N1212242W001,06N07E08R001M,NA,38.3822,-121.224,Unknown,Unknown,5-022.16,Cosumnes,Sacramento,332,Residential,Unknown
27151,383865N1212812W001,06N06E11J003M,06N06E11J003M,38.3865,-121.281,Unknown,Unknown,5-022.16,Cosumnes,Sacramento,215,Residential,Single Well
5604,383866N1213700W001,06N06E07M001M,NA,38.3866,-121.37,Unknown,Unknown,5-021.65,South American,Sacramento,210,Irrigation,Unknown
7154,383884N1214167W001,06N05E10G001M,NA,38.3884,-121.417,Unknown,Unknown,5-021.65,South American,Sacramento,228,Irrigation,Unknown
55004,383904N1214153W001,NA,W-078,38.3904,-121.415,Other,Unknown,5-021.65,South American,Sacramento,1337,Other,Single Well
28206,383913N1214142W001,06N05E10B001M,NA,38.3913,-121.414,Unknown,Unknown,5-021.65,South American,Sacramento,250,Irrigation,Unknown
6320,383927N1211686W001,06N07E11A002M,NA,38.3927,-121.169,Unknown,Unknown,5-022.16,Cosumnes,Sacramento,466,Irrigation,Unknown
5603,383941N1213575W001,06N06E07A002M,NA,38.3941,-121.358,Unknown,Unknown,5-021.65,South American,Sacramento,364,Residential,Unknown
7153,383945N1214450W001,06N05E04N002M,NA,38.3945,-121.445,Unknown,Unknown,5-021.65,South American,Sacramento,223,Residential,Unknown
55006,383966N1214241W001,NA,W-110,38.3966,-121.424,Other,Unknown,5-021.65,South American,Sacramento,1350,Other,Single Well
55005,383976N1214193W001,NA,W-109,38.3976,-121.419,Other,Unknown,5-021.65,South American,Sacramento,1368,Other,Single Well
5602,383995N1213354W001,06N06E05J002M,NA,38.3995,-121.335,Unknown,Unknown,5-021.65,South American,Sacramento,160,Residential,Unknown
6319,384007N1212095W001,06N07E04J001M,NA,38.4007,-121.21,Unknown,Unknown,5-022.16,Cosumnes,Sacramento,NA,Residential,Unknown
5601,384026N1212641W001,06N06E01G001M,06N06E01G001M,38.4026,-121.264,Unknown,Unknown,5-022.16,Cosumnes,Sacramento,330,Irrigation,Single Well
55008,384036N1214030W001,NA,W-129,38.4036,-121.403,Other,Unknown,5-021.65,South American,Sacramento,1456,Other,Single Well
55003,384047N1214810W001,NA,W-075,38.4047,-121.481,Other,Unknown,5-021.65,South American,Sacramento,270,Other,Single Well
55000,384054N1214761W001,NA,W-056,38.4054,-121.476,Other,Unknown,5-021.65,South American,Sacramento,265,Other,Single Well
55007,384055N1214003W001,NA,W-126,38.4055,-121.4,Other,Unknown,5-021.65,South American,Sacramento,1440,Other,Single Well
55009,384055N1214115W001,NA,W-130,38.4055,-121.412,Other,Unknown,5-021.65,South American,Sacramento,1493,Other,Single Well
28205,384073N1213854W001,06N05E01D001M,NA,38.4073,-121.385,Unknown,Unknown,5-021.65,South American,Sacramento,520,Irrigation,Unknown
7152,384082N1213845W001,06N05E01C001M,NA,38.4082,-121.385,Unknown,Unknown,5-021.65,South American,Sacramento,248,Unknown,Unknown
27854,384092N1213447W001,07N06E32P001M,NA,38.4092,-121.345,Unknown,Unknown,5-021.65,South American,Sacramento,NA,Residential,Unknown
27855,384117N1212735W001,07N06E36P002M,NA,38.4117,-121.274,Unknown,Unknown,5-022.16,Cosumnes,Sacramento,NA,Residential,Unknown
51651,384121N1212102W001,07N07E33Q001M,07N07E33Q001M,38.4121,-121.21,Unknown,Unknown,5-022.16,Cosumnes,Sacramento,290,Unknown,Single Well
50579,384125N1214946W001,NA,COSAC1,38.4125,-121.495,Digital Elevation Model,0.1 ft.,5-021.65,South American,Sacramento,175,Stockwatering,Single Well
4783,384130N1213183W001,07N06E33J001M,NA,38.413,-121.318,Unknown,Unknown,5-021.65,South American,Sacramento,110,Residential,Unknown
55100,384134N1214488W001,10N05E36A951M,W-032,38.4134,-121.449,Other,Unknown,5-021.65,South American,Sacramento,400,Other,Single Well
6723,384147N1214507W001,07N05E32K001M,NA,38.4147,-121.451,Unknown,Unknown,5-021.65,South American,Sacramento,142,Unknown,Unknown
48985,384150N1213239W001,07N06E33K001M,07N06E33K001M,38.415,-121.324,Unknown,Unknown,5-021.65,South American,Sacramento,250,Residential,Single Well
4804,384163N1211768W001,07N07E35G001M,NA,38.4163,-121.177,Unknown,Unknown,5-022.16,Cosumnes,Sacramento,184,Residential,Unknown
4784,384170N1213002W001,07N06E34H003M,NA,38.417,-121.3,Unknown,Unknown,5-021.65,South American,Sacramento,223,Residential,Unknown
4802,384183N1212123W001,07N07E33G001M,07N07E33G001M,38.4183,-121.212,Unknown,Unknown,5-022.16,Cosumnes,Sacramento,180,Residential,Single Well
4800,384184N1212536W001,07N07E31F001M,NA,38.4184,-121.254,Unknown,Unknown,5-022.16,Cosumnes,Sacramento,365,Irrigation,Unknown
54998,384187N1214377W001,NA,W-043,38.4187,-121.438,Other,Unknown,5-021.65,South American,Sacramento,252,Other,Single Well
54996,384192N1214186W001,NA,W-041,38.4192,-121.419,Other,Unknown,5-021.65,South American,Sacramento,256,Other,Single Well
6722,384196N1214733W001,07N05E31C001M,NA,38.4196,-121.473,Unknown,Unknown,5-021.65,South American,Sacramento,252,Irrigation,Unknown
54997,384197N1214437W001,NA,W-042,38.4197,-121.444,Other,Unknown,5-021.65,South American,Sacramento,245,Other,Single Well
27318,384199N1214636W001,07N05E32D001M,NA,38.4199,-121.464,Unknown,Unknown,5-021.65,South American,Sacramento,610,Irrigation,Unknown
27499,384202N1213738W001,07N05E36A001M,SCGA #4,38.4202,-121.374,Unknown,Unknown,5-021.65,South American,Sacramento,508,Other,Single Well
29338,384205N1210459W001,07N08E36B001M,07N08E36B001M,38.4205,-121.046,Unknown,Unknown,5-022.16,Cosumnes,Sacramento,15,Observation,Single Well
4801,384218N1212247W001,07N07E32A002M,NA,38.4218,-121.225,Unknown,Unknown,5-022.16,Cosumnes,Sacramento,NA,Irrigation,Unknown
4803,384223N1212015W001,07N07E34D001M,NA,38.4223,-121.202,Unknown,Unknown,5-022.16,Cosumnes,Sacramento,333,Irrigation,Unknown
6721,384244N1214371W001,07N05E28P001M,NA,38.4244,-121.437,Unknown,Unknown,5-021.65,South American,Sacramento,NA,Irrigation,Unknown
4782,384251N1213346W001,07N06E28N001M,NA,38.4251,-121.335,Unknown,Unknown,5-021.65,South American,Sacramento,NA,Irrigation,Unknown
4798,384252N1211997W001,07N07E27P001M,NA,38.4252,-121.2,Unknown,Unknown,5-022.16,Cosumnes,Sacramento,180,Residential,Unknown
54999,384254N1214299W001,NA,W-047,38.4254,-121.43,Other,Unknown,5-021.65,South American,Sacramento,250,Other,Single Well
4781,384260N1212853W001,07N06E26Q001M,NA,38.426,-121.285,Unknown,Unknown,5-021.65,South American,Sacramento,340,Residential,Unknown
27204,384272N1214018W001,07N05E26P002M,SCGA #2,38.4272,-121.402,Unknown,Unknown,5-021.65,South American,Sacramento,NA,Residential,Single Well
55002,384275N1213980W001,NA,W-074,38.4275,-121.398,Other,Unknown,5-021.65,South American,Sacramento,225,Other,Single Well
6720,384325N1214427W001,07N05E28E001M,NA,38.4325,-121.443,Unknown,Unknown,5-021.65,South American,Sacramento,178,Unknown,Unknown
55001,384332N1214615W001,NA,W-070,38.4332,-121.462,Other,Unknown,5-021.65,South American,Sacramento,740,Other,Single Well
27853,384341N1212687W001,07N06E25B001M,NA,38.4341,-121.269,Unknown,Unknown,5-021.65,South American,Sacramento,485,Irrigation,Unknown
27205,384343N1214615W001,07N05E29D001M,SCGA #3,38.4343,-121.462,Unknown,Unknown,5-021.65,South American,Sacramento,170,Irrigation,Single Well
4797,384354N1211927W001,07N07E27B001M,NA,38.4354,-121.193,Unknown,Unknown,5-022.16,Cosumnes,Sacramento,310,Irrigation,Unknown
4799,384358N1212277W001,07N07E29A001M,NA,38.4358,-121.228,Unknown,Unknown,5-022.16,Cosumnes,Sacramento,NA,Irrigation,Unknown
6719,384374N1214022W001,07N05E26C001M,NA,38.4374,-121.402,Unknown,Unknown,5-021.65,South American,Sacramento,519,Irrigation,Unknown
55012,384383N1213873W001,NA,W-065,38.4383,-121.387,Other,Unknown,5-021.65,South American,Sacramento,250,Other,Single Well
27852,384403N1212921W001,07N06E23P001M,NA,38.4403,-121.292,Unknown,Unknown,5-021.65,South American,Sacramento,185,Residential,Unknown
40043,384403N1212921W002,07N06E23P002M,NA,38.4403,-121.292,Unknown,Unknown,5-021.65,South American,Sacramento,NA,Unknown,Unknown
27851,384417N1213354W001,07N06E20J001M,SCGA #8,38.4417,-121.335,Unknown,Unknown,5-021.65,South American,Sacramento,NA,Irrigation,Single Well
4780,384425N1213031W001,07N06E22R002M,SCGA #9,38.4425,-121.303,Unknown,Unknown,5-021.65,South American,Sacramento,210,Residential,Single Well
6718,384453N1213728W001,07N05E24H001M,NA,38.4453,-121.373,Unknown,Unknown,5-021.65,South American,Sacramento,NA,Irrigation,Unknown
6717,384453N1214628W001,07N05E20E001M,NA,38.4453,-121.463,Unknown,Unknown,5-021.65,South American,Sacramento,203,Residential,Unknown
55015,384455N1213533W001,NA,W-069,38.4455,-121.353,Other,Unknown,5-021.65,South American,Sacramento,880,Other,Single Well
27203,384458N1214600W001,07N05E20E002M,NA,38.4458,-121.46,Unknown,Unknown,5-021.65,South American,Sacramento,178,Irrigation,Unknown
4796,384461N1211632W001,07N07E24F001M,NA,38.4461,-121.163,Unknown,Unknown,5-022.16,Cosumnes,Sacramento,200,Unknown,Unknown
4795,384462N1212038W001,07N07E22E001M,NA,38.4462,-121.204,Unknown,Unknown,5-022.16,Cosumnes,Sacramento,164,Residential,Unknown
27862,384468N1212226W001,07N07E21E001M,07N07E21E001M,38.4468,-121.223,Unknown,Unknown,5-021.65,South American,Sacramento,610,Irrigation,Single Well
4794,384511N1212360W001,07N07E20C001M,07N07E20C001M,38.4511,-121.236,Unknown,Unknown,5-021.65,South American,Sacramento,610,Irrigation,Single Well
4779,384525N1213093W001,07N06E22C002M,NA,38.4525,-121.309,Unknown,Unknown,5-021.65,South American,Sacramento,NA,Irrigation,Unknown
4793,384526N1211695W001,07N07E14R001M,07N07E14R001M,38.4526,-121.169,Unknown,Unknown,5-022.16,Cosumnes,Sacramento,197,Residential,Single Well
4792,384527N1211747W001,07N07E14Q001M,NA,38.4527,-121.175,Unknown,Unknown,5-022.16,Cosumnes,Sacramento,NA,Irrigation,Unknown
4778,384532N1212856W001,07N06E14Q001M,SCGA #7,38.4532,-121.286,Unknown,Unknown,5-021.65,South American,Sacramento,300,Irrigation,Single Well
55013,384563N1213533W001,NA,W-067,38.4563,-121.353,Other,Unknown,5-021.65,South American,Sacramento,1087,Other,Single Well
5486,384600N1211432W001,07N08E18F001M,07N08E18F001M,38.46,-121.143,Unknown,Unknown,5-022.16,Cosumnes,Sacramento,NA,Stockwatering,Single Well
55014,384600N1213625W001,NA,W-068,38.46,-121.363,Other,Unknown,5-021.65,South American,Sacramento,921,Other,Single Well
6169,384600N1214102W001,07N05E15H001M,NA,38.46,-121.41,Unknown,Unknown,5-021.65,South American,Sacramento,150,Unknown,Unknown
55011,384601N1213562W001,NA,W-064,38.4601,-121.356,Other,Unknown,5-021.65,South American,Sacramento,920,Other,Single Well
5485,384613N1211126W001,07N08E16E001M,NA,38.4613,-121.113,Unknown,Unknown,5-022.16,Cosumnes,Sacramento,140,Unknown,Unknown
27861,384619N1212318W001,07N07E17G002M,07N07E17G002M,38.4619,-121.232,Unknown,Unknown,5-021.65,South American,Sacramento,205,Irrigation,Single Well
29337,384636N1210433W001,07N08E13A001M,NA,38.4636,-121.043,Unknown,Unknown,5-022.16,Cosumnes,Sacramento,40,Stockwatering,Unknown
55010,384657N1213700W001,NA,W-061,38.4657,-121.37,Other,Unknown,5-021.65,South American,Sacramento,914,Other,Single Well
27202,384664N1214774W001,07N05E18C001M,SCGA #1,38.4664,-121.477,Unknown,Unknown,5-021.65,South American,Sacramento,NA,Irrigation,Single Well
4790,384690N1212601W001,07N07E07N001M,NA,38.469,-121.26,Unknown,Unknown,5-021.65,South American,Sacramento,140,Unknown,Unknown
27859,384705N1212594W001,07N07E07N002M,NA,38.4705,-121.259,Unknown,Unknown,5-021.65,South American,Sacramento,300,Irrigation,Unknown
27850,384705N1213040W001,07N06E10Q001M,NA,38.4705,-121.304,Unknown,Unknown,5-021.65,South American,Sacramento,170,Residential,Unknown
29312,384737N1215077W001,07N04E11K001M,NA,38.4737,-121.508,Unknown,Unknown,5-021.65,South American,Sacramento,22,Unknown,Unknown
6168,384738N1214249W001,07N05E10M001M,NA,38.4738,-121.425,Unknown,Unknown,5-021.65,South American,Sacramento,382,Irrigation,Unknown
4776,384742N1213146W001,07N06E10M002M,NA,38.4742,-121.315,Unknown,Unknown,5-021.65,South American,Sacramento,NA,Irrigation,Unknown
27849,384756N1213352W001,07N06E08H001M,SCGA #5,38.4756,-121.335,Unknown,Unknown,5-021.65,South American,Sacramento,225,Residential,Single Well
48986,384783N1212311W001,07N07E08B003M,07N07E08B003M,38.4783,-121.231,Unknown,Unknown,5-021.65,South American,Sacramento,NA,Unknown,Single Well
4777,384798N1212614W001,07N06E12A001M,SCGA #6,38.4798,-121.261,Unknown,Unknown,5-021.65,South American,Sacramento,340,Irrigation,Single Well
27860,384799N1212061W001,07N07E09A001M,NA,38.4799,-121.206,Unknown,Unknown,5-021.65,South American,Sacramento,NA,Unknown,Unknown
4791,384799N1212317W001,07N07E08B002M,NA,38.4799,-121.232,Unknown,Unknown,5-021.65,South American,Sacramento,265,Residential,Unknown
4948,384832N1211480W001,07N08E06N001M,NA,38.4832,-121.148,Unknown,Unknown,5-022.16,Cosumnes,Sacramento,135,Irrigation,Unknown
4789,384848N1212192W001,07N07E04P001M,NA,38.4848,-121.219,Unknown,Unknown,5-021.65,South American,Sacramento,158,Unknown,Unknown
6167,384851N1214337W001,07N05E04Q001M,07N05E04Q001M,38.4851,-121.434,Unknown,Unknown,5-021.65,South American,Sacramento,225,Unknown,Single Well
4947,384853N1210703W001,07N08E02L001M,NA,38.4853,-121.07,Unknown,Unknown,5-022.16,Cosumnes,Sacramento,71,Stockwatering,Unknown
27858,384857N1212077W001,07N07E04J001M,NA,38.4857,-121.208,Unknown,Unknown,5-021.65,South American,Sacramento,150,Unknown,Unknown
28350,384862N1213726W001,07N05E01J001M,NA,38.4862,-121.373,Unknown,Unknown,5-021.65,South American,Sacramento,NA,Irrigation,Unknown
6166,384924N1213736W001,07N05E01H002M,NA,38.4924,-121.374,Unknown,Unknown,5-021.65,South American,Sacramento,140,Residential,Unknown
27857,384931N1211797W001,07N07E02C001M,07N07E02C001M,38.4931,-121.18,Unknown,Unknown,5-021.65,South American,Sacramento,135,Irrigation,Single Well
4775,384931N1212618W001,07N06E01A001M,NA,38.4931,-121.262,Unknown,Unknown,5-021.65,South American,Sacramento,780,Irrigation,Unknown
4788,384943N1211947W001,07N07E03B001M,NA,38.4943,-121.195,Unknown,Unknown,5-021.65,South American,Sacramento,625,Irrigation,Unknown
8586,384966N1214476W001,08N05E32R001M,NA,38.4966,-121.448,Unknown,Unknown,5-021.65,South American,Sacramento,312,Unknown,Unknown
30668,384967N1213342W001,08N06E33N001M,NA,38.4967,-121.334,Unknown,Unknown,5-021.65,South American,Sacramento,NA,Residential,Unknown
9289,384969N1213022W001,08N06E34R001M,SCGA #19,38.4969,-121.302,Unknown,Unknown,5-021.65,South American,Sacramento,300,Irrigation,Single Well
8587,385002N1214305W001,08N05E33J001M,NA,38.5002,-121.431,Unknown,Unknown,5-021.65,South American,Sacramento,113,Residential,Unknown
10437,385021N1214948W001,08N04E36L001M,SCGA #10,38.5021,-121.495,Unknown,Unknown,5-021.65,South American,Sacramento,172,Residential,Single Well
9300,385037N1212467W001,08N07E31J001M,SCGA #22,38.5037,-121.247,Unknown,Unknown,5-021.65,South American,Sacramento,300,Irrigation,Single Well
30676,385038N1212203W001,08N07E33E001M,SCGA #23,38.5038,-121.22,Unknown,Unknown,5-021.65,South American,Sacramento,130,Residential,Single Well
9288,385047N1213636W001,08N06E31F001M,SCGA #18,38.5047,-121.364,Unknown,Unknown,5-021.65,South American,Sacramento,132,Residential,Single Well
31362,385089N1214606W001,08N05E32D001M,NA,38.5089,-121.461,Unknown,Unknown,5-021.65,South American,Sacramento,298,Unknown,Unknown
9286,385112N1213142W001,08N06E27N001M,SCGA #16,38.5112,-121.314,Unknown,Unknown,5-021.65,South American,Sacramento,NA,Residential,Single Well
9287,385117N1213241W001,08N06E28P004M,NA,38.5117,-121.324,Unknown,Unknown,5-021.65,South American,Sacramento,182,Irrigation,Unknown
9285,385159N1212845W001,08N06E26K001M,SCGA #14,38.5159,-121.285,Unknown,Unknown,5-021.65,South American,Sacramento,160,Residential,Single Well
9284,385177N1212619W001,08N06E25J002M,NA,38.5177,-121.262,Unknown,Unknown,5-021.65,South American,Sacramento,200,Residential,Unknown
30666,385190N1213015W001,08N06E27H002M,SCGA #15,38.519,-121.302,Unknown,Unknown,5-021.65,South American,Sacramento,425,Irrigation,Single Well
30667,385223N1213630W001,08N06E30C001M,SCGA #17,38.5223,-121.363,Unknown,Unknown,5-021.65,South American,Sacramento,164,Residential,Single Well
8585,385239N1214685W001,08N05E30A001M,NA,38.5239,-121.469,Unknown,Unknown,5-021.65,South American,Sacramento,298,Irrigation,Unknown
9299,385241N1211982W001,08N07E27C001M,NA,38.5241,-121.198,Unknown,Unknown,5-021.65,South American,Sacramento,300,NA,Unknown
30664,385259N1213355W001,08N06E20R001M,SCGA #13,38.5259,-121.336,Unknown,Unknown,5-021.65,South American,Sacramento,101,Residential,Single Well
30665,385287N1213347W001,08N06E21N002M,NA,38.5287,-121.335,Unknown,Unknown,5-021.65,South American,Sacramento,175,Residential,Unknown
30846,385312N1215006W001,08N04E24M001M,NA,38.5312,-121.501,Unknown,Unknown,5-021.65,South American,Sacramento,75,Unknown,Unknown
9298,385315N1212254W001,08N07E20J001M,NA,38.5315,-121.225,Unknown,Unknown,5-021.65,South American,Sacramento,524,Irrigation,Unknown
30675,385326N1211950W001,08N07E22G001M,NA,38.5326,-121.195,Unknown,Unknown,5-021.65,South American,Sacramento,210,NA,Unknown
31361,385343N1214280W001,08N05E21H002M,SCGA #11,38.5343,-121.428,Unknown,Unknown,5-021.65,South American,Sacramento,72,Unknown,Single Well
9283,385388N1213276W001,08N06E21C001M,NA,38.5388,-121.328,Unknown,Unknown,5-021.65,South American,Sacramento,350,Residential,Unknown
8584,385397N1214741W001,08N05E18Q001M,NA,38.5397,-121.474,Unknown,Unknown,5-021.65,South American,Sacramento,240,Irrigation,Unknown
8726,385411N1213099W001,08N06E15P001M,NA,38.5411,-121.31,Unknown,Unknown,5-021.65,South American,Sacramento,152,Unknown,Unknown
8583,385443N1214736W001,08N05E18K001M,NA,38.5443,-121.474,Unknown,Unknown,5-021.65,South American,Sacramento,243,Irrigation,Unknown
9282,385469N1213389W001,08N06E17H001M,SCGA #12,38.5469,-121.339,Unknown,Unknown,5-021.65,South American,Sacramento,236,Residential,Single Well
8582,385478N1214266W001,08N05E15E001M,NA,38.5478,-121.427,Unknown,Unknown,5-021.65,South American,Sacramento,150,Unknown,Unknown
31360,385537N1214369W001,08N05E16C001M,NA,38.5537,-121.437,Unknown,Unknown,5-021.65,South American,Sacramento,300,Irrigation,Unknown
30674,385538N1212593W001,08N07E18E001M,NA,38.5538,-121.259,Unknown,Unknown,5-021.65,South American,Sacramento,390,Unknown,Unknown
9296,385541N1211812W001,08N07E14C001M,SCGA #21,38.5541,-121.181,Unknown,Unknown,5-021.65,South American,Sacramento,208,Stockwatering,Single Well
9297,385543N1212592W001,08N07E18E002M,NA,38.5543,-121.259,Unknown,Unknown,5-021.65,South American,Sacramento,562,Irrigation,Unknown
30673,385552N1212221W001,08N07E09N001M,NA,38.5552,-121.222,Unknown,Unknown,5-021.65,South American,Sacramento,NA,Residential,Unknown
8581,385567N1214751W001,08N05E07P001M,NA,38.5567,-121.475,Unknown,Unknown,5-021.65,South American,Sacramento,240,Unknown,Unknown
9295,385571N1212250W001,08N07E08R001M,NA,38.5571,-121.225,Unknown,Unknown,5-021.65,South American,Sacramento,405,Residential,Unknown
31659,385578N1213240W001,08N06E09Q004M,NA,38.5578,-121.324,Unknown,Unknown,5-021.65,South American,Sacramento,125,Residential,Unknown
40117,385608N1212491W001,08N07E07K001M,NA,38.5608,-121.249,Unknown,Unknown,5-021.65,South American,Sacramento,194,Residential,Unknown
8725,385636N1213490W001,08N06E08F001M,NA,38.5636,-121.349,Unknown,Unknown,5-021.65,South American,Sacramento,122,Irrigation,Unknown
12566,385650N1214998W001,08N04E12D001M,NA,38.565,-121.5,Unknown,Unknown,5-021.65,South American,Sacramento,248,Irrigation,Unknown
30672,385707N1211868W001,08N07E02N001M,SCGA #20,38.5707,-121.187,Unknown,Unknown,5-021.65,South American,Sacramento,675,Irrigation,Single Well
12550,385729N1215097W001,08N04E02K007M,NA,38.5729,-121.51,Unknown,Unknown,5-021.65,South American,Sacramento,410,Industrial,Unknown
54938,385743N1212936W001,08N06E02M001M,GSW-Mather #18,38.5743,-121.294,Other,Unknown,5-021.65,South American,Sacramento,560,Other,Single Well
51636,385760N1214031W001,NA,76,38.576,-121.403,Other,Unknown,5-021.64,North American,Sacramento,296,Unknown,Single Well
30630,385774N1214889W001,08N04E01G001M,08N04E01G001M,38.5774,-121.489,Unknown,Unknown,5-021.65,South American,Sacramento,114,Unknown,Single Well
31359,385784N1214655W001,08N05E06H001M,NA,38.5784,-121.466,Unknown,Unknown,5-021.65,South American,Sacramento,240,Irrigation,Unknown
52417,385788N1214110W001,NA,SSWD 70,38.5788,-121.411,USGS quad,5 ft.,5-021.64,North American,Sacramento,285,Other,Single Well
54936,385812N1212921W001,08N06E02C001M,GSW-Capital Well #23,38.5812,-121.292,Other,Unknown,5-021.65,South American,Sacramento,885,Other,Single Well
52420,385823N1213382W001,NA,SSWD 74,38.5823,-121.338,USGS quad,5 ft.,5-021.64,North American,Sacramento,645,Other,Single Well
51637,385825N1214084W001,NA,68,38.5825,-121.408,Other,Unknown,5-021.64,North American,Sacramento,440,Unknown,Single Well
48014,385828N1213385W001,NA,SGA_MW06,38.5828,-121.338,Surveyed to a benchmark,Unknown,5-021.64,North American,Sacramento,72,Observation,Single Well
52419,385832N1213368W001,NA,SSWD 73,38.5832,-121.337,USGS quad,5 ft.,5-021.64,North American,Sacramento,640,Other,Single Well
51635,385841N1213534W001,NA,71,38.5841,-121.353,Other,Unknown,5-021.64,North American,Sacramento,425,Unknown,Single Well
52418,385841N1213534W002,NA,SSWD 71,38.5841,-121.353,USGS quad,5 ft.,5-021.64,North American,Sacramento,425,Other,Single Well
48012,385841N1214185W001,NA,SGA_MW04,38.5841,-121.419,Surveyed to a benchmark,Unknown,5-021.64,North American,Sacramento,65,Observation,Single Well
9649,385849N1213173W001,09N06E33R001M,SCGA #24,38.5849,-121.317,Unknown,Unknown,5-021.65,South American,Sacramento,85,Residential,Single Well
55103,385849N1213385W001,10N05E36A954M,SSWD 72,38.5849,-121.339,Other,Unknown,5-021.64,North American,Sacramento,885,Other,Single Well
9650,385852N1212995W001,09N06E34R001M,NA,38.5852,-121.3,Unknown,Unknown,5-021.65,South American,Sacramento,140,Irrigation,Unknown
52412,385873N1213584W001,NA,SSWD 55A,38.5873,-121.358,USGS quad,5 ft.,5-021.64,North American,Sacramento,368,Other,Single Well
54939,385891N1213116W001,09N06E34L002M,GSW-Paseo #24,38.5891,-121.312,Other,Unknown,5-021.65,South American,Sacramento,512,Other,Single Well
31415,385904N1213762W001,09N05E36H001M,NA,38.5904,-121.376,Unknown,Unknown,5-021.64,North American,Sacramento,NA,Unknown,Unknown
9660,385914N1212475W001,09N07E31G001M,NA,38.5914,-121.248,Unknown,Unknown,5-021.65,South American,Sacramento,150,Residential,Unknown
9661,385923N1211621W001,09N07E36F001M,NA,38.5923,-121.162,Unknown,Unknown,5-021.65,South American,Sacramento,285,Residential,Unknown
55106,385944N1214451W001,10N05E36A957M,SAC-157,38.5944,-121.445,Other,Unknown,5-021.64,North American,Sacramento,377,Other,Single Well
52411,385945N1213519W001,09N06E32D002M,SSWD 47,38.5945,-121.352,USGS quad,5 ft.,5-021.64,North American,Sacramento,350,Other,Single Well
52416,385945N1213987W001,09N05E35B001M,SSWD 69,38.5945,-121.399,USGS quad,5 ft.,5-021.64,North American,Sacramento,425,Other,Single Well
48021,385947N1213985W001,NA,MW12A,38.5947,-121.398,Surveyed to a benchmark,Unknown,5-021.64,North American,Sacramento,285,Observation,Part of a nested/multi-completion well
48022,385947N1213985W002,NA,MW12B,38.5947,-121.398,Surveyed to a benchmark,Unknown,5-021.64,North American,Sacramento,385,Observation,Part of a nested/multi-completion well
48023,385947N1213985W003,NA,MW12C,38.5947,-121.398,Surveyed to a benchmark,Unknown,5-021.64,North American,Sacramento,615,Observation,Part of a nested/multi-completion well
48024,385947N1213985W004,NA,MW12D,38.5947,-121.398,Surveyed to a benchmark,Unknown,5-021.64,North American,Sacramento,845,Observation,Part of a nested/multi-completion well
48025,385947N1213985W005,NA,MW12E,38.5947,-121.398,Surveyed to a benchmark,Unknown,5-021.64,North American,Sacramento,1005,Observation,Part of a nested/multi-completion well
52241,385963N1214269W001,09N05E34D001M,SAC-158,38.5963,-121.427,Other,5 ft.,5-021.64,North American,Sacramento,328,Other,Single Well
52236,385966N1214582W001,09N05E32C001M,SAC-139,38.5966,-121.458,Other,5 ft.,5-021.64,North American,Sacramento,255,Other,Single Well
51643,385969N1214591W001,NA,Well 139,38.5969,-121.459,Other,Unknown,5-021.64,North American,Sacramento,NA,Unknown,Single Well
31419,385974N1212706W001,09N06E36C001M,NA,38.5974,-121.271,Unknown,Unknown,5-021.65,South American,Sacramento,NA,Unknown,Unknown
54935,385977N1213111W001,09N06E34C001M,GSW-Agnes Circle #8,38.5977,-121.311,Other,Unknown,5-021.65,South American,Sacramento,470,Other,Single Well
52401,385978N1213813W001,09N05E25Q002M,SSWD 20A,38.5978,-121.381,USGS quad,5 ft.,5-021.64,North American,Sacramento,475,Other,Single Well
52396,385978N1213980W001,09N05E26Q001M,SSWD 3A,38.5978,-121.398,USGS quad,5 ft.,5-021.64,North American,Sacramento,430,Other,Single Well
52403,385979N1213597W001,09N06E30Q001M,SSWD 25,38.5979,-121.36,USGS quad,5 ft.,5-021.64,North American,Sacramento,318,Other,Single Well
52400,385980N1213694W001,09N06E30N001M,SSWD 18,38.598,-121.369,USGS quad,5 ft.,5-021.64,North American,Sacramento,420,Other,Single Well
9659,385981N1211953W001,09N07E27Q001M,NA,38.5981,-121.195,Unknown,Unknown,5-021.65,South American,Sacramento,100,Residential,Unknown
52240,385994N1214452W001,09N05E28N002M,SAC-156,38.5994,-121.445,Other,5 ft.,5-021.64,North American,Sacramento,380,Other,Single Well
54937,385999N1212996W001,09N06E27R001M,GSW-Dolecetto #6,38.5999,-121.3,Other,Unknown,5-021.65,South American,Sacramento,405,Other,Single Well
9642,386001N1214167W001,09N05E27Q001M,NA,38.6001,-121.417,Unknown,Unknown,5-021.64,North American,Sacramento,107,Unknown,Unknown
52407,386005N1213591W001,09N06E30Q002M,SSWD 35,38.6005,-121.359,USGS quad,5 ft.,5-021.64,North American,Sacramento,316,Other,Single Well
9644,386006N1214473W001,09N05E28N001M,NA,38.6006,-121.447,Unknown,Unknown,5-021.64,North American,Sacramento,NA,Irrigation,Unknown
50877,386008N1215488W001,NA,Bryte Bend,38.6008,-121.549,USGS quad,2.5 ft,5-021.64,North American,Sacramento,147,Irrigation,Single Well
9641,386016N1213761W001,09N05E25J001M,DWR_SGA_004,38.6016,-121.376,Unknown,Unknown,5-021.64,North American,Sacramento,238,Residential,Single Well
31418,386034N1213540W001,09N06E30J001M,NA,38.6034,-121.354,Unknown,Unknown,5-021.64,North American,Sacramento,96,Unknown,Unknown
48018,386038N1213882W001,NA,MW11A,38.6038,-121.388,Surveyed to a benchmark,Unknown,5-021.64,North American,Sacramento,187,Observation,Part of a nested/multi-completion well
48019,386038N1213882W002,NA,MW11B,38.6038,-121.388,Surveyed to a benchmark,Unknown,5-021.64,North American,Sacramento,278,Observation,Part of a nested/multi-completion well
48020,386038N1213882W003,NA,MW11C,38.6038,-121.388,Surveyed to a benchmark,Unknown,5-021.64,North American,Sacramento,375,Observation,Part of a nested/multi-completion well
9643,386038N1214357W001,09N05E28K001M,DWR_SGA_005,38.6038,-121.436,Unknown,Unknown,5-021.64,North American,Sacramento,250,Irrigation,Single Well
55102,386046N1214227W001,10N05E36A953M,SSWD 30,38.6046,-121.423,Other,Unknown,5-021.64,North American,Sacramento,460,Other,Single Well
52195,386049N1213427W001,09N06E29K001M,CAR-Willow Park,38.6049,-121.343,Other,2.5 ft,5-021.64,North American,Sacramento,271,Other,Single Well
52224,386049N1214389W001,09N05E28L001M,SAC-114,38.6049,-121.439,Other,5 ft.,5-021.64,North American,Sacramento,366,Other,Single Well
8944,386061N1215313W001,09N04E27F001M,SCWA_SGA_003,38.6061,-121.531,Unknown,Unknown,5-021.64,North American,Sacramento,320,Irrigation,Single Well
52395,386069N1213982W001,NA,SSWD 2A,38.6069,-121.398,USGS quad,5 ft.,5-021.64,North American,Sacramento,420,Other,Single Well
52223,386072N1214425W001,09N05E28E001M,SAC-112,38.6072,-121.442,Other,5 ft.,5-021.64,North American,Sacramento,330,Other,Single Well
31414,386077N1214309W001,09N05E28H001M,NA,38.6077,-121.431,Unknown,Unknown,5-021.64,North American,Sacramento,NA,Irrigation,Unknown
9646,386078N1212713W001,09N06E25F002M,09N06E25F002M,38.6078,-121.271,Unknown,Unknown,5-021.65,South American,Sacramento,250,Observation,Single Well
9647,386081N1212710W001,09N06E25F003M,09N06E25F003M,38.6081,-121.271,Unknown,Unknown,5-021.65,South American,Sacramento,440,Observation,Single Well
48028,386083N1213596W001,09N06E30G001M,Well 67,38.6083,-121.36,USGS quad,Unknown,5-021.64,North American,Sacramento,577,Observation,Single Well
31536,386088N1212569W001,09N07E30F001M,NA,38.6088,-121.257,Unknown,Unknown,5-021.65,South American,Sacramento,299,NA,Unknown
31417,386090N1212922W001,09N06E26C001M,NA,38.609,-121.292,Unknown,Unknown,5-021.65,South American,Sacramento,86,Residential,Unknown
52398,386110N1213634W001,09N06E30C001M,SSWD 9,38.611,-121.363,USGS quad,5 ft.,5-021.64,North American,Sacramento,270,Other,Single Well
52220,386115N1214786W001,09N05E30D001M,SAC-091,38.6115,-121.479,Other,5 ft.,5-021.64,North American,Sacramento,344,Other,Single Well
9648,386117N1213150W001,09N06E27D001M,SCWA_SGA_004,38.6117,-121.315,Unknown,Unknown,5-021.64,North American,Sacramento,200,Observation,Single Well
50871,386121N1215550W001,NA,Perry,38.6121,-121.555,USGS quad,2.5 ft,5-021.64,North American,Sacramento,503,Irrigation,Single Well
52405,386145N1213504W001,09N06E20N002M,SSWD 32A,38.6145,-121.35,USGS quad,5 ft.,5-021.64,North American,Sacramento,355,Other,Single Well
31412,386151N1214467W001,09N05E21M001M,DWR_SGA_003,38.6151,-121.447,Unknown,Unknown,5-021.64,North American,Sacramento,89,Unknown,Single Well
55101,386153N1214200W001,10N05E36A952M,SSWD 28,38.6153,-121.42,Other,Unknown,5-021.64,North American,Sacramento,370,Other,Single Well
48041,386160N1215054W001,09N04E23R002M,Bannon Creek Park,38.616,-121.505,Unknown,Unknown,5-021.64,North American,Sacramento,48,Observation,Single Well
54940,386175N1212654W001,09N06E24J001M,GSW-Coloma #20,38.6175,-121.265,Other,Unknown,5-021.65,South American,Sacramento,610,Other,Single Well
52397,386175N1214116W001,NA,SSWD 4B,38.6175,-121.412,USGS quad,5 ft.,5-021.64,North American,Sacramento,580,Other,Single Well
9657,386176N1212465W001,09N07E19J001M,NA,38.6176,-121.247,Unknown,Unknown,5-021.65,South American,Sacramento,90,NA,Unknown
31535,386176N1212469W001,09N07E19J002M,NA,38.6176,-121.247,Unknown,Unknown,5-021.65,South American,Sacramento,480,NA,Unknown
55104,386176N1214792W001,10N05E36A955M,SAC-092,38.6176,-121.479,Other,Unknown,5-021.64,North American,Sacramento,435,Other,Single Well
52409,386178N1214240W001,09N05E22L001M,SSWD 41,38.6178,-121.424,USGS quad,5 ft.,5-021.64,North American,Sacramento,425,Other,Single Well
52404,386181N1213591W001,09N06E19K001M,SSWD 26,38.6181,-121.359,USGS quad,5 ft.,5-021.64,North American,Sacramento,360,Other,Single Well
52198,386194N1213326W001,09N06E21M001M,CAR-LaVista Drive,38.6194,-121.333,Other,2.5 ft,5-021.64,North American,Sacramento,500,Other,Single Well
52399,386198N1213961W001,09N05E23H001M,SSWD 13,38.6198,-121.396,USGS quad,5 ft.,5-021.64,North American,Sacramento,374,Other,Single Well
8943,386199N1215386W001,09N04E22E001M,09N04E22E001M,38.6199,-121.539,Unknown,Unknown,5-021.64,North American,Sacramento,NA,Residential,Single Well
31413,386201N1214191W001,09N05E22G002M,NA,38.6201,-121.419,Unknown,Unknown,5-021.64,North American,Sacramento,265,Unknown,Unknown
52226,386202N1214316W001,09N05E21H001M,SAC-122,38.6202,-121.432,Other,5 ft.,5-021.64,North American,Sacramento,422,Other,Single Well
52225,386207N1214426W001,09N05E21E001M,SAC-120,38.6207,-121.443,Other,5 ft.,5-021.64,North American,Sacramento,440,Other,Single Well
9640,386212N1214210W001,09N05E22F001M,NA,38.6212,-121.421,Unknown,Unknown,5-021.64,North American,Sacramento,155,Unknown,Unknown
52221,386220N1214766W001,09N05E19F001M,SAC-093,38.622,-121.477,Other,5 ft.,5-021.64,North American,Sacramento,328,Other,Single Well
52237,386222N1214458W001,09N05E21E002M,SAC-143,38.6222,-121.446,Other,5 ft.,5-021.64,North American,Sacramento,330,Other,Single Well
52410,386229N1214138W001,09N05E22A001M,SSWD 43,38.6229,-121.414,USGS quad,5 ft.,5-021.64,North American,Sacramento,390,Other,Single Well
52197,386230N1213360W001,09N06E20H001M,CAR-Garfield Ave,38.623,-121.336,Other,2.5 ft,5-021.64,North American,Sacramento,637,Other,Single Well
51634,386238N1213744W001,NA,24,38.6238,-121.374,Other,5 ft.,5-021.64,North American,Sacramento,360,Unknown,Single Well
52402,386238N1213874W001,09N05E24A003M,SSWD 24,38.6238,-121.387,USGS quad,5 ft.,5-021.64,North American,Sacramento,270,Other,Single Well
52228,386247N1214612W001,09N05E20D001M,SAC-124,38.6247,-121.461,Other,5 ft.,5-021.64,North American,Sacramento,306,Other,Single Well
52415,386249N1213623W001,09N06E19C001M,SSWD 66,38.6249,-121.362,USGS quad,5 ft.,5-021.64,North American,Sacramento,398,Other,Single Well
48027,386250N1213591W001,09N06E20D001M,Well 54,38.625,-121.359,Surveyed to a benchmark,Unknown,5-021.64,North American,Sacramento,550,Observation,Single Well
52227,386256N1214670W001,09N05E19A001M,SAC-123,38.6256,-121.467,Other,5 ft.,5-021.64,North American,Sacramento,305,Other,Single Well
52230,386265N1214284W001,09N05E16D001M,SAC-129,38.6265,-121.428,Other,5 ft.,5-021.64,North American,Sacramento,401,Other,Single Well
55105,386267N1214295W001,10N05E36A956M,SAC-127,38.6267,-121.43,Other,Unknown,5-021.64,North American,Sacramento,401,Other,Single Well
52222,386272N1214759W001,09N05E18P001M,SAC-094,38.6272,-121.476,Other,5 ft.,5-021.64,North American,Sacramento,351,Other,Single Well
52413,386279N1213586W001,09N06E18Q001M,SSWD 60,38.6279,-121.359,USGS quad,5 ft.,5-021.64,North American,Sacramento,435,Other,Single Well
52461,386280N1213493W001,NA,WCMSS,38.628,-121.349,Other,2.5 ft,5-021.64,North American,Sacramento,170,Observation,Single Well
52462,386280N1213493W002,NA,WCMSM,38.628,-121.349,Other,2.5 ft,5-021.64,North American,Sacramento,290,Observation,Single Well
52463,386280N1213493W003,NA,WCMSD,38.628,-121.349,Other,2.5 ft,5-021.64,North American,Sacramento,530,Observation,Single Well
52477,386280N1213493W004,NA,SSWD MW-5,38.628,-121.349,Other,5 ft.,5-021.64,North American,Sacramento,424,Observation,Single Well
52229,386283N1214349W001,09N05E16Q001M,SAC-126,38.6283,-121.435,Other,5 ft.,5-021.64,North American,Sacramento,432,Other,Single Well
48040,386292N1214877W001,09N04E13R001M,Chuckwagon Park,38.6292,-121.488,Unknown,Unknown,5-021.64,North American,Sacramento,52,Observation,Single Well
52234,386296N1214198W001,09N05E15P001M,SAC-137,38.6296,-121.42,Other,5 ft.,5-021.64,North American,Sacramento,410,Other,Single Well
52408,386305N1213978W001,09N05E14K002M,SSWD 40A,38.6305,-121.398,USGS quad,5 ft.,5-021.64,North American,Sacramento,780,Other,Single Well
39111,386307N1214663W001,09N05E18R001M,NA,38.6307,-121.466,Unknown,Unknown,5-021.64,North American,Sacramento,NA,Residential,Unknown
48017,386310N1213864W001,09N05E13L002M,Well 10,38.631,-121.386,Surveyed to a benchmark,Unknown,5-021.64,North American,Sacramento,265,Observation,Single Well
31534,386312N1212295W001,09N07E17K001M,DWR_SGA_006,38.6312,-121.23,Unknown,Unknown,5-021.65,South American,Sacramento,170,Observation,Single Well
9656,386314N1212179W001,09N07E16L001M,NA,38.6314,-121.218,Unknown,Unknown,5-021.65,South American,Sacramento,160,NA,Unknown
9089,386325N1213966W001,09N05E14H003M,NA,38.6325,-121.397,Unknown,Unknown,5-021.64,North American,Sacramento,250,Irrigation,Unknown
9090,386326N1214023W001,09N05E14L001M,NA,38.6326,-121.402,Unknown,Unknown,5-021.64,North American,Sacramento,191,Irrigation,Unknown
9092,386333N1214348W001,09N05E16K001M,NA,38.6333,-121.435,Unknown,Unknown,5-021.64,North American,Sacramento,365,Irrigation,Unknown
54942,386337N1212623W001,09N06E13J006M,GSW-S. Bridge St 22A,38.6337,-121.262,Other,Unknown,5-021.65,South American,Sacramento,600,Other,Single Well
54943,386338N1212620W001,09N06E13J007M,GSW-S. Bridge St 22B,38.6338,-121.262,Other,Unknown,5-021.65,South American,Sacramento,570,Other,Single Well
52239,386343N1214115W001,09N05E15J001M,SAC-155,38.6343,-121.411,Other,5 ft.,5-021.64,North American,Sacramento,427,Other,Single Well
51644,386344N1214126W001,NA,Well 155,38.6344,-121.413,Other,Unknown,5-021.64,North American,Sacramento,430,Unknown,Single Well
54941,386353N1212595W001,09N07E18M001M,GSW-Park #17,38.6353,-121.259,Other,Unknown,5-021.65,South American,Sacramento,310,Other,Single Well
52414,386362N1213751W001,09N05E13H001M,SSWD 65,38.6362,-121.375,USGS quad,5 ft.,5-021.64,North American,Sacramento,347,Other,Single Well
52231,386380N1214455W001,09N05E15D001M,SAC-131,38.638,-121.445,Other,5 ft.,5-021.64,North American,Sacramento,280,Other,Single Well
51640,386389N1213428W001,NA,N20,38.6389,-121.343,Other,Unknown,5-021.64,North American,Sacramento,602,Unknown,Single Well
9091,386402N1214126W001,09N05E15A001M,NA,38.6402,-121.413,Unknown,Unknown,5-021.64,North American,Sacramento,105,Unknown,Unknown
40050,386410N1213995W001,09N05E14B001M,DWR_SGA_002,38.641,-121.4,Unknown,Unknown,5-021.64,North American,Sacramento,550,Irrigation,Single Well
52235,386410N1214345W001,09N05E16B001M,SAC-138,38.641,-121.434,Other,5 ft.,5-021.64,North American,Sacramento,375,Other,Single Well
52406,386412N1213704W001,09N06E07N001M,SSWD 33A,38.6412,-121.37,USGS quad,5 ft.,5-021.64,North American,Sacramento,320,Other,Single Well
51264,386421N1215583W001,NA,SAFCA-FISH 2,38.6421,-121.558,USGS quad,2.5 ft,5-021.64,North American,Sacramento,400,Irrigation,Single Well
31416,386429N1212668W001,09N06E12Q001M,NA,38.6429,-121.267,Unknown,Unknown,5-021.64,North American,Sacramento,NA,Unknown,Unknown
52376,386433N1212697W001,09N06E12Q002M,FOWD TOWN,38.6433,-121.27,Surveyed to a benchmark,0.1 ft.,5-021.64,North American,Sacramento,605,Other,Single Well
55095,386449N1215631W002,NA,NMWC Plant 3,38.6449,-121.563,Unknown,Unknown,5-021.64,North American,Sacramento,415,Irrigation,Single Well
52196,386451N1213066W001,09N06E10K001M,CAR-Winding Way,38.6451,-121.307,Other,2.5 ft,5-021.64,North American,Sacramento,600,Other,Single Well
51639,386459N1213923W001,NA,N14,38.6459,-121.392,Other,Unknown,5-021.64,North American,Sacramento,560,Unknown,Single Well
30229,386460N1213843W001,09N05E12L001M,NA,38.646,-121.384,Unknown,Unknown,5-021.64,North American,Sacramento,528,Irrigation,Unknown
52233,386469N1214576W001,09N05E08L001M,SAC-134,38.6469,-121.458,Other,5 ft.,5-021.64,North American,Sacramento,380,Other,Single Well
52232,386470N1214684W001,NA,SAC-133,38.647,-121.468,Other,5 ft.,5-021.64,North American,Sacramento,514,Other,Single Well
30228,386471N1214497W001,09N05E08J002M,DWR_SGA_001,38.6471,-121.45,Unknown,Unknown,5-021.64,North American,Sacramento,95,Residential,Single Well
55107,386481N1212531W001,10N05E36A958M,FO-1596,38.6481,-121.253,Other,Unknown,5-021.64,North American,Sacramento,343,Other,Single Well
9088,386484N1213715W001,09N05E12J001M,NA,38.6484,-121.372,Unknown,Unknown,5-021.64,North American,Sacramento,NA,Irrigation,Unknown
51263,386489N1215575W001,NA,SAFCA-FISH 1,38.6489,-121.557,USGS quad,2.5 ft,5-021.64,North American,Sacramento,395,Irrigation,Single Well
29914,386489N1215679W001,09N04E08L001M,SCWA_SGA_002,38.6489,-121.568,Unknown,Unknown,5-021.64,North American,Sacramento,105,Irrigation,Single Well
51251,386494N1215650W001,NA,TNBC Fishermans Lake,38.6494,-121.565,USGS quad,2.5 ft,5-021.64,North American,Sacramento,290,Irrigation,Single Well
52375,386504N1212910W001,09N06E11G001M,FOWD HEATHER,38.6504,-121.291,Surveyed to a benchmark,0.1 ft.,5-021.64,North American,Sacramento,630,Other,Single Well
8932,386517N1215197W001,09N04E11E001M,NA,38.6517,-121.52,Unknown,Unknown,5-021.64,North American,Sacramento,NA,Unknown,Unknown
31422,386540N1212105W001,09N07E09A001M,NA,38.654,-121.211,Unknown,Unknown,5-021.64,North American,Sacramento,130,Residential,Unknown
52238,386543N1214468W001,NA,SAC-153A,38.6543,-121.447,Other,5 ft.,5-021.64,North American,Sacramento,626,Other,Single Well
29915,386547N1215320W001,09N04E10C001M,NA,38.6547,-121.532,Unknown,Unknown,5-021.64,North American,Sacramento,200,Irrigation,Unknown
54879,386562N1215624W002,NA,Souza,38.6562,-121.562,Unknown,Unknown,5-021.64,North American,Sacramento,300,Irrigation,Single Well
9645,386576N1212907W001,09N06E02P001M,NA,38.6576,-121.291,Unknown,Unknown,5-021.64,North American,Sacramento,320,Irrigation,Unknown
8921,386576N1214846W001,09N04E01R001M,SCWA_SGA_001,38.6576,-121.485,Unknown,Unknown,5-021.64,North American,Sacramento,82,Residential,Single Well
48863,386578N1211879W001,09N07E02N001M,SCGA #27,38.6578,-121.188,Surveyed to a benchmark,Unknown,5-021.65,South American,Sacramento,170,Observation,Single Well
52242,386580N1214646W001,NA,SAC-164,38.658,-121.465,Other,5 ft.,5-021.64,North American,Sacramento,635,Other,Single Well
52377,386596N1212555W001,NA,FOWD NORTHRIDGE,38.6596,-121.256,USGS quad,2.5 ft,5-021.64,North American,Sacramento,475,Other,Single Well
33771,386600N1216157W001,09N03E02D001M,NA,38.66,-121.616,Unknown,Unknown,5-021.67,Yolo,Sacramento,NA,Unknown,Unknown
52215,386613N1212930W001,09N06E02L002M,CHWD 01A (Palm),38.6613,-121.293,Digital Elevation Model,Unknown,5-021.64,North American,Sacramento,455,Other,Single Well
48013,386635N1213486W001,NA,SGA_MW05,38.6635,-121.349,Surveyed to a benchmark,Unknown,5-021.64,North American,Sacramento,220,Observation,Single Well
52378,386647N1212475W001,NA,FOWD MADISON,38.6647,-121.248,Surveyed to a benchmark,0.1 ft.,5-021.64,North American,Sacramento,566,Other,Single Well
24654,386650N1211776W001,09N07E02G001M,SCGA #28,38.665,-121.178,Unknown,Unknown,5-021.65,South American,Sacramento,101,Observation,Single Well
13655,386688N1214535W001,10N05E32Q002M,NA,38.6688,-121.454,Unknown,Unknown,5-021.64,North American,Sacramento,NA,Irrigation,Unknown
54880,386694N1216153W002,NA,Kubo,38.6694,-121.615,Unknown,Unknown,5-021.64,North American,Sacramento,290,Irrigation,Single Well
48029,386697N1213106W001,09N06E03C001M,Well N28,38.6697,-121.311,Surveyed to a benchmark,Unknown,5-021.64,North American,Sacramento,454,Observation,Single Well
13656,386744N1214275W001,10N05E34M001M,NA,38.6744,-121.428,Unknown,Unknown,5-021.64,North American,Sacramento,125,Residential,Unknown
51641,386751N1213155W001,NA,N30,38.6751,-121.315,Other,Unknown,5-021.64,North American,Sacramento,405,Unknown,Single Well
39756,386782N1215943W001,10N04E31M001M,AB-4 deep,38.6782,-121.594,Surveyed to a benchmark,0.1 ft.,5-021.64,North American,Sacramento,1080,Observation,Single Well
24319,386782N1215943W002,10N04E31M002M,AB-4 middle-deep,38.6782,-121.594,Surveyed to a benchmark,0.1 ft.,5-021.64,North American,Sacramento,815,Observation,Part of a nested/multi-completion well
37857,386782N1215943W003,10N04E31M003M,AB-4 middle-shallow,38.6782,-121.594,Surveyed to a benchmark,0.1 ft.,5-021.64,North American,Sacramento,410,Observation,Part of a nested/multi-completion well
24318,386782N1215943W004,10N04E31M004M,AB-4 shallow,38.6782,-121.594,Surveyed to a benchmark,0.1 ft.,5-021.64,North American,Sacramento,200,Observation,Part of a nested/multi-completion well
52218,386784N1212899W001,NA,CHWD 13 (Skycrest),38.6784,-121.29,Digital Elevation Model,Unknown,5-021.64,North American,Sacramento,380,Other,Single Well
33088,386790N1213213W001,10N06E33K001M,NA,38.679,-121.321,Unknown,Unknown,5-021.64,North American,Sacramento,166,Unknown,Unknown
52216,386794N1212861W001,10N06E35G001M,CHWD 08 (Sylvan),38.6794,-121.286,Digital Elevation Model,Unknown,5-021.64,North American,Sacramento,479,Other,Single Well
48026,386814N1213809W001,09N06E06A001M,Well 15,38.6814,-121.381,Surveyed to a benchmark,Unknown,5-021.64,North American,Sacramento,486,Observation,Single Well
15693,386820N1214893W001,10N04E36B001M,NA,38.682,-121.489,Unknown,Unknown,5-021.64,North American,Sacramento,147,Irrigation,Unknown
54878,386835N1215444W002,NA,NMWC Greenbriar Well,38.6835,-121.544,Unknown,Unknown,5-021.64,North American,Sacramento,498,Irrigation,Single Well
48010,386836N1214536W001,NA,SGA_MW02,38.6836,-121.454,Surveyed to a benchmark,Unknown,5-021.64,North American,Sacramento,110,Observation,Single Well
48011,386836N1214536W002,NA,SGA_MW03,38.6836,-121.454,Surveyed to a benchmark,Unknown,5-021.64,North American,Sacramento,305,Observation,Single Well
40055,386848N1216146W001,10N03E35A001M,SCWA_SGA_005,38.6848,-121.615,Unknown,Unknown,5-021.64,North American,Sacramento,96,Irrigation,Single Well
32583,386850N1215223W001,10N04E34A002M,NA,38.685,-121.522,Unknown,Unknown,5-021.64,North American,Sacramento,NA,Unknown,Unknown
51262,386853N1216082W001,NA,PAMMA,38.6853,-121.608,USGS quad,2.5 ft,5-021.64,North American,Sacramento,NA,Irrigation,Single Well
51254,386857N1216207W001,NA,Dhaliwal,38.6857,-121.621,USGS quad,2.5 ft,5-021.64,North American,Sacramento,545,Irrigation,Single Well
51638,386859N1213728W001,NA,34,38.6859,-121.373,Other,Unknown,5-021.64,North American,Sacramento,320,Unknown,Single Well
32581,386864N1215222W001,10N04E27R002M,AB-3 deep,38.6864,-121.522,Surveyed to a benchmark,0.1 ft.,5-021.64,North American,Sacramento,995,Observation,Part of a nested/multi-completion well
15689,386864N1215222W002,10N04E27R003M,AB-3 middle,38.6864,-121.522,Surveyed to a benchmark,0.1 ft.,5-021.64,North American,Sacramento,500,Observation,Part of a nested/multi-completion well
15690,386864N1215222W003,10N04E27R004M,AB-3 shallow,38.6864,-121.522,Surveyed to a benchmark,0.1 ft.,5-021.64,North American,Sacramento,220,Observation,Part of a nested/multi-completion well
48016,386874N1212206W001,NA,SGA_MW09,38.6874,-121.221,Surveyed to a benchmark,Unknown,5-021.64,North American,Sacramento,165,Observation,Single Well
24653,386895N1211169W001,10N08E29J001M,SCGA #29,38.6895,-121.117,Unknown,Unknown,5-021.65,South American,Sacramento,85,Observation,Single Well
33086,386904N1214757W001,10N05E30L001M,10N05E30L001M,38.6904,-121.476,Unknown,Unknown,5-021.64,North American,Sacramento,NA,Residential,Single Well
54881,386921N1215249W002,NA,Ameral,38.6921,-121.525,Unknown,Unknown,5-021.64,North American,Sacramento,420,Irrigation,Single Well
52219,386956N1212761W001,NA,CHWD 15 (Bonita),38.6956,-121.276,Digital Elevation Model,Unknown,5-021.64,North American,Sacramento,420,Other,Single Well
50861,386956N1215298W001,NA,OSE-2,38.6956,-121.53,USGS quad,2.5 ft,5-021.64,North American,Sacramento,510,Irrigation,Single Well
48042,386964N1213120W001,10N06E27F001M,Twin Creeks Park,38.6964,-121.312,Unknown,Unknown,5-021.64,North American,Sacramento,198,Observation,Single Well
52217,386974N1212776W001,NA,CHWD 11 (Mitchell),38.6974,-121.278,Digital Elevation Model,Unknown,5-021.64,North American,Sacramento,335,Other,Single Well
33380,386979N1212329W001,10N07E29G001M,SCWA_SGA_012,38.6979,-121.233,Unknown,Unknown,5-021.64,North American,Sacramento,240,Irrigation,Single Well
13652,386982N1213992W001,10N05E14Q002M,SCWA_SGA_008,38.6982,-121.399,Unknown,Unknown,5-021.64,North American,Sacramento,225,Residential,Single Well
13654,386982N1213992W002,10N05E26B002M,SCWA_SGA_009,38.6982,-121.399,Unknown,Unknown,5-021.64,North American,Sacramento,150,Residential,Single Well
48015,387000N1212180W001,NA,SGA_MW08,38.7,-121.218,Surveyed to a benchmark,Unknown,5-021.64,North American,Sacramento,145,Observation,Single Well
48030,387000N1213529W001,NA,Monument (A),38.7,-121.353,Surveyed to a benchmark,Unknown,5-021.64,North American,Sacramento,274,Observation,Part of a nested/multi-completion well
48031,387000N1213529W002,NA,Monument (B),38.7,-121.353,Surveyed to a benchmark,Unknown,5-021.64,North American,Sacramento,334,Observation,Part of a nested/multi-completion well
48032,387000N1213529W003,NA,Monument (C),38.7,-121.353,Surveyed to a benchmark,Unknown,5-021.64,North American,Sacramento,450,Observation,Part of a nested/multi-completion well
48033,387000N1213529W004,NA,Monument (D),38.7,-121.353,Surveyed to a benchmark,Unknown,5-021.64,North American,Sacramento,544,Observation,Part of a nested/multi-completion well
40130,387016N1213149W001,10N06E22N001M,NA,38.7016,-121.315,Unknown,Unknown,5-021.64,North American,Sacramento,NA,Unknown,Unknown
51082,387023N1215581W001,NA,MAP,38.7023,-121.558,USGS quad,2.5 ft,5-021.64,North American,Sacramento,296,Irrigation,Single Well
54877,387033N1216181W002,NA,NMWC Elkhorn Well,38.7033,-121.618,Unknown,Unknown,5-021.64,North American,Sacramento,545,Irrigation,Single Well
50862,387042N1215306W001,NA,OSE-1,38.7042,-121.531,USGS quad,2.5 ft,5-021.64,North American,Sacramento,508,Irrigation,Single Well
13666,387058N1213600W001,10N06E19K002M,NA,38.7058,-121.36,Unknown,Unknown,5-021.64,North American,Sacramento,250,Unknown,Unknown
13804,387081N1212108W001,10N07E21H001M,NA,38.7081,-121.211,Unknown,Unknown,5-021.64,North American,Sacramento,NA,Unknown,Unknown
33087,387092N1213300W001,10N06E21F002M,SCWA_SGA_010,38.7092,-121.33,Unknown,Unknown,5-021.64,North American,Sacramento,144,Residential,Single Well
51642,387099N1213570W001,NA,N34,38.7099,-121.357,Other,Unknown,5-021.64,North American,Sacramento,567,Unknown,Single Well
48034,387117N1213327W001,NA,Poker (A),38.7117,-121.333,Surveyed to a benchmark,Unknown,5-021.64,North American,Sacramento,134,Observation,Part of a nested/multi-completion well
48035,387117N1213327W002,NA,Poker (B),38.7117,-121.333,Surveyed to a benchmark,Unknown,5-021.64,North American,Sacramento,176,Observation,Part of a nested/multi-completion well
48036,387117N1213327W003,NA,Poker (C),38.7117,-121.333,Surveyed to a benchmark,Unknown,5-021.64,North American,Sacramento,320,Observation,Part of a nested/multi-completion well
48037,387117N1213327W004,NA,Poker (D),38.7117,-121.333,Surveyed to a benchmark,Unknown,5-021.64,North American,Sacramento,470,Observation,Part of a nested/multi-completion well
15688,387137N1214906W001,10N04E24B001M,SCWA_SGA_007,38.7137,-121.491,Unknown,Unknown,5-021.64,North American,Sacramento,NA,Irrigation,Single Well
32580,387138N1215047W001,10N04E23A001M,SCWA_SGA_006,38.7138,-121.505,Unknown,Unknown,5-021.64,North American,Sacramento,85,Industrial,Single Well
15687,387139N1215459W001,10N04E21B002M,10N04E21B002M,38.7139,-121.546,Unknown,Unknown,5-021.64,North American,Sacramento,NA,Irrigation,Single Well
13803,387141N1212431W001,10N07E20D001M,SCWA_SGA_011,38.7141,-121.243,Unknown,Unknown,5-021.64,North American,Sacramento,185,Residential,Single Well
33085,387146N1214218W001,10N05E15P001M,NA,38.7146,-121.422,Unknown,Unknown,5-021.64,North American,Sacramento,180,Unknown,Unknown
48043,387216N1213842W001,10N05E13F001M,Lone Oak Park,38.7216,-121.384,Unknown,Unknown,5-021.64,North American,Sacramento,166,Observation,Single Well
48009,387218N1214677W001,NA,SGA_MW01,38.7218,-121.468,Surveyed to a benchmark,Unknown,5-021.64,North American,Sacramento,110,Observation,Single Well
48038,387228N1213298W001,NA,Antelope North (A),38.7228,-121.33,Unknown,Unknown,5-021.64,North American,Sacramento,283,Observation,Part of a nested/multi-completion well
48039,387228N1213298W002,NA,Antelope North (B),38.7228,-121.33,Unknown,Unknown,5-021.64,North American,Sacramento,473,Observation,Part of a nested/multi-completion well
51255,387253N1215219W001,NA,Willey,38.7253,-121.522,USGS quad,2.5 ft,5-021.64,North American,Sacramento,440,Irrigation,Single Well
55016,387291N1215103W002,NA,TNBC Pond R,38.7291,-121.51,Unknown,Unknown,5-021.64,North American,Sacramento,228,Unknown,Single Well
51252,387310N1215056W001,NA,TNBC Silva Dairy,38.731,-121.506,USGS quad,2.5 ft,5-021.64,North American,Sacramento,370,Irrigation,Single Well
51253,387312N1214937W001,NA,TNBC Betts,38.7311,-121.494,USGS quad,2.5 ft,5-021.64,North American,Sacramento,NA,Irrigation,Single Well
