STN_ID,SITE_CODE,WLM_ID,MSMT_DATE,WLM_RPE,WLM_GSE,RDNG_WS,RDNG_RP,WSE,RPE_WSE,GSE_WSE,WLM_QA_DESC,WLM_DESC,WLM_ACC_DESC,WLM_ORG_ID,WLM_ORG_NAME,MSMT_CMT,COOP_AGENCY_ORG_ID,COOP_ORG_NAME
10538,333411N1173323W001,1197569,1962-01-19T00:00:00Z,119.28,119.28,0,5.88,113.4,5.88,5.88,NA,Unknown,Water level accuracy is unknown,1,Department of Water Resources,NA,5167,United States Geological Survey
10538,333411N1173323W001,1197568,1962-01-18T00:00:00Z,119.28,119.28,0,5.9,113.38,5.9,5.9,NA,Unknown,Water level accuracy is unknown,1,Department of Water Resources,NA,5167,United States Geological Survey
10538,333411N1173323W001,1197567,1962-01-17T00:00:00Z,119.28,119.28,0,5.95,113.33,5.95,5.95,NA,Unknown,Water level accuracy is unknown,1,Department of Water Resources,NA,5167,United States Geological Survey
10538,333411N1173323W001,1197566,1962-01-16T00:00:00Z,119.28,119.28,0,6,113.28,6,6,NA,Unknown,Water level accuracy is unknown,1,Department of Water Resources,NA,5167,United States Geological Survey
10538,333411N1173323W001,1197565,1962-01-15T00:00:00Z,119.28,119.28,0,6.16,113.12,6.16,6.16,NA,Unknown,Water level accuracy is unknown,1,Department of Water Resources,NA,5167,United States Geological Survey
10538,333411N1173323W001,1197564,1962-01-14T00:00:00Z,119.28,119.28,0,6.39,112.89,6.39,6.39,NA,Unknown,Water level accuracy is unknown,1,Department of Water Resources,NA,5167,United States Geological Survey
10538,333411N1173323W001,1197563,1962-01-13T00:00:00Z,119.28,119.28,0,6.31,112.97,6.31,6.31,NA,Unknown,Water level accuracy is unknown,1,Department of Water Resources,NA,5167,United States Geological Survey
10538,333411N1173323W001,1197562,1962-01-12T00:00:00Z,119.28,119.28,0,6.75,112.53,6.75,6.75,NA,Unknown,Water level accuracy is unknown,1,Department of Water Resources,NA,5167,United States Geological Survey
10538,333411N1173323W001,1197561,1962-01-11T00:00:00Z,119.28,119.28,0,6.93,112.35,6.93,6.93,NA,Unknown,Water level accuracy is unknown,1,Department of Water Resources,NA,5167,United States Geological Survey
10538,333411N1173323W001,1197560,1962-01-10T00:00:00Z,119.28,119.28,0,6.86,112.42,6.86,6.86,NA,Unknown,Water level accuracy is unknown,1,Department of Water Resources,NA,5167,United States Geological Survey
10538,333411N1173323W001,1197559,1962-01-09T00:00:00Z,119.28,119.28,0,6.84,112.44,6.84,6.84,NA,Unknown,Water level accuracy is unknown,1,Department of Water Resources,NA,5167,United States Geological Survey
10538,333411N1173323W001,1197558,1962-01-08T00:00:00Z,119.28,119.28,0,7.1,112.18,7.1,7.1,NA,Unknown,Water level accuracy is unknown,1,Department of Water Resources,NA,5167,United States Geological Survey
10538,333411N1173323W001,1197557,1962-01-07T00:00:00Z,119.28,119.28,0,7,112.28,7,7,NA,Unknown,Water level accuracy is unknown,1,Department of Water Resources,NA,5167,United States Geological Survey
10538,333411N1173323W001,1197556,1962-01-06T00:00:00Z,119.28,119.28,0,7.11,112.17,7.11,7.11,NA,Unknown,Water level accuracy is unknown,1,Department of Water Resources,NA,5167,United States Geological Survey
10538,333411N1173323W001,1197555,1962-01-05T00:00:00Z,119.28,119.28,0,7.11,112.17,7.11,7.11,NA,Unknown,Water level accuracy is unknown,1,Department of Water Resources,NA,5167,United States Geological Survey
10538,333411N1173323W001,1197554,1962-01-04T00:00:00Z,119.28,119.28,0,7.11,112.17,7.11,7.11,NA,Unknown,Water level accuracy is unknown,1,Department of Water Resources,NA,5167,United States Geological Survey
10538,333411N1173323W001,1197553,1962-01-03T00:00:00Z,119.28,119.28,0,7.21,112.07,7.21,7.21,NA,Unknown,Water level accuracy is unknown,1,Department of Water Resources,NA,5167,United States Geological Survey
10538,333411N1173323W001,1197552,1962-01-02T00:00:00Z,119.28,119.28,0,7.48,111.8,7.48,7.48,NA,Unknown,Water level accuracy is unknown,1,Department of Water Resources,NA,5167,United States Geological Survey
10538,333411N1173323W001,1197551,1961-12-31T00:00:00Z,119.28,119.28,0,7.54,111.74,7.54,7.54,NA,Unknown,Water level accuracy is unknown,1,Department of Water Resources,NA,5167,United States Geological Survey
10538,333411N1173323W001,1197550,1961-12-30T00:00:00Z,119.28,119.28,0,7.6,111.68,7.6,7.6,NA,Unknown,Water level accuracy is unknown,1,Department of Water Resources,NA,5167,United States Geological Survey
10538,333411N1173323W001,1197549,1961-12-29T00:00:00Z,119.28,119.28,0,7.64,111.64,7.64,7.64,NA,Unknown,Water level accuracy is unknown,1,Department of Water Resources,NA,5167,United States Geological Survey
10538,333411N1173323W001,1197548,1961-12-28T00:00:00Z,119.28,119.28,0,7.7,111.58,7.7,7.7,NA,Unknown,Water level accuracy is unknown,1,Department of Water Resources,NA,5167,United States Geological Survey
10538,333411N1173323W001,1197547,1961-12-27T00:00:00Z,119.28,119.28,0,8.11,111.17,8.11,8.11,NA,Unknown,Water level accuracy is unknown,1,Department of Water Resources,NA,5167,United States Geological Survey
10538,333411N1173323W001,1197546,1961-12-26T00:00:00Z,119.28,119.28,0,8.5,110.78,8.5,8.5,NA,Unknown,Water level accuracy is unknown,1,Department of Water Resources,NA,5167,United States Geological Survey
10538,333411N1173323W001,1197545,1961-12-24T00:00:00Z,119.28,119.28,0,8.5,110.78,8.5,8.5,NA,Unknown,Water level accuracy is unknown,1,Department of Water Resources,NA,5167,United States Geological Survey
10538,333411N1173323W001,1197544,1961-12-23T00:00:00Z,119.28,119.28,0,8.79,110.49,8.79,8.79,NA,Unknown,Water level accuracy is unknown,1,Department of Water Resources,NA,5167,United States Geological Survey
10538,333411N1173323W001,1197543,1961-12-22T00:00:00Z,119.28,119.28,0,8.95,110.33,8.95,8.95,NA,Unknown,Water level accuracy is unknown,1,Department of Water Resources,NA,5167,United States Geological Survey
10538,333411N1173323W001,1197542,1961-12-21T00:00:00Z,119.28,119.28,0,9.11,110.17,9.11,9.11,NA,Unknown,Water level accuracy is unknown,1,Department of Water Resources,NA,5167,United States Geological Survey
10538,333411N1173323W001,1197541,1961-12-20T00:00:00Z,119.28,119.28,0,9.11,110.17,9.11,9.11,NA,Unknown,Water level accuracy is unknown,1,Department of Water Resources,NA,5167,United States Geological Survey
10538,333411N1173323W001,1197540,1961-12-19T00:00:00Z,119.28,119.28,0,9.7,109.58,9.7,9.7,NA,Unknown,Water level accuracy is unknown,1,Department of Water Resources,NA,5167,United States Geological Survey
10538,333411N1173323W001,1197539,1961-12-18T00:00:00Z,119.28,119.28,0,9.8,109.48,9.8,9.8,NA,Unknown,Water level accuracy is unknown,1,Department of Water Resources,NA,5167,United States Geological Survey
10538,333411N1173323W001,1197538,1961-12-17T00:00:00Z,119.28,119.28,0,12.2,107.08,12.2,12.2,NA,Unknown,Water level accuracy is unknown,1,Department of Water Resources,NA,5167,United States Geological Survey
10538,333411N1173323W001,1197537,1961-12-16T00:00:00Z,119.28,119.28,0,10.23,109.05,10.23,10.23,NA,Unknown,Water level accuracy is unknown,1,Department of Water Resources,NA,5167,United States Geological Survey
10538,333411N1173323W001,1197536,1961-12-15T00:00:00Z,119.28,119.28,0,10.41,108.87,10.41,10.41,NA,Unknown,Water level accuracy is unknown,1,Department of Water Resources,NA,5167,United States Geological Survey
10538,333411N1173323W001,1197535,1961-12-14T00:00:00Z,119.28,119.28,0,10.79,108.49,10.79,10.79,NA,Unknown,Water level accuracy is unknown,1,Department of Water Resources,NA,5167,United States Geological Survey
10538,333411N1173323W001,1197534,1961-12-13T00:00:00Z,119.28,119.28,0,10.8,108.48,10.8,10.8,NA,Unknown,Water level accuracy is unknown,1,Department of Water Resources,NA,5167,United States Geological Survey
10538,333411N1173323W001,1197533,1961-12-12T00:00:00Z,119.28,119.28,0,11.07,108.21,11.07,11.07,NA,Unknown,Water level accuracy is unknown,1,Department of Water Resources,NA,5167,United States Geological Survey
10538,333411N1173323W001,1197532,1961-12-11T00:00:00Z,119.28,119.28,0,11.26,108.02,11.26,11.26,NA,Unknown,Water level accuracy is unknown,1,Department of Water Resources,NA,5167,United States Geological Survey
10538,333411N1173323W001,1197531,1961-12-10T00:00:00Z,119.28,119.28,0,11.49,107.79,11.49,11.49,NA,Unknown,Water level accuracy is unknown,1,Department of Water Resources,NA,5167,United States Geological Survey
10538,333411N1173323W001,1197530,1961-12-09T00:00:00Z,119.28,119.28,0,11.68,107.6,11.68,11.68,NA,Unknown,Water level accuracy is unknown,1,Department of Water Resources,NA,5167,United States Geological Survey
10538,333411N1173323W001,1197529,1961-12-08T00:00:00Z,119.28,119.28,0,11.91,107.37,11.91,11.91,NA,Unknown,Water level accuracy is unknown,1,Department of Water Resources,NA,5167,United States Geological Survey
10538,333411N1173323W001,1197528,1961-12-05T00:00:00Z,119.28,119.28,0,10.13,109.15,10.13,10.13,NA,Unknown,Water level accuracy is unknown,1,Department of Water Resources,NA,5167,United States Geological Survey
10538,333411N1173323W001,1197527,1961-12-04T00:00:00Z,119.28,119.28,0,14.05,105.23,14.05,14.05,NA,Unknown,Water level accuracy is unknown,1,Department of Water Resources,NA,5167,United States Geological Survey
10538,333411N1173323W001,1197526,1961-12-03T00:00:00Z,119.28,119.28,0,14.25,105.03,14.25,14.25,NA,Unknown,Water level accuracy is unknown,1,Department of Water Resources,NA,5167,United States Geological Survey
10538,333411N1173323W001,1197525,1961-12-02T00:00:00Z,119.28,119.28,0,14.28,105,14.28,14.28,NA,Unknown,Water level accuracy is unknown,1,Department of Water Resources,NA,5167,United States Geological Survey
10538,333411N1173323W001,1197524,1961-12-01T00:00:00Z,119.28,119.28,0,14.32,104.96,14.32,14.32,NA,Unknown,Water level accuracy is unknown,1,Department of Water Resources,NA,5167,United States Geological Survey
10538,333411N1173323W001,1197523,1961-11-30T00:00:00Z,119.28,119.28,0,14.31,104.97,14.31,14.31,NA,Unknown,Water level accuracy is unknown,1,Department of Water Resources,NA,5167,United States Geological Survey
10538,333411N1173323W001,1197522,1961-11-29T00:00:00Z,119.28,119.28,0,14.35,104.93,14.35,14.35,NA,Unknown,Water level accuracy is unknown,1,Department of Water Resources,NA,5167,United States Geological Survey
10538,333411N1173323W001,1197521,1961-11-28T00:00:00Z,119.28,119.28,0,14.37,104.91,14.37,14.37,NA,Unknown,Water level accuracy is unknown,1,Department of Water Resources,NA,5167,United States Geological Survey
10538,333411N1173323W001,1197520,1961-11-27T00:00:00Z,119.28,119.28,0,14.39,104.89,14.39,14.39,NA,Unknown,Water level accuracy is unknown,1,Department of Water Resources,NA,5167,United States Geological Survey
10538,333411N1173323W001,1197519,1961-11-26T00:00:00Z,119.28,119.28,0,14.47,104.81,14.47,14.47,NA,Unknown,Water level accuracy is unknown,1,Department of Water Resources,NA,5167,United States Geological Survey
10538,333411N1173323W001,1197518,1961-11-25T00:00:00Z,119.28,119.28,0,14.5,104.78,14.5,14.5,NA,Unknown,Water level accuracy is unknown,1,Department of Water Resources,NA,5167,United States Geological Survey
10538,333411N1173323W001,1197517,1961-11-24T00:00:00Z,119.28,119.28,0,14.62,104.66,14.62,14.62,NA,Unknown,Water level accuracy is unknown,1,Department of Water Resources,NA,5167,United States Geological Survey
10538,333411N1173323W001,1197516,1961-11-23T00:00:00Z,119.28,119.28,0,14.57,104.71,14.57,14.57,NA,Unknown,Water level accuracy is unknown,1,Department of Water Resources,NA,5167,United States Geological Survey
10538,333411N1173323W001,1197515,1961-11-22T00:00:00Z,119.28,119.28,0,14.6,104.68,14.6,14.6,NA,Unknown,Water level accuracy is unknown,1,Department of Water Resources,NA,5167,United States Geological Survey
10538,333411N1173323W001,1197514,1961-11-21T00:00:00Z,119.28,119.28,0,14.63,104.65,14.63,14.63,NA,Unknown,Water level accuracy is unknown,1,Department of Water Resources,NA,5167,United States Geological Survey
10538,333411N1173323W001,1197513,1961-11-20T00:00:00Z,119.28,119.28,0,14.68,104.6,14.68,14.68,NA,Unknown,Water level accuracy is unknown,1,Department of Water Resources,NA,5167,United States Geological Survey
10538,333411N1173323W001,1197512,1961-11-19T00:00:00Z,119.28,119.28,0,14.78,104.5,14.78,14.78,NA,Unknown,Water level accuracy is unknown,1,Department of Water Resources,NA,5167,United States Geological Survey
10538,333411N1173323W001,1197511,1961-11-18T00:00:00Z,119.28,119.28,0,14.86,104.42,14.86,14.86,NA,Unknown,Water level accuracy is unknown,1,Department of Water Resources,NA,5167,United States Geological Survey
10538,333411N1173323W001,1197510,1961-11-17T00:00:00Z,119.28,119.28,0,14.77,104.51,14.77,14.77,NA,Unknown,Water level accuracy is unknown,1,Department of Water Resources,NA,5167,United States Geological Survey
10538,333411N1173323W001,1197509,1961-11-16T00:00:00Z,119.28,119.28,0,14.81,104.47,14.81,14.81,NA,Unknown,Water level accuracy is unknown,1,Department of Water Resources,NA,5167,United States Geological Survey
10538,333411N1173323W001,1197508,1961-11-15T00:00:00Z,119.28,119.28,0,14.7,104.58,14.7,14.7,NA,Unknown,Water level accuracy is unknown,1,Department of Water Resources,NA,5167,United States Geological Survey
10538,333411N1173323W001,1197507,1961-11-14T00:00:00Z,119.28,119.28,0,14.68,104.6,14.68,14.68,NA,Unknown,Water level accuracy is unknown,1,Department of Water Resources,NA,5167,United States Geological Survey
10538,333411N1173323W001,1197506,1961-11-13T00:00:00Z,119.28,119.28,0,14.56,104.72,14.56,14.56,NA,Unknown,Water level accuracy is unknown,1,Department of Water Resources,NA,5167,United States Geological Survey
10538,333411N1173323W001,1197505,1961-11-12T00:00:00Z,119.28,119.28,0,14.76,104.52,14.76,14.76,NA,Unknown,Water level accuracy is unknown,1,Department of Water Resources,NA,5167,United States Geological Survey
10538,333411N1173323W001,1197504,1961-11-11T00:00:00Z,119.28,119.28,0,14.8,104.48,14.8,14.8,NA,Unknown,Water level accuracy is unknown,1,Department of Water Resources,NA,5167,United States Geological Survey
10538,333411N1173323W001,1197503,1961-11-10T00:00:00Z,119.28,119.28,0,14.75,104.53,14.75,14.75,NA,Unknown,Water level accuracy is unknown,1,Department of Water Resources,NA,5167,United States Geological Survey
10538,333411N1173323W001,1197502,1961-11-09T00:00:00Z,119.28,119.28,0,14.78,104.5,14.78,14.78,NA,Unknown,Water level accuracy is unknown,1,Department of Water Resources,NA,5167,United States Geological Survey
10538,333411N1173323W001,1197501,1961-11-08T00:00:00Z,119.28,119.28,0,14.81,104.47,14.81,14.81,NA,Unknown,Water level accuracy is unknown,1,Department of Water Resources,NA,5167,United States Geological Survey
10538,333411N1173323W001,1197500,1961-11-07T00:00:00Z,119.28,119.28,0,14.64,104.64,14.64,14.64,NA,Unknown,Water level accuracy is unknown,1,Department of Water Resources,NA,5167,United States Geological Survey
10538,333411N1173323W001,1197499,1961-11-06T00:00:00Z,119.28,119.28,0,14.8,104.48,14.8,14.8,NA,Unknown,Water level accuracy is unknown,1,Department of Water Resources,NA,5167,United States Geological Survey
10538,333411N1173323W001,1197498,1961-11-05T00:00:00Z,119.28,119.28,0,14.77,104.51,14.77,14.77,NA,Unknown,Water level accuracy is unknown,1,Department of Water Resources,NA,5167,United States Geological Survey
10538,333411N1173323W001,1197497,1961-11-04T00:00:00Z,119.28,119.28,0,14.79,104.49,14.79,14.79,NA,Unknown,Water level accuracy is unknown,1,Department of Water Resources,NA,5167,United States Geological Survey
10538,333411N1173323W001,1197496,1961-11-03T00:00:00Z,119.28,119.28,0,14.75,104.53,14.75,14.75,NA,Unknown,Water level accuracy is unknown,1,Department of Water Resources,NA,5167,United States Geological Survey
10538,333411N1173323W001,1197495,1961-11-02T00:00:00Z,119.28,119.28,0,14.78,104.5,14.78,14.78,NA,Unknown,Water level accuracy is unknown,1,Department of Water Resources,NA,5167,United States Geological Survey
10538,333411N1173323W001,1197494,1961-11-01T00:00:00Z,119.28,119.28,0,14.72,104.56,14.72,14.72,NA,Unknown,Water level accuracy is unknown,1,Department of Water Resources,NA,5167,United States Geological Survey
10538,333411N1173323W001,1197493,1961-10-31T00:00:00Z,119.28,119.28,0,14.69,104.59,14.69,14.69,NA,Unknown,Water level accuracy is unknown,1,Department of Water Resources,NA,5167,United States Geological Survey
10538,333411N1173323W001,1197492,1961-10-30T00:00:00Z,119.28,119.28,0,14.68,104.6,14.68,14.68,NA,Unknown,Water level accuracy is unknown,1,Department of Water Resources,NA,5167,United States Geological Survey
10538,333411N1173323W001,1197491,1961-10-29T00:00:00Z,119.28,119.28,0,14.7,104.58,14.7,14.7,NA,Unknown,Water level accuracy is unknown,1,Department of Water Resources,NA,5167,United States Geological Survey
10538,333411N1173323W001,1197490,1961-10-28T00:00:00Z,119.28,119.28,0,14.5,104.78,14.5,14.5,NA,Unknown,Water level accuracy is unknown,1,Department of Water Resources,NA,5167,United States Geological Survey
10538,333411N1173323W001,1197489,1961-10-27T00:00:00Z,119.28,119.28,0,14.77,104.51,14.77,14.77,NA,Unknown,Water level accuracy is unknown,1,Department of Water Resources,NA,5167,United States Geological Survey
10538,333411N1173323W001,1197488,1961-10-26T00:00:00Z,119.28,119.28,0,14.74,104.54,14.74,14.74,NA,Unknown,Water level accuracy is unknown,1,Department of Water Resources,NA,5167,United States Geological Survey
10538,333411N1173323W001,1197487,1961-10-25T00:00:00Z,119.28,119.28,0,14.7,104.58,14.7,14.7,NA,Unknown,Water level accuracy is unknown,1,Department of Water Resources,NA,5167,United States Geological Survey
10538,333411N1173323W001,1197486,1961-10-24T00:00:00Z,119.28,119.28,0,14.67,104.61,14.67,14.67,NA,Unknown,Water level accuracy is unknown,1,Department of Water Resources,NA,5167,United States Geological Survey
10538,333411N1173323W001,1197485,1961-10-23T00:00:00Z,119.28,119.28,0,14.55,104.73,14.55,14.55,NA,Unknown,Water level accuracy is unknown,1,Department of Water Resources,NA,5167,United States Geological Survey
10538,333411N1173323W001,1197484,1961-10-22T00:00:00Z,119.28,119.28,0,14.74,104.54,14.74,14.74,NA,Unknown,Water level accuracy is unknown,1,Department of Water Resources,NA,5167,United States Geological Survey
10538,333411N1173323W001,1197483,1961-10-21T00:00:00Z,119.28,119.28,0,14.75,104.53,14.75,14.75,NA,Unknown,Water level accuracy is unknown,1,Department of Water Resources,NA,5167,United States Geological Survey
10538,333411N1173323W001,1197482,1961-10-20T00:00:00Z,119.28,119.28,0,14.64,104.64,14.64,14.64,NA,Unknown,Water level accuracy is unknown,1,Department of Water Resources,NA,5167,United States Geological Survey
10538,333411N1173323W001,1197481,1961-10-19T00:00:00Z,119.28,119.28,0,14.7,104.58,14.7,14.7,NA,Unknown,Water level accuracy is unknown,1,Department of Water Resources,NA,5167,United States Geological Survey
10538,333411N1173323W001,1197480,1961-10-18T00:00:00Z,119.28,119.28,0,14.58,104.7,14.58,14.58,NA,Unknown,Water level accuracy is unknown,1,Department of Water Resources,NA,5167,United States Geological Survey
10538,333411N1173323W001,1197479,1961-10-17T00:00:00Z,119.28,119.28,0,14.53,104.75,14.53,14.53,NA,Unknown,Water level accuracy is unknown,1,Department of Water Resources,NA,5167,United States Geological Survey
10538,333411N1173323W001,1197478,1961-10-16T00:00:00Z,119.28,119.28,0,14.56,104.72,14.56,14.56,NA,Unknown,Water level accuracy is unknown,1,Department of Water Resources,NA,5167,United States Geological Survey
10538,333411N1173323W001,1197477,1961-10-15T00:00:00Z,119.28,119.28,0,14.91,104.37,14.91,14.91,NA,Unknown,Water level accuracy is unknown,1,Department of Water Resources,NA,5167,United States Geological Survey
10538,333411N1173323W001,1197476,1961-10-14T00:00:00Z,119.28,119.28,0,14.83,104.45,14.83,14.83,NA,Unknown,Water level accuracy is unknown,1,Department of Water Resources,NA,5167,United States Geological Survey
10538,333411N1173323W001,1197475,1961-10-13T00:00:00Z,119.28,119.28,0,14.84,104.44,14.84,14.84,NA,Unknown,Water level accuracy is unknown,1,Department of Water Resources,NA,5167,United States Geological Survey
10538,333411N1173323W001,1197474,1961-10-12T00:00:00Z,119.28,119.28,0,14.97,104.31,14.97,14.97,NA,Unknown,Water level accuracy is unknown,1,Department of Water Resources,NA,5167,United States Geological Survey
10538,333411N1173323W001,1197473,1961-10-11T00:00:00Z,119.28,119.28,0,14.92,104.36,14.92,14.92,NA,Unknown,Water level accuracy is unknown,1,Department of Water Resources,NA,5167,United States Geological Survey
10538,333411N1173323W001,1197472,1961-10-10T00:00:00Z,119.28,119.28,0,14.98,104.3,14.98,14.98,NA,Unknown,Water level accuracy is unknown,1,Department of Water Resources,NA,5167,United States Geological Survey
10538,333411N1173323W001,1197471,1961-10-09T00:00:00Z,119.28,119.28,0,15,104.28,15,15,NA,Unknown,Water level accuracy is unknown,1,Department of Water Resources,NA,5167,United States Geological Survey
10538,333411N1173323W001,1197470,1961-10-08T00:00:00Z,119.28,119.28,0,15.18,104.1,15.18,15.18,NA,Unknown,Water level accuracy is unknown,1,Department of Water Resources,NA,5167,United States Geological Survey
10538,333411N1173323W001,1197469,1961-10-07T00:00:00Z,119.28,119.28,0,15.22,104.06,15.22,15.22,NA,Unknown,Water level accuracy is unknown,1,Department of Water Resources,NA,5167,United States Geological Survey
10538,333411N1173323W001,1197468,1961-10-06T00:00:00Z,119.28,119.28,0,15.2,104.08,15.2,15.2,NA,Unknown,Water level accuracy is unknown,1,Department of Water Resources,NA,5167,United States Geological Survey
10538,333411N1173323W001,1197467,1961-10-05T00:00:00Z,119.28,119.28,0,15.21,104.07,15.21,15.21,NA,Unknown,Water level accuracy is unknown,1,Department of Water Resources,NA,5167,United States Geological Survey
10538,333411N1173323W001,1197466,1961-10-04T00:00:00Z,119.28,119.28,0,15.09,104.19,15.09,15.09,NA,Unknown,Water level accuracy is unknown,1,Department of Water Resources,NA,5167,United States Geological Survey
10538,333411N1173323W001,1197465,1961-10-03T00:00:00Z,119.28,119.28,0,15.01,104.27,15.01,15.01,NA,Unknown,Water level accuracy is unknown,1,Department of Water Resources,NA,5167,United States Geological Survey
10538,333411N1173323W001,1197464,1961-10-02T00:00:00Z,119.28,119.28,0,15,104.28,15,15,NA,Unknown,Water level accuracy is unknown,1,Department of Water Resources,NA,5167,United States Geological Survey
10538,333411N1173323W001,1197463,1961-10-01T00:00:00Z,119.28,119.28,0,15.05,104.23,15.05,15.05,NA,Unknown,Water level accuracy is unknown,1,Department of Water Resources,NA,5167,United States Geological Survey
10538,333411N1173323W001,1197462,1961-09-29T00:00:00Z,119.28,119.28,0,15.12,104.16,15.12,15.12,NA,Unknown,Water level accuracy is unknown,1,Department of Water Resources,NA,5167,United States Geological Survey
10538,333411N1173323W001,1197461,1961-09-28T00:00:00Z,119.28,119.28,0,15.08,104.2,15.08,15.08,NA,Unknown,Water level accuracy is unknown,1,Department of Water Resources,NA,5167,United States Geological Survey
10538,333411N1173323W001,1197460,1961-09-27T00:00:00Z,119.28,119.28,0,15.01,104.27,15.01,15.01,NA,Unknown,Water level accuracy is unknown,1,Department of Water Resources,NA,5167,United States Geological Survey
10538,333411N1173323W001,1197459,1961-09-26T00:00:00Z,119.28,119.28,0,14.94,104.34,14.94,14.94,NA,Unknown,Water level accuracy is unknown,1,Department of Water Resources,NA,5167,United States Geological Survey
10538,333411N1173323W001,1197458,1961-09-25T00:00:00Z,119.28,119.28,0,14.98,104.3,14.98,14.98,NA,Unknown,Water level accuracy is unknown,1,Department of Water Resources,NA,5167,United States Geological Survey
10538,333411N1173323W001,1197457,1961-09-24T00:00:00Z,119.28,119.28,0,15.01,104.27,15.01,15.01,NA,Unknown,Water level accuracy is unknown,1,Department of Water Resources,NA,5167,United States Geological Survey
10538,333411N1173323W001,1197456,1961-09-23T00:00:00Z,119.28,119.28,0,15.05,104.23,15.05,15.05,NA,Unknown,Water level accuracy is unknown,1,Department of Water Resources,NA,5167,United States Geological Survey
10538,333411N1173323W001,1197455,1961-09-22T00:00:00Z,119.28,119.28,0,15.04,104.24,15.04,15.04,NA,Unknown,Water level accuracy is unknown,1,Department of Water Resources,NA,5167,United States Geological Survey
10538,333411N1173323W001,1197454,1961-09-20T00:00:00Z,119.28,119.28,0,15.05,104.23,15.05,15.05,NA,Unknown,Water level accuracy is unknown,1,Department of Water Resources,NA,5167,United States Geological Survey
10538,333411N1173323W001,1197453,1961-09-19T00:00:00Z,119.28,119.28,0,15.02,104.26,15.02,15.02,NA,Unknown,Water level accuracy is unknown,1,Department of Water Resources,NA,5167,United States Geological Survey
10538,333411N1173323W001,1197452,1961-09-18T00:00:00Z,119.28,119.28,0,14.88,104.4,14.88,14.88,NA,Unknown,Water level accuracy is unknown,1,Department of Water Resources,NA,5167,United States Geological Survey
10538,333411N1173323W001,1197451,1961-09-17T00:00:00Z,119.28,119.28,0,14.85,104.43,14.85,14.85,NA,Unknown,Water level accuracy is unknown,1,Department of Water Resources,NA,5167,United States Geological Survey
10538,333411N1173323W001,1197450,1961-09-16T00:00:00Z,119.28,119.28,0,15,104.28,15,15,NA,Unknown,Water level accuracy is unknown,1,Department of Water Resources,NA,5167,United States Geological Survey
10538,333411N1173323W001,1197449,1961-09-15T00:00:00Z,119.28,119.28,0,15,104.28,15,15,NA,Unknown,Water level accuracy is unknown,1,Department of Water Resources,NA,5167,United States Geological Survey
10538,333411N1173323W001,1197448,1961-09-14T00:00:00Z,119.28,119.28,0,14.98,104.3,14.98,14.98,NA,Unknown,Water level accuracy is unknown,1,Department of Water Resources,NA,5167,United States Geological Survey
10538,333411N1173323W001,1197447,1961-09-13T00:00:00Z,119.28,119.28,0,14.91,104.37,14.91,14.91,NA,Unknown,Water level accuracy is unknown,1,Department of Water Resources,NA,5167,United States Geological Survey
10538,333411N1173323W001,1197446,1961-09-12T00:00:00Z,119.28,119.28,0,14.98,104.3,14.98,14.98,NA,Unknown,Water level accuracy is unknown,1,Department of Water Resources,NA,5167,United States Geological Survey
10538,333411N1173323W001,1197445,1961-09-11T00:00:00Z,119.28,119.28,0,14.94,104.34,14.94,14.94,NA,Unknown,Water level accuracy is unknown,1,Department of Water Resources,NA,5167,United States Geological Survey
10538,333411N1173323W001,1197444,1961-09-10T00:00:00Z,119.28,119.28,0,14.89,104.39,14.89,14.89,NA,Unknown,Water level accuracy is unknown,1,Department of Water Resources,NA,5167,United States Geological Survey
10538,333411N1173323W001,1197443,1961-09-09T00:00:00Z,119.28,119.28,0,14.98,104.3,14.98,14.98,NA,Unknown,Water level accuracy is unknown,1,Department of Water Resources,NA,5167,United States Geological Survey
10538,333411N1173323W001,1197442,1961-09-08T00:00:00Z,119.28,119.28,0,14.83,104.45,14.83,14.83,NA,Unknown,Water level accuracy is unknown,1,Department of Water Resources,NA,5167,United States Geological Survey
10538,333411N1173323W001,1197441,1961-09-07T00:00:00Z,119.28,119.28,0,14.79,104.49,14.79,14.79,NA,Unknown,Water level accuracy is unknown,1,Department of Water Resources,NA,5167,United States Geological Survey
10538,333411N1173323W001,1197440,1961-09-06T00:00:00Z,119.28,119.28,0,14.4,104.88,14.4,14.4,NA,Unknown,Water level accuracy is unknown,1,Department of Water Resources,NA,5167,United States Geological Survey
10538,333411N1173323W001,1197439,1961-09-05T00:00:00Z,119.28,119.28,0,14.91,104.37,14.91,14.91,NA,Unknown,Water level accuracy is unknown,1,Department of Water Resources,NA,5167,United States Geological Survey
10538,333411N1173323W001,1197438,1961-09-04T00:00:00Z,119.28,119.28,0,14.76,104.52,14.76,14.76,NA,Unknown,Water level accuracy is unknown,1,Department of Water Resources,NA,5167,United States Geological Survey
10538,333411N1173323W001,1197437,1961-09-03T00:00:00Z,119.28,119.28,0,14.81,104.47,14.81,14.81,NA,Unknown,Water level accuracy is unknown,1,Department of Water Resources,NA,5167,United States Geological Survey
10538,333411N1173323W001,1197436,1961-09-02T00:00:00Z,119.28,119.28,0,14.64,104.64,14.64,14.64,NA,Unknown,Water level accuracy is unknown,1,Department of Water Resources,NA,5167,United States Geological Survey
10538,333411N1173323W001,1197435,1961-09-01T00:00:00Z,119.28,119.28,0,14.81,104.47,14.81,14.81,NA,Unknown,Water level accuracy is unknown,1,Department of Water Resources,NA,5167,United States Geological Survey
10538,333411N1173323W001,1197434,1961-08-31T00:00:00Z,119.28,119.28,0,14.84,104.44,14.84,14.84,NA,Unknown,Water level accuracy is unknown,1,Department of Water Resources,NA,5167,United States Geological Survey
10538,333411N1173323W001,1197433,1961-08-30T00:00:00Z,119.28,119.28,0,14.82,104.46,14.82,14.82,NA,Unknown,Water level accuracy is unknown,1,Department of Water Resources,NA,5167,United States Geological Survey
10538,333411N1173323W001,1197432,1961-08-29T00:00:00Z,119.28,119.28,0,14.69,104.59,14.69,14.69,NA,Unknown,Water level accuracy is unknown,1,Department of Water Resources,NA,5167,United States Geological Survey
10538,333411N1173323W001,1197431,1961-08-28T00:00:00Z,119.28,119.28,0,14.76,104.52,14.76,14.76,NA,Unknown,Water level accuracy is unknown,1,Department of Water Resources,NA,5167,United States Geological Survey
10538,333411N1173323W001,1197430,1961-08-27T00:00:00Z,119.28,119.28,0,14.81,104.47,14.81,14.81,NA,Unknown,Water level accuracy is unknown,1,Department of Water Resources,NA,5167,United States Geological Survey
10538,333411N1173323W001,1197429,1961-08-26T00:00:00Z,119.28,119.28,0,14.88,104.4,14.88,14.88,NA,Unknown,Water level accuracy is unknown,1,Department of Water Resources,NA,5167,United States Geological Survey
10538,333411N1173323W001,1197428,1961-08-25T00:00:00Z,119.28,119.28,0,14.82,104.46,14.82,14.82,NA,Unknown,Water level accuracy is unknown,1,Department of Water Resources,NA,5167,United States Geological Survey
10538,333411N1173323W001,1197427,1961-08-24T00:00:00Z,119.28,119.28,0,14.79,104.49,14.79,14.79,NA,Unknown,Water level accuracy is unknown,1,Department of Water Resources,NA,5167,United States Geological Survey
10538,333411N1173323W001,1197426,1961-08-23T00:00:00Z,119.28,119.28,0,14.71,104.57,14.71,14.71,NA,Unknown,Water level accuracy is unknown,1,Department of Water Resources,NA,5167,United States Geological Survey
10538,333411N1173323W001,1197425,1961-08-22T00:00:00Z,119.28,119.28,0,14.74,104.54,14.74,14.74,NA,Unknown,Water level accuracy is unknown,1,Department of Water Resources,NA,5167,United States Geological Survey
10538,333411N1173323W001,1197424,1961-08-21T00:00:00Z,119.28,119.28,0,14.59,104.69,14.59,14.59,NA,Unknown,Water level accuracy is unknown,1,Department of Water Resources,NA,5167,United States Geological Survey
10538,333411N1173323W001,1197423,1961-08-20T00:00:00Z,119.28,119.28,0,14.55,104.73,14.55,14.55,NA,Unknown,Water level accuracy is unknown,1,Department of Water Resources,NA,5167,United States Geological Survey
10538,333411N1173323W001,1197422,1961-08-19T00:00:00Z,119.28,119.28,0,14.65,104.63,14.65,14.65,NA,Unknown,Water level accuracy is unknown,1,Department of Water Resources,NA,5167,United States Geological Survey
10538,333411N1173323W001,1197421,1961-08-18T00:00:00Z,119.28,119.28,0,14.67,104.61,14.67,14.67,NA,Unknown,Water level accuracy is unknown,1,Department of Water Resources,NA,5167,United States Geological Survey
10538,333411N1173323W001,1197420,1961-08-17T00:00:00Z,119.28,119.28,0,14.61,104.67,14.61,14.61,NA,Unknown,Water level accuracy is unknown,1,Department of Water Resources,NA,5167,United States Geological Survey
10538,333411N1173323W001,1197419,1961-08-16T00:00:00Z,119.28,119.28,0,14.53,104.75,14.53,14.53,NA,Unknown,Water level accuracy is unknown,1,Department of Water Resources,NA,5167,United States Geological Survey
10538,333411N1173323W001,1197418,1961-08-15T00:00:00Z,119.28,119.28,0,14.41,104.87,14.41,14.41,NA,Unknown,Water level accuracy is unknown,1,Department of Water Resources,NA,5167,United States Geological Survey
10538,333411N1173323W001,1197417,1961-08-14T00:00:00Z,119.28,119.28,0,14.52,104.76,14.52,14.52,NA,Unknown,Water level accuracy is unknown,1,Department of Water Resources,NA,5167,United States Geological Survey
10538,333411N1173323W001,1197416,1961-08-13T00:00:00Z,119.28,119.28,0,14.47,104.81,14.47,14.47,NA,Unknown,Water level accuracy is unknown,1,Department of Water Resources,NA,5167,United States Geological Survey
10538,333411N1173323W001,1197415,1961-08-12T00:00:00Z,119.28,119.28,0,14.61,104.67,14.61,14.61,NA,Unknown,Water level accuracy is unknown,1,Department of Water Resources,NA,5167,United States Geological Survey
10538,333411N1173323W001,1197414,1961-08-11T00:00:00Z,119.28,119.28,0,14.44,104.84,14.44,14.44,NA,Unknown,Water level accuracy is unknown,1,Department of Water Resources,NA,5167,United States Geological Survey
10538,333411N1173323W001,1197413,1961-08-10T00:00:00Z,119.28,119.28,0,14.53,104.75,14.53,14.53,NA,Unknown,Water level accuracy is unknown,1,Department of Water Resources,NA,5167,United States Geological Survey
10538,333411N1173323W001,1197412,1961-08-09T00:00:00Z,119.28,119.28,0,14.5,104.78,14.5,14.5,NA,Unknown,Water level accuracy is unknown,1,Department of Water Resources,NA,5167,United States Geological Survey
10538,333411N1173323W001,1197411,1961-08-08T00:00:00Z,119.28,119.28,0,14.37,104.91,14.37,14.37,NA,Unknown,Water level accuracy is unknown,1,Department of Water Resources,NA,5167,United States Geological Survey
10538,333411N1173323W001,1197410,1961-08-07T00:00:00Z,119.28,119.28,0,14.37,104.91,14.37,14.37,NA,Unknown,Water level accuracy is unknown,1,Department of Water Resources,NA,5167,United States Geological Survey
10538,333411N1173323W001,1197409,1961-08-06T00:00:00Z,119.28,119.28,0,14.38,104.9,14.38,14.38,NA,Unknown,Water level accuracy is unknown,1,Department of Water Resources,NA,5167,United States Geological Survey
10538,333411N1173323W001,1197408,1961-08-05T00:00:00Z,119.28,119.28,0,14.43,104.85,14.43,14.43,NA,Unknown,Water level accuracy is unknown,1,Department of Water Resources,NA,5167,United States Geological Survey
10538,333411N1173323W001,1197407,1961-08-04T00:00:00Z,119.28,119.28,0,14.33,104.95,14.33,14.33,NA,Unknown,Water level accuracy is unknown,1,Department of Water Resources,NA,5167,United States Geological Survey
10538,333411N1173323W001,1197406,1961-08-03T00:00:00Z,119.28,119.28,0,14.05,105.23,14.05,14.05,NA,Unknown,Water level accuracy is unknown,1,Department of Water Resources,NA,5167,United States Geological Survey
10538,333411N1173323W001,1197405,1961-08-02T00:00:00Z,119.28,119.28,0,14.32,104.96,14.32,14.32,NA,Unknown,Water level accuracy is unknown,1,Department of Water Resources,NA,5167,United States Geological Survey
10538,333411N1173323W001,1197404,1961-08-01T00:00:00Z,119.28,119.28,0,14.2,105.08,14.2,14.2,NA,Unknown,Water level accuracy is unknown,1,Department of Water Resources,NA,5167,United States Geological Survey
10538,333411N1173323W001,1197403,1961-07-31T00:00:00Z,119.28,119.28,0,14.07,105.21,14.07,14.07,NA,Unknown,Water level accuracy is unknown,1,Department of Water Resources,NA,5167,United States Geological Survey
10538,333411N1173323W001,1197402,1961-07-30T00:00:00Z,119.28,119.28,0,14.18,105.1,14.18,14.18,NA,Unknown,Water level accuracy is unknown,1,Department of Water Resources,NA,5167,United States Geological Survey
10538,333411N1173323W001,1197401,1961-07-29T00:00:00Z,119.28,119.28,0,14.16,105.12,14.16,14.16,NA,Unknown,Water level accuracy is unknown,1,Department of Water Resources,NA,5167,United States Geological Survey
10538,333411N1173323W001,1197400,1961-07-28T00:00:00Z,119.28,119.28,0,14.15,105.13,14.15,14.15,NA,Unknown,Water level accuracy is unknown,1,Department of Water Resources,NA,5167,United States Geological Survey
10538,333411N1173323W001,1197399,1961-07-27T00:00:00Z,119.28,119.28,0,14.17,105.11,14.17,14.17,NA,Unknown,Water level accuracy is unknown,1,Department of Water Resources,NA,5167,United States Geological Survey
10538,333411N1173323W001,1197398,1961-07-26T00:00:00Z,119.28,119.28,0,14.13,105.15,14.13,14.13,NA,Unknown,Water level accuracy is unknown,1,Department of Water Resources,NA,5167,United States Geological Survey
10538,333411N1173323W001,1197397,1961-07-25T00:00:00Z,119.28,119.28,0,13.98,105.3,13.98,13.98,NA,Unknown,Water level accuracy is unknown,1,Department of Water Resources,NA,5167,United States Geological Survey
10538,333411N1173323W001,1197396,1961-07-24T00:00:00Z,119.28,119.28,0,13.85,105.43,13.85,13.85,NA,Unknown,Water level accuracy is unknown,1,Department of Water Resources,NA,5167,United States Geological Survey
10538,333411N1173323W001,1197395,1961-07-23T00:00:00Z,119.28,119.28,0,13.9,105.38,13.9,13.9,NA,Unknown,Water level accuracy is unknown,1,Department of Water Resources,NA,5167,United States Geological Survey
10538,333411N1173323W001,1197394,1961-07-22T00:00:00Z,119.28,119.28,0,13.69,105.59,13.69,13.69,NA,Unknown,Water level accuracy is unknown,1,Department of Water Resources,NA,5167,United States Geological Survey
10538,333411N1173323W001,1197393,1961-07-21T00:00:00Z,119.28,119.28,0,13.64,105.64,13.64,13.64,NA,Unknown,Water level accuracy is unknown,1,Department of Water Resources,NA,5167,United States Geological Survey
10538,333411N1173323W001,1197392,1961-07-20T00:00:00Z,119.28,119.28,0,13.89,105.39,13.89,13.89,NA,Unknown,Water level accuracy is unknown,1,Department of Water Resources,NA,5167,United States Geological Survey
10538,333411N1173323W001,1197391,1961-07-19T00:00:00Z,119.28,119.28,0,13.48,105.8,13.48,13.48,NA,Unknown,Water level accuracy is unknown,1,Department of Water Resources,NA,5167,United States Geological Survey
10538,333411N1173323W001,1197390,1961-07-18T00:00:00Z,119.28,119.28,0,13.69,105.59,13.69,13.69,NA,Unknown,Water level accuracy is unknown,1,Department of Water Resources,NA,5167,United States Geological Survey
10538,333411N1173323W001,1197389,1961-07-17T00:00:00Z,119.28,119.28,0,13.64,105.64,13.64,13.64,NA,Unknown,Water level accuracy is unknown,1,Department of Water Resources,NA,5167,United States Geological Survey
10538,333411N1173323W001,1197388,1961-07-16T00:00:00Z,119.28,119.28,0,13.55,105.73,13.55,13.55,NA,Unknown,Water level accuracy is unknown,1,Department of Water Resources,NA,5167,United States Geological Survey
10538,333411N1173323W001,1197387,1961-07-15T00:00:00Z,119.28,119.28,0,13.57,105.71,13.57,13.57,NA,Unknown,Water level accuracy is unknown,1,Department of Water Resources,NA,5167,United States Geological Survey
10538,333411N1173323W001,1197386,1961-07-14T00:00:00Z,119.28,119.28,0,13.57,105.71,13.57,13.57,NA,Unknown,Water level accuracy is unknown,1,Department of Water Resources,NA,5167,United States Geological Survey
10538,333411N1173323W001,1197385,1961-07-13T00:00:00Z,119.28,119.28,0,13.49,105.79,13.49,13.49,NA,Unknown,Water level accuracy is unknown,1,Department of Water Resources,NA,5167,United States Geological Survey
10538,333411N1173323W001,1197384,1961-07-12T00:00:00Z,119.28,119.28,0,13.48,105.8,13.48,13.48,NA,Unknown,Water level accuracy is unknown,1,Department of Water Resources,NA,5167,United States Geological Survey
10538,333411N1173323W001,1197383,1961-07-11T00:00:00Z,119.28,119.28,0,13.41,105.87,13.41,13.41,NA,Unknown,Water level accuracy is unknown,1,Department of Water Resources,NA,5167,United States Geological Survey
10538,333411N1173323W001,1197382,1961-07-10T00:00:00Z,119.28,119.28,0,13.32,105.96,13.32,13.32,NA,Unknown,Water level accuracy is unknown,1,Department of Water Resources,NA,5167,United States Geological Survey
10538,333411N1173323W001,1197381,1961-07-09T00:00:00Z,119.28,119.28,0,13.44,105.84,13.44,13.44,NA,Unknown,Water level accuracy is unknown,1,Department of Water Resources,NA,5167,United States Geological Survey
10538,333411N1173323W001,1197380,1961-07-08T00:00:00Z,119.28,119.28,0,13.31,105.97,13.31,13.31,NA,Unknown,Water level accuracy is unknown,1,Department of Water Resources,NA,5167,United States Geological Survey
10538,333411N1173323W001,1197379,1961-07-07T00:00:00Z,119.28,119.28,0,13.34,105.94,13.34,13.34,NA,Unknown,Water level accuracy is unknown,1,Department of Water Resources,NA,5167,United States Geological Survey
10538,333411N1173323W001,1197378,1961-07-06T00:00:00Z,119.28,119.28,0,13.37,105.91,13.37,13.37,NA,Unknown,Water level accuracy is unknown,1,Department of Water Resources,NA,5167,United States Geological Survey
10538,333411N1173323W001,1197377,1961-07-05T00:00:00Z,119.28,119.28,0,13.3,105.98,13.3,13.3,NA,Unknown,Water level accuracy is unknown,1,Department of Water Resources,NA,5167,United States Geological Survey
10538,333411N1173323W001,1197376,1961-07-04T00:00:00Z,119.28,119.28,0,13.29,105.99,13.29,13.29,NA,Unknown,Water level accuracy is unknown,1,Department of Water Resources,NA,5167,United States Geological Survey
10538,333411N1173323W001,1197375,1961-07-02T00:00:00Z,119.28,119.28,0,13.5,105.78,13.5,13.5,NA,Unknown,Water level accuracy is unknown,1,Department of Water Resources,NA,5167,United States Geological Survey
10538,333411N1173323W001,1197374,1961-07-01T00:00:00Z,119.28,119.28,0,13.61,105.67,13.61,13.61,NA,Unknown,Water level accuracy is unknown,1,Department of Water Resources,NA,5167,United States Geological Survey
10538,333411N1173323W001,1197373,1961-06-30T00:00:00Z,119.28,119.28,0,13.7,105.58,13.7,13.7,NA,Unknown,Water level accuracy is unknown,1,Department of Water Resources,NA,5167,United States Geological Survey
10538,333411N1173323W001,1197372,1961-06-29T00:00:00Z,119.28,119.28,0,13.6,105.68,13.6,13.6,NA,Unknown,Water level accuracy is unknown,1,Department of Water Resources,NA,5167,United States Geological Survey
10538,333411N1173323W001,1197371,1961-06-28T00:00:00Z,119.28,119.28,0,13.81,105.47,13.81,13.81,NA,Unknown,Water level accuracy is unknown,1,Department of Water Resources,NA,5167,United States Geological Survey
10538,333411N1173323W001,1197370,1961-06-27T00:00:00Z,119.28,119.28,0,13.55,105.73,13.55,13.55,NA,Unknown,Water level accuracy is unknown,1,Department of Water Resources,NA,5167,United States Geological Survey
10538,333411N1173323W001,1197369,1961-06-26T00:00:00Z,119.28,119.28,0,13.21,106.07,13.21,13.21,NA,Unknown,Water level accuracy is unknown,1,Department of Water Resources,NA,5167,United States Geological Survey
10538,333411N1173323W001,1197368,1961-06-25T00:00:00Z,119.28,119.28,0,13.31,105.97,13.31,13.31,NA,Unknown,Water level accuracy is unknown,1,Department of Water Resources,NA,5167,United States Geological Survey
10538,333411N1173323W001,1197367,1961-06-24T00:00:00Z,119.28,119.28,0,13.55,105.73,13.55,13.55,NA,Unknown,Water level accuracy is unknown,1,Department of Water Resources,NA,5167,United States Geological Survey
10538,333411N1173323W001,1197366,1961-06-23T00:00:00Z,119.28,119.28,0,13.36,105.92,13.36,13.36,NA,Unknown,Water level accuracy is unknown,1,Department of Water Resources,NA,5167,United States Geological Survey
10538,333411N1173323W001,1197365,1961-06-22T00:00:00Z,119.28,119.28,0,13.69,105.59,13.69,13.69,NA,Unknown,Water level accuracy is unknown,1,Department of Water Resources,NA,5167,United States Geological Survey
10538,333411N1173323W001,1197364,1961-06-21T00:00:00Z,119.28,119.28,0,13.35,105.93,13.35,13.35,NA,Unknown,Water level accuracy is unknown,1,Department of Water Resources,NA,5167,United States Geological Survey
10538,333411N1173323W001,1197363,1961-06-20T00:00:00Z,119.28,119.28,0,13.36,105.92,13.36,13.36,NA,Unknown,Water level accuracy is unknown,1,Department of Water Resources,NA,5167,United States Geological Survey
10538,333411N1173323W001,1197362,1961-06-19T00:00:00Z,119.28,119.28,0,12.91,106.37,12.91,12.91,NA,Unknown,Water level accuracy is unknown,1,Department of Water Resources,NA,5167,United States Geological Survey
10538,333411N1173323W001,1197361,1961-06-18T00:00:00Z,119.28,119.28,0,13.09,106.19,13.09,13.09,NA,Unknown,Water level accuracy is unknown,1,Department of Water Resources,NA,5167,United States Geological Survey
10538,333411N1173323W001,1197360,1961-06-17T00:00:00Z,119.28,119.28,0,13.34,105.94,13.34,13.34,NA,Unknown,Water level accuracy is unknown,1,Department of Water Resources,NA,5167,United States Geological Survey
10538,333411N1173323W001,1197359,1961-06-16T00:00:00Z,119.28,119.28,0,13.36,105.92,13.36,13.36,NA,Unknown,Water level accuracy is unknown,1,Department of Water Resources,NA,5167,United States Geological Survey
10538,333411N1173323W001,1197358,1961-06-15T00:00:00Z,119.28,119.28,0,13.29,105.99,13.29,13.29,NA,Unknown,Water level accuracy is unknown,1,Department of Water Resources,NA,5167,United States Geological Survey
10538,333411N1173323W001,1197357,1961-06-14T00:00:00Z,119.28,119.28,0,13.09,106.19,13.09,13.09,NA,Unknown,Water level accuracy is unknown,1,Department of Water Resources,NA,5167,United States Geological Survey
10538,333411N1173323W001,1197356,1961-06-13T00:00:00Z,119.28,119.28,0,12.8,106.48,12.8,12.8,NA,Unknown,Water level accuracy is unknown,1,Department of Water Resources,NA,5167,United States Geological Survey
10538,333411N1173323W001,1197355,1961-06-12T00:00:00Z,119.28,119.28,0,12.58,106.7,12.58,12.58,NA,Unknown,Water level accuracy is unknown,1,Department of Water Resources,NA,5167,United States Geological Survey
10538,333411N1173323W001,1197354,1961-06-11T00:00:00Z,119.28,119.28,0,12.64,106.64,12.64,12.64,NA,Unknown,Water level accuracy is unknown,1,Department of Water Resources,NA,5167,United States Geological Survey
10538,333411N1173323W001,1197353,1961-06-10T00:00:00Z,119.28,119.28,0,12.6,106.68,12.6,12.6,NA,Unknown,Water level accuracy is unknown,1,Department of Water Resources,NA,5167,United States Geological Survey
10538,333411N1173323W001,1197352,1961-06-09T00:00:00Z,119.28,119.28,0,12.5,106.78,12.5,12.5,NA,Unknown,Water level accuracy is unknown,1,Department of Water Resources,NA,5167,United States Geological Survey
10538,333411N1173323W001,1197351,1961-06-08T00:00:00Z,119.28,119.28,0,12.42,106.86,12.42,12.42,NA,Unknown,Water level accuracy is unknown,1,Department of Water Resources,NA,5167,United States Geological Survey
10538,333411N1173323W001,1197350,1961-06-07T00:00:00Z,119.28,119.28,0,11.67,107.61,11.67,11.67,NA,Unknown,Water level accuracy is unknown,1,Department of Water Resources,NA,5167,United States Geological Survey
10538,333411N1173323W001,1197349,1961-06-06T00:00:00Z,119.28,119.28,0,11.56,107.72,11.56,11.56,NA,Unknown,Water level accuracy is unknown,1,Department of Water Resources,NA,5167,United States Geological Survey
10538,333411N1173323W001,1197348,1961-06-05T00:00:00Z,119.28,119.28,0,11.42,107.86,11.42,11.42,NA,Unknown,Water level accuracy is unknown,1,Department of Water Resources,NA,5167,United States Geological Survey
10538,333411N1173323W001,1197347,1961-06-04T00:00:00Z,119.28,119.28,0,11.38,107.9,11.38,11.38,NA,Unknown,Water level accuracy is unknown,1,Department of Water Resources,NA,5167,United States Geological Survey
10538,333411N1173323W001,1197346,1961-06-03T00:00:00Z,119.28,119.28,0,11.15,108.13,11.15,11.15,NA,Unknown,Water level accuracy is unknown,1,Department of Water Resources,NA,5167,United States Geological Survey
10538,333411N1173323W001,1197345,1961-06-02T00:00:00Z,119.28,119.28,0,11.33,107.95,11.33,11.33,NA,Unknown,Water level accuracy is unknown,1,Department of Water Resources,NA,5167,United States Geological Survey
10538,333411N1173323W001,1197344,1961-06-01T00:00:00Z,119.28,119.28,0,11.28,108,11.28,11.28,NA,Unknown,Water level accuracy is unknown,1,Department of Water Resources,NA,5167,United States Geological Survey
10538,333411N1173323W001,1197343,1961-05-31T00:00:00Z,119.28,119.28,0,11.18,108.1,11.18,11.18,NA,Unknown,Water level accuracy is unknown,1,Department of Water Resources,NA,5167,United States Geological Survey
10538,333411N1173323W001,1197342,1961-05-30T00:00:00Z,119.28,119.28,0,11.22,108.06,11.22,11.22,NA,Unknown,Water level accuracy is unknown,1,Department of Water Resources,NA,5167,United States Geological Survey
10538,333411N1173323W001,1197341,1961-05-29T00:00:00Z,119.28,119.28,0,10.24,109.04,10.24,10.24,NA,Unknown,Water level accuracy is unknown,1,Department of Water Resources,NA,5167,United States Geological Survey
10538,333411N1173323W001,1197340,1961-05-28T00:00:00Z,119.28,119.28,0,10.3,108.98,10.3,10.3,NA,Unknown,Water level accuracy is unknown,1,Department of Water Resources,NA,5167,United States Geological Survey
10538,333411N1173323W001,1197339,1961-05-27T00:00:00Z,119.28,119.28,0,10.25,109.03,10.25,10.25,NA,Unknown,Water level accuracy is unknown,1,Department of Water Resources,NA,5167,United States Geological Survey
10538,333411N1173323W001,1197338,1961-05-26T00:00:00Z,119.28,119.28,0,10.15,109.13,10.15,10.15,NA,Unknown,Water level accuracy is unknown,1,Department of Water Resources,NA,5167,United States Geological Survey
10538,333411N1173323W001,1197337,1961-05-25T00:00:00Z,119.28,119.28,0,10.15,109.13,10.15,10.15,NA,Unknown,Water level accuracy is unknown,1,Department of Water Resources,NA,5167,United States Geological Survey
10538,333411N1173323W001,1197336,1961-05-24T00:00:00Z,119.28,119.28,0,10.64,108.64,10.64,10.64,NA,Unknown,Water level accuracy is unknown,1,Department of Water Resources,NA,5167,United States Geological Survey
10538,333411N1173323W001,1197335,1961-05-23T00:00:00Z,119.28,119.28,0,10.5,108.78,10.5,10.5,NA,Unknown,Water level accuracy is unknown,1,Department of Water Resources,NA,5167,United States Geological Survey
10538,333411N1173323W001,1197334,1961-05-22T00:00:00Z,119.28,119.28,0,10.31,108.97,10.31,10.31,NA,Unknown,Water level accuracy is unknown,1,Department of Water Resources,NA,5167,United States Geological Survey
10538,333411N1173323W001,1197333,1961-05-21T00:00:00Z,119.28,119.28,0,10.39,108.89,10.39,10.39,NA,Unknown,Water level accuracy is unknown,1,Department of Water Resources,NA,5167,United States Geological Survey
10538,333411N1173323W001,1197332,1961-05-20T00:00:00Z,119.28,119.28,0,10.38,108.9,10.38,10.38,NA,Unknown,Water level accuracy is unknown,1,Department of Water Resources,NA,5167,United States Geological Survey
10538,333411N1173323W001,1197331,1961-05-19T00:00:00Z,119.28,119.28,0,10.36,108.92,10.36,10.36,NA,Unknown,Water level accuracy is unknown,1,Department of Water Resources,NA,5167,United States Geological Survey
10538,333411N1173323W001,1197330,1961-05-18T00:00:00Z,119.28,119.28,0,10.33,108.95,10.33,10.33,NA,Unknown,Water level accuracy is unknown,1,Department of Water Resources,NA,5167,United States Geological Survey
10538,333411N1173323W001,1197329,1961-05-17T00:00:00Z,119.28,119.28,0,10.29,108.99,10.29,10.29,NA,Unknown,Water level accuracy is unknown,1,Department of Water Resources,NA,5167,United States Geological Survey
10538,333411N1173323W001,1197328,1961-05-16T00:00:00Z,119.28,119.28,0,10.23,109.05,10.23,10.23,NA,Unknown,Water level accuracy is unknown,1,Department of Water Resources,NA,5167,United States Geological Survey
10538,333411N1173323W001,1197327,1961-05-15T00:00:00Z,119.28,119.28,0,10.22,109.06,10.22,10.22,NA,Unknown,Water level accuracy is unknown,1,Department of Water Resources,NA,5167,United States Geological Survey
10538,333411N1173323W001,1197326,1961-05-14T00:00:00Z,119.28,119.28,0,10.17,109.11,10.17,10.17,NA,Unknown,Water level accuracy is unknown,1,Department of Water Resources,NA,5167,United States Geological Survey
10538,333411N1173323W001,1197325,1961-05-13T00:00:00Z,119.28,119.28,0,10.14,109.14,10.14,10.14,NA,Unknown,Water level accuracy is unknown,1,Department of Water Resources,NA,5167,United States Geological Survey
10538,333411N1173323W001,1197324,1961-05-12T00:00:00Z,119.28,119.28,0,10.07,109.21,10.07,10.07,NA,Unknown,Water level accuracy is unknown,1,Department of Water Resources,NA,5167,United States Geological Survey
10538,333411N1173323W001,1197323,1961-05-11T00:00:00Z,119.28,119.28,0,10.08,109.2,10.08,10.08,NA,Unknown,Water level accuracy is unknown,1,Department of Water Resources,NA,5167,United States Geological Survey
10538,333411N1173323W001,1197322,1961-05-10T00:00:00Z,119.28,119.28,0,10.24,109.04,10.24,10.24,NA,Unknown,Water level accuracy is unknown,1,Department of Water Resources,NA,5167,United States Geological Survey
10538,333411N1173323W001,1197321,1961-05-09T00:00:00Z,119.28,119.28,0,10.15,109.13,10.15,10.15,NA,Unknown,Water level accuracy is unknown,1,Department of Water Resources,NA,5167,United States Geological Survey
10538,333411N1173323W001,1197320,1961-05-08T00:00:00Z,119.28,119.28,0,10.06,109.22,10.06,10.06,NA,Unknown,Water level accuracy is unknown,1,Department of Water Resources,NA,5167,United States Geological Survey
10538,333411N1173323W001,1197319,1961-05-07T00:00:00Z,119.28,119.28,0,10.05,109.23,10.05,10.05,NA,Unknown,Water level accuracy is unknown,1,Department of Water Resources,NA,5167,United States Geological Survey
10538,333411N1173323W001,1197318,1961-05-06T00:00:00Z,119.28,119.28,0,10.02,109.26,10.02,10.02,NA,Unknown,Water level accuracy is unknown,1,Department of Water Resources,NA,5167,United States Geological Survey
10538,333411N1173323W001,1197317,1961-05-05T00:00:00Z,119.28,119.28,0,9.9,109.38,9.9,9.9,NA,Unknown,Water level accuracy is unknown,1,Department of Water Resources,NA,5167,United States Geological Survey
10538,333411N1173323W001,1197316,1961-05-04T00:00:00Z,119.28,119.28,0,9.8,109.48,9.8,9.8,NA,Unknown,Water level accuracy is unknown,1,Department of Water Resources,NA,5167,United States Geological Survey
10538,333411N1173323W001,1197315,1961-05-03T00:00:00Z,119.28,119.28,0,9.98,109.3,9.98,9.98,NA,Unknown,Water level accuracy is unknown,1,Department of Water Resources,NA,5167,United States Geological Survey
