STN_ID,SITE_CODE,WLM_ID,MSMT_DATE,WLM_RPE,WLM_GSE,RDNG_WS,RDNG_RP,WSE,RPE_WSE,GSE_WSE,WLM_QA_DESC,WLM_DESC,WLM_ACC_DESC,WLM_ORG_ID,WLM_ORG_NAME,MSMT_CMT,COOP_AGENCY_ORG_ID,COOP_ORG_NAME
10935,349908N1205353W001,1253881,1975-03-25T00:00:00Z,117.7,117.7,0,59.5,58.2,59.5,59.5,NA,Unknown,Water level accuracy is unknown,1,Department of Water Resources,NA,5167,United States Geological Survey
10935,349908N1205353W001,1253880,1950-04-14T00:00:00Z,117.7,117.7,0,53.41,64.29,53.41,53.41,NA,Unknown,Water level accuracy is unknown,1,Department of Water Resources,NA,5167,United States Geological Survey
10935,349908N1205353W001,1253879,1950-04-01T00:00:00Z,117.7,117.7,0,53,64.7,53,53,NA,Unknown,Water level accuracy is unknown,1,Department of Water Resources,NA,5167,United States Geological Survey
10935,349908N1205353W001,1253878,1948-08-01T00:00:00Z,117.7,117.7,0,52,65.7,52,52,Other,Unknown,Water level accuracy is unknown,1,Department of Water Resources,NA,5167,United States Geological Survey
