STN_ID,SITE_CODE,WLM_ID,MSMT_DATE,WLM_RPE,WLM_GSE,RDNG_WS,RDNG_RP,WSE,RPE_WSE,GSE_WSE,WLM_QA_DESC,WLM_DESC,WLM_ACC_DESC,WLM_ORG_ID,WLM_ORG_NAME,MSMT_CMT,COOP_AGENCY_ORG_ID,COOP_ORG_NAME
11418,350461N1188482W001,1248046,1982-12-01T00:00:00Z,684.53,683.53,0,538,146.53,538,537,NA,Unknown,Water level accuracy is unknown,1,Department of Water Resources,NA,5042,Wheeler Ridge-Maricopa Water Storage District
11418,350461N1188482W001,1248045,1956-10-02T00:00:00Z,684.53,683.53,0,378.7,305.83,378.7,377.7,NA,Unknown,Water level accuracy is unknown,1,Department of Water Resources,NA,624,Bureau of Reclamation
11418,350461N1188482W001,1248044,1956-02-08T00:00:00Z,684.53,683.53,0,364,320.53,364,363,NA,Unknown,Water level accuracy is unknown,1,Department of Water Resources,NA,624,Bureau of Reclamation
11418,350461N1188482W001,1248043,1955-09-13T00:00:00Z,684.53,683.53,0,378.5,306.03,378.5,377.5,NA,Unknown,Water level accuracy is unknown,1,Department of Water Resources,NA,624,Bureau of Reclamation
11418,350461N1188482W001,1248042,1955-02-09T00:00:00Z,684.53,683.53,0,409.5,275.03,409.5,408.5,NA,Unknown,Water level accuracy is unknown,1,Department of Water Resources,NA,624,Bureau of Reclamation
11418,350461N1188482W001,1248041,1954-09-15T00:00:00Z,684.53,683.53,0,389.2,295.33,389.2,388.2,NA,Unknown,Water level accuracy is unknown,1,Department of Water Resources,NA,624,Bureau of Reclamation
11418,350461N1188482W001,1248040,1954-02-04T00:00:00Z,684.53,683.53,0,353.9,330.63,353.9,352.9,NA,Unknown,Water level accuracy is unknown,1,Department of Water Resources,NA,624,Bureau of Reclamation
11418,350461N1188482W001,1248039,1953-09-15T00:00:00Z,684.53,683.53,0,333.4,351.13,333.4,332.4,NA,Unknown,Water level accuracy is unknown,1,Department of Water Resources,NA,624,Bureau of Reclamation
11418,350461N1188482W001,1248038,1953-01-21T00:00:00Z,684.53,683.53,0,328.9,355.63,328.9,327.9,NA,Unknown,Water level accuracy is unknown,1,Department of Water Resources,NA,624,Bureau of Reclamation
