STN_ID,SITE_CODE,WLM_ID,MSMT_DATE,WLM_RPE,WLM_GSE,RDNG_WS,RDNG_RP,WSE,RPE_WSE,GSE_WSE,WLM_QA_DESC,WLM_DESC,WLM_ACC_DESC,WLM_ORG_ID,WLM_ORG_NAME,MSMT_CMT,COOP_AGENCY_ORG_ID,COOP_ORG_NAME
11430,350239N1189107W001,1248689,1958-01-29T00:00:00Z,808.13,807.53,0,521.4,286.73,521.4,520.8,NA,Unknown,Water level accuracy is unknown,1,Department of Water Resources,NA,5167,United States Geological Survey
11430,350239N1189107W001,1248688,1955-02-09T00:00:00Z,808.13,807.53,0,485,323.13,485,484.4,NA,Unknown,Water level accuracy is unknown,1,Department of Water Resources,NA,5167,United States Geological Survey
11430,350239N1189107W001,1248687,1954-09-14T00:00:00Z,808.13,807.53,0,500,308.13,500,499.4,NA,Unknown,Water level accuracy is unknown,1,Department of Water Resources,NA,5167,United States Geological Survey
11430,350239N1189107W001,1248686,1954-02-02T00:00:00Z,808.13,807.53,0,468.6,339.53,468.6,468,NA,Unknown,Water level accuracy is unknown,1,Department of Water Resources,NA,5167,United States Geological Survey
11430,350239N1189107W001,1248685,1953-09-15T00:00:00Z,808.13,807.53,NA,NA,NA,NA,NA,Pumping,NA,NA,1,Department of Water Resources,NA,5167,United States Geological Survey
11430,350239N1189107W001,1248684,1953-01-21T00:00:00Z,808.13,807.53,0,454.9,353.23,454.9,454.3,NA,Unknown,Water level accuracy is unknown,1,Department of Water Resources,NA,5167,United States Geological Survey
11430,350239N1189107W001,1248683,1952-09-17T00:00:00Z,808.13,807.53,0,455.3,352.83,455.3,454.7,NA,Unknown,Water level accuracy is unknown,1,Department of Water Resources,NA,5167,United States Geological Survey
11430,350239N1189107W001,1248682,1952-01-22T00:00:00Z,808.13,807.53,0,439.8,368.33,439.8,439.2,NA,Unknown,Water level accuracy is unknown,1,Department of Water Resources,NA,5167,United States Geological Survey
11430,350239N1189107W001,1248681,1951-09-18T00:00:00Z,808.13,807.53,0,443.2,364.93,443.2,442.6,NA,Unknown,Water level accuracy is unknown,1,Department of Water Resources,NA,5167,United States Geological Survey
11430,350239N1189107W001,1248680,1951-01-16T00:00:00Z,808.13,807.53,0,430.7,377.43,430.7,430.1,NA,Unknown,Water level accuracy is unknown,1,Department of Water Resources,NA,5167,United States Geological Survey
11430,350239N1189107W001,1248679,1950-09-18T00:00:00Z,808.13,807.53,0,433.4,374.73,433.4,432.8,NA,Unknown,Water level accuracy is unknown,1,Department of Water Resources,NA,5167,United States Geological Survey
11430,350239N1189107W001,1248678,1950-01-24T00:00:00Z,808.13,807.53,0,408.3,399.83,408.3,407.7,NA,Unknown,Water level accuracy is unknown,1,Department of Water Resources,NA,5167,United States Geological Survey
11430,350239N1189107W001,1248677,1949-11-29T00:00:00Z,808.13,807.53,NA,NA,NA,NA,NA,Pumping,NA,NA,1,Department of Water Resources,NA,5167,United States Geological Survey
11430,350239N1189107W001,1248676,1949-09-13T00:00:00Z,808.13,807.53,0,419.7,388.43,419.7,419.1,NA,Unknown,Water level accuracy is unknown,1,Department of Water Resources,NA,5167,United States Geological Survey
11430,350239N1189107W001,1248675,1949-01-27T00:00:00Z,808.13,807.53,0,410,398.13,410,409.4,NA,Unknown,Water level accuracy is unknown,1,Department of Water Resources,NA,5167,United States Geological Survey
11430,350239N1189107W001,1248674,1948-12-13T00:00:00Z,808.13,807.53,0,409,399.13,409,408.4,NA,Unknown,Water level accuracy is unknown,1,Department of Water Resources,NA,5167,United States Geological Survey
11430,350239N1189107W001,1248673,1948-07-02T00:00:00Z,808.13,807.53,0,405,403.13,405,404.4,NA,Unknown,Water level accuracy is unknown,1,Department of Water Resources,NA,5167,United States Geological Survey
11430,350239N1189107W001,1248672,1948-02-05T00:00:00Z,808.13,807.53,0,396.5,411.63,396.5,395.9,NA,Unknown,Water level accuracy is unknown,1,Department of Water Resources,NA,5167,United States Geological Survey
11430,350239N1189107W001,1248671,1947-12-03T00:00:00Z,808.13,807.53,0,398,410.13,398,397.4,NA,Unknown,Water level accuracy is unknown,1,Department of Water Resources,NA,5167,United States Geological Survey
11430,350239N1189107W001,1248670,1947-11-13T00:00:00Z,808.13,807.53,0,398.4,409.73,398.4,397.8,NA,Unknown,Water level accuracy is unknown,1,Department of Water Resources,NA,5167,United States Geological Survey
11430,350239N1189107W001,1248669,1946-12-10T00:00:00Z,808.13,807.53,0,393.5,414.63,393.5,392.9,NA,Unknown,Water level accuracy is unknown,1,Department of Water Resources,NA,5167,United States Geological Survey
11430,350239N1189107W001,1248668,1946-10-07T00:00:00Z,808.13,807.53,0,393.4,414.73,393.4,392.8,NA,Unknown,Water level accuracy is unknown,1,Department of Water Resources,NA,5167,United States Geological Survey
