STN_ID,SITE_CODE,WLM_ID,MSMT_DATE,WLM_RPE,WLM_GSE,RDNG_WS,RDNG_RP,WSE,RPE_WSE,GSE_WSE,WLM_QA_DESC,WLM_DESC,WLM_ACC_DESC,WLM_ORG_ID,WLM_ORG_NAME,MSMT_CMT,COOP_AGENCY_ORG_ID,COOP_ORG_NAME
11815,332550N1169501W001,1253957,1973-03-28T00:00:00Z,902.27,902.27,0,44.43,857.84,44.43,44.43,NA,Unknown,Water level accuracy is unknown,1,Department of Water Resources,NA,5167,United States Geological Survey
11815,332550N1169501W001,1253956,1971-09-28T00:00:00Z,902.27,902.27,0,38.18,864.09,38.18,38.18,NA,Unknown,Water level accuracy is unknown,1,Department of Water Resources,NA,5167,United States Geological Survey
11815,332550N1169501W001,1253955,1971-09-01T00:00:00Z,902.27,902.27,0,38,864.27,38,38,NA,Unknown,Water level accuracy is unknown,1,Department of Water Resources,NA,5167,United States Geological Survey
11815,332550N1169501W001,1253954,1968-01-21T00:00:00Z,902.27,902.27,0,50.7,851.57,50.7,50.7,Other,Unknown,Water level accuracy is unknown,1,Department of Water Resources,NA,5167,United States Geological Survey
