STN_ID,SITE_CODE,WLM_ID,MSMT_DATE,WLM_RPE,WLM_GSE,RDNG_WS,RDNG_RP,WSE,RPE_WSE,GSE_WSE,WLM_QA_DESC,WLM_DESC,WLM_ACC_DESC,WLM_ORG_ID,WLM_ORG_NAME,MSMT_CMT,COOP_AGENCY_ORG_ID,COOP_ORG_NAME
12878,349978N1205070W001,1252662,1950-12-12T00:00:00Z,142.7,142.7,0,72.44,70.26,72.44,72.44,NA,Unknown,Water level accuracy is unknown,1,Department of Water Resources,NA,5167,United States Geological Survey
12878,349978N1205070W001,1252661,1950-04-14T00:00:00Z,142.7,142.7,0,68.38,74.32,68.38,68.38,NA,Unknown,Water level accuracy is unknown,1,Department of Water Resources,NA,5167,United States Geological Survey
12878,349978N1205070W001,1252660,1942-04-08T00:00:00Z,142.7,142.7,0,43.63,99.07,43.63,43.63,NA,Unknown,Water level accuracy is unknown,1,Department of Water Resources,NA,5167,United States Geological Survey
12878,349978N1205070W001,1252659,1942-04-01T00:00:00Z,142.7,142.7,0,44,98.7,44,44,NA,Unknown,Water level accuracy is unknown,1,Department of Water Resources,NA,5167,United States Geological Survey
12878,349978N1205070W001,1252658,1937-03-02T00:00:00Z,142.7,142.7,0,63.41,79.29,63.41,63.41,Other,Unknown,Water level accuracy is unknown,1,Department of Water Resources,NA,5167,United States Geological Survey
12878,349978N1205070W001,1252657,1933-08-30T00:00:00Z,142.7,142.7,0,59.66,83.04,59.66,59.66,Other,Unknown,Water level accuracy is unknown,1,Department of Water Resources,NA,5167,United States Geological Survey
