STN_ID,SITE_CODE,WLM_ID,MSMT_DATE,WLM_RPE,WLM_GSE,RDNG_WS,RDNG_RP,WSE,RPE_WSE,GSE_WSE,WLM_QA_DESC,WLM_DESC,WLM_ACC_DESC,WLM_ORG_ID,WLM_ORG_NAME,MSMT_CMT,COOP_AGENCY_ORG_ID,COOP_ORG_NAME
12893,349078N1166629W001,1339395,1996-05-01T00:00:00Z,1820.34,1820.34,0,97.12,1723.22,97.12,97.12,NA,Unknown,Water level accuracy is unknown,1,Department of Water Resources,NA,5167,United States Geological Survey
12893,349078N1166629W001,1339394,1994-03-22T00:00:00Z,1820.34,1820.34,0,95.5,1724.84,95.5,95.5,NA,Unknown,Water level accuracy is unknown,1,Department of Water Resources,NA,5167,United States Geological Survey
12893,349078N1166629W001,1339393,1993-11-15T00:00:00Z,1820.34,1820.34,0,92.2,1728.14,92.2,92.2,NA,Unknown,Water level accuracy is unknown,1,Department of Water Resources,NA,5167,United States Geological Survey
12893,349078N1166629W001,1339392,1993-03-24T00:00:00Z,1820.34,1820.34,0,91.97,1728.37,91.97,91.97,NA,Unknown,Water level accuracy is unknown,1,Department of Water Resources,NA,5167,United States Geological Survey
12893,349078N1166629W001,1339391,1992-11-19T00:00:00Z,1820.34,1820.34,0,98.49,1721.85,98.49,98.49,Pumped recently,Unknown,Water level accuracy is unknown,1,Department of Water Resources,NA,5167,United States Geological Survey
12893,349078N1166629W001,1339390,1992-11-16T00:00:00Z,1820.34,1820.34,0,92.62,1727.72,92.62,92.62,NA,Unknown,Water level accuracy is unknown,1,Department of Water Resources,NA,5167,United States Geological Survey
12893,349078N1166629W001,1339389,1992-03-10T00:00:00Z,1820.34,1820.34,0,99.89,1720.45,99.89,99.89,NA,Unknown,Water level accuracy is unknown,1,Department of Water Resources,NA,5167,United States Geological Survey
12893,349078N1166629W001,1339388,1971-04-22T00:00:00Z,1820.34,1820.34,0,64.78,1755.56,64.78,64.78,NA,Unknown,Water level accuracy is unknown,1,Department of Water Resources,NA,5167,United States Geological Survey
12893,349078N1166629W001,1339387,1970-11-11T00:00:00Z,1820.34,1820.34,0,62.22,1758.12,62.22,62.22,NA,Unknown,Water level accuracy is unknown,1,Department of Water Resources,NA,5167,United States Geological Survey
12893,349078N1166629W001,1339386,1970-03-24T00:00:00Z,1820.34,1820.34,0,69.87,1750.47,69.87,69.87,NA,Unknown,Water level accuracy is unknown,1,Department of Water Resources,NA,5167,United States Geological Survey
12893,349078N1166629W001,1339385,1969-10-28T00:00:00Z,1820.34,1820.34,0,69.79,1750.55,69.79,69.79,NA,Unknown,Water level accuracy is unknown,1,Department of Water Resources,NA,5167,United States Geological Survey
12893,349078N1166629W001,1339384,1969-04-08T00:00:00Z,1820.34,1820.34,0,65.57,1754.77,65.57,65.57,NA,Unknown,Water level accuracy is unknown,1,Department of Water Resources,NA,5167,United States Geological Survey
12893,349078N1166629W001,1339383,1968-11-14T00:00:00Z,1820.34,1820.34,0,60.69,1759.65,60.69,60.69,NA,Unknown,Water level accuracy is unknown,1,Department of Water Resources,NA,5167,United States Geological Survey
12893,349078N1166629W001,1339382,1968-04-10T00:00:00Z,1820.34,1820.34,0,55.89,1764.45,55.89,55.89,NA,Unknown,Water level accuracy is unknown,1,Department of Water Resources,NA,5167,United States Geological Survey
12893,349078N1166629W001,1339381,1967-10-24T00:00:00Z,1820.34,1820.34,0,55.38,1764.96,55.38,55.38,NA,Unknown,Water level accuracy is unknown,1,Department of Water Resources,NA,5167,United States Geological Survey
12893,349078N1166629W001,1339380,1967-03-14T00:00:00Z,1820.34,1820.34,0,54.62,1765.72,54.62,54.62,NA,Unknown,Water level accuracy is unknown,1,Department of Water Resources,NA,5167,United States Geological Survey
12893,349078N1166629W001,1339379,1966-10-18T00:00:00Z,1820.34,1820.34,0,55.05,1765.29,55.05,55.05,NA,Unknown,Water level accuracy is unknown,1,Department of Water Resources,NA,5167,United States Geological Survey
12893,349078N1166629W001,1339378,1966-03-15T00:00:00Z,1820.34,1820.34,0,53.27,1767.07,53.27,53.27,NA,Unknown,Water level accuracy is unknown,1,Department of Water Resources,NA,5167,United States Geological Survey
12893,349078N1166629W001,1339377,1965-10-20T00:00:00Z,1820.34,1820.34,0,53.65,1766.69,53.65,53.65,NA,Unknown,Water level accuracy is unknown,1,Department of Water Resources,NA,5167,United States Geological Survey
12893,349078N1166629W001,1339376,1965-03-10T00:00:00Z,1820.34,1820.34,0,52.85,1767.49,52.85,52.85,NA,Unknown,Water level accuracy is unknown,1,Department of Water Resources,NA,5167,United States Geological Survey
12893,349078N1166629W001,1339375,1964-10-14T00:00:00Z,1820.34,1820.34,0,53.15,1767.19,53.15,53.15,NA,Unknown,Water level accuracy is unknown,1,Department of Water Resources,NA,5167,United States Geological Survey
12893,349078N1166629W001,1339374,1964-03-08T00:00:00Z,1820.34,1820.34,0,51.29,1769.05,51.29,51.29,NA,Unknown,Water level accuracy is unknown,1,Department of Water Resources,NA,5167,United States Geological Survey
12893,349078N1166629W001,1339373,1963-10-30T00:00:00Z,1820.34,1820.34,0,51.32,1769.02,51.32,51.32,NA,Unknown,Water level accuracy is unknown,1,Department of Water Resources,NA,5167,United States Geological Survey
12893,349078N1166629W001,1339372,1963-03-13T00:00:00Z,1820.34,1820.34,0,50.64,1769.7,50.64,50.64,NA,Unknown,Water level accuracy is unknown,1,Department of Water Resources,NA,5167,United States Geological Survey
12893,349078N1166629W001,1339371,1962-12-11T00:00:00Z,1820.34,1820.34,0,50.44,1769.9,50.44,50.44,NA,Unknown,Water level accuracy is unknown,1,Department of Water Resources,NA,5167,United States Geological Survey
12893,349078N1166629W001,1339370,1962-03-13T00:00:00Z,1820.34,1820.34,0,49.7,1770.64,49.7,49.7,NA,Unknown,Water level accuracy is unknown,1,Department of Water Resources,NA,5167,United States Geological Survey
12893,349078N1166629W001,1339369,1961-10-26T00:00:00Z,1820.34,1820.34,0,49.65,1770.69,49.65,49.65,NA,Unknown,Water level accuracy is unknown,1,Department of Water Resources,NA,5167,United States Geological Survey
12893,349078N1166629W001,1339368,1961-03-07T00:00:00Z,1820.34,1820.34,0,48,1772.34,48,48,NA,Unknown,Water level accuracy is unknown,1,Department of Water Resources,NA,5167,United States Geological Survey
12893,349078N1166629W001,1339367,1960-11-15T00:00:00Z,1820.34,1820.34,0,47.83,1772.51,47.83,47.83,NA,Unknown,Water level accuracy is unknown,1,Department of Water Resources,NA,5167,United States Geological Survey
12893,349078N1166629W001,1339366,1960-03-24T00:00:00Z,1820.34,1820.34,0,49.55,1770.79,49.55,49.55,NA,Unknown,Water level accuracy is unknown,1,Department of Water Resources,NA,5167,United States Geological Survey
12893,349078N1166629W001,1339365,1959-12-12T00:00:00Z,1820.34,1820.34,0,48.21,1772.13,48.21,48.21,NA,Unknown,Water level accuracy is unknown,1,Department of Water Resources,NA,5167,United States Geological Survey
12893,349078N1166629W001,1339364,1959-12-04T00:00:00Z,1820.34,1820.34,0,48.09,1772.25,48.09,48.09,NA,Unknown,Water level accuracy is unknown,1,Department of Water Resources,NA,5167,United States Geological Survey
12893,349078N1166629W001,1339363,1959-11-12T00:00:00Z,1820.34,1820.34,0,48.21,1772.13,48.21,48.21,NA,Unknown,Water level accuracy is unknown,1,Department of Water Resources,NA,5167,United States Geological Survey
12893,349078N1166629W001,1339362,1959-05-05T00:00:00Z,1820.34,1820.34,0,47.47,1772.87,47.47,47.47,NA,Unknown,Water level accuracy is unknown,1,Department of Water Resources,NA,5167,United States Geological Survey
12893,349078N1166629W001,1339361,1958-12-03T00:00:00Z,1820.34,1820.34,0,47.27,1773.07,47.27,47.27,NA,Unknown,Water level accuracy is unknown,1,Department of Water Resources,NA,5167,United States Geological Survey
12893,349078N1166629W001,1339360,1958-03-27T00:00:00Z,1820.34,1820.34,0,46.69,1773.65,46.69,46.69,NA,Unknown,Water level accuracy is unknown,1,Department of Water Resources,NA,5167,United States Geological Survey
12893,349078N1166629W001,1339359,1957-12-04T00:00:00Z,1820.34,1820.34,0,46.73,1773.61,46.73,46.73,NA,Unknown,Water level accuracy is unknown,1,Department of Water Resources,NA,5167,United States Geological Survey
12893,349078N1166629W001,1339358,1957-05-03T00:00:00Z,1820.34,1820.34,0,46.3,1774.04,46.3,46.3,NA,Unknown,Water level accuracy is unknown,1,Department of Water Resources,NA,5167,United States Geological Survey
12893,349078N1166629W001,1339357,1956-12-05T00:00:00Z,1820.34,1820.34,0,45.76,1774.58,45.76,45.76,NA,Unknown,Water level accuracy is unknown,1,Department of Water Resources,NA,5167,United States Geological Survey
