STN_ID,SITE_CODE,WLM_ID,MSMT_DATE,WLM_RPE,WLM_GSE,RDNG_WS,RDNG_RP,WSE,RPE_WSE,GSE_WSE,WLM_QA_DESC,WLM_DESC,WLM_ACC_DESC,WLM_ORG_ID,WLM_ORG_NAME,MSMT_CMT,COOP_AGENCY_ORG_ID,COOP_ORG_NAME
13031,350469N1205459W001,1253131,1980-04-30T00:00:00Z,322.29,322.29,0,295,27.29,295,295,NA,Unknown,Water level accuracy is unknown,1,Department of Water Resources,NA,5167,United States Geological Survey
13031,350469N1205459W001,1253130,1976-10-05T00:00:00Z,322.29,322.29,0,305.1,17.19,305.1,305.1,NA,Unknown,Water level accuracy is unknown,1,Department of Water Resources,NA,5167,United States Geological Survey
13031,350469N1205459W001,1253129,1976-09-01T00:00:00Z,322.29,322.29,0,315,7.29,315,315,NA,Unknown,Water level accuracy is unknown,1,Department of Water Resources,NA,5167,United States Geological Survey
13031,350469N1205459W001,1253128,1975-10-02T00:00:00Z,322.29,322.29,0,305,17.29,305,305,NA,Unknown,Water level accuracy is unknown,1,Department of Water Resources,NA,5167,United States Geological Survey
13031,350469N1205459W001,1253127,1974-11-18T00:00:00Z,322.29,322.29,0,293,29.29,293,293,NA,Unknown,Water level accuracy is unknown,1,Department of Water Resources,NA,5167,United States Geological Survey
13031,350469N1205459W001,1253126,1974-11-08T00:00:00Z,322.29,322.29,0,295,27.29,295,295,NA,Unknown,Water level accuracy is unknown,1,Department of Water Resources,NA,5167,United States Geological Survey
13031,350469N1205459W001,1253125,1974-04-18T00:00:00Z,322.29,322.29,0,291,31.29,291,291,NA,Unknown,Water level accuracy is unknown,1,Department of Water Resources,NA,5167,United States Geological Survey
