STN_ID,SITE_CODE,WLM_ID,MSMT_DATE,WLM_RPE,WLM_GSE,RDNG_WS,RDNG_RP,WSE,RPE_WSE,GSE_WSE,WLM_QA_DESC,WLM_DESC,WLM_ACC_DESC,WLM_ORG_ID,WLM_ORG_NAME,MSMT_CMT,COOP_AGENCY_ORG_ID,COOP_ORG_NAME
13958,369810N1204413W001,2581899,2019-10-21T12:00:00Z,139.5,138,100,101,138.5,1,-0.5,NA,Steel tape measurement,Water level accuracy to nearest foot,5144,Madera-Chowchilla CASGEM Group,NA,5144,Madera-Chowchilla CASGEM Group
13958,369810N1204413W001,2462614,2019-03-20T10:50:00Z,139.5,138,1,119,21.5,118,116.5,NA,Unknown,Water level accuracy to nearest tenth of a foot,1,Department of Water Resources,NA,1,Department of Water Resources
13958,369810N1204413W001,2453249,2019-03-19T00:00:00Z,139.5,138,0,92,47.5,92,90.5,NA,Steel tape measurement,Water level accuracy to nearest foot,5144,Madera-Chowchilla CASGEM Group,NA,5144,Madera-Chowchilla CASGEM Group
13958,369810N1204413W001,2431910,2018-10-17T00:00:00Z,139.5,138,0,150,-10.5,150,148.5,NA,Unknown,Water level accuracy to nearest tenth of a foot,1,Department of Water Resources,NA,1,Department of Water Resources
13958,369810N1204413W001,2415346,2018-10-15T00:00:00Z,139.5,138,0,103,36.5,103,101.5,NA,Steel tape measurement,Water level accuracy to nearest foot,5144,Madera-Chowchilla CASGEM Group,NA,5144,Madera-Chowchilla CASGEM Group
13958,369810N1204413W001,2292149,2018-03-13T00:00:00Z,139.5,138,0,88,51.5,88,86.5,NA,Steel tape measurement,Water level accuracy to nearest foot,5144,Madera-Chowchilla CASGEM Group,NA,5144,Madera-Chowchilla CASGEM Group
13958,369810N1204413W001,2268848,2017-10-17T00:00:00Z,139.5,138,0,97,42.5,97,95.5,NA,Steel tape measurement,Water level accuracy to nearest foot,5144,Madera-Chowchilla CASGEM Group,NA,5144,Madera-Chowchilla CASGEM Group
13958,369810N1204413W001,2256806,2017-03-09T12:40:00Z,139.5,138,85,225,-0.5,140,138.5,NA,Unknown,Water level accuracy to nearest tenth of a foot,1,Department of Water Resources,NA,624,Bureau of Reclamation
13958,369810N1204413W001,2237308,2017-03-08T00:00:00Z,139.5,138,0,119.78,19.72,119.78,118.28,NA,Acoustic or sonic sounder,Water level accuracy to nearest foot,5144,Madera-Chowchilla CASGEM Group,NA,5144,Madera-Chowchilla CASGEM Group
13958,369810N1204413W001,2233617,2016-10-12T10:30:00Z,139.5,138,NA,NA,NA,NA,NA,Pumping,NA,NA,1,Department of Water Resources,NA,624,Bureau of Reclamation
13958,369810N1204413W001,2197612,2016-03-16T08:00:00Z,139.5,138,NA,NA,NA,NA,NA,Pumping,NA,NA,1,Department of Water Resources,NA,624,Bureau of Reclamation
13958,369810N1204413W001,2176274,2015-10-23T08:00:00Z,139.25,137.75,26,150,15.25,124,122.5,NA,Unknown,Water level accuracy to nearest tenth of a foot,1,Department of Water Resources,Pumping 10/20,624,Bureau of Reclamation
13958,369810N1204413W001,2170052,2015-10-16T00:00:00Z,139.3,137.8,0,123,16.3,123,121.5,NA,Acoustic or sonic sounder,Water level accuracy to nearest foot,5144,Madera-Chowchilla CASGEM Group,NA,5144,Madera-Chowchilla CASGEM Group
13958,369810N1204413W001,2141491,2015-03-16T07:00:00Z,139.25,137.75,71.5,197,13.75,125.5,124,NA,Unknown,Water level accuracy to nearest tenth of a foot,1,Department of Water Resources,NA,624,Bureau of Reclamation
13958,369810N1204413W001,1991398,2014-02-06T00:00:00Z,139.25,137.75,0,85,54.25,85,83.5,NA,Electric sounder measurement,Water level accuracy to nearest foot,5144,Madera-Chowchilla CASGEM Group,NA,5144,Madera-Chowchilla CASGEM Group
13958,369810N1204413W001,1892713,2013-12-02T00:00:00Z,139.25,137.75,0,84,55.25,84,82.5,NA,Electric sounder measurement,Water level accuracy to nearest foot,5144,Madera-Chowchilla CASGEM Group,NA,5144,Madera-Chowchilla CASGEM Group
13958,369810N1204413W001,1892712,2013-02-05T00:00:00Z,139.25,137.75,0,60,79.25,60,58.5,NA,Electric sounder measurement,Water level accuracy to nearest foot,5144,Madera-Chowchilla CASGEM Group,NA,5144,Madera-Chowchilla CASGEM Group
13958,369810N1204413W001,89873,2012-12-14T00:00:00Z,139.25,137.75,0,70,69.25,70,68.5,NA,Electric sounder measurement,Water level accuracy to nearest foot,5144,Madera-Chowchilla CASGEM Group,NA,5144,Madera-Chowchilla CASGEM Group
13958,369810N1204413W001,60761,2012-06-21T00:00:00Z,139.25,137.75,NA,NA,NA,NA,NA,Pumping,NA,NA,5144,Madera-Chowchilla CASGEM Group,NA,5144,Madera-Chowchilla CASGEM Group
13958,369810N1204413W001,37361,2011-12-28T00:00:00Z,139.25,137.75,0,67,72.25,67,65.5,NA,Electric sounder measurement,Water level accuracy is unknown,5144,Madera-Chowchilla CASGEM Group,NA,5144,Madera-Chowchilla CASGEM Group
13958,369810N1204413W001,1268806,2011-02-23T00:00:00Z,139.25,137.75,0,12,127.25,12,10.5,Caved or deepened,Unknown,Water level accuracy is unknown,1,Department of Water Resources,HANGS UP,624,Bureau of Reclamation
13958,369810N1204413W001,1268805,2010-01-27T00:00:00Z,139.25,137.75,NA,NA,NA,NA,NA,Temporarily inaccessible,NA,NA,1,Department of Water Resources,NA,624,Bureau of Reclamation
13958,369810N1204413W001,1268804,2009-02-25T00:00:00Z,139.25,137.75,0,80.1,59.15,80.1,78.6,Oil or foreign substance in casing,Unknown,Water level accuracy is unknown,1,Department of Water Resources,NA,624,Bureau of Reclamation
13958,369810N1204413W001,1268801,2008-02-19T00:00:00Z,139.25,137.75,NA,NA,NA,NA,NA,Pumping,NA,NA,1,Department of Water Resources,NA,624,Bureau of Reclamation
13958,369810N1204413W001,1268802,2007-10-10T00:00:00Z,139.25,137.75,0,86.8,52.45,86.8,85.3,NA,Unknown,Water level accuracy is unknown,1,Department of Water Resources,NA,624,Bureau of Reclamation
13958,369810N1204413W001,1268800,2007-02-05T00:00:00Z,139.25,137.75,0,58.1,81.15,58.1,56.6,NA,Unknown,Water level accuracy is unknown,1,Department of Water Resources,NA,624,Bureau of Reclamation
13958,369810N1204413W001,1268803,2006-09-27T00:00:00Z,139.25,137.75,NA,NA,NA,NA,NA,Pumping,NA,NA,1,Department of Water Resources,NA,624,Bureau of Reclamation
13958,369810N1204413W001,1268799,2006-02-01T00:00:00Z,139.25,137.75,0,67.2,72.05,67.2,65.7,NA,Unknown,Water level accuracy is unknown,1,Department of Water Resources,NA,624,Bureau of Reclamation
13958,369810N1204413W001,1268798,2005-02-10T00:00:00Z,139.25,137.75,0,94,45.25,94,92.5,Oil or foreign substance in casing,Unknown,Water level accuracy is unknown,1,Department of Water Resources,NA,624,Bureau of Reclamation
13958,369810N1204413W001,1268796,2004-01-27T00:00:00Z,139.25,137.75,0,99.9,39.35,99.9,98.4,NA,Unknown,Water level accuracy is unknown,1,Department of Water Resources,NA,624,Bureau of Reclamation
13958,369810N1204413W001,1268797,2003-09-18T00:00:00Z,139.25,137.75,NA,NA,NA,NA,NA,Pumping,NA,NA,1,Department of Water Resources,NA,624,Bureau of Reclamation
13958,369810N1204413W001,1268795,2003-01-23T00:00:00Z,139.25,137.75,0,83.2,56.05,83.2,81.7,NA,Unknown,Water level accuracy is unknown,1,Department of Water Resources,NA,624,Bureau of Reclamation
13958,369810N1204413W001,1268794,2001-01-19T00:00:00Z,139.25,137.75,0,50.8,88.45,50.8,49.3,NA,Unknown,Water level accuracy is unknown,1,Department of Water Resources,NA,624,Bureau of Reclamation
13958,369810N1204413W001,1268793,2000-02-15T00:00:00Z,139.25,137.75,0,43.7,95.55,43.7,42.2,Oil or foreign substance in casing,Unknown,Water level accuracy is unknown,1,Department of Water Resources,NA,624,Bureau of Reclamation
13958,369810N1204413W001,1268792,1999-10-13T00:00:00Z,139.25,137.75,0,38.1,101.15,38.1,36.6,Oil or foreign substance in casing,Unknown,Water level accuracy is unknown,1,Department of Water Resources,NA,624,Bureau of Reclamation
13958,369810N1204413W001,1268791,1999-01-22T00:00:00Z,139.25,137.75,0,20.2,119.05,20.2,18.7,NA,Unknown,Water level accuracy is unknown,1,Department of Water Resources,NA,624,Bureau of Reclamation
13958,369810N1204413W001,1268790,1998-09-29T00:00:00Z,139.25,137.75,0,22.3,116.95,22.3,20.8,Oil or foreign substance in casing,Unknown,Water level accuracy is unknown,1,Department of Water Resources,NA,624,Bureau of Reclamation
13958,369810N1204413W001,1268789,1998-01-29T00:00:00Z,139.25,137.75,NA,NA,NA,NA,NA,Temporarily inaccessible,NA,NA,1,Department of Water Resources,NA,624,Bureau of Reclamation
13958,369810N1204413W001,1268788,1997-10-15T00:00:00Z,139.25,137.75,0,49,90.25,49,47.5,NA,Unknown,Water level accuracy is unknown,1,Department of Water Resources,NA,624,Bureau of Reclamation
13958,369810N1204413W001,1268787,1997-02-21T00:00:00Z,139.25,137.75,0,30.2,109.05,30.2,28.7,Oil or foreign substance in casing,Unknown,Water level accuracy is unknown,1,Department of Water Resources,NA,624,Bureau of Reclamation
13958,369810N1204413W001,1268786,1996-10-01T00:00:00Z,139.25,137.75,0,47.8,91.45,47.8,46.3,Oil or foreign substance in casing,Unknown,Water level accuracy is unknown,1,Department of Water Resources,NA,624,Bureau of Reclamation
13958,369810N1204413W001,1268785,1996-01-17T00:00:00Z,139.25,137.75,0,79.5,59.75,79.5,78,NA,Unknown,Water level accuracy is unknown,1,Department of Water Resources,NA,624,Bureau of Reclamation
13958,369810N1204413W001,1268784,1995-10-05T00:00:00Z,139.25,137.75,0,107.5,31.75,107.5,106,NA,Unknown,Water level accuracy is unknown,1,Department of Water Resources,NA,624,Bureau of Reclamation
13958,369810N1204413W001,1268783,1995-01-24T00:00:00Z,139.25,137.75,0,79,60.25,79,77.5,NA,Unknown,Water level accuracy is unknown,1,Department of Water Resources,NA,624,Bureau of Reclamation
13958,369810N1204413W001,1268782,1994-10-05T00:00:00Z,139.25,137.75,0,108.9,30.35,108.9,107.4,NA,Unknown,Water level accuracy is unknown,1,Department of Water Resources,NA,624,Bureau of Reclamation
13958,369810N1204413W001,1268781,1994-01-25T00:00:00Z,139.25,137.75,0,80.1,59.15,80.1,78.6,NA,Unknown,Water level accuracy is unknown,1,Department of Water Resources,NA,624,Bureau of Reclamation
13958,369810N1204413W001,1268780,1993-10-08T00:00:00Z,139.25,137.75,NA,NA,NA,NA,NA,Pumping,NA,NA,1,Department of Water Resources,NA,624,Bureau of Reclamation
13958,369810N1204413W001,1268779,1993-01-26T00:00:00Z,139.25,137.75,0,77.8,61.45,77.8,76.3,NA,Unknown,Water level accuracy is unknown,1,Department of Water Resources,NA,624,Bureau of Reclamation
13958,369810N1204413W001,1268778,1992-10-06T00:00:00Z,139.25,137.75,0,99.9,39.35,99.9,98.4,NA,Unknown,Water level accuracy is unknown,1,Department of Water Resources,NA,624,Bureau of Reclamation
13958,369810N1204413W001,1268777,1992-01-29T00:00:00Z,139.25,137.75,0,70.6,68.65,70.6,69.1,NA,Unknown,Water level accuracy is unknown,1,Department of Water Resources,NA,624,Bureau of Reclamation
13958,369810N1204413W001,1268776,1991-10-08T00:00:00Z,139.25,137.75,0,94,45.25,94,92.5,NA,Unknown,Water level accuracy is unknown,1,Department of Water Resources,NA,624,Bureau of Reclamation
13958,369810N1204413W001,1268775,1991-02-07T00:00:00Z,139.25,137.75,NA,NA,NA,NA,NA,Pumping,NA,NA,1,Department of Water Resources,NA,624,Bureau of Reclamation
13958,369810N1204413W001,1268774,1990-10-01T00:00:00Z,139.25,137.75,0,89,50.25,89,87.5,NA,Unknown,Water level accuracy is unknown,1,Department of Water Resources,NA,624,Bureau of Reclamation
13958,369810N1204413W001,1268773,1990-01-26T00:00:00Z,139.25,137.75,0,38.3,100.95,38.3,36.8,NA,Unknown,Water level accuracy is unknown,1,Department of Water Resources,NA,624,Bureau of Reclamation
13958,369810N1204413W001,1268772,1989-10-02T00:00:00Z,139.25,137.75,0,63,76.25,63,61.5,NA,Unknown,Water level accuracy is unknown,1,Department of Water Resources,NA,624,Bureau of Reclamation
13958,369810N1204413W001,1268771,1989-01-24T00:00:00Z,139.25,137.75,NA,NA,NA,NA,NA,Temporarily inaccessible,NA,NA,1,Department of Water Resources,NA,624,Bureau of Reclamation
13958,369810N1204413W001,1268770,1988-10-04T00:00:00Z,139.25,137.75,0,64,75.25,64,62.5,NA,Unknown,Water level accuracy is unknown,1,Department of Water Resources,NA,624,Bureau of Reclamation
13958,369810N1204413W001,1268769,1988-02-02T00:00:00Z,139.25,137.75,0,31.3,107.95,31.3,29.8,NA,Unknown,Water level accuracy is unknown,1,Department of Water Resources,NA,624,Bureau of Reclamation
13958,369810N1204413W001,1268768,1987-10-16T00:00:00Z,139.25,137.75,0,48.1,91.15,48.1,46.6,NA,Unknown,Water level accuracy is unknown,1,Department of Water Resources,NA,624,Bureau of Reclamation
13958,369810N1204413W001,1268767,1987-01-27T00:00:00Z,139.25,137.75,0,17.8,121.45,17.8,16.3,NA,Unknown,Water level accuracy is unknown,1,Department of Water Resources,NA,624,Bureau of Reclamation
13958,369810N1204413W001,1268766,1986-10-14T00:00:00Z,139.25,137.75,NA,NA,NA,NA,NA,Pumping,NA,NA,1,Department of Water Resources,NA,624,Bureau of Reclamation
13958,369810N1204413W001,1268765,1986-01-30T00:00:00Z,139.25,137.75,0,31,108.25,31,29.5,NA,Unknown,Water level accuracy is unknown,1,Department of Water Resources,NA,624,Bureau of Reclamation
13958,369810N1204413W001,1268764,1985-10-09T00:00:00Z,139.25,137.75,NA,NA,NA,NA,NA,Pumping,NA,NA,1,Department of Water Resources,NA,624,Bureau of Reclamation
13958,369810N1204413W001,1268763,1985-02-11T00:00:00Z,139.25,137.75,0,19,120.25,19,17.5,NA,Unknown,Water level accuracy is unknown,1,Department of Water Resources,NA,624,Bureau of Reclamation
13958,369810N1204413W001,1268762,1984-10-03T00:00:00Z,139.25,137.75,NA,NA,NA,NA,NA,Pumping,NA,NA,1,Department of Water Resources,NA,624,Bureau of Reclamation
13958,369810N1204413W001,1268761,1984-01-31T00:00:00Z,139.25,137.75,0,6.6,132.65,6.6,5.1,NA,Unknown,Water level accuracy is unknown,1,Department of Water Resources,NA,624,Bureau of Reclamation
13958,369810N1204413W001,1268760,1983-10-07T00:00:00Z,139.25,137.75,0,19.8,119.45,19.8,18.3,NA,Unknown,Water level accuracy is unknown,1,Department of Water Resources,NA,624,Bureau of Reclamation
13958,369810N1204413W001,1268759,1983-03-09T00:00:00Z,139.25,137.75,0,16.8,122.45,16.8,15.3,NA,Unknown,Water level accuracy is unknown,1,Department of Water Resources,NA,624,Bureau of Reclamation
13958,369810N1204413W001,1268758,1982-10-06T00:00:00Z,139.25,137.75,0,28.5,110.75,28.5,27,NA,Unknown,Water level accuracy is unknown,1,Department of Water Resources,NA,624,Bureau of Reclamation
13958,369810N1204413W001,1268757,1982-02-09T00:00:00Z,139.25,137.75,0,36.2,103.05,36.2,34.7,NA,Unknown,Water level accuracy is unknown,1,Department of Water Resources,NA,624,Bureau of Reclamation
13958,369810N1204413W001,1268756,1981-09-22T00:00:00Z,139.25,137.75,0,47.2,92.05,47.2,45.7,NA,Unknown,Water level accuracy is unknown,1,Department of Water Resources,NA,624,Bureau of Reclamation
13958,369810N1204413W001,1268755,1981-01-30T00:00:00Z,139.25,137.75,0,27.3,111.95,27.3,25.8,NA,Unknown,Water level accuracy is unknown,1,Department of Water Resources,NA,624,Bureau of Reclamation
13958,369810N1204413W001,1268754,1980-10-03T00:00:00Z,139.25,137.75,0,38.3,100.95,38.3,36.8,NA,Unknown,Water level accuracy is unknown,1,Department of Water Resources,NA,624,Bureau of Reclamation
13958,369810N1204413W001,1268753,1980-01-22T00:00:00Z,139.25,137.75,0,40.9,98.35,40.9,39.4,NA,Unknown,Water level accuracy is unknown,1,Department of Water Resources,NA,624,Bureau of Reclamation
13958,369810N1204413W001,1268752,1979-09-20T00:00:00Z,139.25,137.75,0,56.1,83.15,56.1,54.6,NA,Unknown,Water level accuracy is unknown,1,Department of Water Resources,NA,624,Bureau of Reclamation
13958,369810N1204413W001,1268751,1979-01-16T00:00:00Z,139.25,137.75,0,47.3,91.95,47.3,45.8,NA,Unknown,Water level accuracy is unknown,1,Department of Water Resources,NA,624,Bureau of Reclamation
13958,369810N1204413W001,1268750,1978-10-04T00:00:00Z,139.25,137.75,0,60.5,78.75,60.5,59,NA,Unknown,Water level accuracy is unknown,1,Department of Water Resources,NA,624,Bureau of Reclamation
13958,369810N1204413W001,1268749,1978-01-25T00:00:00Z,139.25,137.75,0,63.4,75.85,63.4,61.9,NA,Unknown,Water level accuracy is unknown,1,Department of Water Resources,NA,624,Bureau of Reclamation
13958,369810N1204413W001,1268748,1977-10-05T00:00:00Z,139.25,137.75,0,79.1,60.15,79.1,77.6,NA,Unknown,Water level accuracy is unknown,1,Department of Water Resources,NA,624,Bureau of Reclamation
13958,369810N1204413W001,1268747,1977-01-31T00:00:00Z,139.25,137.75,0,57,82.25,57,55.5,Oil or foreign substance in casing,Unknown,Water level accuracy is unknown,1,Department of Water Resources,NA,624,Bureau of Reclamation
13958,369810N1204413W001,1268746,1976-10-11T00:00:00Z,139.25,137.75,0,68.2,71.05,68.2,66.7,Oil or foreign substance in casing,Unknown,Water level accuracy is unknown,1,Department of Water Resources,NA,624,Bureau of Reclamation
13958,369810N1204413W001,1268745,1976-01-20T00:00:00Z,139.25,137.75,0,51.5,87.75,51.5,50,Oil or foreign substance in casing,Unknown,Water level accuracy is unknown,1,Department of Water Resources,NA,624,Bureau of Reclamation
13958,369810N1204413W001,1268744,1975-10-08T00:00:00Z,139.25,137.75,NA,NA,NA,NA,NA,Pumping,NA,NA,1,Department of Water Resources,NA,624,Bureau of Reclamation
13958,369810N1204413W001,1268743,1975-01-22T00:00:00Z,139.25,137.75,0,49.8,89.45,49.8,48.3,NA,Unknown,Water level accuracy is unknown,1,Department of Water Resources,NA,624,Bureau of Reclamation
13958,369810N1204413W001,1268742,1974-10-07T00:00:00Z,139.25,137.75,0,78.3,60.95,78.3,76.8,NA,Unknown,Water level accuracy is unknown,1,Department of Water Resources,NA,624,Bureau of Reclamation
13958,369810N1204413W001,1268741,1974-02-06T00:00:00Z,139.25,137.75,0,50.2,89.05,50.2,48.7,Oil or foreign substance in casing,Unknown,Water level accuracy is unknown,1,Department of Water Resources,NA,624,Bureau of Reclamation
13958,369810N1204413W001,1268740,1973-10-16T00:00:00Z,139.25,137.75,0,65,74.25,65,63.5,Oil or foreign substance in casing,Unknown,Water level accuracy is unknown,1,Department of Water Resources,NA,624,Bureau of Reclamation
13958,369810N1204413W001,1268739,1973-02-22T00:00:00Z,139.25,137.75,0,50.3,88.95,50.3,48.8,Oil or foreign substance in casing,Unknown,Water level accuracy is unknown,1,Department of Water Resources,NA,624,Bureau of Reclamation
13958,369810N1204413W001,1268738,1972-10-13T00:00:00Z,139.25,137.75,NA,NA,NA,NA,NA,Pumping,NA,NA,1,Department of Water Resources,NA,624,Bureau of Reclamation
13958,369810N1204413W001,1268737,1972-02-07T00:00:00Z,139.25,137.75,0,45.3,93.95,45.3,43.8,NA,Unknown,Water level accuracy is unknown,1,Department of Water Resources,NA,624,Bureau of Reclamation
13958,369810N1204413W001,1268736,1971-10-07T00:00:00Z,139.25,137.75,0,56.2,83.05,56.2,54.7,NA,Unknown,Water level accuracy is unknown,1,Department of Water Resources,NA,624,Bureau of Reclamation
13958,369810N1204413W001,1268735,1971-02-17T00:00:00Z,139.25,137.75,0,41.1,98.15,41.1,39.6,NA,Unknown,Water level accuracy is unknown,1,Department of Water Resources,NA,624,Bureau of Reclamation
13958,369810N1204413W001,1268734,1970-10-08T00:00:00Z,139.25,137.75,0,53.4,85.85,53.4,51.9,NA,Unknown,Water level accuracy is unknown,1,Department of Water Resources,NA,743,County of Madera
13958,369810N1204413W001,1268733,1970-02-09T00:00:00Z,139.25,137.75,0,39.6,99.65,39.6,38.1,NA,Unknown,Water level accuracy is unknown,1,Department of Water Resources,NA,624,Bureau of Reclamation
13958,369810N1204413W001,1268732,1969-10-03T00:00:00Z,139.25,137.75,0,52.3,86.95,52.3,50.8,NA,Unknown,Water level accuracy is unknown,1,Department of Water Resources,NA,624,Bureau of Reclamation
13958,369810N1204413W001,1268731,1969-02-14T00:00:00Z,139.25,137.75,0,45.8,93.45,45.8,44.3,NA,Unknown,Water level accuracy is unknown,1,Department of Water Resources,NA,624,Bureau of Reclamation
13958,369810N1204413W001,1268730,1968-02-01T00:00:00Z,139.25,137.75,NA,NA,NA,NA,NA,Pumping,NA,NA,1,Department of Water Resources,NA,624,Bureau of Reclamation
13958,369810N1204413W001,1268729,1967-02-07T00:00:00Z,139.25,137.75,NA,NA,NA,NA,NA,Pumping,NA,NA,1,Department of Water Resources,NA,624,Bureau of Reclamation
13958,369810N1204413W001,1268728,1966-02-10T00:00:00Z,139.25,137.75,0,37.2,102.05,37.2,35.7,NA,Unknown,Water level accuracy is unknown,1,Department of Water Resources,NA,624,Bureau of Reclamation
13958,369810N1204413W001,1268727,1965-02-11T00:00:00Z,139.25,137.75,0,31.3,107.95,31.3,29.8,NA,Unknown,Water level accuracy is unknown,1,Department of Water Resources,NA,624,Bureau of Reclamation
13958,369810N1204413W001,1268726,1964-10-07T00:00:00Z,139.25,137.75,0,45.2,94.05,45.2,43.7,NA,Unknown,Water level accuracy is unknown,1,Department of Water Resources,NA,624,Bureau of Reclamation
13958,369810N1204413W001,1268725,1964-02-13T00:00:00Z,139.25,137.75,0,32.4,106.85,32.4,30.9,NA,Unknown,Water level accuracy is unknown,1,Department of Water Resources,NA,624,Bureau of Reclamation
13958,369810N1204413W001,1268724,1963-02-20T00:00:00Z,139.25,137.75,0,32,107.25,32,30.5,NA,Unknown,Water level accuracy is unknown,1,Department of Water Resources,NA,624,Bureau of Reclamation
13958,369810N1204413W001,1268723,1962-10-24T00:00:00Z,139.25,137.75,0,39.9,99.35,39.9,38.4,NA,Unknown,Water level accuracy is unknown,1,Department of Water Resources,NA,624,Bureau of Reclamation
13958,369810N1204413W001,1268722,1962-03-07T00:00:00Z,139.25,137.75,0,29.4,109.85,29.4,27.9,NA,Unknown,Water level accuracy is unknown,1,Department of Water Resources,NA,624,Bureau of Reclamation
13958,369810N1204413W001,1268721,1961-10-16T00:00:00Z,139.25,137.75,0,39.4,99.85,39.4,37.9,NA,Unknown,Water level accuracy is unknown,1,Department of Water Resources,NA,624,Bureau of Reclamation
