STN_ID,SITE_CODE,WLM_ID,MSMT_DATE,WLM_RPE,WLM_GSE,RDNG_WS,RDNG_RP,WSE,RPE_WSE,GSE_WSE,WLM_QA_DESC,WLM_DESC,WLM_ACC_DESC,WLM_ORG_ID,WLM_ORG_NAME,MSMT_CMT,COOP_AGENCY_ORG_ID,COOP_ORG_NAME
14212,367636N1206029W001,1130398,1968-12-18T00:00:00Z,281.42,281.42,NA,NA,NA,NA,NA,Can't get tape in casing,NA,NA,1,Department of Water Resources,NA,1,Department of Water Resources
14212,367636N1206029W001,1130397,1967-12-19T00:00:00Z,281.42,281.42,NA,NA,NA,NA,NA,Pumping,NA,NA,1,Department of Water Resources,NA,1,Department of Water Resources
14212,367636N1206029W001,1130396,1966-12-28T00:00:00Z,281.42,281.42,NA,NA,NA,NA,NA,Can't get tape in casing,NA,NA,1,Department of Water Resources,NA,1,Department of Water Resources
14212,367636N1206029W001,1130395,1965-12-19T00:00:00Z,281.42,281.42,NA,NA,NA,NA,NA,Pumping,NA,NA,1,Department of Water Resources,NA,1,Department of Water Resources
14212,367636N1206029W001,1130394,1962-03-28T00:00:00Z,281.42,281.42,NA,NA,NA,NA,NA,Pumping,NA,NA,1,Department of Water Resources,NA,1,Department of Water Resources
