STN_ID,SITE_CODE,WLM_ID,MSMT_DATE,WLM_RPE,WLM_GSE,RDNG_WS,RDNG_RP,WSE,RPE_WSE,GSE_WSE,WLM_QA_DESC,WLM_DESC,WLM_ACC_DESC,WLM_ORG_ID,WLM_ORG_NAME,MSMT_CMT,COOP_AGENCY_ORG_ID,COOP_ORG_NAME
14560,366038N1199802W001,996282,1965-03-01T00:00:00Z,219.62,217.62,0,113.3,106.32,113.3,111.3,NA,Unknown,Water level accuracy is unknown,1,Department of Water Resources,NA,206,Fresno Irrigation District
14560,366038N1199802W001,996281,1964-03-06T00:00:00Z,219.62,217.62,0,106.4,113.22,106.4,104.4,NA,Unknown,Water level accuracy is unknown,1,Department of Water Resources,NA,206,Fresno Irrigation District
14560,366038N1199802W001,996280,1963-02-26T00:00:00Z,219.62,217.62,0,98.1,121.52,98.1,96.1,NA,Unknown,Water level accuracy is unknown,1,Department of Water Resources,NA,206,Fresno Irrigation District
14560,366038N1199802W001,996279,1962-02-27T00:00:00Z,219.62,217.62,0,86.8,132.82,86.8,84.8,NA,Unknown,Water level accuracy is unknown,1,Department of Water Resources,NA,206,Fresno Irrigation District
14560,366038N1199802W001,996278,1961-09-28T00:00:00Z,219.62,217.62,NA,NA,NA,NA,NA,Pumping,NA,NA,1,Department of Water Resources,NA,206,Fresno Irrigation District
