STN_ID,SITE_CODE,WLM_ID,MSMT_DATE,WLM_RPE,WLM_GSE,RDNG_WS,RDNG_RP,WSE,RPE_WSE,GSE_WSE,WLM_QA_DESC,WLM_DESC,WLM_ACC_DESC,WLM_ORG_ID,WLM_ORG_NAME,MSMT_CMT,COOP_AGENCY_ORG_ID,COOP_ORG_NAME
14789,368507N1204846W001,1099854,1972-10-20T00:00:00Z,165.78,165.28,NA,NA,NA,NA,NA,Well has been destroyed,NA,NA,1,Department of Water Resources,NA,624,Bureau of Reclamation
14789,368507N1204846W001,1099853,1972-03-13T00:00:00Z,165.78,165.28,NA,NA,NA,NA,NA,Dry well,NA,NA,1,Department of Water Resources,NA,624,Bureau of Reclamation
14789,368507N1204846W001,1099852,1971-10-14T00:00:00Z,165.78,165.28,NA,NA,NA,NA,NA,Dry well,NA,NA,1,Department of Water Resources,NA,624,Bureau of Reclamation
14789,368507N1204846W001,1099851,1971-03-18T00:00:00Z,165.78,165.28,0,3.9,161.88,3.9,3.4,NA,Unknown,Water level accuracy is unknown,1,Department of Water Resources,NA,624,Bureau of Reclamation
14789,368507N1204846W001,1099850,1970-10-11T00:00:00Z,165.78,165.28,NA,NA,NA,NA,NA,Dry well,NA,NA,1,Department of Water Resources,NA,624,Bureau of Reclamation
14789,368507N1204846W001,1099849,1970-03-04T00:00:00Z,165.78,165.28,0,4.4,161.38,4.4,3.9,NA,Unknown,Water level accuracy is unknown,1,Department of Water Resources,NA,624,Bureau of Reclamation
14789,368507N1204846W001,1099848,1969-10-08T00:00:00Z,165.78,165.28,0,4.3,161.48,4.3,3.8,NA,Unknown,Water level accuracy is unknown,1,Department of Water Resources,NA,624,Bureau of Reclamation
14789,368507N1204846W001,1099847,1969-03-21T00:00:00Z,165.78,165.28,0,3.9,161.88,3.9,3.4,NA,Unknown,Water level accuracy is unknown,1,Department of Water Resources,NA,624,Bureau of Reclamation
14789,368507N1204846W001,1099846,1966-05-04T00:00:00Z,165.78,165.28,0,3.7,162.08,3.7,3.2,NA,Unknown,Water level accuracy is unknown,1,Department of Water Resources,NA,624,Bureau of Reclamation
14789,368507N1204846W001,1099845,1965-10-08T00:00:00Z,165.78,165.28,0,3.3,162.48,3.3,2.8,NA,Unknown,Water level accuracy is unknown,1,Department of Water Resources,NA,624,Bureau of Reclamation
14789,368507N1204846W001,1099844,1965-02-24T00:00:00Z,165.78,165.28,0,4.3,161.48,4.3,3.8,NA,Unknown,Water level accuracy is unknown,1,Department of Water Resources,NA,624,Bureau of Reclamation
14789,368507N1204846W001,1099843,1964-10-22T00:00:00Z,165.78,165.28,NA,NA,NA,NA,NA,Can't get tape in casing,NA,NA,1,Department of Water Resources,NA,624,Bureau of Reclamation
14789,368507N1204846W001,1099842,1963-10-03T00:00:00Z,165.78,165.28,0,3.2,162.58,3.2,2.7,NA,Unknown,Water level accuracy is unknown,1,Department of Water Resources,NA,624,Bureau of Reclamation
14789,368507N1204846W001,1099841,1960-02-01T00:00:00Z,165.78,165.28,NA,NA,NA,NA,NA,Temporarily inaccessible,NA,NA,1,Department of Water Resources,NA,1,Department of Water Resources
14789,368507N1204846W001,1099840,1960-01-25T00:00:00Z,165.78,165.28,NA,NA,NA,NA,NA,Dry well,NA,NA,1,Department of Water Resources,NA,1,Department of Water Resources
14789,368507N1204846W001,1099839,1959-12-17T00:00:00Z,165.78,165.28,0,7.8,157.98,7.8,7.3,NA,Unknown,Water level accuracy is unknown,1,Department of Water Resources,NA,1,Department of Water Resources
14789,368507N1204846W001,1099838,1959-11-18T00:00:00Z,165.78,165.28,0,7.4,158.38,7.4,6.9,NA,Unknown,Water level accuracy is unknown,1,Department of Water Resources,NA,1,Department of Water Resources
14789,368507N1204846W001,1099837,1959-10-16T00:00:00Z,165.78,165.28,0,5.8,159.98,5.8,5.3,NA,Unknown,Water level accuracy is unknown,1,Department of Water Resources,NA,1,Department of Water Resources
14789,368507N1204846W001,1099836,1959-09-03T00:00:00Z,165.78,165.28,0,7,158.78,7,6.5,NA,Unknown,Water level accuracy is unknown,1,Department of Water Resources,NA,1,Department of Water Resources
14789,368507N1204846W001,1099835,1959-08-01T00:00:00Z,165.78,165.28,0,7.5,158.28,7.5,7,NA,Unknown,Water level accuracy is unknown,1,Department of Water Resources,NA,1,Department of Water Resources
14789,368507N1204846W001,1099834,1959-07-01T00:00:00Z,165.78,165.28,0,6.2,159.58,6.2,5.7,NA,Unknown,Water level accuracy is unknown,1,Department of Water Resources,NA,1,Department of Water Resources
14789,368507N1204846W001,1099833,1959-06-01T00:00:00Z,165.78,165.28,0,6.1,159.68,6.1,5.6,NA,Unknown,Water level accuracy is unknown,1,Department of Water Resources,NA,1,Department of Water Resources
14789,368507N1204846W001,1099832,1959-05-01T00:00:00Z,165.78,165.28,0,5.6,160.18,5.6,5.1,NA,Unknown,Water level accuracy is unknown,1,Department of Water Resources,NA,1,Department of Water Resources
14789,368507N1204846W001,1099831,1959-04-01T00:00:00Z,165.78,165.28,0,4.8,160.98,4.8,4.3,NA,Unknown,Water level accuracy is unknown,1,Department of Water Resources,NA,1,Department of Water Resources
14789,368507N1204846W001,1099830,1959-01-01T00:00:00Z,165.78,165.28,0,5.6,160.18,5.6,5.1,NA,Unknown,Water level accuracy is unknown,1,Department of Water Resources,NA,1,Department of Water Resources
14789,368507N1204846W001,1099829,1958-12-01T00:00:00Z,165.78,165.28,0,5.1,160.68,5.1,4.6,NA,Unknown,Water level accuracy is unknown,1,Department of Water Resources,NA,1,Department of Water Resources
14789,368507N1204846W001,1099828,1958-11-01T00:00:00Z,165.78,165.28,0,4.4,161.38,4.4,3.9,NA,Unknown,Water level accuracy is unknown,1,Department of Water Resources,NA,1,Department of Water Resources
14789,368507N1204846W001,1099827,1958-10-01T00:00:00Z,165.78,165.28,0,2.8,162.98,2.8,2.3,NA,Unknown,Water level accuracy is unknown,1,Department of Water Resources,NA,1,Department of Water Resources
14789,368507N1204846W001,1099826,1958-09-01T00:00:00Z,165.78,165.28,0,1.1,164.68,1.1,0.6,NA,Unknown,Water level accuracy is unknown,1,Department of Water Resources,NA,1,Department of Water Resources
14789,368507N1204846W001,1099825,1958-08-01T00:00:00Z,165.78,165.28,0,1.3,164.48,1.3,0.8,NA,Unknown,Water level accuracy is unknown,1,Department of Water Resources,NA,1,Department of Water Resources
14789,368507N1204846W001,1099824,1958-07-01T00:00:00Z,165.78,165.28,0,1.3,164.48,1.3,0.8,NA,Unknown,Water level accuracy is unknown,1,Department of Water Resources,NA,1,Department of Water Resources
14789,368507N1204846W001,1099823,1958-06-01T00:00:00Z,165.78,165.28,0,1.4,164.38,1.4,0.9,NA,Unknown,Water level accuracy is unknown,1,Department of Water Resources,NA,1,Department of Water Resources
14789,368507N1204846W001,1099822,1958-05-01T00:00:00Z,165.78,165.28,0,2.4,163.38,2.4,1.9,NA,Unknown,Water level accuracy is unknown,1,Department of Water Resources,NA,1,Department of Water Resources
14789,368507N1204846W001,1099821,1958-03-01T00:00:00Z,165.78,165.28,0,4.1,161.68,4.1,3.6,NA,Unknown,Water level accuracy is unknown,1,Department of Water Resources,NA,1,Department of Water Resources
14789,368507N1204846W001,1099820,1958-02-01T00:00:00Z,165.78,165.28,0,5.4,160.38,5.4,4.9,NA,Unknown,Water level accuracy is unknown,1,Department of Water Resources,NA,1,Department of Water Resources
14789,368507N1204846W001,1099819,1958-01-01T00:00:00Z,165.78,165.28,0,5.3,160.48,5.3,4.8,NA,Unknown,Water level accuracy is unknown,1,Department of Water Resources,NA,1,Department of Water Resources
14789,368507N1204846W001,1099818,1957-12-01T00:00:00Z,165.78,165.28,0,4.9,160.88,4.9,4.4,NA,Unknown,Water level accuracy is unknown,1,Department of Water Resources,NA,1,Department of Water Resources
14789,368507N1204846W001,1099817,1957-11-01T00:00:00Z,165.78,165.28,0,4.5,161.28,4.5,4,NA,Unknown,Water level accuracy is unknown,1,Department of Water Resources,NA,1,Department of Water Resources
14789,368507N1204846W001,1099816,1957-09-01T00:00:00Z,165.78,165.28,0,1.2,164.58,1.2,0.7,NA,Unknown,Water level accuracy is unknown,1,Department of Water Resources,NA,1,Department of Water Resources
