STN_ID,SITE_CODE,WLM_ID,MSMT_DATE,WLM_RPE,WLM_GSE,RDNG_WS,RDNG_RP,WSE,RPE_WSE,GSE_WSE,WLM_QA_DESC,WLM_DESC,WLM_ACC_DESC,WLM_ORG_ID,WLM_ORG_NAME,MSMT_CMT,COOP_AGENCY_ORG_ID,COOP_ORG_NAME
15118,367568N1201057W001,1142186,2005-01-01T00:00:00Z,218.06,217.76,0,68.8,149.26,68.8,68.5,NA,Unknown,Water level accuracy is unknown,1,Department of Water Resources,NA,206,Fresno Irrigation District
15118,367568N1201057W001,1142185,2004-03-30T00:00:00Z,218.06,217.76,0,67.1,150.96,67.1,66.8,NA,Unknown,Water level accuracy is unknown,1,Department of Water Resources,NA,206,Fresno Irrigation District
15118,367568N1201057W001,1142184,2003-01-01T00:00:00Z,218.06,217.76,0,64.1,153.96,64.1,63.8,NA,Unknown,Water level accuracy is unknown,1,Department of Water Resources,NA,206,Fresno Irrigation District
15118,367568N1201057W001,1142182,2002-01-28T00:00:00Z,218.06,217.76,0,61.1,156.96,61.1,60.8,NA,Unknown,Water level accuracy is unknown,1,Department of Water Resources,NA,206,Fresno Irrigation District
15118,367568N1201057W001,1142181,2001-10-01T00:00:00Z,218.06,217.76,0,62.1,155.96,62.1,61.8,NA,Unknown,Water level accuracy is unknown,1,Department of Water Resources,NA,206,Fresno Irrigation District
15118,367568N1201057W001,1142183,2001-03-07T00:00:00Z,218.06,217.76,0,70.1,147.96,70.1,69.8,NA,Unknown,Water level accuracy is unknown,1,Department of Water Resources,NA,206,Fresno Irrigation District
15118,367568N1201057W001,1142180,2000-04-01T00:00:00Z,218.06,217.76,0,56.5,161.56,56.5,56.2,NA,Unknown,Water level accuracy is unknown,1,Department of Water Resources,NA,206,Fresno Irrigation District
15118,367568N1201057W001,1142179,1999-10-01T00:00:00Z,218.06,217.76,0,62.5,155.56,62.5,62.2,NA,Unknown,Water level accuracy is unknown,1,Department of Water Resources,NA,206,Fresno Irrigation District
15118,367568N1201057W001,1142178,1999-02-01T00:00:00Z,218.06,217.76,0,60.8,157.26,60.8,60.5,NA,Unknown,Water level accuracy is unknown,1,Department of Water Resources,NA,206,Fresno Irrigation District
15118,367568N1201057W001,1142177,1998-10-05T00:00:00Z,218.06,217.76,0,63.7,154.36,63.7,63.4,NA,Unknown,Water level accuracy is unknown,1,Department of Water Resources,NA,206,Fresno Irrigation District
15118,367568N1201057W001,1142176,1998-01-28T00:00:00Z,218.06,217.76,0,60.2,157.86,60.2,59.9,NA,Unknown,Water level accuracy is unknown,1,Department of Water Resources,NA,206,Fresno Irrigation District
15118,367568N1201057W001,1142175,1997-10-24T00:00:00Z,218.06,217.76,0,69,149.06,69,68.7,NA,Unknown,Water level accuracy is unknown,1,Department of Water Resources,NA,206,Fresno Irrigation District
15118,367568N1201057W001,1142174,1997-01-23T00:00:00Z,218.06,217.76,0,63,155.06,63,62.7,NA,Unknown,Water level accuracy is unknown,1,Department of Water Resources,NA,206,Fresno Irrigation District
15118,367568N1201057W001,1142173,1996-10-15T00:00:00Z,218.06,217.76,0,63.9,154.16,63.9,63.6,NA,Unknown,Water level accuracy is unknown,1,Department of Water Resources,NA,206,Fresno Irrigation District
15118,367568N1201057W001,1142172,1996-01-02T00:00:00Z,218.06,217.76,0,65.8,152.26,65.8,65.5,NA,Unknown,Water level accuracy is unknown,1,Department of Water Resources,NA,206,Fresno Irrigation District
15118,367568N1201057W001,1142171,1995-10-03T00:00:00Z,218.06,217.76,0,69,149.06,69,68.7,NA,Unknown,Water level accuracy is unknown,1,Department of Water Resources,NA,206,Fresno Irrigation District
15118,367568N1201057W001,1142170,1995-02-01T00:00:00Z,218.06,217.76,0,71.8,146.26,71.8,71.5,NA,Unknown,Water level accuracy is unknown,1,Department of Water Resources,NA,206,Fresno Irrigation District
15118,367568N1201057W001,1142169,1994-10-19T00:00:00Z,218.06,217.76,0,75.1,142.96,75.1,74.8,NA,Unknown,Water level accuracy is unknown,1,Department of Water Resources,NA,206,Fresno Irrigation District
15118,367568N1201057W001,1142168,1994-02-10T00:00:00Z,218.06,217.76,0,68.1,149.96,68.1,67.8,NA,Unknown,Water level accuracy is unknown,1,Department of Water Resources,NA,206,Fresno Irrigation District
15118,367568N1201057W001,1142167,1993-11-10T00:00:00Z,218.06,217.76,0,70.5,147.56,70.5,70.2,NA,Unknown,Water level accuracy is unknown,1,Department of Water Resources,NA,206,Fresno Irrigation District
15118,367568N1201057W001,1142166,1993-01-25T00:00:00Z,218.06,217.76,0,73.1,144.96,73.1,72.8,NA,Unknown,Water level accuracy is unknown,1,Department of Water Resources,NA,206,Fresno Irrigation District
15118,367568N1201057W001,1142165,1992-10-09T00:00:00Z,218.06,217.76,0,75,143.06,75,74.7,NA,Unknown,Water level accuracy is unknown,1,Department of Water Resources,NA,206,Fresno Irrigation District
15118,367568N1201057W001,1142164,1992-01-21T00:00:00Z,218.06,217.76,0,71.4,146.66,71.4,71.1,NA,Unknown,Water level accuracy is unknown,1,Department of Water Resources,NA,206,Fresno Irrigation District
15118,367568N1201057W001,1142163,1991-10-10T00:00:00Z,218.06,217.76,0,71.4,146.66,71.4,71.1,NA,Unknown,Water level accuracy is unknown,1,Department of Water Resources,NA,206,Fresno Irrigation District
15118,367568N1201057W001,1142162,1991-01-01T00:00:00Z,218.06,217.76,0,67.7,150.36,67.7,67.4,NA,Unknown,Water level accuracy is unknown,1,Department of Water Resources,NA,206,Fresno Irrigation District
15118,367568N1201057W001,1142161,1990-10-11T00:00:00Z,218.06,217.76,0,71.9,146.16,71.9,71.6,NA,Unknown,Water level accuracy is unknown,1,Department of Water Resources,NA,206,Fresno Irrigation District
15118,367568N1201057W001,1142160,1990-01-01T00:00:00Z,218.06,217.76,0,59.5,158.56,59.5,59.2,NA,Unknown,Water level accuracy is unknown,1,Department of Water Resources,NA,206,Fresno Irrigation District
15118,367568N1201057W001,1142159,1989-10-01T00:00:00Z,218.06,217.76,0,59.5,158.56,59.5,59.2,NA,Unknown,Water level accuracy is unknown,1,Department of Water Resources,NA,206,Fresno Irrigation District
15118,367568N1201057W001,1142158,1989-01-17T00:00:00Z,218.06,217.76,0,54.2,163.86,54.2,53.9,NA,Unknown,Water level accuracy is unknown,1,Department of Water Resources,NA,206,Fresno Irrigation District
15118,367568N1201057W001,1142157,1988-10-01T00:00:00Z,218.06,217.76,0,58.5,159.56,58.5,58.2,NA,Unknown,Water level accuracy is unknown,1,Department of Water Resources,NA,206,Fresno Irrigation District
15118,367568N1201057W001,1142156,1988-01-04T00:00:00Z,218.06,217.76,0,54.8,163.26,54.8,54.5,NA,Unknown,Water level accuracy is unknown,1,Department of Water Resources,NA,206,Fresno Irrigation District
15118,367568N1201057W001,1142155,1987-10-01T00:00:00Z,218.06,217.76,0,56,162.06,56,55.7,NA,Unknown,Water level accuracy is unknown,1,Department of Water Resources,NA,206,Fresno Irrigation District
15118,367568N1201057W001,1142154,1987-01-05T00:00:00Z,218.06,217.76,0,51.5,166.56,51.5,51.2,NA,Unknown,Water level accuracy is unknown,1,Department of Water Resources,NA,206,Fresno Irrigation District
15118,367568N1201057W001,1142153,1986-10-07T00:00:00Z,218.06,217.76,0,53,165.06,53,52.7,NA,Unknown,Water level accuracy is unknown,1,Department of Water Resources,NA,624,Bureau of Reclamation
15118,367568N1201057W001,1142152,1986-01-15T00:00:00Z,218.06,217.76,0,53.5,164.56,53.5,53.2,NA,Unknown,Water level accuracy is unknown,1,Department of Water Resources,NA,624,Bureau of Reclamation
15118,367568N1201057W001,1142151,1985-10-07T00:00:00Z,218.06,217.76,0,55,163.06,55,54.7,NA,Unknown,Water level accuracy is unknown,1,Department of Water Resources,NA,624,Bureau of Reclamation
15118,367568N1201057W001,1142150,1985-01-01T00:00:00Z,218.06,217.76,0,55,163.06,55,54.7,NA,Unknown,Water level accuracy is unknown,1,Department of Water Resources,NA,624,Bureau of Reclamation
15118,367568N1201057W001,1142149,1984-10-01T00:00:00Z,218.06,217.76,0,54.8,163.26,54.8,54.5,NA,Unknown,Water level accuracy is unknown,1,Department of Water Resources,NA,624,Bureau of Reclamation
15118,367568N1201057W001,1142148,1984-02-01T00:00:00Z,218.06,217.76,0,56,162.06,56,55.7,NA,Unknown,Water level accuracy is unknown,1,Department of Water Resources,NA,624,Bureau of Reclamation
15118,367568N1201057W001,1142147,1983-10-05T00:00:00Z,218.06,217.76,0,56.4,161.66,56.4,56.1,NA,Unknown,Water level accuracy is unknown,1,Department of Water Resources,NA,624,Bureau of Reclamation
15118,367568N1201057W001,1142146,1983-02-01T00:00:00Z,218.06,217.76,0,58.7,159.36,58.7,58.4,NA,Unknown,Water level accuracy is unknown,1,Department of Water Resources,NA,206,Fresno Irrigation District
15118,367568N1201057W001,1142145,1982-10-01T00:00:00Z,218.06,217.76,0,61.5,156.56,61.5,61.2,NA,Unknown,Water level accuracy is unknown,1,Department of Water Resources,NA,206,Fresno Irrigation District
15118,367568N1201057W001,1142144,1982-02-01T00:00:00Z,218.06,217.76,0,65.8,152.26,65.8,65.5,NA,Unknown,Water level accuracy is unknown,1,Department of Water Resources,NA,624,Bureau of Reclamation
15118,367568N1201057W001,1142143,1981-10-01T00:00:00Z,218.06,217.76,0,62.6,155.46,62.6,62.3,NA,Unknown,Water level accuracy is unknown,1,Department of Water Resources,NA,624,Bureau of Reclamation
15118,367568N1201057W001,1142142,1981-02-03T00:00:00Z,218.06,217.76,0,60.5,157.56,60.5,60.2,NA,Unknown,Water level accuracy is unknown,1,Department of Water Resources,NA,206,Fresno Irrigation District
15118,367568N1201057W001,1142141,1980-10-01T00:00:00Z,218.06,217.76,0,62.2,155.86,62.2,61.9,NA,Unknown,Water level accuracy is unknown,1,Department of Water Resources,NA,206,Fresno Irrigation District
15118,367568N1201057W001,1142140,1980-02-01T00:00:00Z,218.06,217.76,0,64.9,153.16,64.9,64.6,NA,Unknown,Water level accuracy is unknown,1,Department of Water Resources,NA,206,Fresno Irrigation District
15118,367568N1201057W001,1142139,1979-10-01T00:00:00Z,218.06,217.76,0,64,154.06,64,63.7,NA,Unknown,Water level accuracy is unknown,1,Department of Water Resources,NA,206,Fresno Irrigation District
15118,367568N1201057W001,1142138,1979-02-01T00:00:00Z,218.06,217.76,0,66.3,151.76,66.3,66,NA,Unknown,Water level accuracy is unknown,1,Department of Water Resources,NA,206,Fresno Irrigation District
15118,367568N1201057W001,1142137,1978-10-02T00:00:00Z,218.06,217.76,0,70.7,147.36,70.7,70.4,NA,Unknown,Water level accuracy is unknown,1,Department of Water Resources,NA,206,Fresno Irrigation District
15118,367568N1201057W001,1142136,1978-02-01T00:00:00Z,218.06,217.76,0,72.6,145.46,72.6,72.3,NA,Unknown,Water level accuracy is unknown,1,Department of Water Resources,NA,206,Fresno Irrigation District
15118,367568N1201057W001,1142135,1977-10-03T00:00:00Z,218.06,217.76,0,74.6,143.46,74.6,74.3,NA,Unknown,Water level accuracy is unknown,1,Department of Water Resources,NA,206,Fresno Irrigation District
15118,367568N1201057W001,1142134,1977-07-01T00:00:00Z,218.06,217.76,0,72.2,145.86,72.2,71.9,NA,Unknown,Water level accuracy is unknown,1,Department of Water Resources,NA,206,Fresno Irrigation District
15118,367568N1201057W001,1142133,1977-06-01T00:00:00Z,218.06,217.76,0,69.6,148.46,69.6,69.3,NA,Unknown,Water level accuracy is unknown,1,Department of Water Resources,NA,206,Fresno Irrigation District
15118,367568N1201057W001,1142132,1977-02-02T00:00:00Z,218.06,217.76,0,63.6,154.46,63.6,63.3,NA,Unknown,Water level accuracy is unknown,1,Department of Water Resources,NA,206,Fresno Irrigation District
15118,367568N1201057W001,1142131,1976-10-01T00:00:00Z,218.06,217.76,0,67.7,150.36,67.7,67.4,NA,Unknown,Water level accuracy is unknown,1,Department of Water Resources,NA,206,Fresno Irrigation District
15118,367568N1201057W001,1142130,1976-07-25T00:00:00Z,218.06,217.76,0,67.6,150.46,67.6,67.3,NA,Unknown,Water level accuracy is unknown,1,Department of Water Resources,NA,206,Fresno Irrigation District
15118,367568N1201057W001,1142129,1976-02-01T00:00:00Z,218.06,217.76,0,56.5,161.56,56.5,56.2,NA,Unknown,Water level accuracy is unknown,1,Department of Water Resources,NA,206,Fresno Irrigation District
15118,367568N1201057W001,1142128,1975-10-01T00:00:00Z,218.06,217.76,0,57.5,160.56,57.5,57.2,NA,Unknown,Water level accuracy is unknown,1,Department of Water Resources,NA,206,Fresno Irrigation District
15118,367568N1201057W001,1142127,1975-02-01T00:00:00Z,218.06,217.76,0,53.6,164.46,53.6,53.3,NA,Unknown,Water level accuracy is unknown,1,Department of Water Resources,NA,206,Fresno Irrigation District
15118,367568N1201057W001,1142126,1974-10-01T00:00:00Z,218.06,217.76,0,55.3,162.76,55.3,55,NA,Unknown,Water level accuracy is unknown,1,Department of Water Resources,NA,206,Fresno Irrigation District
15118,367568N1201057W001,1142125,1974-03-04T00:00:00Z,218.06,217.76,0,55.3,162.76,55.3,55,NA,Unknown,Water level accuracy is unknown,1,Department of Water Resources,NA,206,Fresno Irrigation District
15118,367568N1201057W001,1142124,1973-03-01T00:00:00Z,218.06,217.76,0,58.6,159.46,58.6,58.3,NA,Unknown,Water level accuracy is unknown,1,Department of Water Resources,NA,206,Fresno Irrigation District
15118,367568N1201057W001,1142123,1972-10-09T00:00:00Z,218.06,217.76,0,61,157.06,61,60.7,NA,Unknown,Water level accuracy is unknown,1,Department of Water Resources,NA,206,Fresno Irrigation District
15118,367568N1201057W001,1142122,1972-03-01T00:00:00Z,218.06,217.76,0,57.3,160.76,57.3,57,NA,Unknown,Water level accuracy is unknown,1,Department of Water Resources,NA,206,Fresno Irrigation District
15118,367568N1201057W001,1142121,1971-02-28T00:00:00Z,218.06,217.76,0,51.3,166.76,51.3,51,NA,Unknown,Water level accuracy is unknown,1,Department of Water Resources,NA,206,Fresno Irrigation District
15118,367568N1201057W001,1142120,1970-10-01T00:00:00Z,218.06,217.76,0,51.7,166.36,51.7,51.4,NA,Unknown,Water level accuracy is unknown,1,Department of Water Resources,NA,206,Fresno Irrigation District
15118,367568N1201057W001,1142119,1970-03-01T00:00:00Z,218.06,217.76,0,48.9,169.16,48.9,48.6,NA,Unknown,Water level accuracy is unknown,1,Department of Water Resources,NA,206,Fresno Irrigation District
15118,367568N1201057W001,1142118,1969-03-01T00:00:00Z,218.06,217.76,0,61.7,156.36,61.7,61.4,NA,Unknown,Water level accuracy is unknown,1,Department of Water Resources,NA,206,Fresno Irrigation District
15118,367568N1201057W001,1142117,1968-02-29T00:00:00Z,218.06,217.76,0,50.1,167.96,50.1,49.8,NA,Unknown,Water level accuracy is unknown,1,Department of Water Resources,NA,206,Fresno Irrigation District
15118,367568N1201057W001,1142116,1967-03-02T00:00:00Z,218.06,217.76,0,63.2,154.86,63.2,62.9,NA,Unknown,Water level accuracy is unknown,1,Department of Water Resources,NA,206,Fresno Irrigation District
15118,367568N1201057W001,1142115,1966-02-28T00:00:00Z,218.06,217.76,0,52.9,165.16,52.9,52.6,NA,Unknown,Water level accuracy is unknown,1,Department of Water Resources,NA,206,Fresno Irrigation District
15118,367568N1201057W001,1142114,1965-02-27T00:00:00Z,218.06,217.76,0,57.4,160.66,57.4,57.1,NA,Unknown,Water level accuracy is unknown,1,Department of Water Resources,NA,206,Fresno Irrigation District
15118,367568N1201057W001,1142113,1964-03-05T00:00:00Z,218.06,217.76,0,52.1,165.96,52.1,51.8,NA,Unknown,Water level accuracy is unknown,1,Department of Water Resources,NA,206,Fresno Irrigation District
15118,367568N1201057W001,1142112,1963-02-27T00:00:00Z,218.06,217.76,0,55.1,162.96,55.1,54.8,NA,Unknown,Water level accuracy is unknown,1,Department of Water Resources,NA,206,Fresno Irrigation District
15118,367568N1201057W001,1142111,1962-02-28T00:00:00Z,218.06,217.76,0,55.5,162.56,55.5,55.2,NA,Unknown,Water level accuracy is unknown,1,Department of Water Resources,NA,206,Fresno Irrigation District
15118,367568N1201057W001,1142110,1961-09-27T00:00:00Z,218.06,217.76,0,61.5,156.56,61.5,61.2,NA,Unknown,Water level accuracy is unknown,1,Department of Water Resources,NA,206,Fresno Irrigation District
15118,367568N1201057W001,1142109,1961-02-03T00:00:00Z,218.06,217.76,0,47.8,170.26,47.8,47.5,NA,Unknown,Water level accuracy is unknown,1,Department of Water Resources,NA,206,Fresno Irrigation District
15118,367568N1201057W001,1142108,1960-10-31T00:00:00Z,218.06,217.76,0,53.7,164.36,53.7,53.4,NA,Unknown,Water level accuracy is unknown,1,Department of Water Resources,NA,206,Fresno Irrigation District
15118,367568N1201057W001,1142107,1960-03-04T00:00:00Z,218.06,217.76,0,41.8,176.26,41.8,41.5,NA,Unknown,Water level accuracy is unknown,1,Department of Water Resources,NA,206,Fresno Irrigation District
15118,367568N1201057W001,1142106,1959-09-28T00:00:00Z,218.06,217.76,0,48.7,169.36,48.7,48.4,NA,Unknown,Water level accuracy is unknown,1,Department of Water Resources,NA,206,Fresno Irrigation District
15118,367568N1201057W001,1142105,1959-02-27T00:00:00Z,218.06,217.76,0,33.1,184.96,33.1,32.8,NA,Unknown,Water level accuracy is unknown,1,Department of Water Resources,NA,1,Department of Water Resources
15118,367568N1201057W001,1142104,1958-10-27T00:00:00Z,218.06,217.76,0,32.9,185.16,32.9,32.6,NA,Unknown,Water level accuracy is unknown,1,Department of Water Resources,NA,1,Department of Water Resources
15118,367568N1201057W001,1142103,1958-02-27T00:00:00Z,218.06,217.76,0,35.2,182.86,35.2,34.9,NA,Unknown,Water level accuracy is unknown,1,Department of Water Resources,NA,1,Department of Water Resources
15118,367568N1201057W001,1142102,1957-07-01T00:00:00Z,218.06,217.76,0,45.2,172.86,45.2,44.9,NA,Unknown,Water level accuracy is unknown,1,Department of Water Resources,NA,206,Fresno Irrigation District
15118,367568N1201057W001,1142101,1957-01-03T00:00:00Z,218.06,217.76,0,30.4,187.66,30.4,30.1,NA,Unknown,Water level accuracy is unknown,1,Department of Water Resources,NA,206,Fresno Irrigation District
15118,367568N1201057W001,1142100,1956-08-30T00:00:00Z,218.06,217.76,0,39.4,178.66,39.4,39.1,NA,Unknown,Water level accuracy is unknown,1,Department of Water Resources,NA,206,Fresno Irrigation District
15118,367568N1201057W001,1142099,1956-05-31T00:00:00Z,218.06,217.76,0,34.2,183.86,34.2,33.9,NA,Unknown,Water level accuracy is unknown,1,Department of Water Resources,NA,206,Fresno Irrigation District
