STN_ID,SITE_CODE,WLM_ID,MSMT_DATE,WLM_RPE,WLM_GSE,RDNG_WS,RDNG_RP,WSE,RPE_WSE,GSE_WSE,WLM_QA_DESC,WLM_DESC,WLM_ACC_DESC,WLM_ORG_ID,WLM_ORG_NAME,MSMT_CMT,COOP_AGENCY_ORG_ID,COOP_ORG_NAME
15124,368366N1199949W001,1142788,1962-02-12T00:00:00Z,266.11,265.81,0,63,203.11,63,62.7,NA,Unknown,Water level accuracy is unknown,1,Department of Water Resources,NA,868,Madera Irrigation District
15124,368366N1199949W001,1142787,1961-12-07T00:00:00Z,266.11,265.81,0,67.5,198.61,67.5,67.2,NA,Unknown,Water level accuracy is unknown,1,Department of Water Resources,NA,868,Madera Irrigation District
15124,368366N1199949W001,1142786,1961-02-20T00:00:00Z,266.11,265.81,NA,NA,NA,NA,NA,Tape hung up,NA,NA,1,Department of Water Resources,NA,868,Madera Irrigation District
15124,368366N1199949W001,1142785,1960-12-15T00:00:00Z,266.11,265.81,NA,NA,NA,NA,NA,Tape hung up,NA,NA,1,Department of Water Resources,NA,868,Madera Irrigation District
15124,368366N1199949W001,1142784,1960-03-11T00:00:00Z,266.11,265.81,0,59.1,207.01,59.1,58.8,NA,Unknown,Water level accuracy is unknown,1,Department of Water Resources,NA,868,Madera Irrigation District
15124,368366N1199949W001,1142783,1959-12-11T00:00:00Z,266.11,265.81,0,68.4,197.71,68.4,68.1,NA,Unknown,Water level accuracy is unknown,1,Department of Water Resources,NA,868,Madera Irrigation District
15124,368366N1199949W001,1142782,1959-03-12T00:00:00Z,266.11,265.81,0,61.1,205.01,61.1,60.8,NA,Unknown,Water level accuracy is unknown,1,Department of Water Resources,NA,1,Department of Water Resources
15124,368366N1199949W001,1142781,1958-12-08T00:00:00Z,266.11,265.81,0,61.9,204.21,61.9,61.6,NA,Unknown,Water level accuracy is unknown,1,Department of Water Resources,NA,1,Department of Water Resources
15124,368366N1199949W001,1142780,1958-03-26T00:00:00Z,266.11,265.81,0,64.5,201.61,64.5,64.2,NA,Unknown,Water level accuracy is unknown,1,Department of Water Resources,NA,1,Department of Water Resources
15124,368366N1199949W001,1142779,1957-12-17T00:00:00Z,266.11,265.81,0,61.6,204.51,61.6,61.3,NA,Unknown,Water level accuracy is unknown,1,Department of Water Resources,NA,868,Madera Irrigation District
15124,368366N1199949W001,1142778,1957-03-20T00:00:00Z,266.11,265.81,0,58.2,207.91,58.2,57.9,NA,Unknown,Water level accuracy is unknown,1,Department of Water Resources,NA,868,Madera Irrigation District
15124,368366N1199949W001,1142777,1956-12-11T00:00:00Z,266.11,265.81,0,62.9,203.21,62.9,62.6,NA,Unknown,Water level accuracy is unknown,1,Department of Water Resources,NA,868,Madera Irrigation District
15124,368366N1199949W001,1142776,1956-03-13T00:00:00Z,266.11,265.81,0,57.6,208.51,57.6,57.3,NA,Unknown,Water level accuracy is unknown,1,Department of Water Resources,NA,868,Madera Irrigation District
15124,368366N1199949W001,1142775,1955-10-14T00:00:00Z,266.11,265.81,0,60.9,205.21,60.9,60.6,NA,Unknown,Water level accuracy is unknown,1,Department of Water Resources,NA,868,Madera Irrigation District
15124,368366N1199949W001,1142774,1954-12-31T00:00:00Z,266.11,265.81,0,60,206.11,60,59.7,NA,Unknown,Water level accuracy is unknown,1,Department of Water Resources,NA,868,Madera Irrigation District
15124,368366N1199949W001,1142773,1954-10-19T00:00:00Z,266.11,265.81,0,59.4,206.71,59.4,59.1,NA,Unknown,Water level accuracy is unknown,1,Department of Water Resources,NA,868,Madera Irrigation District
15124,368366N1199949W001,1142772,1953-12-29T00:00:00Z,266.11,265.81,0,63,203.11,63,62.7,NA,Unknown,Water level accuracy is unknown,1,Department of Water Resources,NA,868,Madera Irrigation District
15124,368366N1199949W001,1142771,1953-01-05T00:00:00Z,266.11,265.81,0,58.5,207.61,58.5,58.2,NA,Unknown,Water level accuracy is unknown,1,Department of Water Resources,NA,868,Madera Irrigation District
15124,368366N1199949W001,1142770,1952-10-24T00:00:00Z,266.11,265.81,0,61.3,204.81,61.3,61,NA,Unknown,Water level accuracy is unknown,1,Department of Water Resources,NA,868,Madera Irrigation District
15124,368366N1199949W001,1142769,1952-03-04T00:00:00Z,266.11,265.81,0,55.4,210.71,55.4,55.1,NA,Unknown,Water level accuracy is unknown,1,Department of Water Resources,NA,868,Madera Irrigation District
15124,368366N1199949W001,1142768,1951-08-23T00:00:00Z,266.11,265.81,0,64.9,201.21,64.9,64.6,NA,Unknown,Water level accuracy is unknown,1,Department of Water Resources,NA,868,Madera Irrigation District
15124,368366N1199949W001,1142767,1951-03-12T00:00:00Z,266.11,265.81,0,54.7,211.41,54.7,54.4,NA,Unknown,Water level accuracy is unknown,1,Department of Water Resources,NA,868,Madera Irrigation District
15124,368366N1199949W001,1142766,1950-10-20T00:00:00Z,266.11,265.81,0,58.5,207.61,58.5,58.2,NA,Unknown,Water level accuracy is unknown,1,Department of Water Resources,NA,868,Madera Irrigation District
15124,368366N1199949W001,1142765,1950-03-10T00:00:00Z,266.11,265.81,0,56,210.11,56,55.7,NA,Unknown,Water level accuracy is unknown,1,Department of Water Resources,NA,868,Madera Irrigation District
15124,368366N1199949W001,1142764,1949-03-10T00:00:00Z,266.11,265.81,0,55.1,211.01,55.1,54.8,NA,Unknown,Water level accuracy is unknown,1,Department of Water Resources,NA,868,Madera Irrigation District
15124,368366N1199949W001,1142763,1948-12-10T00:00:00Z,266.11,265.81,0,57.2,208.91,57.2,56.9,NA,Unknown,Water level accuracy is unknown,1,Department of Water Resources,NA,868,Madera Irrigation District
15124,368366N1199949W001,1142762,1948-03-08T00:00:00Z,266.11,265.81,0,56.7,209.41,56.7,56.4,NA,Unknown,Water level accuracy is unknown,1,Department of Water Resources,NA,868,Madera Irrigation District
15124,368366N1199949W001,1142761,1946-12-10T00:00:00Z,266.11,265.81,0,54.2,211.91,54.2,53.9,NA,Unknown,Water level accuracy is unknown,1,Department of Water Resources,NA,868,Madera Irrigation District
15124,368366N1199949W001,1142760,1946-02-19T00:00:00Z,266.11,265.81,0,51.7,214.41,51.7,51.4,NA,Unknown,Water level accuracy is unknown,1,Department of Water Resources,NA,868,Madera Irrigation District
15124,368366N1199949W001,1142759,1945-06-13T00:00:00Z,266.11,265.81,0,54.6,211.51,54.6,54.3,NA,Unknown,Water level accuracy is unknown,1,Department of Water Resources,NA,868,Madera Irrigation District
15124,368366N1199949W001,1142758,1945-03-22T00:00:00Z,266.11,265.81,0,52,214.11,52,51.7,NA,Unknown,Water level accuracy is unknown,1,Department of Water Resources,NA,868,Madera Irrigation District
15124,368366N1199949W001,1142757,1944-07-05T00:00:00Z,266.11,265.81,0,55.7,210.41,55.7,55.4,NA,Unknown,Water level accuracy is unknown,1,Department of Water Resources,NA,868,Madera Irrigation District
15124,368366N1199949W001,1142756,1944-04-06T00:00:00Z,266.11,265.81,0,54,212.11,54,53.7,NA,Unknown,Water level accuracy is unknown,1,Department of Water Resources,NA,868,Madera Irrigation District
15124,368366N1199949W001,1142755,1943-08-23T00:00:00Z,266.11,265.81,0,55,211.11,55,54.7,NA,Unknown,Water level accuracy is unknown,1,Department of Water Resources,NA,868,Madera Irrigation District
15124,368366N1199949W001,1142754,1943-04-05T00:00:00Z,266.11,265.81,0,48.9,217.21,48.9,48.6,NA,Unknown,Water level accuracy is unknown,1,Department of Water Resources,NA,868,Madera Irrigation District
15124,368366N1199949W001,1142753,1942-12-10T00:00:00Z,266.11,265.81,0,51.5,214.61,51.5,51.2,NA,Unknown,Water level accuracy is unknown,1,Department of Water Resources,NA,868,Madera Irrigation District
15124,368366N1199949W001,1142752,1941-12-11T00:00:00Z,266.11,265.81,0,51.3,214.81,51.3,51,NA,Unknown,Water level accuracy is unknown,1,Department of Water Resources,NA,868,Madera Irrigation District
15124,368366N1199949W001,1142751,1931-11-05T00:00:00Z,266.11,265.81,0,56.5,209.61,56.5,56.2,NA,Unknown,Water level accuracy is unknown,1,Department of Water Resources,NA,868,Madera Irrigation District
