STN_ID,SITE_CODE,WLM_ID,MSMT_DATE,WLM_RPE,WLM_GSE,RDNG_WS,RDNG_RP,WSE,RPE_WSE,GSE_WSE,WLM_QA_DESC,WLM_DESC,WLM_ACC_DESC,WLM_ORG_ID,WLM_ORG_NAME,MSMT_CMT,COOP_AGENCY_ORG_ID,COOP_ORG_NAME
15656,368491N1200563W001,1103164,1961-02-20T00:00:00Z,249.79,248.79,NA,NA,NA,NA,NA,Measurement Discontinued,NA,NA,1,Department of Water Resources,NA,868,Madera Irrigation District
15656,368491N1200563W001,1103163,1960-12-09T00:00:00Z,249.79,248.79,NA,NA,NA,NA,NA,Tape hung up,NA,NA,1,Department of Water Resources,NA,868,Madera Irrigation District
15656,368491N1200563W001,1103162,1960-03-08T00:00:00Z,249.79,248.79,NA,NA,NA,NA,NA,Tape hung up,NA,NA,1,Department of Water Resources,NA,868,Madera Irrigation District
15656,368491N1200563W001,1103161,1959-12-09T00:00:00Z,249.79,248.79,NA,NA,NA,NA,NA,Pumping,NA,NA,1,Department of Water Resources,NA,868,Madera Irrigation District
15656,368491N1200563W001,1103160,1959-03-10T00:00:00Z,249.79,248.79,0,66.1,183.69,66.1,65.1,NA,Unknown,Water level accuracy is unknown,1,Department of Water Resources,NA,1,Department of Water Resources
15656,368491N1200563W001,1103159,1958-03-24T00:00:00Z,249.79,248.79,0,62.4,187.39,62.4,61.4,NA,Unknown,Water level accuracy is unknown,1,Department of Water Resources,NA,868,Madera Irrigation District
15656,368491N1200563W001,1103158,1957-12-12T00:00:00Z,249.79,248.79,0,66.4,183.39,66.4,65.4,NA,Unknown,Water level accuracy is unknown,1,Department of Water Resources,NA,5167,United States Geological Survey
15656,368491N1200563W001,1103157,1957-03-20T00:00:00Z,249.79,248.79,0,67.8,181.99,67.8,66.8,NA,Unknown,Water level accuracy is unknown,1,Department of Water Resources,NA,5167,United States Geological Survey
15656,368491N1200563W001,1103156,1956-12-07T00:00:00Z,249.79,248.79,0,68,181.79,68,67,NA,Unknown,Water level accuracy is unknown,1,Department of Water Resources,NA,5167,United States Geological Survey
15656,368491N1200563W001,1103155,1956-03-15T00:00:00Z,249.79,248.79,0,65.9,183.89,65.9,64.9,NA,Unknown,Water level accuracy is unknown,1,Department of Water Resources,NA,5167,United States Geological Survey
15656,368491N1200563W001,1103154,1955-10-12T00:00:00Z,249.79,248.79,0,73.1,176.69,73.1,72.1,NA,Unknown,Water level accuracy is unknown,1,Department of Water Resources,NA,5167,United States Geological Survey
15656,368491N1200563W001,1103153,1954-10-12T00:00:00Z,249.79,248.79,0,74.8,174.99,74.8,73.8,NA,Unknown,Water level accuracy is unknown,1,Department of Water Resources,NA,5167,United States Geological Survey
15656,368491N1200563W001,1103152,1953-10-19T00:00:00Z,249.79,248.79,0,74.8,174.99,74.8,73.8,NA,Unknown,Water level accuracy is unknown,1,Department of Water Resources,NA,5167,United States Geological Survey
15656,368491N1200563W001,1103151,1952-10-22T00:00:00Z,249.79,248.79,0,71.1,178.69,71.1,70.1,NA,Unknown,Water level accuracy is unknown,1,Department of Water Resources,NA,5167,United States Geological Survey
15656,368491N1200563W001,1103150,1952-03-06T00:00:00Z,249.79,248.79,0,65.5,184.29,65.5,64.5,NA,Unknown,Water level accuracy is unknown,1,Department of Water Resources,NA,5167,United States Geological Survey
15656,368491N1200563W001,1103149,1951-10-08T00:00:00Z,249.79,248.79,0,73.3,176.49,73.3,72.3,NA,Unknown,Water level accuracy is unknown,1,Department of Water Resources,NA,5167,United States Geological Survey
15656,368491N1200563W001,1103148,1951-03-09T00:00:00Z,249.79,248.79,0,59.2,190.59,59.2,58.2,NA,Unknown,Water level accuracy is unknown,1,Department of Water Resources,NA,5167,United States Geological Survey
15656,368491N1200563W001,1103147,1950-10-23T00:00:00Z,249.79,248.79,0,69.4,180.39,69.4,68.4,NA,Unknown,Water level accuracy is unknown,1,Department of Water Resources,NA,5167,United States Geological Survey
15656,368491N1200563W001,1103146,1950-03-13T00:00:00Z,249.79,248.79,0,60.5,189.29,60.5,59.5,NA,Unknown,Water level accuracy is unknown,1,Department of Water Resources,NA,5167,United States Geological Survey
15656,368491N1200563W001,1103145,1949-12-14T00:00:00Z,249.79,248.79,0,64.8,184.99,64.8,63.8,NA,Unknown,Water level accuracy is unknown,1,Department of Water Resources,NA,5167,United States Geological Survey
15656,368491N1200563W001,1103144,1947-12-08T00:00:00Z,249.79,248.79,0,60.2,189.59,60.2,59.2,NA,Unknown,Water level accuracy is unknown,1,Department of Water Resources,NA,5167,United States Geological Survey
15656,368491N1200563W001,1103143,1946-12-05T00:00:00Z,249.79,248.79,0,58.7,191.09,58.7,57.7,NA,Unknown,Water level accuracy is unknown,1,Department of Water Resources,NA,5167,United States Geological Survey
15656,368491N1200563W001,1103142,1946-01-21T00:00:00Z,249.79,248.79,0,55.5,194.29,55.5,54.5,NA,Unknown,Water level accuracy is unknown,1,Department of Water Resources,NA,5167,United States Geological Survey
15656,368491N1200563W001,1103141,1945-12-05T00:00:00Z,249.79,248.79,0,58.8,190.99,58.8,57.8,NA,Unknown,Water level accuracy is unknown,1,Department of Water Resources,NA,5167,United States Geological Survey
15656,368491N1200563W001,1103140,1945-10-12T00:00:00Z,249.79,248.79,0,61.4,188.39,61.4,60.4,NA,Unknown,Water level accuracy is unknown,1,Department of Water Resources,NA,5167,United States Geological Survey
15656,368491N1200563W001,1103139,1945-09-13T00:00:00Z,249.79,248.79,0,64.2,185.59,64.2,63.2,NA,Unknown,Water level accuracy is unknown,1,Department of Water Resources,NA,5167,United States Geological Survey
15656,368491N1200563W001,1103138,1945-02-15T00:00:00Z,249.79,248.79,0,53.6,196.19,53.6,52.6,NA,Unknown,Water level accuracy is unknown,1,Department of Water Resources,NA,5167,United States Geological Survey
15656,368491N1200563W001,1103137,1945-01-04T00:00:00Z,249.79,248.79,0,55.4,194.39,55.4,54.4,NA,Unknown,Water level accuracy is unknown,1,Department of Water Resources,NA,5167,United States Geological Survey
15656,368491N1200563W001,1103136,1944-12-08T00:00:00Z,249.79,248.79,0,56.2,193.59,56.2,55.2,NA,Unknown,Water level accuracy is unknown,1,Department of Water Resources,NA,5167,United States Geological Survey
15656,368491N1200563W001,1103135,1943-12-08T00:00:00Z,249.79,248.79,0,56.5,193.29,56.5,55.5,NA,Unknown,Water level accuracy is unknown,1,Department of Water Resources,NA,5167,United States Geological Survey
15656,368491N1200563W001,1103134,1943-08-20T00:00:00Z,249.79,248.79,0,61.1,188.69,61.1,60.1,NA,Unknown,Water level accuracy is unknown,1,Department of Water Resources,NA,5167,United States Geological Survey
15656,368491N1200563W001,1103133,1943-04-03T00:00:00Z,249.79,248.79,0,50,199.79,50,49,NA,Unknown,Water level accuracy is unknown,1,Department of Water Resources,NA,5167,United States Geological Survey
15656,368491N1200563W001,1103132,1942-12-09T00:00:00Z,249.79,248.79,0,53.9,195.89,53.9,52.9,NA,Unknown,Water level accuracy is unknown,1,Department of Water Resources,NA,5167,United States Geological Survey
15656,368491N1200563W001,1103131,1941-12-09T00:00:00Z,249.79,248.79,0,54.3,195.49,54.3,53.3,NA,Unknown,Water level accuracy is unknown,1,Department of Water Resources,NA,5167,United States Geological Survey
15656,368491N1200563W001,1103130,1939-11-16T00:00:00Z,249.79,248.79,0,54.5,195.29,54.5,53.5,NA,Unknown,Water level accuracy is unknown,1,Department of Water Resources,NA,872,California Department of Conservation
15656,368491N1200563W001,1103129,1938-11-28T00:00:00Z,249.79,248.79,0,53.9,195.89,53.9,52.9,NA,Unknown,Water level accuracy is unknown,1,Department of Water Resources,NA,872,California Department of Conservation
15656,368491N1200563W001,1103128,1937-12-29T00:00:00Z,249.79,248.79,0,59.4,190.39,59.4,58.4,NA,Unknown,Water level accuracy is unknown,1,Department of Water Resources,NA,872,California Department of Conservation
15656,368491N1200563W001,1103127,1936-12-01T00:00:00Z,249.79,248.79,0,56,193.79,56,55,NA,Unknown,Water level accuracy is unknown,1,Department of Water Resources,NA,872,California Department of Conservation
15656,368491N1200563W001,1103126,1934-12-03T00:00:00Z,249.79,248.79,0,58.8,190.99,58.8,57.8,NA,Unknown,Water level accuracy is unknown,1,Department of Water Resources,NA,872,California Department of Conservation
15656,368491N1200563W001,1103125,1934-01-03T00:00:00Z,249.79,248.79,0,56.7,193.09,56.7,55.7,NA,Unknown,Water level accuracy is unknown,1,Department of Water Resources,NA,872,California Department of Conservation
15656,368491N1200563W001,1103124,1932-12-05T00:00:00Z,249.79,248.79,0,56.9,192.89,56.9,55.9,NA,Unknown,Water level accuracy is unknown,1,Department of Water Resources,NA,872,California Department of Conservation
15656,368491N1200563W001,1103123,1931-10-29T00:00:00Z,249.79,248.79,0,59.1,190.69,59.1,58.1,NA,Unknown,Water level accuracy is unknown,1,Department of Water Resources,NA,872,California Department of Conservation
15656,368491N1200563W001,1103122,1930-11-24T00:00:00Z,249.79,248.79,0,55.8,193.99,55.8,54.8,NA,Unknown,Water level accuracy is unknown,1,Department of Water Resources,NA,872,California Department of Conservation
15656,368491N1200563W001,1103121,1929-11-03T00:00:00Z,249.79,248.79,0,54.5,195.29,54.5,53.5,NA,Unknown,Water level accuracy is unknown,1,Department of Water Resources,NA,872,California Department of Conservation
15656,368491N1200563W001,1103120,1928-10-01T00:00:00Z,249.79,248.79,0,52.1,197.69,52.1,51.1,NA,Unknown,Water level accuracy is unknown,1,Department of Water Resources,NA,868,Madera Irrigation District
15656,368491N1200563W001,1103119,1927-10-01T00:00:00Z,249.79,248.79,0,48.1,201.69,48.1,47.1,NA,Unknown,Water level accuracy is unknown,1,Department of Water Resources,NA,868,Madera Irrigation District
15656,368491N1200563W001,1103118,1926-10-01T00:00:00Z,249.79,248.79,0,45.9,203.89,45.9,44.9,NA,Unknown,Water level accuracy is unknown,1,Department of Water Resources,NA,868,Madera Irrigation District
15656,368491N1200563W001,1103117,1925-10-14T00:00:00Z,249.79,248.79,0,46.3,203.49,46.3,45.3,NA,Unknown,Water level accuracy is unknown,1,Department of Water Resources,NA,868,Madera Irrigation District
15656,368491N1200563W001,1103116,1925-03-30T00:00:00Z,249.79,248.79,0,47.1,202.69,47.1,46.1,NA,Unknown,Water level accuracy is unknown,1,Department of Water Resources,NA,868,Madera Irrigation District
15656,368491N1200563W001,1103115,1924-11-12T00:00:00Z,249.79,248.79,0,43.8,205.99,43.8,42.8,NA,Unknown,Water level accuracy is unknown,1,Department of Water Resources,NA,868,Madera Irrigation District
15656,368491N1200563W001,1103114,1923-11-07T00:00:00Z,249.79,248.79,0,40.9,208.89,40.9,39.9,NA,Unknown,Water level accuracy is unknown,1,Department of Water Resources,NA,868,Madera Irrigation District
15656,368491N1200563W001,1103113,1923-04-02T00:00:00Z,249.79,248.79,0,41.7,208.09,41.7,40.7,NA,Unknown,Water level accuracy is unknown,1,Department of Water Resources,NA,868,Madera Irrigation District
15656,368491N1200563W001,1103112,1921-11-07T00:00:00Z,249.79,248.79,0,40,209.79,40,39,NA,Unknown,Water level accuracy is unknown,1,Department of Water Resources,NA,868,Madera Irrigation District
15656,368491N1200563W001,1103111,1920-10-20T00:00:00Z,249.79,248.79,0,40,209.79,40,39,NA,Unknown,Water level accuracy is unknown,1,Department of Water Resources,NA,868,Madera Irrigation District
