STN_ID,SITE_CODE,WLM_ID,MSMT_DATE,WLM_RPE,WLM_GSE,RDNG_WS,RDNG_RP,WSE,RPE_WSE,GSE_WSE,WLM_QA_DESC,WLM_DESC,WLM_ACC_DESC,WLM_ORG_ID,WLM_ORG_NAME,MSMT_CMT,COOP_AGENCY_ORG_ID,COOP_ORG_NAME
15681,367930N1200343W001,2461451,2019-03-18T14:00:00Z,248.93,247.43,NA,NA,NA,NA,NA,Tape hung up,NA,NA,1,Department of Water Resources,NA,624,Bureau of Reclamation
15681,367930N1200343W001,2431802,2018-10-18T14:10:00Z,248.93,247.43,0,78,170.93,78,76.5,NA,Unknown,Water level accuracy to nearest tenth of a foot,1,Department of Water Resources,Oil,624,Bureau of Reclamation
15681,367930N1200343W001,2290146,2018-03-14T10:20:00Z,248.93,247.43,87,157,178.93,70,68.5,NA,Unknown,Water level accuracy to nearest tenth of a foot,1,Department of Water Resources,0,624,Bureau of Reclamation
15681,367930N1200343W001,2281341,2017-10-18T17:15:00Z,248.93,247.43,2,76,174.93,74,72.5,NA,Unknown,Water level accuracy to nearest tenth of a foot,1,Department of Water Resources,NA,624,Bureau of Reclamation
15681,367930N1200343W001,2256534,2017-03-09T13:40:00Z,248.93,247.43,35,119,164.93,84,82.5,Oil or foreign substance in casing,Unknown,Water level accuracy to nearest tenth of a foot,1,Department of Water Resources,NA,624,Bureau of Reclamation
15681,367930N1200343W001,2233771,2016-10-18T08:15:00Z,248.93,247.43,73,150,171.93,77,75.5,NA,Unknown,Water level accuracy to nearest tenth of a foot,1,Department of Water Resources,NA,624,Bureau of Reclamation
15681,367930N1200343W001,2197831,2016-03-16T11:00:00Z,248.93,247.43,NA,NA,NA,NA,NA,Tape hung up,NA,NA,1,Department of Water Resources,NA,624,Bureau of Reclamation
15681,367930N1200343W001,2176184,2015-10-15T10:15:00Z,248.93,247.43,10.1,90,169.03,79.9,78.4,NA,Unknown,Water level accuracy to nearest tenth of a foot,1,Department of Water Resources,NA,624,Bureau of Reclamation
15681,367930N1200343W001,2142932,2015-03-11T12:00:00Z,248.93,247.43,17.3,90,176.23,72.7,71.2,NA,Unknown,Water level accuracy to nearest tenth of a foot,1,Department of Water Resources,NA,624,Bureau of Reclamation
15681,367930N1200343W001,1989256,2014-02-11T07:30:00Z,248.93,247.43,1.2,100,150.13,98.8,97.3,NA,Unknown,Water level accuracy to nearest tenth of a foot,1,Department of Water Resources,NA,624,Bureau of Reclamation
15681,367930N1200343W001,1144619,2010-09-27T00:00:00Z,248.93,247.43,0,95.6,153.33,95.6,94.1,Oil or foreign substance in casing,Unknown,Water level accuracy is unknown,1,Department of Water Resources,NA,624,Bureau of Reclamation
15681,367930N1200343W001,1144618,2010-01-20T00:00:00Z,248.93,247.43,0,57.9,191.03,57.9,56.4,NA,Unknown,Water level accuracy is unknown,1,Department of Water Resources,NA,624,Bureau of Reclamation
15681,367930N1200343W001,1144617,2009-02-10T00:00:00Z,248.93,247.43,0,59,189.93,59,57.5,NA,Unknown,Water level accuracy is unknown,1,Department of Water Resources,NA,624,Bureau of Reclamation
15681,367930N1200343W001,1144614,2008-02-11T00:00:00Z,248.93,247.43,0,59.4,189.53,59.4,57.9,Oil or foreign substance in casing,Unknown,Water level accuracy is unknown,1,Department of Water Resources,NA,624,Bureau of Reclamation
15681,367930N1200343W001,1144615,2007-10-15T00:00:00Z,248.93,247.43,0,53.8,195.13,53.8,52.3,NA,Unknown,Water level accuracy is unknown,1,Department of Water Resources,NA,624,Bureau of Reclamation
15681,367930N1200343W001,1144613,2007-01-29T00:00:00Z,248.93,247.43,0,48.1,200.83,48.1,46.6,Oil or foreign substance in casing,Unknown,Water level accuracy is unknown,1,Department of Water Resources,NA,624,Bureau of Reclamation
15681,367930N1200343W001,1144616,2006-10-11T00:00:00Z,248.93,247.43,0,55.8,193.13,55.8,54.3,NA,Unknown,Water level accuracy is unknown,1,Department of Water Resources,NA,624,Bureau of Reclamation
15681,367930N1200343W001,1144612,2005-02-01T00:00:00Z,248.93,247.43,0,52.7,196.23,52.7,51.2,NA,Unknown,Water level accuracy is unknown,1,Department of Water Resources,NA,624,Bureau of Reclamation
15681,367930N1200343W001,1144610,2004-02-03T00:00:00Z,248.93,247.43,0,50.4,198.53,50.4,48.9,NA,Unknown,Water level accuracy is unknown,1,Department of Water Resources,NA,624,Bureau of Reclamation
15681,367930N1200343W001,1144611,2003-09-17T00:00:00Z,248.93,247.43,0,57.9,191.03,57.9,56.4,NA,Unknown,Water level accuracy is unknown,1,Department of Water Resources,NA,624,Bureau of Reclamation
15681,367930N1200343W001,1144607,2003-01-15T00:00:00Z,248.93,247.43,0,50.2,198.73,50.2,48.7,Oil or foreign substance in casing,Unknown,Water level accuracy is unknown,1,Department of Water Resources,NA,624,Bureau of Reclamation
15681,367930N1200343W001,1144609,2002-09-24T00:00:00Z,248.93,247.43,0,48,200.93,48,46.5,NA,Unknown,Water level accuracy is unknown,1,Department of Water Resources,NA,624,Bureau of Reclamation
15681,367930N1200343W001,1144608,2002-01-22T00:00:00Z,248.93,247.43,0,58.7,190.23,58.7,57.2,Oil or foreign substance in casing,Unknown,Water level accuracy is unknown,1,Department of Water Resources,NA,624,Bureau of Reclamation
15681,367930N1200343W001,1144606,2001-02-05T00:00:00Z,248.93,247.43,0,45.9,203.03,45.9,44.4,Oil or foreign substance in casing,Unknown,Water level accuracy is unknown,1,Department of Water Resources,NA,624,Bureau of Reclamation
15681,367930N1200343W001,1144605,2000-02-02T00:00:00Z,248.93,247.43,0,52.8,196.13,52.8,51.3,Oil or foreign substance in casing,Unknown,Water level accuracy is unknown,1,Department of Water Resources,NA,624,Bureau of Reclamation
15681,367930N1200343W001,1144604,1999-10-25T00:00:00Z,248.93,247.43,0,44.8,204.13,44.8,43.3,Oil or foreign substance in casing,Unknown,Water level accuracy is unknown,1,Department of Water Resources,NA,624,Bureau of Reclamation
15681,367930N1200343W001,1144603,1999-01-20T00:00:00Z,248.93,247.43,0,45,203.93,45,43.5,Oil or foreign substance in casing,Unknown,Water level accuracy is unknown,1,Department of Water Resources,NA,624,Bureau of Reclamation
15681,367930N1200343W001,1144602,1998-10-15T00:00:00Z,248.93,247.43,0,43.8,205.13,43.8,42.3,Oil or foreign substance in casing,Unknown,Water level accuracy is unknown,1,Department of Water Resources,NA,624,Bureau of Reclamation
15681,367930N1200343W001,1144601,1998-01-27T00:00:00Z,248.93,247.43,0,47.7,201.23,47.7,46.2,Oil or foreign substance in casing,Unknown,Water level accuracy is unknown,1,Department of Water Resources,NA,624,Bureau of Reclamation
15681,367930N1200343W001,1144600,1997-10-08T00:00:00Z,248.93,247.43,0,45.3,203.63,45.3,43.8,Oil or foreign substance in casing,Unknown,Water level accuracy is unknown,1,Department of Water Resources,NA,624,Bureau of Reclamation
15681,367930N1200343W001,1144599,1997-02-13T00:00:00Z,248.93,247.43,0,49.4,199.53,49.4,47.9,NA,Unknown,Water level accuracy is unknown,1,Department of Water Resources,NA,624,Bureau of Reclamation
15681,367930N1200343W001,1144598,1996-10-04T00:00:00Z,248.93,247.43,0,48,200.93,48,46.5,NA,Unknown,Water level accuracy is unknown,1,Department of Water Resources,NA,624,Bureau of Reclamation
15681,367930N1200343W001,1144597,1996-01-17T00:00:00Z,248.93,247.43,0,49.9,199.03,49.9,48.4,Oil or foreign substance in casing,Unknown,Water level accuracy is unknown,1,Department of Water Resources,NA,624,Bureau of Reclamation
15681,367930N1200343W001,1144596,1995-10-05T00:00:00Z,248.93,247.43,0,51.4,197.53,51.4,49.9,NA,Unknown,Water level accuracy is unknown,1,Department of Water Resources,NA,624,Bureau of Reclamation
15681,367930N1200343W001,1144595,1995-01-26T00:00:00Z,248.93,247.43,0,56.6,192.33,56.6,55.1,NA,Unknown,Water level accuracy is unknown,1,Department of Water Resources,NA,624,Bureau of Reclamation
15681,367930N1200343W001,1144594,1994-10-05T00:00:00Z,248.93,247.43,0,56.5,192.43,56.5,55,NA,Unknown,Water level accuracy is unknown,1,Department of Water Resources,NA,624,Bureau of Reclamation
15681,367930N1200343W001,1144593,1994-01-26T00:00:00Z,248.93,247.43,0,54,194.93,54,52.5,NA,Unknown,Water level accuracy is unknown,1,Department of Water Resources,NA,624,Bureau of Reclamation
15681,367930N1200343W001,1144592,1993-10-06T00:00:00Z,248.93,247.43,0,54.4,194.53,54.4,52.9,NA,Unknown,Water level accuracy is unknown,1,Department of Water Resources,NA,624,Bureau of Reclamation
15681,367930N1200343W001,1144591,1993-01-27T00:00:00Z,248.93,247.43,0,61,187.93,61,59.5,NA,Unknown,Water level accuracy is unknown,1,Department of Water Resources,NA,624,Bureau of Reclamation
15681,367930N1200343W001,1144590,1992-10-08T00:00:00Z,248.93,247.43,0,60,188.93,60,58.5,NA,Unknown,Water level accuracy is unknown,1,Department of Water Resources,NA,624,Bureau of Reclamation
15681,367930N1200343W001,1144589,1992-01-31T00:00:00Z,248.93,247.43,0,59,189.93,59,57.5,NA,Unknown,Water level accuracy is unknown,1,Department of Water Resources,NA,624,Bureau of Reclamation
15681,367930N1200343W001,1144588,1991-10-07T00:00:00Z,248.93,247.43,0,56.8,192.13,56.8,55.3,NA,Unknown,Water level accuracy is unknown,1,Department of Water Resources,NA,624,Bureau of Reclamation
15681,367930N1200343W001,1144587,1991-01-30T00:00:00Z,248.93,247.43,0,58,190.93,58,56.5,NA,Unknown,Water level accuracy is unknown,1,Department of Water Resources,NA,624,Bureau of Reclamation
15681,367930N1200343W001,1144586,1990-10-04T00:00:00Z,248.93,247.43,0,56,192.93,56,54.5,NA,Unknown,Water level accuracy is unknown,1,Department of Water Resources,NA,624,Bureau of Reclamation
15681,367930N1200343W001,1144585,1990-01-29T00:00:00Z,248.93,247.43,0,52,196.93,52,50.5,NA,Unknown,Water level accuracy is unknown,1,Department of Water Resources,NA,624,Bureau of Reclamation
15681,367930N1200343W001,1144584,1989-10-05T00:00:00Z,248.93,247.43,0,50.2,198.73,50.2,48.7,NA,Unknown,Water level accuracy is unknown,1,Department of Water Resources,NA,624,Bureau of Reclamation
15681,367930N1200343W001,1144583,1989-01-30T00:00:00Z,248.93,247.43,0,50.8,198.13,50.8,49.3,NA,Unknown,Water level accuracy is unknown,1,Department of Water Resources,NA,624,Bureau of Reclamation
15681,367930N1200343W001,1144582,1988-10-05T00:00:00Z,248.93,247.43,0,48.3,200.63,48.3,46.8,NA,Unknown,Water level accuracy is unknown,1,Department of Water Resources,NA,624,Bureau of Reclamation
15681,367930N1200343W001,1144581,1988-02-02T00:00:00Z,248.93,247.43,0,49.5,199.43,49.5,48,NA,Unknown,Water level accuracy is unknown,1,Department of Water Resources,NA,624,Bureau of Reclamation
15681,367930N1200343W001,1144580,1987-10-06T00:00:00Z,248.93,247.43,0,46.5,202.43,46.5,45,NA,Unknown,Water level accuracy is unknown,1,Department of Water Resources,NA,624,Bureau of Reclamation
15681,367930N1200343W001,1144579,1987-01-28T00:00:00Z,248.93,247.43,0,44.8,204.13,44.8,43.3,NA,Unknown,Water level accuracy is unknown,1,Department of Water Resources,NA,624,Bureau of Reclamation
15681,367930N1200343W001,1144578,1986-10-11T00:00:00Z,248.93,247.43,0,44.2,204.73,44.2,42.7,NA,Unknown,Water level accuracy is unknown,1,Department of Water Resources,NA,624,Bureau of Reclamation
15681,367930N1200343W001,1144577,1986-02-07T00:00:00Z,248.93,247.43,0,46.5,202.43,46.5,45,NA,Unknown,Water level accuracy is unknown,1,Department of Water Resources,NA,624,Bureau of Reclamation
15681,367930N1200343W001,1144576,1985-10-03T00:00:00Z,248.93,247.43,0,44.2,204.73,44.2,42.7,NA,Unknown,Water level accuracy is unknown,1,Department of Water Resources,NA,624,Bureau of Reclamation
15681,367930N1200343W001,1144575,1985-02-07T00:00:00Z,248.93,247.43,0,45.6,203.33,45.6,44.1,NA,Unknown,Water level accuracy is unknown,1,Department of Water Resources,NA,624,Bureau of Reclamation
15681,367930N1200343W001,1144574,1984-10-06T00:00:00Z,248.93,247.43,0,44.7,204.23,44.7,43.2,NA,Unknown,Water level accuracy is unknown,1,Department of Water Resources,NA,624,Bureau of Reclamation
15681,367930N1200343W001,1144573,1984-01-27T00:00:00Z,248.93,247.43,0,46,202.93,46,44.5,NA,Unknown,Water level accuracy is unknown,1,Department of Water Resources,NA,624,Bureau of Reclamation
15681,367930N1200343W001,1144572,1983-09-27T00:00:00Z,248.93,247.43,0,45.6,203.33,45.6,44.1,NA,Unknown,Water level accuracy is unknown,1,Department of Water Resources,NA,624,Bureau of Reclamation
15681,367930N1200343W001,1144571,1983-02-21T00:00:00Z,248.93,247.43,0,48,200.93,48,46.5,NA,Unknown,Water level accuracy is unknown,1,Department of Water Resources,NA,624,Bureau of Reclamation
15681,367930N1200343W001,1144570,1982-10-07T00:00:00Z,248.93,247.43,0,49,199.93,49,47.5,NA,Unknown,Water level accuracy is unknown,1,Department of Water Resources,NA,624,Bureau of Reclamation
15681,367930N1200343W001,1144569,1982-01-18T00:00:00Z,248.93,247.43,0,51.4,197.53,51.4,49.9,NA,Unknown,Water level accuracy is unknown,1,Department of Water Resources,NA,624,Bureau of Reclamation
15681,367930N1200343W001,1144568,1981-09-11T00:00:00Z,248.93,247.43,0,49.9,199.03,49.9,48.4,NA,Unknown,Water level accuracy is unknown,1,Department of Water Resources,NA,624,Bureau of Reclamation
15681,367930N1200343W001,1144567,1981-01-27T00:00:00Z,248.93,247.43,0,50.5,198.43,50.5,49,NA,Unknown,Water level accuracy is unknown,1,Department of Water Resources,NA,624,Bureau of Reclamation
15681,367930N1200343W001,1144566,1980-09-27T00:00:00Z,248.93,247.43,0,48.2,200.73,48.2,46.7,NA,Unknown,Water level accuracy is unknown,1,Department of Water Resources,NA,624,Bureau of Reclamation
15681,367930N1200343W001,1144565,1980-01-28T00:00:00Z,248.93,247.43,0,52.6,196.33,52.6,51.1,NA,Unknown,Water level accuracy is unknown,1,Department of Water Resources,NA,624,Bureau of Reclamation
15681,367930N1200343W001,1144564,1979-09-21T00:00:00Z,248.93,247.43,0,51.5,197.43,51.5,50,NA,Unknown,Water level accuracy is unknown,1,Department of Water Resources,NA,624,Bureau of Reclamation
15681,367930N1200343W001,1144563,1979-01-25T00:00:00Z,248.93,247.43,0,60,188.93,60,58.5,NA,Unknown,Water level accuracy is unknown,1,Department of Water Resources,NA,624,Bureau of Reclamation
15681,367930N1200343W001,1144562,1978-09-29T00:00:00Z,248.93,247.43,0,56.3,192.63,56.3,54.8,NA,Unknown,Water level accuracy is unknown,1,Department of Water Resources,NA,624,Bureau of Reclamation
15681,367930N1200343W001,1144561,1978-01-23T00:00:00Z,248.93,247.43,0,64.1,184.83,64.1,62.6,NA,Unknown,Water level accuracy is unknown,1,Department of Water Resources,NA,624,Bureau of Reclamation
15681,367930N1200343W001,1144560,1977-10-04T00:00:00Z,248.93,247.43,0,64.5,184.43,64.5,63,NA,Unknown,Water level accuracy is unknown,1,Department of Water Resources,NA,624,Bureau of Reclamation
15681,367930N1200343W001,1144559,1977-01-25T00:00:00Z,248.93,247.43,0,55.6,193.33,55.6,54.1,NA,Unknown,Water level accuracy is unknown,1,Department of Water Resources,NA,624,Bureau of Reclamation
15681,367930N1200343W001,1144558,1976-10-12T00:00:00Z,248.93,247.43,0,54.2,194.73,54.2,52.7,NA,Unknown,Water level accuracy is unknown,1,Department of Water Resources,NA,624,Bureau of Reclamation
15681,367930N1200343W001,1144557,1976-01-22T00:00:00Z,248.93,247.43,0,47.5,201.43,47.5,46,NA,Unknown,Water level accuracy is unknown,1,Department of Water Resources,NA,624,Bureau of Reclamation
15681,367930N1200343W001,1144556,1975-09-30T00:00:00Z,248.93,247.43,0,44.3,204.63,44.3,42.8,NA,Unknown,Water level accuracy is unknown,1,Department of Water Resources,NA,624,Bureau of Reclamation
15681,367930N1200343W001,1144555,1975-01-24T00:00:00Z,248.93,247.43,0,46.3,202.63,46.3,44.8,NA,Unknown,Water level accuracy is unknown,1,Department of Water Resources,NA,624,Bureau of Reclamation
15681,367930N1200343W001,1144554,1974-10-10T00:00:00Z,248.93,247.43,0,49,199.93,49,47.5,NA,Unknown,Water level accuracy is unknown,1,Department of Water Resources,NA,624,Bureau of Reclamation
15681,367930N1200343W001,1144553,1974-02-05T00:00:00Z,248.93,247.43,0,47.3,201.63,47.3,45.8,NA,Unknown,Water level accuracy is unknown,1,Department of Water Resources,NA,624,Bureau of Reclamation
15681,367930N1200343W001,1144552,1973-02-08T00:00:00Z,248.93,247.43,0,51.3,197.63,51.3,49.8,NA,Unknown,Water level accuracy is unknown,1,Department of Water Resources,NA,624,Bureau of Reclamation
15681,367930N1200343W001,1144551,1972-10-10T00:00:00Z,248.93,247.43,0,53.6,195.33,53.6,52.1,NA,Unknown,Water level accuracy is unknown,1,Department of Water Resources,NA,624,Bureau of Reclamation
15681,367930N1200343W001,1144550,1972-02-04T00:00:00Z,248.93,247.43,0,46.3,202.63,46.3,44.8,NA,Unknown,Water level accuracy is unknown,1,Department of Water Resources,NA,624,Bureau of Reclamation
15681,367930N1200343W001,1144549,1971-10-04T00:00:00Z,248.93,247.43,0,49.7,199.23,49.7,48.2,NA,Unknown,Water level accuracy is unknown,1,Department of Water Resources,NA,624,Bureau of Reclamation
15681,367930N1200343W001,1144548,1971-02-05T00:00:00Z,248.93,247.43,0,46.2,202.73,46.2,44.7,NA,Unknown,Water level accuracy is unknown,1,Department of Water Resources,NA,624,Bureau of Reclamation
15681,367930N1200343W001,1144547,1970-09-30T00:00:00Z,248.93,247.43,0,44.5,204.43,44.5,43,NA,Unknown,Water level accuracy is unknown,1,Department of Water Resources,NA,624,Bureau of Reclamation
15681,367930N1200343W001,1144546,1970-02-11T00:00:00Z,248.93,247.43,0,43.9,205.03,43.9,42.4,NA,Unknown,Water level accuracy is unknown,1,Department of Water Resources,NA,624,Bureau of Reclamation
15681,367930N1200343W001,1144545,1969-10-02T00:00:00Z,248.93,247.43,0,46,202.93,46,44.5,NA,Unknown,Water level accuracy is unknown,1,Department of Water Resources,NA,624,Bureau of Reclamation
15681,367930N1200343W001,1144544,1969-02-12T00:00:00Z,248.93,247.43,0,50.9,198.03,50.9,49.4,NA,Unknown,Water level accuracy is unknown,1,Department of Water Resources,NA,624,Bureau of Reclamation
