STN_ID,SITE_CODE,WLM_ID,MSMT_DATE,WLM_RPE,WLM_GSE,RDNG_WS,RDNG_RP,WSE,RPE_WSE,GSE_WSE,WLM_QA_DESC,WLM_DESC,WLM_ACC_DESC,WLM_ORG_ID,WLM_ORG_NAME,MSMT_CMT,COOP_AGENCY_ORG_ID,COOP_ORG_NAME
15695,387510N1214647W001,2237399,2017-03-01T00:00:00Z,57.43,57.43,NA,NA,NA,NA,NA,Measurement Discontinued,NA,NA,1,Department of Water Resources,Measurement Discontinued,1,Department of Water Resources
15695,387510N1214647W001,2230600,2017-01-30T00:00:00Z,57.43,57.43,NA,NA,NA,NA,NA,Temporarily inaccessible,NA,NA,1,Department of Water Resources,Renter is never available,1,Department of Water Resources
15695,387510N1214647W001,2223654,2016-12-16T00:00:00Z,57.43,57.43,NA,NA,NA,NA,NA,Temporarily inaccessible,NA,NA,1,Department of Water Resources,Renter is never available,1,Department of Water Resources
15695,387510N1214647W001,2220307,2016-11-16T00:00:00Z,57.43,57.43,NA,NA,NA,NA,NA,Temporarily inaccessible,NA,NA,1,Department of Water Resources,Renter is never available,1,Department of Water Resources
15695,387510N1214647W001,2214341,2016-10-12T00:00:00Z,57.43,57.43,NA,NA,NA,NA,NA,Temporarily inaccessible,NA,NA,1,Department of Water Resources,Renter is never available,1,Department of Water Resources
15695,387510N1214647W001,2211442,2016-09-14T00:00:00Z,57.43,57.43,NA,NA,NA,NA,NA,Temporarily inaccessible,NA,NA,1,Department of Water Resources,Renter is never available,1,Department of Water Resources
15695,387510N1214647W001,2211451,2016-08-24T00:00:00Z,57.43,57.43,NA,NA,NA,NA,NA,Temporarily inaccessible,NA,NA,1,Department of Water Resources,Renter is never available,1,Department of Water Resources
15695,387510N1214647W001,2201394,2016-07-20T00:00:00Z,57.43,57.43,NA,NA,NA,NA,NA,Temporarily inaccessible,NA,NA,1,Department of Water Resources,Renter is never available,1,Department of Water Resources
15695,387510N1214647W001,2199312,2016-06-29T00:00:00Z,57.43,57.43,NA,NA,NA,NA,NA,Temporarily inaccessible,NA,NA,1,Department of Water Resources,NA,1,Department of Water Resources
15695,387510N1214647W001,2196948,2016-05-31T00:00:00Z,57.43,57.43,NA,NA,NA,NA,NA,Temporarily inaccessible,NA,NA,1,Department of Water Resources,NA,1,Department of Water Resources
15695,387510N1214647W001,2192106,2016-04-26T00:00:00Z,57.43,57.43,NA,NA,NA,NA,NA,Temporarily inaccessible,NA,NA,1,Department of Water Resources,NA,1,Department of Water Resources
15695,387510N1214647W001,2185790,2016-03-16T00:00:00Z,57.43,57.43,NA,NA,NA,NA,NA,Temporarily inaccessible,NA,NA,1,Department of Water Resources,NA,1,Department of Water Resources
15695,387510N1214647W001,2182802,2016-02-11T00:00:00Z,57.43,57.43,NA,NA,NA,NA,NA,Temporarily inaccessible,NA,NA,1,Department of Water Resources,NA,1,Department of Water Resources
15695,387510N1214647W001,2180985,2016-01-14T00:00:00Z,57.43,57.43,NA,NA,NA,NA,NA,Temporarily inaccessible,NA,NA,1,Department of Water Resources,NA,1,Department of Water Resources
15695,387510N1214647W001,2178027,2015-12-30T00:00:00Z,57.43,57.43,NA,NA,NA,NA,NA,Temporarily inaccessible,NA,NA,1,Department of Water Resources,NA,1,Department of Water Resources
15695,387510N1214647W001,2175822,2015-11-18T00:00:00Z,57.43,57.43,NA,NA,NA,NA,NA,Temporarily inaccessible,NA,NA,1,Department of Water Resources,NA,1,Department of Water Resources
15695,387510N1214647W001,2157751,2015-10-21T00:00:00Z,57.43,57.43,NA,NA,NA,NA,NA,Temporarily inaccessible,NA,NA,1,Department of Water Resources,NA,1,Department of Water Resources
15695,387510N1214647W001,2153113,2015-09-16T00:00:00Z,57.43,57.43,NA,NA,NA,NA,NA,Temporarily inaccessible,NA,NA,1,Department of Water Resources,NA,1,Department of Water Resources
15695,387510N1214647W001,2150919,2015-08-24T00:00:00Z,57.43,57.43,NA,NA,NA,NA,NA,Temporarily inaccessible,NA,NA,1,Department of Water Resources,NA,1,Department of Water Resources
15695,387510N1214647W001,2146969,2015-07-06T00:00:00Z,57.43,57.43,NA,NA,NA,NA,NA,Temporarily inaccessible,NA,NA,1,Department of Water Resources,NA,1,Department of Water Resources
15695,387510N1214647W001,2143361,2015-06-29T00:00:00Z,57.43,57.43,NA,NA,NA,NA,NA,Temporarily inaccessible,NA,NA,1,Department of Water Resources,No one home,1,Department of Water Resources
15695,387510N1214647W001,2140772,2015-05-28T00:00:00Z,57.43,57.43,0,84,-26.57,84,84,NA,Electric sounder measurement,Water level accuracy to nearest tenth of a foot,1,Department of Water Resources,NA,1,Department of Water Resources
15695,387510N1214647W001,2137690,2015-04-29T00:00:00Z,57.43,57.43,0,82.4,-24.97,82.4,82.4,NA,Electric sounder measurement,Water level accuracy to nearest tenth of a foot,1,Department of Water Resources,NA,1,Department of Water Resources
15695,387510N1214647W001,2120179,2015-03-20T00:00:00Z,57.43,57.43,0,81.9,-24.47,81.9,81.9,NA,Electric sounder measurement,Water level accuracy to nearest tenth of a foot,1,Department of Water Resources,NA,1,Department of Water Resources
15695,387510N1214647W001,2115306,2015-02-24T00:00:00Z,57.43,57.43,0,82.7,-25.27,82.7,82.7,NA,Electric sounder measurement,Water level accuracy to nearest tenth of a foot,1,Department of Water Resources,NA,1,Department of Water Resources
15695,387510N1214647W001,2113916,2015-01-29T00:00:00Z,57.43,57.43,NA,NA,NA,NA,NA,Temporarily inaccessible,NA,NA,1,Department of Water Resources,nobody home,1,Department of Water Resources
15695,387510N1214647W001,2113902,2014-12-22T00:00:00Z,57.43,57.43,0,85.9,-28.47,85.9,85.9,NA,Electric sounder measurement,Water level accuracy to nearest tenth of a foot,1,Department of Water Resources,NA,1,Department of Water Resources
15695,387510N1214647W001,2113888,2014-11-24T00:00:00Z,57.43,57.43,0,86.4,-28.97,86.4,86.4,NA,Electric sounder measurement,Water level accuracy to nearest tenth of a foot,1,Department of Water Resources,NA,1,Department of Water Resources
15695,387510N1214647W001,2030474,2014-10-31T00:00:00Z,57.43,57.43,0,88.7,-31.27,88.7,88.7,NA,Electric sounder measurement,Water level accuracy to nearest tenth of a foot,1,Department of Water Resources,NA,1,Department of Water Resources
15695,387510N1214647W001,2016127,2014-09-25T00:00:00Z,57.43,57.43,0,91.1,-33.67,91.1,91.1,NA,Electric sounder measurement,Water level accuracy to nearest tenth of a foot,1,Department of Water Resources,NA,1,Department of Water Resources
15695,387510N1214647W001,2016111,2014-08-28T00:00:00Z,57.43,57.43,0,90.8,-33.37,90.8,90.8,NA,Electric sounder measurement,Water level accuracy to nearest tenth of a foot,1,Department of Water Resources,NA,1,Department of Water Resources
15695,387510N1214647W001,2016095,2014-07-30T00:00:00Z,57.43,57.43,0,90.5,-33.07,90.5,90.5,NA,Electric sounder measurement,Water level accuracy to nearest tenth of a foot,1,Department of Water Resources,NA,1,Department of Water Resources
15695,387510N1214647W001,2016044,2014-06-27T00:00:00Z,57.43,57.43,0,89.3,-31.87,89.3,89.3,NA,Electric sounder measurement,Water level accuracy to nearest tenth of a foot,1,Department of Water Resources,NA,1,Department of Water Resources
15695,387510N1214647W001,1988218,2014-05-21T00:00:00Z,57.43,57.43,0,88.5,-31.07,88.5,88.5,NA,Electric sounder measurement,Water level accuracy to nearest tenth of a foot,1,Department of Water Resources,"new access hole on front of casing, can use solinst now",1,Department of Water Resources
15695,387510N1214647W001,1976444,2014-04-23T00:00:00Z,57.43,57.43,40,121,-23.57,81,81,NA,Steel tape measurement,Water level accuracy to nearest tenth of a foot,1,Department of Water Resources,NA,1,Department of Water Resources
15695,387510N1214647W001,1884014,2014-03-27T00:00:00Z,57.43,57.43,39.8,121,-23.77,81.2,81.2,NA,Steel tape measurement,Water level accuracy to nearest tenth of a foot,1,Department of Water Resources,NA,1,Department of Water Resources
15695,387510N1214647W001,1876560,2014-02-25T00:00:00Z,57.43,57.43,NA,NA,NA,NA,NA,Temporarily inaccessible,NA,NA,1,Department of Water Resources,Gate locked and nobody is home,1,Department of Water Resources
15695,387510N1214647W001,1873013,2014-01-28T00:00:00Z,57.43,57.43,NA,NA,NA,NA,NA,Temporarily inaccessible,NA,NA,1,Department of Water Resources,Gate locked and nobody is home,1,Department of Water Resources
15695,387510N1214647W001,1823511,2013-10-28T00:00:00Z,57.43,57.43,NA,NA,NA,NA,NA,Temporarily inaccessible,NA,NA,1,Department of Water Resources,Gate locked and nobody is home,1,Department of Water Resources
15695,387510N1214647W001,1796683,2013-09-24T00:00:00Z,57.43,57.43,NA,NA,NA,NA,NA,Temporarily inaccessible,NA,NA,1,Department of Water Resources,Gate locked and nobody is home,1,Department of Water Resources
15695,387510N1214647W001,1796648,2013-08-27T00:00:00Z,57.43,57.43,NA,NA,NA,NA,NA,Temporarily inaccessible,NA,NA,1,Department of Water Resources,Gate locked and nobody is home,1,Department of Water Resources
15695,387510N1214647W001,1796629,2013-07-29T00:00:00Z,57.43,57.43,NA,NA,NA,NA,NA,Temporarily inaccessible,NA,NA,1,Department of Water Resources,Gate locked and nobody is home,1,Department of Water Resources
15695,387510N1214647W001,1796613,2013-06-25T00:00:00Z,57.43,57.43,NA,NA,NA,NA,NA,Temporarily inaccessible,NA,NA,1,Department of Water Resources,Gate locked and nobody is home,1,Department of Water Resources
15695,387510N1214647W001,1796597,2013-03-22T00:00:00Z,57.43,57.43,40.5,121,-23.07,80.5,80.5,NA,Steel tape measurement,Water level accuracy to nearest tenth of a foot,1,Department of Water Resources,NA,1,Department of Water Resources
15695,387510N1214647W001,1796581,2012-10-17T00:00:00Z,57.43,57.43,0,83.2,-25.77,83.2,83.2,NA,Electric sounder measurement,Water level accuracy to nearest tenth of a foot,1,Department of Water Resources,NA,1,Department of Water Resources
15695,387510N1214647W001,65333,2012-08-06T00:00:00Z,57.43,57.43,NA,NA,NA,NA,NA,Temporarily inaccessible,NA,NA,1,Department of Water Resources,Gate locked and nobody is home,1,Department of Water Resources
15695,387510N1214647W001,65317,2012-03-30T00:00:00Z,57.43,57.43,NA,NA,NA,NA,NA,Temporarily inaccessible,NA,NA,1,Department of Water Resources,Gate locked and nobody is home,1,Department of Water Resources
15695,387510N1214647W001,1185754,2011-10-21T00:00:00Z,57.43,57.43,NA,NA,NA,NA,NA,Temporarily inaccessible,NA,NA,1,Department of Water Resources,NA,1,Department of Water Resources
15695,387510N1214647W001,1185753,2011-04-12T00:00:00Z,57.43,57.43,0,74.7,-17.27,74.7,74.7,NA,Unknown,Water level accuracy is unknown,1,Department of Water Resources,NA,1,Department of Water Resources
15695,387510N1214647W001,1185752,2010-11-17T00:00:00Z,57.43,57.43,0,82.5,-25.07,82.5,82.5,NA,Unknown,Water level accuracy is unknown,1,Department of Water Resources,NA,1,Department of Water Resources
15695,387510N1214647W001,1185751,2010-07-27T00:00:00Z,57.43,57.43,0,86.7,-29.27,86.7,86.7,NA,Unknown,Water level accuracy is unknown,1,Department of Water Resources,NA,1,Department of Water Resources
15695,387510N1214647W001,1185750,2010-04-23T00:00:00Z,57.43,57.43,0,78.9,-21.47,78.9,78.9,NA,Unknown,Water level accuracy is unknown,1,Department of Water Resources,NA,1,Department of Water Resources
15695,387510N1214647W001,1185749,2009-10-23T00:00:00Z,57.43,57.43,0,87.4,-29.97,87.4,87.4,NA,Unknown,Water level accuracy is unknown,1,Department of Water Resources,NA,1,Department of Water Resources
15695,387510N1214647W001,1185748,2009-04-30T00:00:00Z,57.43,57.43,0,79.8,-22.37,79.8,79.8,NA,Unknown,Water level accuracy is unknown,1,Department of Water Resources,NA,1,Department of Water Resources
15695,387510N1214647W001,1185747,2008-10-27T00:00:00Z,57.43,57.43,0,84.1,-26.67,84.1,84.1,NA,Unknown,Water level accuracy is unknown,1,Department of Water Resources,NA,1,Department of Water Resources
15695,387510N1214647W001,1185746,2008-03-17T00:00:00Z,57.43,57.43,0,76.8,-19.37,76.8,76.8,NA,Unknown,Water level accuracy is unknown,1,Department of Water Resources,NA,1,Department of Water Resources
15695,387510N1214647W001,1185745,2007-10-15T00:00:00Z,57.43,57.43,0,82.2,-24.77,82.2,82.2,NA,Unknown,Water level accuracy is unknown,1,Department of Water Resources,NA,1,Department of Water Resources
15695,387510N1214647W001,1185744,2007-03-15T00:00:00Z,57.43,57.43,0,79.6,-22.17,79.6,79.6,NA,Unknown,Water level accuracy is unknown,1,Department of Water Resources,NA,1,Department of Water Resources
15695,387510N1214647W001,1185743,2006-10-30T00:00:00Z,57.43,57.43,0,83.2,-25.77,83.2,83.2,NA,Unknown,Water level accuracy is unknown,1,Department of Water Resources,NA,1,Department of Water Resources
15695,387510N1214647W001,1185742,2006-03-20T00:00:00Z,57.43,57.43,0,80.6,-23.17,80.6,80.6,NA,Unknown,Water level accuracy is unknown,1,Department of Water Resources,NA,1,Department of Water Resources
15695,387510N1214647W001,1185741,2005-10-25T00:00:00Z,57.43,57.43,0,86.3,-28.87,86.3,86.3,NA,Unknown,Water level accuracy is unknown,1,Department of Water Resources,NA,1,Department of Water Resources
15695,387510N1214647W001,1185740,2005-04-11T00:00:00Z,57.43,57.43,0,83.7,-26.27,83.7,83.7,NA,Unknown,Water level accuracy is unknown,1,Department of Water Resources,NA,1,Department of Water Resources
15695,387510N1214647W001,1185739,2004-11-08T00:00:00Z,57.43,57.43,0,87.7,-30.27,87.7,87.7,NA,Unknown,Water level accuracy is unknown,1,Department of Water Resources,NA,1,Department of Water Resources
15695,387510N1214647W001,1185738,2004-03-10T00:00:00Z,57.43,57.43,0,78.9,-21.47,78.9,78.9,NA,Unknown,Water level accuracy is unknown,1,Department of Water Resources,NA,1,Department of Water Resources
15695,387510N1214647W001,1185737,2003-10-29T00:00:00Z,57.43,57.43,0,90.1,-32.67,90.1,90.1,NA,Unknown,Water level accuracy is unknown,1,Department of Water Resources,NA,1,Department of Water Resources
15695,387510N1214647W001,1185736,2003-04-08T00:00:00Z,57.43,57.43,0,83.7,-26.27,83.7,83.7,NA,Unknown,Water level accuracy is unknown,1,Department of Water Resources,NA,1,Department of Water Resources
15695,387510N1214647W001,1185735,2002-10-29T00:00:00Z,57.43,57.43,0,87.6,-30.17,87.6,87.6,NA,Unknown,Water level accuracy is unknown,1,Department of Water Resources,NA,1,Department of Water Resources
15695,387510N1214647W001,1185734,2002-03-28T00:00:00Z,57.43,57.43,0,84.5,-27.07,84.5,84.5,NA,Unknown,Water level accuracy is unknown,1,Department of Water Resources,NA,1,Department of Water Resources
15695,387510N1214647W001,1185733,2001-10-25T00:00:00Z,57.43,57.43,0,89.2,-31.77,89.2,89.2,NA,Unknown,Water level accuracy is unknown,1,Department of Water Resources,NA,1,Department of Water Resources
15695,387510N1214647W001,1185732,2001-04-24T00:00:00Z,57.43,57.43,0,85.9,-28.47,85.9,85.9,NA,Unknown,Water level accuracy is unknown,1,Department of Water Resources,NA,1,Department of Water Resources
15695,387510N1214647W001,1185726,2000-10-26T00:00:00Z,57.43,57.43,0,89.3,-31.87,89.3,89.3,NA,Unknown,Water level accuracy is unknown,1,Department of Water Resources,NA,1,Department of Water Resources
15695,387510N1214647W001,1185723,2000-03-23T00:00:00Z,57.43,57.43,0,83.8,-26.37,83.8,83.8,NA,Unknown,Water level accuracy is unknown,1,Department of Water Resources,NA,1,Department of Water Resources
15695,387510N1214647W001,1185725,1999-11-29T00:00:00Z,57.43,57.43,NA,NA,NA,NA,NA,Temporarily inaccessible,NA,NA,1,Department of Water Resources,NA,1,Department of Water Resources
15695,387510N1214647W001,1185724,1999-03-30T00:00:00Z,57.43,57.43,0,84.3,-26.87,84.3,84.3,NA,Unknown,Water level accuracy is unknown,1,Department of Water Resources,NA,1,Department of Water Resources
15695,387510N1214647W001,1185731,1998-10-15T00:00:00Z,57.43,57.43,0,84.7,-27.27,84.7,84.7,NA,Unknown,Water level accuracy is unknown,1,Department of Water Resources,NA,1,Department of Water Resources
15695,387510N1214647W001,1185728,1998-03-17T00:00:00Z,57.43,57.43,0,72.8,-15.37,72.8,72.8,NA,Unknown,Water level accuracy is unknown,1,Department of Water Resources,NA,1,Department of Water Resources
15695,387510N1214647W001,1185730,1997-10-29T00:00:00Z,57.43,57.43,0,85.7,-28.27,85.7,85.7,NA,Unknown,Water level accuracy is unknown,1,Department of Water Resources,NA,1,Department of Water Resources
15695,387510N1214647W001,1185729,1997-04-14T00:00:00Z,57.43,57.43,0,84.6,-27.17,84.6,84.6,NA,Unknown,Water level accuracy is unknown,1,Department of Water Resources,NA,1,Department of Water Resources
15695,387510N1214647W001,1185727,1996-12-06T00:00:00Z,57.43,57.43,0,84.3,-26.87,84.3,84.3,NA,Unknown,Water level accuracy is unknown,1,Department of Water Resources,NA,1,Department of Water Resources
15695,387510N1214647W001,1185722,1996-04-29T00:00:00Z,57.43,57.43,0,80.3,-22.87,80.3,80.3,NA,Unknown,Water level accuracy is unknown,1,Department of Water Resources,NA,1,Department of Water Resources
15695,387510N1214647W001,1185721,1995-10-03T00:00:00Z,57.43,57.43,0,86,-28.57,86,86,NA,Unknown,Water level accuracy is unknown,1,Department of Water Resources,NA,1,Department of Water Resources
15695,387510N1214647W001,1185720,1995-05-10T00:00:00Z,57.43,57.43,0,80.7,-23.27,80.7,80.7,NA,Unknown,Water level accuracy is unknown,1,Department of Water Resources,NA,1,Department of Water Resources
15695,387510N1214647W001,1185719,1994-11-15T00:00:00Z,57.43,57.43,0,86,-28.57,86,86,NA,Unknown,Water level accuracy is unknown,1,Department of Water Resources,NA,1,Department of Water Resources
15695,387510N1214647W001,1185718,1994-03-29T00:00:00Z,57.43,57.43,0,80.5,-23.07,80.5,80.5,NA,Unknown,Water level accuracy is unknown,1,Department of Water Resources,NA,1,Department of Water Resources
15695,387510N1214647W001,1185717,1993-11-16T00:00:00Z,57.43,57.43,0,83.4,-25.97,83.4,83.4,NA,Unknown,Water level accuracy is unknown,1,Department of Water Resources,NA,1,Department of Water Resources
15695,387510N1214647W001,1185716,1993-04-27T00:00:00Z,57.43,57.43,0,80.1,-22.67,80.1,80.1,NA,Unknown,Water level accuracy is unknown,1,Department of Water Resources,NA,1,Department of Water Resources
15695,387510N1214647W001,1185715,1992-11-13T00:00:00Z,57.43,57.43,0,84.2,-26.77,84.2,84.2,NA,Unknown,Water level accuracy is unknown,1,Department of Water Resources,NA,1,Department of Water Resources
15695,387510N1214647W001,1185714,1992-04-23T00:00:00Z,57.43,57.43,0,79.4,-21.97,79.4,79.4,NA,Unknown,Water level accuracy is unknown,1,Department of Water Resources,NA,1,Department of Water Resources
15695,387510N1214647W001,1185713,1991-04-04T00:00:00Z,57.43,57.43,0,79.5,-22.07,79.5,79.5,NA,Unknown,Water level accuracy is unknown,1,Department of Water Resources,NA,1,Department of Water Resources
15695,387510N1214647W001,1185712,1990-10-23T00:00:00Z,57.43,57.43,0,84.6,-27.17,84.6,84.6,NA,Unknown,Water level accuracy is unknown,1,Department of Water Resources,NA,1,Department of Water Resources
15695,387510N1214647W001,1185639,1990-03-27T00:00:00Z,57.43,57.43,0,79.6,-22.17,79.6,79.6,NA,Unknown,Water level accuracy is unknown,1,Department of Water Resources,NA,1,Department of Water Resources
15695,387510N1214647W001,1185710,1989-10-16T00:00:00Z,57.43,57.43,0,83.9,-26.47,83.9,83.9,NA,Unknown,Water level accuracy is unknown,1,Department of Water Resources,NA,1,Department of Water Resources
15695,387510N1214647W001,1185709,1989-03-31T00:00:00Z,57.43,57.43,0,80.8,-23.37,80.8,80.8,NA,Unknown,Water level accuracy is unknown,1,Department of Water Resources,NA,1,Department of Water Resources
15695,387510N1214647W001,1185708,1988-10-20T00:00:00Z,57.43,57.43,0,85.7,-28.27,85.7,85.7,NA,Unknown,Water level accuracy is unknown,1,Department of Water Resources,NA,1,Department of Water Resources
15695,387510N1214647W001,1185707,1988-03-17T00:00:00Z,57.43,57.43,0,81,-23.57,81,81,NA,Unknown,Water level accuracy is unknown,1,Department of Water Resources,NA,1,Department of Water Resources
15695,387510N1214647W001,1185706,1987-10-21T00:00:00Z,57.43,57.43,0,86.8,-29.37,86.8,86.8,NA,Unknown,Water level accuracy is unknown,1,Department of Water Resources,NA,1,Department of Water Resources
15695,387510N1214647W001,1185705,1987-03-25T00:00:00Z,57.43,57.43,0,81.4,-23.97,81.4,81.4,NA,Unknown,Water level accuracy is unknown,1,Department of Water Resources,NA,1,Department of Water Resources
15695,387510N1214647W001,1185704,1986-10-28T00:00:00Z,57.43,57.43,0,85.7,-28.27,85.7,85.7,NA,Unknown,Water level accuracy is unknown,1,Department of Water Resources,NA,1,Department of Water Resources
15695,387510N1214647W001,1185703,1986-04-10T00:00:00Z,57.43,57.43,0,83.2,-25.77,83.2,83.2,NA,Unknown,Water level accuracy is unknown,1,Department of Water Resources,NA,1,Department of Water Resources
15695,387510N1214647W001,1185702,1985-10-18T00:00:00Z,57.43,57.43,0,88.3,-30.87,88.3,88.3,NA,Unknown,Water level accuracy is unknown,1,Department of Water Resources,NA,1,Department of Water Resources
15695,387510N1214647W001,1185701,1985-04-01T00:00:00Z,57.43,57.43,0,83.9,-26.47,83.9,83.9,NA,Unknown,Water level accuracy is unknown,1,Department of Water Resources,NA,1,Department of Water Resources
15695,387510N1214647W001,1185700,1984-10-25T00:00:00Z,57.43,57.43,0,88.2,-30.77,88.2,88.2,NA,Unknown,Water level accuracy is unknown,1,Department of Water Resources,NA,1,Department of Water Resources
15695,387510N1214647W001,1185699,1984-03-21T00:00:00Z,57.43,57.43,0,84.1,-26.67,84.1,84.1,NA,Unknown,Water level accuracy is unknown,1,Department of Water Resources,NA,1,Department of Water Resources
15695,387510N1214647W001,1185698,1983-10-19T00:00:00Z,57.43,57.43,0,89.2,-31.77,89.2,89.2,NA,Unknown,Water level accuracy is unknown,1,Department of Water Resources,NA,1,Department of Water Resources
15695,387510N1214647W001,1185697,1983-04-14T00:00:00Z,57.43,57.43,0,88.5,-31.07,88.5,88.5,NA,Unknown,Water level accuracy is unknown,1,Department of Water Resources,NA,1,Department of Water Resources
15695,387510N1214647W001,1185696,1982-10-12T00:00:00Z,57.43,57.43,0,95.8,-38.37,95.8,95.8,NA,Unknown,Water level accuracy is unknown,1,Department of Water Resources,NA,1,Department of Water Resources
15695,387510N1214647W001,1185695,1982-03-23T00:00:00Z,57.43,57.43,0,90,-32.57,90,90,NA,Unknown,Water level accuracy is unknown,1,Department of Water Resources,NA,1,Department of Water Resources
15695,387510N1214647W001,1185694,1981-10-06T00:00:00Z,57.43,57.43,0,96.6,-39.17,96.6,96.6,NA,Unknown,Water level accuracy is unknown,1,Department of Water Resources,NA,1,Department of Water Resources
15695,387510N1214647W001,1185693,1981-04-01T00:00:00Z,57.43,57.43,0,88.3,-30.87,88.3,88.3,NA,Unknown,Water level accuracy is unknown,1,Department of Water Resources,NA,1,Department of Water Resources
15695,387510N1214647W001,1185692,1980-10-09T00:00:00Z,57.43,57.43,0,94.6,-37.17,94.6,94.6,NA,Unknown,Water level accuracy is unknown,1,Department of Water Resources,NA,1,Department of Water Resources
15695,387510N1214647W001,1185691,1980-04-01T00:00:00Z,57.43,57.43,0,86.1,-28.67,86.1,86.1,NA,Unknown,Water level accuracy is unknown,1,Department of Water Resources,NA,1,Department of Water Resources
15695,387510N1214647W001,1185690,1979-10-11T00:00:00Z,57.43,57.43,0,91.3,-33.87,91.3,91.3,NA,Unknown,Water level accuracy is unknown,1,Department of Water Resources,NA,1,Department of Water Resources
15695,387510N1214647W001,1185689,1979-04-03T00:00:00Z,57.43,57.43,0,83.2,-25.77,83.2,83.2,NA,Unknown,Water level accuracy is unknown,1,Department of Water Resources,NA,1,Department of Water Resources
15695,387510N1214647W001,1185688,1978-10-11T00:00:00Z,57.43,57.43,0,87.5,-30.07,87.5,87.5,NA,Unknown,Water level accuracy is unknown,1,Department of Water Resources,NA,1,Department of Water Resources
15695,387510N1214647W001,1185687,1978-03-21T00:00:00Z,57.43,57.43,0,82,-24.57,82,82,NA,Unknown,Water level accuracy is unknown,1,Department of Water Resources,NA,1,Department of Water Resources
15695,387510N1214647W001,1185686,1977-10-07T00:00:00Z,57.43,57.43,0,87.9,-30.47,87.9,87.9,NA,Unknown,Water level accuracy is unknown,1,Department of Water Resources,NA,1,Department of Water Resources
15695,387510N1214647W001,1185685,1977-03-10T00:00:00Z,57.43,57.43,0,80.5,-23.07,80.5,80.5,NA,Unknown,Water level accuracy is unknown,1,Department of Water Resources,NA,1,Department of Water Resources
15695,387510N1214647W001,1185684,1976-10-13T00:00:00Z,57.43,57.43,0,85,-27.57,85,85,NA,Unknown,Water level accuracy is unknown,1,Department of Water Resources,NA,1,Department of Water Resources
15695,387510N1214647W001,1185683,1976-03-10T00:00:00Z,57.43,57.43,0,77.7,-20.27,77.7,77.7,NA,Unknown,Water level accuracy is unknown,1,Department of Water Resources,NA,1,Department of Water Resources
15695,387510N1214647W001,1185682,1975-10-09T00:00:00Z,57.43,57.43,0,84.1,-26.67,84.1,84.1,NA,Unknown,Water level accuracy is unknown,1,Department of Water Resources,NA,1,Department of Water Resources
15695,387510N1214647W001,1185681,1975-03-20T00:00:00Z,57.43,57.43,0,73.2,-15.77,73.2,73.2,NA,Unknown,Water level accuracy is unknown,1,Department of Water Resources,NA,1,Department of Water Resources
15695,387510N1214647W001,1185680,1974-10-10T00:00:00Z,57.43,57.43,0,82.5,-25.07,82.5,82.5,NA,Unknown,Water level accuracy is unknown,1,Department of Water Resources,NA,1,Department of Water Resources
15695,387510N1214647W001,1185679,1974-03-13T00:00:00Z,57.43,57.43,0,72.7,-15.27,72.7,72.7,NA,Unknown,Water level accuracy is unknown,1,Department of Water Resources,NA,1,Department of Water Resources
15695,387510N1214647W001,1185678,1973-10-09T00:00:00Z,57.43,57.43,0,80,-22.57,80,80,NA,Unknown,Water level accuracy is unknown,1,Department of Water Resources,NA,1,Department of Water Resources
15695,387510N1214647W001,1185677,1973-03-08T00:00:00Z,57.43,57.43,0,72.3,-14.87,72.3,72.3,NA,Unknown,Water level accuracy is unknown,1,Department of Water Resources,NA,1,Department of Water Resources
15695,387510N1214647W001,1185676,1972-10-10T00:00:00Z,57.43,57.43,0,79.3,-21.87,79.3,79.3,NA,Unknown,Water level accuracy is unknown,1,Department of Water Resources,NA,1,Department of Water Resources
15695,387510N1214647W001,1185675,1972-03-09T00:00:00Z,57.43,57.43,0,79,-21.57,79,79,NA,Unknown,Water level accuracy is unknown,1,Department of Water Resources,NA,466,Placer County
15695,387510N1214647W001,1185674,1971-10-08T00:00:00Z,57.43,57.43,0,85,-27.57,85,85,NA,Unknown,Water level accuracy is unknown,1,Department of Water Resources,NA,466,Placer County
15695,387510N1214647W001,1185673,1971-03-18T00:00:00Z,57.43,57.43,0,70.6,-13.17,70.6,70.6,NA,Unknown,Water level accuracy is unknown,1,Department of Water Resources,NA,466,Placer County
15695,387510N1214647W001,1185672,1970-10-13T00:00:00Z,57.43,57.43,0,81.1,-23.67,81.1,81.1,NA,Unknown,Water level accuracy is unknown,1,Department of Water Resources,NA,466,Placer County
15695,387510N1214647W001,1185671,1970-03-18T00:00:00Z,57.43,57.43,0,73,-15.57,73,73,NA,Unknown,Water level accuracy is unknown,1,Department of Water Resources,NA,466,Placer County
15695,387510N1214647W001,1185670,1969-10-08T00:00:00Z,57.43,57.43,0,78.9,-21.47,78.9,78.9,NA,Unknown,Water level accuracy is unknown,1,Department of Water Resources,NA,466,Placer County
15695,387510N1214647W001,1185669,1969-03-29T00:00:00Z,57.43,57.43,0,67.7,-10.27,67.7,67.7,NA,Unknown,Water level accuracy is unknown,1,Department of Water Resources,NA,466,Placer County
15695,387510N1214647W001,1185668,1968-10-01T00:00:00Z,57.43,57.43,0,78.4,-20.97,78.4,78.4,NA,Unknown,Water level accuracy is unknown,1,Department of Water Resources,NA,466,Placer County
15695,387510N1214647W001,1185667,1968-03-06T00:00:00Z,57.43,57.43,0,68.3,-10.87,68.3,68.3,NA,Unknown,Water level accuracy is unknown,1,Department of Water Resources,NA,466,Placer County
15695,387510N1214647W001,1185666,1967-10-03T00:00:00Z,57.43,57.43,0,75.4,-17.97,75.4,75.4,NA,Unknown,Water level accuracy is unknown,1,Department of Water Resources,NA,466,Placer County
15695,387510N1214647W001,1185665,1967-03-07T00:00:00Z,57.43,57.43,0,69.3,-11.87,69.3,69.3,NA,Unknown,Water level accuracy is unknown,1,Department of Water Resources,NA,466,Placer County
15695,387510N1214647W001,1185664,1966-10-03T00:00:00Z,57.43,57.43,0,76.3,-18.87,76.3,76.3,NA,Unknown,Water level accuracy is unknown,1,Department of Water Resources,NA,466,Placer County
15695,387510N1214647W001,1185663,1966-03-07T00:00:00Z,57.43,57.43,0,67.5,-10.07,67.5,67.5,NA,Unknown,Water level accuracy is unknown,1,Department of Water Resources,NA,466,Placer County
15695,387510N1214647W001,1185662,1965-10-14T00:00:00Z,57.43,57.43,0,74,-16.57,74,74,NA,Unknown,Water level accuracy is unknown,1,Department of Water Resources,NA,466,Placer County
15695,387510N1214647W001,1185661,1965-03-15T00:00:00Z,57.43,57.43,0,66.4,-8.97,66.4,66.4,NA,Unknown,Water level accuracy is unknown,1,Department of Water Resources,NA,466,Placer County
15695,387510N1214647W001,1185660,1964-10-07T00:00:00Z,57.43,57.43,0,78.5,-21.07,78.5,78.5,Pumping,Unknown,Water level accuracy is unknown,1,Department of Water Resources,NA,466,Placer County
15695,387510N1214647W001,1185659,1964-03-15T00:00:00Z,57.43,57.43,0,65.5,-8.07,65.5,65.5,NA,Unknown,Water level accuracy is unknown,1,Department of Water Resources,NA,466,Placer County
15695,387510N1214647W001,1185658,1963-10-14T00:00:00Z,57.43,57.43,0,71.2,-13.77,71.2,71.2,NA,Unknown,Water level accuracy is unknown,1,Department of Water Resources,NA,466,Placer County
15695,387510N1214647W001,1185657,1963-03-18T00:00:00Z,57.43,57.43,0,64.1,-6.67,64.1,64.1,NA,Unknown,Water level accuracy is unknown,1,Department of Water Resources,NA,466,Placer County
15695,387510N1214647W001,1185656,1962-10-02T00:00:00Z,57.43,57.43,0,69.5,-12.07,69.5,69.5,NA,Unknown,Water level accuracy is unknown,1,Department of Water Resources,NA,466,Placer County
15695,387510N1214647W001,1185655,1962-03-09T00:00:00Z,57.43,57.43,0,62,-4.57,62,62,NA,Unknown,Water level accuracy is unknown,1,Department of Water Resources,NA,466,Placer County
15695,387510N1214647W001,1185654,1961-10-11T00:00:00Z,57.43,57.43,0,62.1,-4.67,62.1,62.1,NA,Unknown,Water level accuracy is unknown,1,Department of Water Resources,NA,466,Placer County
15695,387510N1214647W001,1185653,1961-06-15T00:00:00Z,57.43,57.43,0,58,-0.57,58,58,NA,Unknown,Water level accuracy is unknown,1,Department of Water Resources,NA,1,Department of Water Resources
15695,387510N1214647W001,1185652,1961-03-15T00:00:00Z,57.43,57.43,0,59.4,-1.97,59.4,59.4,NA,Unknown,Water level accuracy is unknown,1,Department of Water Resources,NA,624,Bureau of Reclamation
15695,387510N1214647W001,1185651,1960-10-10T00:00:00Z,57.43,57.43,NA,NA,NA,NA,NA,Pumping,NA,NA,1,Department of Water Resources,NA,624,Bureau of Reclamation
15695,387510N1214647W001,1185650,1960-03-25T00:00:00Z,57.43,57.43,0,55.8,1.63,55.8,55.8,NA,Unknown,Water level accuracy is unknown,1,Department of Water Resources,NA,624,Bureau of Reclamation
15695,387510N1214647W001,1185649,1959-11-05T00:00:00Z,57.43,57.43,NA,NA,NA,NA,NA,Pumping,NA,NA,1,Department of Water Resources,NA,624,Bureau of Reclamation
15695,387510N1214647W001,1185648,1959-03-16T00:00:00Z,57.43,57.43,0,52.3,5.13,52.3,52.3,NA,Unknown,Water level accuracy is unknown,1,Department of Water Resources,NA,624,Bureau of Reclamation
15695,387510N1214647W001,1185711,1958-03-27T00:00:00Z,57.43,57.43,0,49.8,7.63,49.8,49.8,NA,Unknown,Water level accuracy is unknown,1,Department of Water Resources,NA,624,Bureau of Reclamation
15695,387510N1214647W001,1185647,1957-10-16T00:00:00Z,57.43,57.43,0,52.8,4.63,52.8,52.8,NA,Unknown,Water level accuracy is unknown,1,Department of Water Resources,NA,624,Bureau of Reclamation
15695,387510N1214647W001,1185646,1957-03-26T00:00:00Z,57.43,57.43,0,49.1,8.33,49.1,49.1,NA,Unknown,Water level accuracy is unknown,1,Department of Water Resources,NA,624,Bureau of Reclamation
15695,387510N1214647W001,1185645,1956-10-11T00:00:00Z,57.43,57.43,0,53,4.43,53,53,NA,Unknown,Water level accuracy is unknown,1,Department of Water Resources,NA,624,Bureau of Reclamation
15695,387510N1214647W001,1185644,1956-04-03T00:00:00Z,57.43,57.43,0,48.3,9.13,48.3,48.3,NA,Unknown,Water level accuracy is unknown,1,Department of Water Resources,NA,624,Bureau of Reclamation
15695,387510N1214647W001,1185643,1955-10-06T00:00:00Z,57.43,57.43,0,52,5.43,52,52,NA,Unknown,Water level accuracy is unknown,1,Department of Water Resources,NA,624,Bureau of Reclamation
15695,387510N1214647W001,1185642,1955-03-22T00:00:00Z,57.43,57.43,0,45,12.43,45,45,NA,Unknown,Water level accuracy is unknown,1,Department of Water Resources,NA,624,Bureau of Reclamation
15695,387510N1214647W001,1185641,1955-02-23T00:00:00Z,57.43,57.43,0,44.9,12.53,44.9,44.9,NA,Unknown,Water level accuracy is unknown,1,Department of Water Resources,NA,624,Bureau of Reclamation
15695,387510N1214647W001,1185640,1954-10-20T00:00:00Z,57.43,57.43,0,48,9.43,48,48,NA,Unknown,Water level accuracy is unknown,1,Department of Water Resources,NA,624,Bureau of Reclamation
