STN_ID,SITE_CODE,WLM_ID,MSMT_DATE,WLM_RPE,WLM_GSE,RDNG_WS,RDNG_RP,WSE,RPE_WSE,GSE_WSE,WLM_QA_DESC,WLM_DESC,WLM_ACC_DESC,WLM_ORG_ID,WLM_ORG_NAME,MSMT_CMT,COOP_AGENCY_ORG_ID,COOP_ORG_NAME
15859,362589N1200302W001,2492032,2019-11-13T06:59:00Z,289.9,289.9,0,333.72,-43.82,333.72,333.72,NA,Acoustic or sonic sounder,Water level accuracy to nearest tenth of a foot,5100,Westlands Water District,NA,5100,Westlands Water District
15859,362589N1200302W001,2471815,2019-06-04T13:55:00Z,289.9,289.9,0,353.6,-63.7,353.6,353.6,NA,Acoustic or sonic sounder,Water level accuracy to nearest tenth of a foot,5100,Westlands Water District,NA,5100,Westlands Water District
15859,362589N1200302W001,2438057,2018-12-06T00:00:00Z,289.9,289.9,0,371.2,-81.3,371.2,371.2,NA,Acoustic or sonic sounder,Water level accuracy to nearest tenth of a foot,5100,Westlands Water District,NA,5100,Westlands Water District
15859,362589N1200302W001,2305130,2018-06-11T00:00:00Z,289.9,289.9,0,394.4,-104.5,394.4,394.4,NA,Acoustic or sonic sounder,Water level accuracy to nearest tenth of a foot,5100,Westlands Water District,NA,5100,Westlands Water District
15859,362589N1200302W001,2280136,2017-12-21T13:21:00Z,289.9,289.9,0,308.79,-18.89,308.79,308.79,NA,Acoustic or sonic sounder,Water level accuracy to nearest tenth of a foot,5100,Westlands Water District,NA,5100,Westlands Water District
15859,362589N1200302W001,2224542,2016-12-06T14:15:00Z,289.9,289.9,0,440,-150.1,440,440,NA,Acoustic or sonic sounder,Water level accuracy to nearest foot,5100,Westlands Water District,NA,5100,Westlands Water District
15859,362589N1200302W001,2178913,2015-12-03T10:35:00Z,289.9,289.9,0,433,-143.1,433,433,NA,Acoustic or sonic sounder,Water level accuracy to nearest foot,5100,Westlands Water District,NA,5100,Westlands Water District
15859,362589N1200302W001,2115256,2015-01-27T09:23:00Z,289.9,289.9,0,320,-30.1,320,320,NA,Acoustic or sonic sounder,Water level accuracy to nearest foot,5100,Westlands Water District,NA,5100,Westlands Water District
15859,362589N1200302W001,1816277,2013-12-17T13:53:00Z,289.9,289.9,NA,NA,NA,NA,NA,Pumping,NA,NA,5100,Westlands Water District,NA,5100,Westlands Water District
15859,362589N1200302W001,94242,2013-01-15T13:51:00Z,289.9,289.9,NA,NA,NA,NA,NA,Pumping,NA,NA,5100,Westlands Water District,NA,5100,Westlands Water District
15859,362589N1200302W001,36918,2011-12-15T00:00:00Z,289.9,289.9,0,254,35.9,254,254,NA,Acoustic or sonic sounder,Water level accuracy to nearest foot,5100,Westlands Water District,NA,5100,Westlands Water District
15859,362589N1200302W001,2178914,2010-11-19T00:00:00Z,289.9,289.9,NA,NA,NA,NA,NA,Pumping,NA,NA,5100,Westlands Water District,NA,5100,Westlands Water District
15859,362589N1200302W001,2178915,2009-11-30T00:00:00Z,289.9,289.9,0,385,-95.1,385,385,NA,Acoustic or sonic sounder,Water level accuracy to nearest foot,5100,Westlands Water District,NA,5100,Westlands Water District
15859,362589N1200302W001,2178916,2008-12-03T00:00:00Z,289.9,289.9,0,344,-54.1,344,344,NA,Acoustic or sonic sounder,Water level accuracy to nearest foot,5100,Westlands Water District,NA,5100,Westlands Water District
15859,362589N1200302W001,2178917,2007-12-05T00:00:00Z,289.9,289.9,NA,NA,NA,NA,NA,Special/Other,NA,NA,5100,Westlands Water District,No access,5100,Westlands Water District
15859,362589N1200302W001,2178918,2006-12-07T00:00:00Z,289.9,289.9,0,214,75.9,214,214,NA,Acoustic or sonic sounder,Water level accuracy to nearest foot,5100,Westlands Water District,NA,5100,Westlands Water District
15859,362589N1200302W001,2224543,2006-01-12T00:00:00Z,289.9,289.9,0,232,57.9,232,232,NA,Acoustic or sonic sounder,Water level accuracy to nearest foot,5100,Westlands Water District,NA,5100,Westlands Water District
15859,362589N1200302W001,2224544,2004-12-17T00:00:00Z,289.9,289.9,0,320,-30.1,320,320,NA,Acoustic or sonic sounder,Water level accuracy to nearest foot,5100,Westlands Water District,NA,5100,Westlands Water District
15859,362589N1200302W001,2224545,2003-12-11T00:00:00Z,289.9,289.9,0,283,6.9,283,283,NA,Acoustic or sonic sounder,Water level accuracy to nearest foot,5100,Westlands Water District,NA,5100,Westlands Water District
15859,362589N1200302W001,2224546,2002-12-02T00:00:00Z,289.9,289.9,0,298,-8.1,298,298,NA,Acoustic or sonic sounder,Water level accuracy to nearest foot,5100,Westlands Water District,NA,5100,Westlands Water District
15859,362589N1200302W001,2224547,2001-11-28T00:00:00Z,289.9,289.9,0,279,10.9,279,279,NA,Acoustic or sonic sounder,Water level accuracy to nearest foot,5100,Westlands Water District,NA,5100,Westlands Water District
15859,362589N1200302W001,2224548,2000-12-05T00:00:00Z,289.9,289.9,0,261,28.9,261,261,NA,Acoustic or sonic sounder,Water level accuracy to nearest foot,5100,Westlands Water District,NA,5100,Westlands Water District
15859,362589N1200302W001,2224549,1999-12-02T00:00:00Z,289.9,289.9,0,196,93.9,196,196,NA,Acoustic or sonic sounder,Water level accuracy to nearest foot,5100,Westlands Water District,NA,5100,Westlands Water District
15859,362589N1200302W001,2224550,1998-12-09T00:00:00Z,289.9,289.9,0,190,99.9,190,190,NA,Acoustic or sonic sounder,Water level accuracy to nearest foot,5100,Westlands Water District,NA,5100,Westlands Water District
15859,362589N1200302W001,2224551,1997-12-04T00:00:00Z,289.9,289.9,0,205,84.9,205,205,NA,Acoustic or sonic sounder,Water level accuracy to nearest foot,5100,Westlands Water District,NA,5100,Westlands Water District
15859,362589N1200302W001,2224552,1996-12-04T00:00:00Z,289.9,289.9,0,225,64.9,225,225,NA,Acoustic or sonic sounder,Water level accuracy to nearest foot,5100,Westlands Water District,NA,5100,Westlands Water District
15859,362589N1200302W001,2224553,1995-12-06T00:00:00Z,289.9,289.9,NA,NA,NA,NA,NA,Temporarily inaccessible,NA,NA,5100,Westlands Water District,NA,5100,Westlands Water District
15859,362589N1200302W001,2224554,1994-11-15T00:00:00Z,289.9,289.9,NA,NA,NA,NA,NA,Pumping,NA,NA,5100,Westlands Water District,NA,5100,Westlands Water District
15859,362589N1200302W001,2224555,1993-12-01T00:00:00Z,289.9,289.9,0,320,-30.1,320,320,NA,Acoustic or sonic sounder,Water level accuracy to nearest foot,5100,Westlands Water District,NA,5100,Westlands Water District
15859,362589N1200302W001,2224556,1992-12-01T00:00:00Z,289.9,289.9,0,397,-107.1,397,397,NA,Acoustic or sonic sounder,Water level accuracy to nearest foot,5100,Westlands Water District,NA,5100,Westlands Water District
