STN_ID,SITE_CODE,WLM_ID,MSMT_DATE,WLM_RPE,WLM_GSE,RDNG_WS,RDNG_RP,WSE,RPE_WSE,GSE_WSE,WLM_QA_DESC,WLM_DESC,WLM_ACC_DESC,WLM_ORG_ID,WLM_ORG_NAME,MSMT_CMT,COOP_AGENCY_ORG_ID,COOP_ORG_NAME
16149,395845N1217211W001,931741,1992-09-15T00:00:00Z,149.82,149.82,NA,NA,NA,NA,NA,Measurement Discontinued,NA,NA,1,Department of Water Resources,NA,1,Department of Water Resources
16149,395845N1217211W001,931740,1992-08-17T00:00:00Z,149.82,149.82,0,70.8,79.02,70.8,70.8,NA,Unknown,Water level accuracy is unknown,1,Department of Water Resources,NA,1,Department of Water Resources
16149,395845N1217211W001,931739,1992-08-04T00:00:00Z,149.82,149.82,0,72.1,77.72,72.1,72.1,NA,Unknown,Water level accuracy is unknown,1,Department of Water Resources,NA,1,Department of Water Resources
16149,395845N1217211W001,931738,1992-07-06T00:00:00Z,149.82,149.82,0,62.4,87.42,62.4,62.4,NA,Unknown,Water level accuracy is unknown,1,Department of Water Resources,NA,1,Department of Water Resources
16149,395845N1217211W001,931737,1992-06-08T00:00:00Z,149.82,149.82,0,49.9,99.92,49.9,49.9,NA,Unknown,Water level accuracy is unknown,1,Department of Water Resources,NA,1,Department of Water Resources
16149,395845N1217211W001,931736,1992-05-12T00:00:00Z,149.82,149.82,0,53,96.82,53,53,NA,Unknown,Water level accuracy is unknown,1,Department of Water Resources,NA,1,Department of Water Resources
16149,395845N1217211W001,931735,1992-04-15T00:00:00Z,149.82,149.82,0,23.5,126.32,23.5,23.5,NA,Unknown,Water level accuracy is unknown,1,Department of Water Resources,NA,1,Department of Water Resources
16149,395845N1217211W001,931734,1991-12-18T00:00:00Z,149.82,149.82,NA,NA,NA,NA,NA,Temporarily inaccessible,NA,NA,1,Department of Water Resources,NA,1,Department of Water Resources
16149,395845N1217211W001,931733,1991-12-04T00:00:00Z,149.82,149.82,0,34.7,115.12,34.7,34.7,NA,Unknown,Water level accuracy is unknown,1,Department of Water Resources,NA,1,Department of Water Resources
16149,395845N1217211W001,931732,1991-11-21T00:00:00Z,149.82,149.82,0,31.1,118.72,31.1,31.1,NA,Unknown,Water level accuracy is unknown,1,Department of Water Resources,NA,1,Department of Water Resources
16149,395845N1217211W001,931731,1991-11-06T00:00:00Z,149.82,149.82,0,30.6,119.22,30.6,30.6,NA,Unknown,Water level accuracy is unknown,1,Department of Water Resources,NA,1,Department of Water Resources
16149,395845N1217211W001,931730,1991-10-24T00:00:00Z,149.82,149.82,0,31.7,118.12,31.7,31.7,NA,Unknown,Water level accuracy is unknown,1,Department of Water Resources,NA,1,Department of Water Resources
16149,395845N1217211W001,931729,1991-10-09T00:00:00Z,149.82,149.82,0,32,117.82,32,32,NA,Unknown,Water level accuracy is unknown,1,Department of Water Resources,NA,1,Department of Water Resources
16149,395845N1217211W001,931728,1991-09-25T00:00:00Z,149.82,149.82,0,33.3,116.52,33.3,33.3,NA,Unknown,Water level accuracy is unknown,1,Department of Water Resources,NA,1,Department of Water Resources
16149,395845N1217211W001,931727,1991-09-11T00:00:00Z,149.82,149.82,0,37.2,112.62,37.2,37.2,NA,Unknown,Water level accuracy is unknown,1,Department of Water Resources,NA,1,Department of Water Resources
16149,395845N1217211W001,931726,1991-08-24T00:00:00Z,149.82,149.82,0,44.7,105.12,44.7,44.7,NA,Unknown,Water level accuracy is unknown,1,Department of Water Resources,NA,1,Department of Water Resources
16149,395845N1217211W001,931725,1991-08-14T00:00:00Z,149.82,149.82,NA,NA,NA,NA,NA,Tape hung up,NA,NA,1,Department of Water Resources,NA,1,Department of Water Resources
16149,395845N1217211W001,931724,1991-07-31T00:00:00Z,149.82,149.82,0,66,83.82,66,66,NA,Unknown,Water level accuracy is unknown,1,Department of Water Resources,NA,1,Department of Water Resources
16149,395845N1217211W001,931723,1991-07-17T00:00:00Z,149.82,149.82,0,62.2,87.62,62.2,62.2,Casing leaking or wet,Unknown,Water level accuracy is unknown,1,Department of Water Resources,NA,1,Department of Water Resources
16149,395845N1217211W001,931722,1991-07-03T00:00:00Z,149.82,149.82,0,50.7,99.12,50.7,50.7,NA,Unknown,Water level accuracy is unknown,1,Department of Water Resources,NA,1,Department of Water Resources
16149,395845N1217211W001,931721,1991-06-19T00:00:00Z,149.82,149.82,0,51.2,98.62,51.2,51.2,NA,Unknown,Water level accuracy is unknown,1,Department of Water Resources,NA,1,Department of Water Resources
16149,395845N1217211W001,931720,1991-06-05T00:00:00Z,149.82,149.82,0,39.1,110.72,39.1,39.1,NA,Unknown,Water level accuracy is unknown,1,Department of Water Resources,NA,1,Department of Water Resources
16149,395845N1217211W001,931719,1991-05-22T00:00:00Z,149.82,149.82,0,26.2,123.62,26.2,26.2,NA,Unknown,Water level accuracy is unknown,1,Department of Water Resources,NA,1,Department of Water Resources
16149,395845N1217211W001,931718,1991-05-08T00:00:00Z,149.82,149.82,0,33.1,116.72,33.1,33.1,NA,Unknown,Water level accuracy is unknown,1,Department of Water Resources,NA,1,Department of Water Resources
16149,395845N1217211W001,931717,1991-04-24T00:00:00Z,149.82,149.82,0,23.8,126.02,23.8,23.8,NA,Unknown,Water level accuracy is unknown,1,Department of Water Resources,NA,1,Department of Water Resources
16149,395845N1217211W001,931716,1991-04-10T00:00:00Z,149.82,149.82,0,23.2,126.62,23.2,23.2,NA,Unknown,Water level accuracy is unknown,1,Department of Water Resources,NA,1,Department of Water Resources
16149,395845N1217211W001,931715,1991-04-03T00:00:00Z,149.82,149.82,0,23.7,126.12,23.7,23.7,NA,Unknown,Water level accuracy is unknown,1,Department of Water Resources,NA,1,Department of Water Resources
16149,395845N1217211W001,931714,1991-03-26T00:00:00Z,149.82,149.82,NA,NA,NA,NA,NA,Temporarily inaccessible,NA,NA,1,Department of Water Resources,NA,1,Department of Water Resources
16149,395845N1217211W001,931713,1991-03-21T00:00:00Z,149.82,149.82,0,25,124.82,25,25,NA,Unknown,Water level accuracy is unknown,1,Department of Water Resources,NA,1,Department of Water Resources
16149,395845N1217211W001,931712,1991-03-13T00:00:00Z,149.82,149.82,0,26,123.82,26,26,NA,Unknown,Water level accuracy is unknown,1,Department of Water Resources,NA,1,Department of Water Resources
16149,395845N1217211W001,931711,1991-03-06T00:00:00Z,149.82,149.82,0,26.8,123.02,26.8,26.8,NA,Unknown,Water level accuracy is unknown,1,Department of Water Resources,NA,1,Department of Water Resources
16149,395845N1217211W001,931710,1991-02-27T00:00:00Z,149.82,149.82,0,27.1,122.72,27.1,27.1,NA,Unknown,Water level accuracy is unknown,1,Department of Water Resources,NA,1,Department of Water Resources
16149,395845N1217211W001,931709,1991-02-13T00:00:00Z,149.82,149.82,0,28.2,121.62,28.2,28.2,NA,Unknown,Water level accuracy is unknown,1,Department of Water Resources,NA,1,Department of Water Resources
16149,395845N1217211W001,931708,1991-02-06T00:00:00Z,149.82,149.82,0,28.8,121.02,28.8,28.8,NA,Unknown,Water level accuracy is unknown,1,Department of Water Resources,NA,1,Department of Water Resources
16149,395845N1217211W001,931707,1991-01-30T00:00:00Z,149.82,149.82,0,29.9,119.92,29.9,29.9,NA,Unknown,Water level accuracy is unknown,1,Department of Water Resources,NA,1,Department of Water Resources
16149,395845N1217211W001,931706,1991-01-23T00:00:00Z,149.82,149.82,0,31,118.82,31,31,NA,Unknown,Water level accuracy is unknown,1,Department of Water Resources,NA,1,Department of Water Resources
16149,395845N1217211W001,931705,1991-01-16T00:00:00Z,149.82,149.82,0,31.5,118.32,31.5,31.5,NA,Unknown,Water level accuracy is unknown,1,Department of Water Resources,NA,1,Department of Water Resources
16149,395845N1217211W001,931704,1991-01-09T00:00:00Z,149.82,149.82,0,32.8,117.02,32.8,32.8,NA,Unknown,Water level accuracy is unknown,1,Department of Water Resources,NA,1,Department of Water Resources
16149,395845N1217211W001,931703,1991-01-03T00:00:00Z,149.82,149.82,0,41.1,108.72,41.1,41.1,NA,Unknown,Water level accuracy is unknown,1,Department of Water Resources,NA,1,Department of Water Resources
16149,395845N1217211W001,931702,1991-01-02T00:00:00Z,149.82,149.82,0,56.3,93.52,56.3,56.3,NA,Unknown,Water level accuracy is unknown,1,Department of Water Resources,NA,1,Department of Water Resources
16149,395845N1217211W001,931701,1990-12-26T00:00:00Z,149.82,149.82,0,55.7,94.12,55.7,55.7,NA,Unknown,Water level accuracy is unknown,1,Department of Water Resources,NA,1,Department of Water Resources
16149,395845N1217211W001,931700,1990-12-18T00:00:00Z,149.82,149.82,0,56.4,93.42,56.4,56.4,NA,Unknown,Water level accuracy is unknown,1,Department of Water Resources,NA,1,Department of Water Resources
16149,395845N1217211W001,931699,1990-12-11T00:00:00Z,149.82,149.82,0,56.8,93.02,56.8,56.8,NA,Unknown,Water level accuracy is unknown,1,Department of Water Resources,NA,1,Department of Water Resources
16149,395845N1217211W001,931698,1990-12-04T00:00:00Z,149.82,149.82,0,56.5,93.32,56.5,56.5,Other,Unknown,Water level accuracy is unknown,1,Department of Water Resources,NA,1,Department of Water Resources
16149,395845N1217211W001,931697,1990-11-27T00:00:00Z,149.82,149.82,0,56,93.82,56,56,Other,Unknown,Water level accuracy is unknown,1,Department of Water Resources,NA,1,Department of Water Resources
16149,395845N1217211W001,931696,1990-11-20T00:00:00Z,149.82,149.82,0,54.6,95.22,54.6,54.6,NA,Unknown,Water level accuracy is unknown,1,Department of Water Resources,NA,1,Department of Water Resources
16149,395845N1217211W001,931695,1990-11-16T00:00:00Z,149.82,149.82,0,53.9,95.92,53.9,53.9,NA,Unknown,Water level accuracy is unknown,1,Department of Water Resources,NA,1,Department of Water Resources
16149,395845N1217211W001,931694,1990-11-13T00:00:00Z,149.82,149.82,0,53,96.82,53,53,NA,Unknown,Water level accuracy is unknown,1,Department of Water Resources,NA,1,Department of Water Resources
16149,395845N1217211W001,931693,1990-11-09T00:00:00Z,149.82,149.82,0,51.5,98.32,51.5,51.5,NA,Unknown,Water level accuracy is unknown,1,Department of Water Resources,NA,1,Department of Water Resources
16149,395845N1217211W001,931692,1990-11-06T00:00:00Z,149.82,149.82,0,50.1,99.72,50.1,50.1,NA,Unknown,Water level accuracy is unknown,1,Department of Water Resources,NA,1,Department of Water Resources
16149,395845N1217211W001,931691,1990-10-31T00:00:00Z,149.82,149.82,0,45.7,104.12,45.7,45.7,NA,Unknown,Water level accuracy is unknown,1,Department of Water Resources,NA,1,Department of Water Resources
16149,395845N1217211W001,931690,1990-10-29T00:00:00Z,149.82,149.82,0,33.3,116.52,33.3,33.3,NA,Unknown,Water level accuracy is unknown,1,Department of Water Resources,NA,1,Department of Water Resources
16149,395845N1217211W001,931689,1990-10-25T00:00:00Z,149.82,149.82,0,27.1,122.72,27.1,27.1,NA,Unknown,Water level accuracy is unknown,1,Department of Water Resources,NA,1,Department of Water Resources
16149,395845N1217211W001,931688,1990-10-15T00:00:00Z,149.82,149.82,0,25.9,123.92,25.9,25.9,NA,Unknown,Water level accuracy is unknown,1,Department of Water Resources,NA,1,Department of Water Resources
