STN_ID,SITE_CODE,WLM_ID,MSMT_DATE,WLM_RPE,WLM_GSE,RDNG_WS,RDNG_RP,WSE,RPE_WSE,GSE_WSE,WLM_QA_DESC,WLM_DESC,WLM_ACC_DESC,WLM_ORG_ID,WLM_ORG_NAME,MSMT_CMT,COOP_AGENCY_ORG_ID,COOP_ORG_NAME
16363,389260N1219213W001,1116150,1957-03-25T00:00:00Z,36.55,35.65,NA,NA,NA,NA,NA,Unable to locate well,NA,NA,1,Department of Water Resources,NA,5167,United States Geological Survey
16363,389260N1219213W001,1116149,1956-10-10T00:00:00Z,36.55,35.65,NA,NA,NA,NA,NA,Unable to locate well,NA,NA,1,Department of Water Resources,NA,5167,United States Geological Survey
16363,389260N1219213W001,1116148,1956-03-26T00:00:00Z,36.55,35.65,0,8.5,28.05,8.5,7.6,NA,Unknown,Water level accuracy is unknown,1,Department of Water Resources,NA,624,Bureau of Reclamation
16363,389260N1219213W001,1116147,1955-10-19T00:00:00Z,36.55,35.65,NA,NA,NA,NA,NA,Special/Other,NA,NA,1,Department of Water Resources,NA,624,Bureau of Reclamation
16363,389260N1219213W001,1116146,1955-03-30T00:00:00Z,36.55,35.65,NA,NA,NA,NA,NA,Special/Other,NA,NA,1,Department of Water Resources,NA,624,Bureau of Reclamation
16363,389260N1219213W001,1116145,1954-10-05T00:00:00Z,36.55,35.65,NA,NA,NA,NA,NA,Special/Other,NA,NA,1,Department of Water Resources,NA,624,Bureau of Reclamation
16363,389260N1219213W001,1116144,1954-04-01T00:00:00Z,36.55,35.65,0,9.8,26.75,9.8,8.9,NA,Unknown,Water level accuracy is unknown,1,Department of Water Resources,NA,624,Bureau of Reclamation
16363,389260N1219213W001,1116143,1953-10-21T00:00:00Z,36.55,35.65,0,11.3,25.25,11.3,10.4,NA,Unknown,Water level accuracy is unknown,1,Department of Water Resources,NA,624,Bureau of Reclamation
16363,389260N1219213W001,1116142,1953-04-23T00:00:00Z,36.55,35.65,0,8.7,27.85,8.7,7.8,NA,Unknown,Water level accuracy is unknown,1,Department of Water Resources,NA,624,Bureau of Reclamation
16363,389260N1219213W001,1116141,1953-02-16T00:00:00Z,36.55,35.65,0,7.5,29.05,7.5,6.6,NA,Unknown,Water level accuracy is unknown,1,Department of Water Resources,NA,624,Bureau of Reclamation
16363,389260N1219213W001,1116140,1952-10-01T00:00:00Z,36.55,35.65,0,8.3,28.25,8.3,7.4,NA,Unknown,Water level accuracy is unknown,1,Department of Water Resources,NA,624,Bureau of Reclamation
16363,389260N1219213W001,1116139,1952-04-17T00:00:00Z,36.55,35.65,0,8.5,28.05,8.5,7.6,NA,Unknown,Water level accuracy is unknown,1,Department of Water Resources,NA,624,Bureau of Reclamation
16363,389260N1219213W001,1116138,1951-12-11T00:00:00Z,36.55,35.65,0,10.2,26.35,10.2,9.3,NA,Unknown,Water level accuracy is unknown,1,Department of Water Resources,NA,624,Bureau of Reclamation
16363,389260N1219213W001,1116137,1951-11-28T00:00:00Z,36.55,35.65,NA,NA,NA,NA,NA,Special/Other,NA,NA,1,Department of Water Resources,NA,624,Bureau of Reclamation
16363,389260N1219213W001,1116136,1951-04-23T00:00:00Z,36.55,35.65,0,9.5,27.05,9.5,8.6,NA,Unknown,Water level accuracy is unknown,1,Department of Water Resources,NA,624,Bureau of Reclamation
16363,389260N1219213W001,1116135,1950-11-28T00:00:00Z,36.55,35.65,NA,NA,NA,NA,NA,Special/Other,NA,NA,1,Department of Water Resources,NA,624,Bureau of Reclamation
16363,389260N1219213W001,1116134,1950-01-04T00:00:00Z,36.55,35.65,NA,NA,NA,NA,NA,Special/Other,NA,NA,1,Department of Water Resources,NA,624,Bureau of Reclamation
16363,389260N1219213W001,1116133,1949-10-06T00:00:00Z,36.55,35.65,0,10.5,26.05,10.5,9.6,NA,Unknown,Water level accuracy is unknown,1,Department of Water Resources,NA,624,Bureau of Reclamation
16363,389260N1219213W001,1116132,1948-07-04T00:00:00Z,36.55,35.65,0,10.4,26.15,10.4,9.5,NA,Unknown,Water level accuracy is unknown,1,Department of Water Resources,NA,624,Bureau of Reclamation
16363,389260N1219213W001,1116131,1948-03-11T00:00:00Z,36.55,35.65,0,9.8,26.75,9.8,8.9,NA,Unknown,Water level accuracy is unknown,1,Department of Water Resources,NA,624,Bureau of Reclamation
16363,389260N1219213W001,1116130,1947-12-16T00:00:00Z,36.55,35.65,NA,NA,NA,NA,NA,Special/Other,NA,NA,1,Department of Water Resources,NA,624,Bureau of Reclamation
16363,389260N1219213W001,1116129,1947-10-30T00:00:00Z,36.55,35.65,0,10.3,26.25,10.3,9.4,NA,Unknown,Water level accuracy is unknown,1,Department of Water Resources,NA,624,Bureau of Reclamation
16363,389260N1219213W001,1116128,1947-09-12T00:00:00Z,36.55,35.65,0,9.1,27.45,9.1,8.2,NA,Unknown,Water level accuracy is unknown,1,Department of Water Resources,NA,624,Bureau of Reclamation
16363,389260N1219213W001,1116127,1947-07-23T00:00:00Z,36.55,35.65,0,9.4,27.15,9.4,8.5,NA,Unknown,Water level accuracy is unknown,1,Department of Water Resources,NA,624,Bureau of Reclamation
16363,389260N1219213W001,1116126,1947-06-16T00:00:00Z,36.55,35.65,0,8.6,27.95,8.6,7.7,NA,Unknown,Water level accuracy is unknown,1,Department of Water Resources,NA,624,Bureau of Reclamation
16363,389260N1219213W001,1116125,1947-03-31T00:00:00Z,36.55,35.65,0,8,28.55,8,7.1,NA,Unknown,Water level accuracy is unknown,1,Department of Water Resources,NA,624,Bureau of Reclamation
16363,389260N1219213W001,1116124,1947-02-19T00:00:00Z,36.55,35.65,0,7.8,28.75,7.8,6.9,NA,Unknown,Water level accuracy is unknown,1,Department of Water Resources,NA,624,Bureau of Reclamation
16363,389260N1219213W001,1116123,1947-01-15T00:00:00Z,36.55,35.65,0,8.7,27.85,8.7,7.8,NA,Unknown,Water level accuracy is unknown,1,Department of Water Resources,NA,624,Bureau of Reclamation
16363,389260N1219213W001,1116122,1946-12-31T00:00:00Z,36.55,35.65,0,8.6,27.95,8.6,7.7,NA,Unknown,Water level accuracy is unknown,1,Department of Water Resources,NA,624,Bureau of Reclamation
16363,389260N1219213W001,1116121,1946-11-29T00:00:00Z,36.55,35.65,0,9.1,27.45,9.1,8.2,NA,Unknown,Water level accuracy is unknown,1,Department of Water Resources,NA,624,Bureau of Reclamation
16363,389260N1219213W001,1116120,1946-11-01T00:00:00Z,36.55,35.65,0,9.4,27.15,9.4,8.5,NA,Unknown,Water level accuracy is unknown,1,Department of Water Resources,NA,624,Bureau of Reclamation
16363,389260N1219213W001,1116119,1946-10-10T00:00:00Z,36.55,35.65,0,8.8,27.75,8.8,7.9,NA,Unknown,Water level accuracy is unknown,1,Department of Water Resources,NA,624,Bureau of Reclamation
16363,389260N1219213W001,1116118,1946-09-23T00:00:00Z,36.55,35.65,0,8.4,28.15,8.4,7.5,NA,Unknown,Water level accuracy is unknown,1,Department of Water Resources,NA,624,Bureau of Reclamation
16363,389260N1219213W001,1116117,1946-08-09T00:00:00Z,36.55,35.65,0,8.6,27.95,8.6,7.7,NA,Unknown,Water level accuracy is unknown,1,Department of Water Resources,NA,624,Bureau of Reclamation
16363,389260N1219213W001,1116116,1946-07-26T00:00:00Z,36.55,35.65,0,8.4,28.15,8.4,7.5,NA,Unknown,Water level accuracy is unknown,1,Department of Water Resources,NA,624,Bureau of Reclamation
16363,389260N1219213W001,1116115,1946-07-11T00:00:00Z,36.55,35.65,0,9.3,27.25,9.3,8.4,NA,Unknown,Water level accuracy is unknown,1,Department of Water Resources,NA,624,Bureau of Reclamation
16363,389260N1219213W001,1116114,1946-06-27T00:00:00Z,36.55,35.65,0,7.8,28.75,7.8,6.9,NA,Unknown,Water level accuracy is unknown,1,Department of Water Resources,NA,624,Bureau of Reclamation
16363,389260N1219213W001,1116113,1946-06-12T00:00:00Z,36.55,35.65,0,7.5,29.05,7.5,6.6,NA,Unknown,Water level accuracy is unknown,1,Department of Water Resources,NA,624,Bureau of Reclamation
16363,389260N1219213W001,1116112,1946-05-23T00:00:00Z,36.55,35.65,0,7.3,29.25,7.3,6.4,NA,Unknown,Water level accuracy is unknown,1,Department of Water Resources,NA,624,Bureau of Reclamation
16363,389260N1219213W001,1116111,1946-05-09T00:00:00Z,36.55,35.65,0,7,29.55,7,6.1,NA,Unknown,Water level accuracy is unknown,1,Department of Water Resources,NA,624,Bureau of Reclamation
16363,389260N1219213W001,1116110,1946-04-25T00:00:00Z,36.55,35.65,0,7,29.55,7,6.1,NA,Unknown,Water level accuracy is unknown,1,Department of Water Resources,NA,624,Bureau of Reclamation
16363,389260N1219213W001,1116109,1946-04-11T00:00:00Z,36.55,35.65,0,6.9,29.65,6.9,6,NA,Unknown,Water level accuracy is unknown,1,Department of Water Resources,NA,624,Bureau of Reclamation
16363,389260N1219213W001,1116108,1946-03-28T00:00:00Z,36.55,35.65,0,6.9,29.65,6.9,6,NA,Unknown,Water level accuracy is unknown,1,Department of Water Resources,NA,624,Bureau of Reclamation
16363,389260N1219213W001,1116107,1946-03-19T00:00:00Z,36.55,35.65,0,7,29.55,7,6.1,NA,Unknown,Water level accuracy is unknown,1,Department of Water Resources,NA,624,Bureau of Reclamation
16363,389260N1219213W001,1116106,1946-03-06T00:00:00Z,36.55,35.65,0,6.6,29.95,6.6,5.7,NA,Unknown,Water level accuracy is unknown,1,Department of Water Resources,NA,624,Bureau of Reclamation
16363,389260N1219213W001,1116105,1946-02-26T00:00:00Z,36.55,35.65,0,6.5,30.05,6.5,5.6,NA,Unknown,Water level accuracy is unknown,1,Department of Water Resources,NA,624,Bureau of Reclamation
16363,389260N1219213W001,1116104,1946-02-20T00:00:00Z,36.55,35.65,0,6.5,30.05,6.5,5.6,NA,Unknown,Water level accuracy is unknown,1,Department of Water Resources,NA,624,Bureau of Reclamation
16363,389260N1219213W001,1116103,1946-02-13T00:00:00Z,36.55,35.65,0,6.2,30.35,6.2,5.3,NA,Unknown,Water level accuracy is unknown,1,Department of Water Resources,NA,624,Bureau of Reclamation
16363,389260N1219213W001,1116102,1946-02-06T00:00:00Z,36.55,35.65,0,6.1,30.45,6.1,5.2,NA,Unknown,Water level accuracy is unknown,1,Department of Water Resources,NA,624,Bureau of Reclamation
16363,389260N1219213W001,1116101,1946-01-31T00:00:00Z,36.55,35.65,0,6,30.55,6,5.1,NA,Unknown,Water level accuracy is unknown,1,Department of Water Resources,NA,624,Bureau of Reclamation
16363,389260N1219213W001,1116100,1946-01-24T00:00:00Z,36.55,35.65,0,6,30.55,6,5.1,NA,Unknown,Water level accuracy is unknown,1,Department of Water Resources,NA,624,Bureau of Reclamation
16363,389260N1219213W001,1116099,1946-01-17T00:00:00Z,36.55,35.65,0,6,30.55,6,5.1,NA,Unknown,Water level accuracy is unknown,1,Department of Water Resources,NA,624,Bureau of Reclamation
16363,389260N1219213W001,1116098,1946-01-09T00:00:00Z,36.55,35.65,0,5.4,31.15,5.4,4.5,NA,Unknown,Water level accuracy is unknown,1,Department of Water Resources,NA,624,Bureau of Reclamation
16363,389260N1219213W001,1116097,1945-11-23T00:00:00Z,36.55,35.65,0,9.4,27.15,9.4,8.5,NA,Unknown,Water level accuracy is unknown,1,Department of Water Resources,NA,624,Bureau of Reclamation
16363,389260N1219213W001,1116096,1945-10-11T00:00:00Z,36.55,35.65,0,9.3,27.25,9.3,8.4,NA,Unknown,Water level accuracy is unknown,1,Department of Water Resources,NA,624,Bureau of Reclamation
16363,389260N1219213W001,1116095,1945-09-11T00:00:00Z,36.55,35.65,0,8.3,28.25,8.3,7.4,NA,Unknown,Water level accuracy is unknown,1,Department of Water Resources,NA,624,Bureau of Reclamation
16363,389260N1219213W001,1116094,1945-06-30T00:00:00Z,36.55,35.65,0,8.7,27.85,8.7,7.8,NA,Unknown,Water level accuracy is unknown,1,Department of Water Resources,NA,624,Bureau of Reclamation
16363,389260N1219213W001,1116093,1945-04-26T00:00:00Z,36.55,35.65,0,7.5,29.05,7.5,6.6,NA,Unknown,Water level accuracy is unknown,1,Department of Water Resources,NA,624,Bureau of Reclamation
16363,389260N1219213W001,1116092,1945-02-09T00:00:00Z,36.55,35.65,0,6.9,29.65,6.9,6,NA,Unknown,Water level accuracy is unknown,1,Department of Water Resources,NA,624,Bureau of Reclamation
16363,389260N1219213W001,1116091,1944-11-30T00:00:00Z,36.55,35.65,0,8.6,27.95,8.6,7.7,NA,Unknown,Water level accuracy is unknown,1,Department of Water Resources,NA,624,Bureau of Reclamation
16363,389260N1219213W001,1116090,1944-10-28T00:00:00Z,36.55,35.65,0,9.7,26.85,9.7,8.8,NA,Unknown,Water level accuracy is unknown,1,Department of Water Resources,NA,624,Bureau of Reclamation
16363,389260N1219213W001,1116089,1944-08-30T00:00:00Z,36.55,35.65,0,9,27.55,9,8.1,NA,Unknown,Water level accuracy is unknown,1,Department of Water Resources,NA,624,Bureau of Reclamation
16363,389260N1219213W001,1116088,1944-07-25T00:00:00Z,36.55,35.65,0,8.4,28.15,8.4,7.5,NA,Unknown,Water level accuracy is unknown,1,Department of Water Resources,NA,624,Bureau of Reclamation
16363,389260N1219213W001,1116087,1944-06-14T00:00:00Z,36.55,35.65,0,7.3,29.25,7.3,6.4,NA,Unknown,Water level accuracy is unknown,1,Department of Water Resources,NA,624,Bureau of Reclamation
16363,389260N1219213W001,1116086,1944-05-24T00:00:00Z,36.55,35.65,0,6.4,30.15,6.4,5.5,NA,Unknown,Water level accuracy is unknown,1,Department of Water Resources,NA,624,Bureau of Reclamation
16363,389260N1219213W001,1116085,1944-05-11T00:00:00Z,36.55,35.65,0,6.4,30.15,6.4,5.5,NA,Unknown,Water level accuracy is unknown,1,Department of Water Resources,NA,624,Bureau of Reclamation
16363,389260N1219213W001,1116084,1944-04-19T00:00:00Z,36.55,35.65,0,5.9,30.65,5.9,5,NA,Unknown,Water level accuracy is unknown,1,Department of Water Resources,NA,624,Bureau of Reclamation
16363,389260N1219213W001,1116083,1944-04-07T00:00:00Z,36.55,35.65,0,5.7,30.85,5.7,4.8,NA,Unknown,Water level accuracy is unknown,1,Department of Water Resources,NA,624,Bureau of Reclamation
16363,389260N1219213W001,1116082,1944-03-14T00:00:00Z,36.55,35.65,0,4.6,31.95,4.6,3.7,NA,Unknown,Water level accuracy is unknown,1,Department of Water Resources,NA,624,Bureau of Reclamation
16363,389260N1219213W001,1116081,1944-02-21T00:00:00Z,36.55,35.65,0,5.6,30.95,5.6,4.7,NA,Unknown,Water level accuracy is unknown,1,Department of Water Resources,NA,624,Bureau of Reclamation
16363,389260N1219213W001,1116080,1944-02-05T00:00:00Z,36.55,35.65,0,5.8,30.75,5.8,4.9,NA,Unknown,Water level accuracy is unknown,1,Department of Water Resources,NA,624,Bureau of Reclamation
16363,389260N1219213W001,1116079,1944-01-27T00:00:00Z,36.55,35.65,0,7.2,29.35,7.2,6.3,NA,Unknown,Water level accuracy is unknown,1,Department of Water Resources,NA,624,Bureau of Reclamation
16363,389260N1219213W001,1116078,1944-01-14T00:00:00Z,36.55,35.65,0,7.1,29.45,7.1,6.2,NA,Unknown,Water level accuracy is unknown,1,Department of Water Resources,NA,624,Bureau of Reclamation
16363,389260N1219213W001,1116077,1943-12-22T00:00:00Z,36.55,35.65,0,7.6,28.95,7.6,6.7,NA,Unknown,Water level accuracy is unknown,1,Department of Water Resources,NA,624,Bureau of Reclamation
16363,389260N1219213W001,1116076,1943-12-04T00:00:00Z,36.55,35.65,0,7.8,28.75,7.8,6.9,NA,Unknown,Water level accuracy is unknown,1,Department of Water Resources,NA,624,Bureau of Reclamation
16363,389260N1219213W001,1116075,1943-11-17T00:00:00Z,36.55,35.65,0,7.7,28.85,7.7,6.8,NA,Unknown,Water level accuracy is unknown,1,Department of Water Resources,NA,624,Bureau of Reclamation
16363,389260N1219213W001,1116074,1943-10-15T00:00:00Z,36.55,35.65,0,7.2,29.35,7.2,6.3,NA,Unknown,Water level accuracy is unknown,1,Department of Water Resources,NA,624,Bureau of Reclamation
16363,389260N1219213W001,1116073,1943-09-16T00:00:00Z,36.55,35.65,0,6.4,30.15,6.4,5.5,NA,Unknown,Water level accuracy is unknown,1,Department of Water Resources,NA,624,Bureau of Reclamation
16363,389260N1219213W001,1116072,1943-08-13T00:00:00Z,36.55,35.65,0,6.6,29.95,6.6,5.7,NA,Unknown,Water level accuracy is unknown,1,Department of Water Resources,NA,624,Bureau of Reclamation
16363,389260N1219213W001,1116071,1943-07-08T00:00:00Z,36.55,35.65,0,6.2,30.35,6.2,5.3,NA,Unknown,Water level accuracy is unknown,1,Department of Water Resources,NA,624,Bureau of Reclamation
16363,389260N1219213W001,1116070,1943-06-08T00:00:00Z,36.55,35.65,0,5.8,30.75,5.8,4.9,NA,Unknown,Water level accuracy is unknown,1,Department of Water Resources,NA,624,Bureau of Reclamation
16363,389260N1219213W001,1116069,1943-05-13T00:00:00Z,36.55,35.65,0,5.4,31.15,5.4,4.5,NA,Unknown,Water level accuracy is unknown,1,Department of Water Resources,NA,624,Bureau of Reclamation
16363,389260N1219213W001,1116068,1943-05-01T00:00:00Z,36.55,35.65,0,5,31.55,5,4.1,NA,Unknown,Water level accuracy is unknown,1,Department of Water Resources,NA,624,Bureau of Reclamation
16363,389260N1219213W001,1116067,1943-04-16T00:00:00Z,36.55,35.65,0,4.8,31.75,4.8,3.9,NA,Unknown,Water level accuracy is unknown,1,Department of Water Resources,NA,624,Bureau of Reclamation
16363,389260N1219213W001,1116066,1943-03-25T00:00:00Z,36.55,35.65,0,4,32.55,4,3.1,NA,Unknown,Water level accuracy is unknown,1,Department of Water Resources,NA,624,Bureau of Reclamation
16363,389260N1219213W001,1116065,1943-03-10T00:00:00Z,36.55,35.65,0,4.1,32.45,4.1,3.2,NA,Unknown,Water level accuracy is unknown,1,Department of Water Resources,NA,624,Bureau of Reclamation
16363,389260N1219213W001,1116064,1943-02-06T00:00:00Z,36.55,35.65,0,4.5,32.05,4.5,3.6,NA,Unknown,Water level accuracy is unknown,1,Department of Water Resources,NA,624,Bureau of Reclamation
16363,389260N1219213W001,1116063,1943-01-22T00:00:00Z,36.55,35.65,0,7,29.55,7,6.1,NA,Unknown,Water level accuracy is unknown,1,Department of Water Resources,NA,624,Bureau of Reclamation
16363,389260N1219213W001,1116062,1942-12-21T00:00:00Z,36.55,35.65,0,8,28.55,8,7.1,NA,Unknown,Water level accuracy is unknown,1,Department of Water Resources,NA,624,Bureau of Reclamation
16363,389260N1219213W001,1116061,1942-12-07T00:00:00Z,36.55,35.65,0,8.1,28.45,8.1,7.2,NA,Unknown,Water level accuracy is unknown,1,Department of Water Resources,NA,624,Bureau of Reclamation
16363,389260N1219213W001,1116060,1942-11-24T00:00:00Z,36.55,35.65,0,8,28.55,8,7.1,NA,Unknown,Water level accuracy is unknown,1,Department of Water Resources,NA,624,Bureau of Reclamation
16363,389260N1219213W001,1116059,1942-10-28T00:00:00Z,36.55,35.65,0,8.4,28.15,8.4,7.5,NA,Unknown,Water level accuracy is unknown,1,Department of Water Resources,NA,624,Bureau of Reclamation
16363,389260N1219213W001,1116058,1942-09-25T00:00:00Z,36.55,35.65,0,9.7,26.85,9.7,8.8,NA,Unknown,Water level accuracy is unknown,1,Department of Water Resources,NA,624,Bureau of Reclamation
16363,389260N1219213W001,1116057,1942-08-08T00:00:00Z,36.55,35.65,0,7.9,28.65,7.9,7,NA,Unknown,Water level accuracy is unknown,1,Department of Water Resources,NA,624,Bureau of Reclamation
16363,389260N1219213W001,1116056,1942-07-23T00:00:00Z,36.55,35.65,0,7.2,29.35,7.2,6.3,NA,Unknown,Water level accuracy is unknown,1,Department of Water Resources,NA,624,Bureau of Reclamation
16363,389260N1219213W001,1116055,1942-07-06T00:00:00Z,36.55,35.65,0,6.5,30.05,6.5,5.6,NA,Unknown,Water level accuracy is unknown,1,Department of Water Resources,NA,624,Bureau of Reclamation
16363,389260N1219213W001,1116054,1942-06-26T00:00:00Z,36.55,35.65,0,6,30.55,6,5.1,NA,Unknown,Water level accuracy is unknown,1,Department of Water Resources,NA,624,Bureau of Reclamation
16363,389260N1219213W001,1116053,1942-06-13T00:00:00Z,36.55,35.65,0,5.2,31.35,5.2,4.3,NA,Unknown,Water level accuracy is unknown,1,Department of Water Resources,NA,624,Bureau of Reclamation
16363,389260N1219213W001,1116052,1942-05-27T00:00:00Z,36.55,35.65,0,5,31.55,5,4.1,NA,Unknown,Water level accuracy is unknown,1,Department of Water Resources,NA,624,Bureau of Reclamation
16363,389260N1219213W001,1116051,1942-05-14T00:00:00Z,36.55,35.65,0,4.2,32.35,4.2,3.3,NA,Unknown,Water level accuracy is unknown,1,Department of Water Resources,NA,624,Bureau of Reclamation
16363,389260N1219213W001,1116050,1942-05-04T00:00:00Z,36.55,35.65,0,3.8,32.75,3.8,2.9,NA,Unknown,Water level accuracy is unknown,1,Department of Water Resources,NA,624,Bureau of Reclamation
16363,389260N1219213W001,1116049,1942-04-23T00:00:00Z,36.55,35.65,0,9.7,26.85,9.7,8.8,NA,Unknown,Water level accuracy is unknown,1,Department of Water Resources,NA,624,Bureau of Reclamation
16363,389260N1219213W001,1116048,1942-04-20T00:00:00Z,36.55,35.65,0,2.4,34.15,2.4,1.5,NA,Unknown,Water level accuracy is unknown,1,Department of Water Resources,NA,624,Bureau of Reclamation
16363,389260N1219213W001,1116047,1942-04-11T00:00:00Z,36.55,35.65,0,2.5,34.05,2.5,1.6,NA,Unknown,Water level accuracy is unknown,1,Department of Water Resources,NA,624,Bureau of Reclamation
16363,389260N1219213W001,1116046,1942-03-26T00:00:00Z,36.55,35.65,0,2.9,33.65,2.9,2,NA,Unknown,Water level accuracy is unknown,1,Department of Water Resources,NA,624,Bureau of Reclamation
16363,389260N1219213W001,1116045,1942-03-11T00:00:00Z,36.55,35.65,0,3,33.55,3,2.1,NA,Unknown,Water level accuracy is unknown,1,Department of Water Resources,NA,624,Bureau of Reclamation
16363,389260N1219213W001,1116044,1942-03-06T00:00:00Z,36.55,35.65,0,3,33.55,3,2.1,NA,Unknown,Water level accuracy is unknown,1,Department of Water Resources,NA,624,Bureau of Reclamation
16363,389260N1219213W001,1116043,1942-02-16T00:00:00Z,36.55,35.65,0,1.4,35.15,1.4,0.5,NA,Unknown,Water level accuracy is unknown,1,Department of Water Resources,NA,624,Bureau of Reclamation
16363,389260N1219213W001,1116042,1942-02-06T00:00:00Z,36.55,35.65,0,1.3,35.25,1.3,0.4,NA,Unknown,Water level accuracy is unknown,1,Department of Water Resources,NA,624,Bureau of Reclamation
16363,389260N1219213W001,1116041,1942-01-28T00:00:00Z,36.55,35.65,0,2.8,33.75,2.8,1.9,NA,Unknown,Water level accuracy is unknown,1,Department of Water Resources,NA,624,Bureau of Reclamation
16363,389260N1219213W001,1116040,1942-01-15T00:00:00Z,36.55,35.65,0,7.2,29.35,7.2,6.3,NA,Unknown,Water level accuracy is unknown,1,Department of Water Resources,NA,624,Bureau of Reclamation
16363,389260N1219213W001,1116039,1941-12-30T00:00:00Z,36.55,35.65,0,4.4,32.15,4.4,3.5,NA,Unknown,Water level accuracy is unknown,1,Department of Water Resources,NA,624,Bureau of Reclamation
16363,389260N1219213W001,1116038,1941-12-17T00:00:00Z,36.55,35.65,0,6.3,30.25,6.3,5.4,NA,Unknown,Water level accuracy is unknown,1,Department of Water Resources,NA,624,Bureau of Reclamation
16363,389260N1219213W001,1116037,1941-10-08T00:00:00Z,36.55,35.65,0,7.2,29.35,7.2,6.3,NA,Unknown,Water level accuracy is unknown,1,Department of Water Resources,NA,624,Bureau of Reclamation
16363,389260N1219213W001,1116036,1941-09-27T00:00:00Z,36.55,35.65,0,6.6,29.95,6.6,5.7,NA,Unknown,Water level accuracy is unknown,1,Department of Water Resources,NA,624,Bureau of Reclamation
