STN_ID,SITE_CODE,WLM_ID,MSMT_DATE,WLM_RPE,WLM_GSE,RDNG_WS,RDNG_RP,WSE,RPE_WSE,GSE_WSE,WLM_QA_DESC,WLM_DESC,WLM_ACC_DESC,WLM_ORG_ID,WLM_ORG_NAME,MSMT_CMT,COOP_AGENCY_ORG_ID,COOP_ORG_NAME
16411,365160N1192601W001,1040865,2011-02-21T00:00:00Z,372.67,372.67,NA,NA,NA,NA,NA,Special/Other,NA,NA,1,Department of Water Resources,NA,785,Alta Irrigation District
16411,365160N1192601W001,1040867,2010-10-11T00:00:00Z,372.67,372.67,0,47,325.67,47,47,NA,Unknown,Water level accuracy is unknown,1,Department of Water Resources,NA,785,Alta Irrigation District
16411,365160N1192601W001,1040864,2010-02-15T00:00:00Z,372.67,372.67,0,45.5,327.17,45.5,45.5,NA,Unknown,Water level accuracy is unknown,1,Department of Water Resources,NA,785,Alta Irrigation District
16411,365160N1192601W001,1040866,2009-10-20T00:00:00Z,372.67,372.67,0,55.3,317.37,55.3,55.3,NA,Unknown,Water level accuracy is unknown,1,Department of Water Resources,NA,785,Alta Irrigation District
16411,365160N1192601W001,1040863,2009-08-31T00:00:00Z,372.67,372.67,0,55.3,317.37,55.3,55.3,NA,Unknown,Water level accuracy is unknown,1,Department of Water Resources,NA,785,Alta Irrigation District
16411,365160N1192601W001,1040862,2009-04-13T00:00:00Z,372.67,372.67,0,55,317.67,55,55,NA,Unknown,Water level accuracy is unknown,1,Department of Water Resources,NA,785,Alta Irrigation District
16411,365160N1192601W001,1040860,2007-04-10T00:00:00Z,372.67,372.67,0,28.6,344.07,28.6,28.6,NA,Unknown,Water level accuracy is unknown,1,Department of Water Resources,NA,785,Alta Irrigation District
16411,365160N1192601W001,1040859,2006-03-20T00:00:00Z,372.67,372.67,0,27,345.67,27,27,NA,Unknown,Water level accuracy is unknown,1,Department of Water Resources,NA,785,Alta Irrigation District
16411,365160N1192601W001,1040861,2006-01-13T00:00:00Z,372.67,372.67,0,24.2,348.47,24.2,24.2,NA,Unknown,Water level accuracy is unknown,1,Department of Water Resources,NA,785,Alta Irrigation District
16411,365160N1192601W001,1040858,2005-03-10T00:00:00Z,372.67,372.67,NA,NA,NA,NA,NA,Temporarily inaccessible,NA,NA,1,Department of Water Resources,NA,785,Alta Irrigation District
16411,365160N1192601W001,1040857,2002-10-06T00:00:00Z,372.67,372.67,0,41.2,331.47,41.2,41.2,NA,Unknown,Water level accuracy is unknown,1,Department of Water Resources,NA,624,Bureau of Reclamation
16411,365160N1192601W001,1040856,2001-04-05T00:00:00Z,372.67,372.67,0,16.2,356.47,16.2,16.2,NA,Unknown,Water level accuracy is unknown,1,Department of Water Resources,NA,785,Alta Irrigation District
16411,365160N1192601W001,1040855,2000-02-15T00:00:00Z,372.67,372.67,0,15,357.67,15,15,NA,Unknown,Water level accuracy is unknown,1,Department of Water Resources,NA,785,Alta Irrigation District
16411,365160N1192601W001,1040854,1999-12-01T00:00:00Z,372.67,372.67,NA,NA,NA,NA,NA,Pumping,NA,NA,1,Department of Water Resources,NA,785,Alta Irrigation District
16411,365160N1192601W001,1040853,1999-04-20T00:00:00Z,372.67,372.67,0,10.3,362.37,10.3,10.3,NA,Unknown,Water level accuracy is unknown,1,Department of Water Resources,NA,785,Alta Irrigation District
16411,365160N1192601W001,1040852,1998-12-03T00:00:00Z,372.67,372.67,0,10.8,361.87,10.8,10.8,NA,Unknown,Water level accuracy is unknown,1,Department of Water Resources,NA,785,Alta Irrigation District
16411,365160N1192601W001,1040851,1998-03-09T00:00:00Z,372.67,372.67,0,16.5,356.17,16.5,16.5,NA,Unknown,Water level accuracy is unknown,1,Department of Water Resources,NA,785,Alta Irrigation District
16411,365160N1192601W001,1040850,1997-11-18T00:00:00Z,372.67,372.67,0,17.1,355.57,17.1,17.1,NA,Unknown,Water level accuracy is unknown,1,Department of Water Resources,NA,785,Alta Irrigation District
16411,365160N1192601W001,1040849,1997-03-03T00:00:00Z,372.67,372.67,0,29.2,343.47,29.2,29.2,NA,Unknown,Water level accuracy is unknown,1,Department of Water Resources,NA,785,Alta Irrigation District
16411,365160N1192601W001,1040848,1996-11-08T00:00:00Z,372.67,372.67,0,33.5,339.17,33.5,33.5,NA,Unknown,Water level accuracy is unknown,1,Department of Water Resources,NA,785,Alta Irrigation District
16411,365160N1192601W001,1040847,1996-02-27T00:00:00Z,372.67,372.67,0,34.2,338.47,34.2,34.2,NA,Unknown,Water level accuracy is unknown,1,Department of Water Resources,NA,785,Alta Irrigation District
16411,365160N1192601W001,1040846,1995-11-06T00:00:00Z,372.67,372.67,0,39.4,333.27,39.4,39.4,NA,Unknown,Water level accuracy is unknown,1,Department of Water Resources,NA,785,Alta Irrigation District
16411,365160N1192601W001,1040845,1995-03-08T00:00:00Z,372.67,372.67,0,48.8,323.87,48.8,48.8,NA,Unknown,Water level accuracy is unknown,1,Department of Water Resources,NA,785,Alta Irrigation District
16411,365160N1192601W001,1040844,1994-09-20T00:00:00Z,372.67,372.67,0,58.4,314.27,58.4,58.4,NA,Unknown,Water level accuracy is unknown,1,Department of Water Resources,NA,785,Alta Irrigation District
16411,365160N1192601W001,1040843,1994-02-09T00:00:00Z,372.67,372.67,0,49.8,322.87,49.8,49.8,NA,Unknown,Water level accuracy is unknown,1,Department of Water Resources,NA,785,Alta Irrigation District
16411,365160N1192601W001,1040842,1993-10-13T00:00:00Z,372.67,372.67,0,53.4,319.27,53.4,53.4,NA,Unknown,Water level accuracy is unknown,1,Department of Water Resources,NA,785,Alta Irrigation District
16411,365160N1192601W001,1040841,1993-03-09T00:00:00Z,372.67,372.67,0,57.6,315.07,57.6,57.6,NA,Unknown,Water level accuracy is unknown,1,Department of Water Resources,NA,785,Alta Irrigation District
16411,365160N1192601W001,1040840,1992-11-13T00:00:00Z,372.67,372.67,0,66.4,306.27,66.4,66.4,NA,Unknown,Water level accuracy is unknown,1,Department of Water Resources,NA,785,Alta Irrigation District
16411,365160N1192601W001,1040839,1992-03-06T00:00:00Z,372.67,372.67,0,55.6,317.07,55.6,55.6,NA,Unknown,Water level accuracy is unknown,1,Department of Water Resources,NA,785,Alta Irrigation District
16411,365160N1192601W001,1040838,1991-11-12T00:00:00Z,372.67,372.67,0,60.3,312.37,60.3,60.3,NA,Unknown,Water level accuracy is unknown,1,Department of Water Resources,NA,785,Alta Irrigation District
16411,365160N1192601W001,1040837,1991-03-11T00:00:00Z,372.67,372.67,0,60,312.67,60,60,NA,Unknown,Water level accuracy is unknown,1,Department of Water Resources,NA,785,Alta Irrigation District
16411,365160N1192601W001,1040836,1990-10-31T00:00:00Z,372.67,372.67,0,62.2,310.47,62.2,62.2,NA,Unknown,Water level accuracy is unknown,1,Department of Water Resources,NA,785,Alta Irrigation District
16411,365160N1192601W001,1040835,1990-02-27T00:00:00Z,372.67,372.67,NA,NA,NA,NA,NA,Temporarily inaccessible,NA,NA,1,Department of Water Resources,NA,785,Alta Irrigation District
16411,365160N1192601W001,1040834,1989-11-02T00:00:00Z,372.67,372.67,NA,NA,NA,NA,NA,Pumping,NA,NA,1,Department of Water Resources,NA,785,Alta Irrigation District
16411,365160N1192601W001,1040833,1989-02-23T00:00:00Z,372.67,372.67,NA,NA,NA,NA,NA,Pumping,NA,NA,1,Department of Water Resources,NA,785,Alta Irrigation District
16411,365160N1192601W001,1040832,1988-10-12T00:00:00Z,372.67,372.67,NA,NA,NA,NA,NA,Pumping,NA,NA,1,Department of Water Resources,NA,785,Alta Irrigation District
16411,365160N1192601W001,1040831,1988-02-02T00:00:00Z,372.67,372.67,0,24.8,347.87,24.8,24.8,NA,Unknown,Water level accuracy is unknown,1,Department of Water Resources,NA,785,Alta Irrigation District
16411,365160N1192601W001,1040830,1987-10-08T00:00:00Z,372.67,372.67,0,29.8,342.87,29.8,29.8,NA,Unknown,Water level accuracy is unknown,1,Department of Water Resources,NA,785,Alta Irrigation District
16411,365160N1192601W001,1040829,1987-01-29T00:00:00Z,372.67,372.67,0,16.4,356.27,16.4,16.4,NA,Unknown,Water level accuracy is unknown,1,Department of Water Resources,NA,785,Alta Irrigation District
16411,365160N1192601W001,1040828,1986-10-01T00:00:00Z,372.67,372.67,0,14.1,358.57,14.1,14.1,NA,Unknown,Water level accuracy is unknown,1,Department of Water Resources,NA,624,Bureau of Reclamation
16411,365160N1192601W001,1040827,1986-01-29T00:00:00Z,372.67,372.67,0,27,345.67,27,27,NA,Unknown,Water level accuracy is unknown,1,Department of Water Resources,NA,624,Bureau of Reclamation
16411,365160N1192601W001,1040826,1985-09-25T00:00:00Z,372.67,372.67,0,25.8,346.87,25.8,25.8,NA,Unknown,Water level accuracy is unknown,1,Department of Water Resources,NA,624,Bureau of Reclamation
16411,365160N1192601W001,1040825,1985-02-04T00:00:00Z,372.67,372.67,0,17.5,355.17,17.5,17.5,NA,Unknown,Water level accuracy is unknown,1,Department of Water Resources,NA,624,Bureau of Reclamation
16411,365160N1192601W001,1040824,1984-09-25T00:00:00Z,372.67,372.67,0,20.1,352.57,20.1,20.1,NA,Unknown,Water level accuracy is unknown,1,Department of Water Resources,NA,624,Bureau of Reclamation
16411,365160N1192601W001,1040823,1984-02-01T00:00:00Z,372.67,372.67,0,12,360.67,12,12,NA,Unknown,Water level accuracy is unknown,1,Department of Water Resources,NA,624,Bureau of Reclamation
16411,365160N1192601W001,1040822,1983-09-27T00:00:00Z,372.67,372.67,0,12.7,359.97,12.7,12.7,NA,Unknown,Water level accuracy is unknown,1,Department of Water Resources,NA,624,Bureau of Reclamation
16411,365160N1192601W001,1040821,1983-02-15T00:00:00Z,372.67,372.67,0,12,360.67,12,12,NA,Unknown,Water level accuracy is unknown,1,Department of Water Resources,NA,785,Alta Irrigation District
16411,365160N1192601W001,1040820,1982-09-30T00:00:00Z,372.67,372.67,0,25.6,347.07,25.6,25.6,NA,Unknown,Water level accuracy is unknown,1,Department of Water Resources,NA,785,Alta Irrigation District
16411,365160N1192601W001,1040819,1982-02-04T00:00:00Z,372.67,372.67,0,38.4,334.27,38.4,38.4,NA,Unknown,Water level accuracy is unknown,1,Department of Water Resources,NA,624,Bureau of Reclamation
16411,365160N1192601W001,1040818,1981-09-28T00:00:00Z,372.67,372.67,0,39.7,332.97,39.7,39.7,NA,Unknown,Water level accuracy is unknown,1,Department of Water Resources,NA,624,Bureau of Reclamation
16411,365160N1192601W001,1040817,1981-01-26T00:00:00Z,372.67,372.67,0,35.2,337.47,35.2,35.2,NA,Unknown,Water level accuracy is unknown,1,Department of Water Resources,NA,785,Alta Irrigation District
16411,365160N1192601W001,1040816,1980-09-29T00:00:00Z,372.67,372.67,0,30.1,342.57,30.1,30.1,NA,Unknown,Water level accuracy is unknown,1,Department of Water Resources,NA,785,Alta Irrigation District
16411,365160N1192601W001,1040815,1980-02-04T00:00:00Z,372.67,372.67,0,34.2,338.47,34.2,34.2,NA,Unknown,Water level accuracy is unknown,1,Department of Water Resources,NA,785,Alta Irrigation District
16411,365160N1192601W001,1040814,1979-09-25T00:00:00Z,372.67,372.67,0,35.1,337.57,35.1,35.1,NA,Unknown,Water level accuracy is unknown,1,Department of Water Resources,NA,785,Alta Irrigation District
16411,365160N1192601W001,1040813,1979-01-30T00:00:00Z,372.67,372.67,0,33.6,339.07,33.6,33.6,NA,Unknown,Water level accuracy is unknown,1,Department of Water Resources,NA,785,Alta Irrigation District
16411,365160N1192601W001,1040812,1978-10-02T00:00:00Z,372.67,372.67,0,42.9,329.77,42.9,42.9,NA,Unknown,Water level accuracy is unknown,1,Department of Water Resources,NA,785,Alta Irrigation District
16411,365160N1192601W001,1040811,1978-02-22T00:00:00Z,372.67,372.67,0,45.6,327.07,45.6,45.6,NA,Unknown,Water level accuracy is unknown,1,Department of Water Resources,NA,785,Alta Irrigation District
16411,365160N1192601W001,1040810,1977-09-29T00:00:00Z,372.67,372.67,0,79.6,293.07,79.6,79.6,NA,Unknown,Water level accuracy is unknown,1,Department of Water Resources,NA,785,Alta Irrigation District
16411,365160N1192601W001,1040809,1977-08-15T00:00:00Z,372.67,372.67,0,64.5,308.17,64.5,64.5,NA,Unknown,Water level accuracy is unknown,1,Department of Water Resources,NA,785,Alta Irrigation District
16411,365160N1192601W001,1040808,1977-06-06T00:00:00Z,372.67,372.67,0,66.9,305.77,66.9,66.9,NA,Unknown,Water level accuracy is unknown,1,Department of Water Resources,NA,785,Alta Irrigation District
16411,365160N1192601W001,1040807,1977-02-01T00:00:00Z,372.67,372.67,0,48,324.67,48,48,NA,Unknown,Water level accuracy is unknown,1,Department of Water Resources,NA,785,Alta Irrigation District
16411,365160N1192601W001,1040806,1976-10-05T00:00:00Z,372.67,372.67,0,52.2,320.47,52.2,52.2,NA,Unknown,Water level accuracy is unknown,1,Department of Water Resources,NA,785,Alta Irrigation District
16411,365160N1192601W001,1040805,1976-07-22T00:00:00Z,372.67,372.67,0,43.8,328.87,43.8,43.8,NA,Unknown,Water level accuracy is unknown,1,Department of Water Resources,NA,785,Alta Irrigation District
16411,365160N1192601W001,1040804,1976-02-04T00:00:00Z,372.67,372.67,0,32.9,339.77,32.9,32.9,NA,Unknown,Water level accuracy is unknown,1,Department of Water Resources,NA,785,Alta Irrigation District
16411,365160N1192601W001,1040803,1975-10-03T00:00:00Z,372.67,372.67,NA,NA,NA,NA,NA,Pumping,NA,NA,1,Department of Water Resources,NA,785,Alta Irrigation District
16411,365160N1192601W001,1040802,1975-02-03T00:00:00Z,372.67,372.67,0,26.2,346.47,26.2,26.2,NA,Unknown,Water level accuracy is unknown,1,Department of Water Resources,NA,785,Alta Irrigation District
16411,365160N1192601W001,1040801,1974-10-02T00:00:00Z,372.67,372.67,NA,NA,NA,NA,NA,Pumping,NA,NA,1,Department of Water Resources,NA,785,Alta Irrigation District
16411,365160N1192601W001,1040800,1974-03-04T00:00:00Z,372.67,372.67,0,26,346.67,26,26,NA,Unknown,Water level accuracy is unknown,1,Department of Water Resources,NA,785,Alta Irrigation District
16411,365160N1192601W001,1040799,1973-02-28T00:00:00Z,372.67,372.67,0,40.3,332.37,40.3,40.3,NA,Unknown,Water level accuracy is unknown,1,Department of Water Resources,NA,785,Alta Irrigation District
16411,365160N1192601W001,1040798,1972-10-04T00:00:00Z,372.67,372.67,NA,NA,NA,NA,NA,Special/Other,NA,NA,1,Department of Water Resources,NA,785,Alta Irrigation District
16411,365160N1192601W001,1040797,1972-03-01T00:00:00Z,372.67,372.67,0,27.1,345.57,27.1,27.1,NA,Unknown,Water level accuracy is unknown,1,Department of Water Resources,NA,785,Alta Irrigation District
16411,365160N1192601W001,1040796,1970-09-30T00:00:00Z,372.67,372.67,0,25.5,347.17,25.5,25.5,NA,Unknown,Water level accuracy is unknown,1,Department of Water Resources,NA,785,Alta Irrigation District
16411,365160N1192601W001,1040795,1969-03-26T00:00:00Z,372.67,372.67,0,17.6,355.07,17.6,17.6,NA,Unknown,Water level accuracy is unknown,1,Department of Water Resources,NA,785,Alta Irrigation District
16411,365160N1192601W001,1040794,1968-02-26T00:00:00Z,372.67,372.67,0,32.4,340.27,32.4,32.4,NA,Unknown,Water level accuracy is unknown,1,Department of Water Resources,NA,785,Alta Irrigation District
16411,365160N1192601W001,1040793,1967-02-28T00:00:00Z,372.67,372.67,0,48.9,323.77,48.9,48.9,NA,Unknown,Water level accuracy is unknown,1,Department of Water Resources,NA,785,Alta Irrigation District
16411,365160N1192601W001,1040792,1966-01-28T00:00:00Z,372.67,372.67,0,46.7,325.97,46.7,46.7,NA,Unknown,Water level accuracy is unknown,1,Department of Water Resources,NA,785,Alta Irrigation District
16411,365160N1192601W001,1040791,1965-02-23T00:00:00Z,372.67,372.67,0,54.3,318.37,54.3,54.3,NA,Unknown,Water level accuracy is unknown,1,Department of Water Resources,NA,785,Alta Irrigation District
16411,365160N1192601W001,1040790,1964-02-25T00:00:00Z,372.67,372.67,0,46.6,326.07,46.6,46.6,NA,Unknown,Water level accuracy is unknown,1,Department of Water Resources,NA,785,Alta Irrigation District
16411,365160N1192601W001,1040789,1963-02-26T00:00:00Z,372.67,372.67,0,57.9,314.77,57.9,57.9,NA,Unknown,Water level accuracy is unknown,1,Department of Water Resources,NA,785,Alta Irrigation District
16411,365160N1192601W001,1040788,1962-02-24T00:00:00Z,372.67,372.67,0,71.1,301.57,71.1,71.1,NA,Unknown,Water level accuracy is unknown,1,Department of Water Resources,NA,785,Alta Irrigation District
16411,365160N1192601W001,1040787,1961-09-27T00:00:00Z,372.67,372.67,0,77.4,295.27,77.4,77.4,NA,Unknown,Water level accuracy is unknown,1,Department of Water Resources,NA,785,Alta Irrigation District
16411,365160N1192601W001,1040786,1961-02-25T00:00:00Z,372.67,372.67,0,58,314.67,58,58,NA,Unknown,Water level accuracy is unknown,1,Department of Water Resources,NA,785,Alta Irrigation District
16411,365160N1192601W001,1040785,1960-10-27T00:00:00Z,372.67,372.67,0,68.2,304.47,68.2,68.2,NA,Unknown,Water level accuracy is unknown,1,Department of Water Resources,NA,785,Alta Irrigation District
16411,365160N1192601W001,1040784,1960-02-26T00:00:00Z,372.67,372.67,0,45.3,327.37,45.3,45.3,NA,Unknown,Water level accuracy is unknown,1,Department of Water Resources,NA,785,Alta Irrigation District
16411,365160N1192601W001,1040783,1959-09-28T00:00:00Z,372.67,372.67,0,50.4,322.27,50.4,50.4,NA,Unknown,Water level accuracy is unknown,1,Department of Water Resources,NA,785,Alta Irrigation District
16411,365160N1192601W001,1040782,1959-02-26T00:00:00Z,372.67,372.67,0,26,346.67,26,26,NA,Unknown,Water level accuracy is unknown,1,Department of Water Resources,NA,785,Alta Irrigation District
16411,365160N1192601W001,1040781,1958-10-01T00:00:00Z,372.67,372.67,0,23.7,348.97,23.7,23.7,NA,Unknown,Water level accuracy is unknown,1,Department of Water Resources,NA,785,Alta Irrigation District
16411,365160N1192601W001,1040780,1958-02-26T00:00:00Z,372.67,372.67,0,39,333.67,39,39,NA,Unknown,Water level accuracy is unknown,1,Department of Water Resources,NA,785,Alta Irrigation District
16411,365160N1192601W001,1040779,1958-01-29T00:00:00Z,372.67,372.67,0,39.3,333.37,39.3,39.3,NA,Unknown,Water level accuracy is unknown,1,Department of Water Resources,NA,785,Alta Irrigation District
16411,365160N1192601W001,1040778,1957-12-30T00:00:00Z,372.67,372.67,0,39.6,333.07,39.6,39.6,NA,Unknown,Water level accuracy is unknown,1,Department of Water Resources,NA,785,Alta Irrigation District
16411,365160N1192601W001,1040777,1957-11-30T00:00:00Z,372.67,372.67,0,40.7,331.97,40.7,40.7,NA,Unknown,Water level accuracy is unknown,1,Department of Water Resources,NA,785,Alta Irrigation District
16411,365160N1192601W001,1040776,1957-10-29T00:00:00Z,372.67,372.67,0,41.8,330.87,41.8,41.8,NA,Unknown,Water level accuracy is unknown,1,Department of Water Resources,NA,785,Alta Irrigation District
16411,365160N1192601W001,1040775,1957-09-27T00:00:00Z,372.67,372.67,0,43,329.67,43,43,NA,Unknown,Water level accuracy is unknown,1,Department of Water Resources,NA,785,Alta Irrigation District
16411,365160N1192601W001,1040774,1957-08-28T00:00:00Z,372.67,372.67,0,39.1,333.57,39.1,39.1,NA,Unknown,Water level accuracy is unknown,1,Department of Water Resources,NA,785,Alta Irrigation District
16411,365160N1192601W001,1040773,1957-07-30T00:00:00Z,372.67,372.67,0,40.2,332.47,40.2,40.2,NA,Unknown,Water level accuracy is unknown,1,Department of Water Resources,NA,785,Alta Irrigation District
16411,365160N1192601W001,1040772,1957-04-26T00:00:00Z,372.67,372.67,0,45.7,326.97,45.7,45.7,NA,Unknown,Water level accuracy is unknown,1,Department of Water Resources,NA,785,Alta Irrigation District
16411,365160N1192601W001,1040771,1957-02-26T00:00:00Z,372.67,372.67,0,41.6,331.07,41.6,41.6,NA,Unknown,Water level accuracy is unknown,1,Department of Water Resources,NA,785,Alta Irrigation District
16411,365160N1192601W001,1040770,1956-10-29T00:00:00Z,372.67,372.67,0,42.8,329.87,42.8,42.8,NA,Unknown,Water level accuracy is unknown,1,Department of Water Resources,NA,785,Alta Irrigation District
16411,365160N1192601W001,1040769,1956-07-30T00:00:00Z,372.67,372.67,0,48.5,324.17,48.5,48.5,NA,Unknown,Water level accuracy is unknown,1,Department of Water Resources,NA,785,Alta Irrigation District
16411,365160N1192601W001,1040768,1956-03-31T00:00:00Z,372.67,372.67,0,57.1,315.57,57.1,57.1,NA,Unknown,Water level accuracy is unknown,1,Department of Water Resources,NA,785,Alta Irrigation District
16411,365160N1192601W001,1040767,1956-02-29T00:00:00Z,372.67,372.67,0,57.9,314.77,57.9,57.9,NA,Unknown,Water level accuracy is unknown,1,Department of Water Resources,NA,785,Alta Irrigation District
16411,365160N1192601W001,1040766,1956-02-01T00:00:00Z,372.67,372.67,0,59.5,313.17,59.5,59.5,NA,Unknown,Water level accuracy is unknown,1,Department of Water Resources,NA,785,Alta Irrigation District
16411,365160N1192601W001,1040765,1956-01-03T00:00:00Z,372.67,372.67,0,60.5,312.17,60.5,60.5,NA,Unknown,Water level accuracy is unknown,1,Department of Water Resources,NA,785,Alta Irrigation District
16411,365160N1192601W001,1040764,1955-12-02T00:00:00Z,372.67,372.67,0,63.5,309.17,63.5,63.5,NA,Unknown,Water level accuracy is unknown,1,Department of Water Resources,NA,785,Alta Irrigation District
16411,365160N1192601W001,1040763,1955-10-31T00:00:00Z,372.67,372.67,0,66.3,306.37,66.3,66.3,NA,Unknown,Water level accuracy is unknown,1,Department of Water Resources,NA,785,Alta Irrigation District
16411,365160N1192601W001,1040762,1955-10-01T00:00:00Z,372.67,372.67,0,67.2,305.47,67.2,67.2,NA,Unknown,Water level accuracy is unknown,1,Department of Water Resources,NA,785,Alta Irrigation District
16411,365160N1192601W001,1040761,1955-08-31T00:00:00Z,372.67,372.67,0,67,305.67,67,67,NA,Unknown,Water level accuracy is unknown,1,Department of Water Resources,NA,785,Alta Irrigation District
16411,365160N1192601W001,1040760,1955-06-27T00:00:00Z,372.67,372.67,0,58.8,313.87,58.8,58.8,NA,Unknown,Water level accuracy is unknown,1,Department of Water Resources,NA,785,Alta Irrigation District
16411,365160N1192601W001,1040759,1955-04-25T00:00:00Z,372.67,372.67,0,58.8,313.87,58.8,58.8,NA,Unknown,Water level accuracy is unknown,1,Department of Water Resources,NA,785,Alta Irrigation District
16411,365160N1192601W001,1040758,1955-03-31T00:00:00Z,372.67,372.67,0,54.3,318.37,54.3,54.3,NA,Unknown,Water level accuracy is unknown,1,Department of Water Resources,NA,785,Alta Irrigation District
16411,365160N1192601W001,1040757,1955-02-28T00:00:00Z,372.67,372.67,0,54.3,318.37,54.3,54.3,NA,Unknown,Water level accuracy is unknown,1,Department of Water Resources,NA,785,Alta Irrigation District
16411,365160N1192601W001,1040756,1955-01-27T00:00:00Z,372.67,372.67,0,55,317.67,55,55,NA,Unknown,Water level accuracy is unknown,1,Department of Water Resources,NA,785,Alta Irrigation District
16411,365160N1192601W001,1040755,1954-12-01T00:00:00Z,372.67,372.67,0,56.6,316.07,56.6,56.6,NA,Unknown,Water level accuracy is unknown,1,Department of Water Resources,NA,785,Alta Irrigation District
16411,365160N1192601W001,1040754,1954-11-05T00:00:00Z,372.67,372.67,0,57.9,314.77,57.9,57.9,NA,Unknown,Water level accuracy is unknown,1,Department of Water Resources,NA,785,Alta Irrigation District
16411,365160N1192601W001,1040753,1954-10-06T00:00:00Z,372.67,372.67,0,58.3,314.37,58.3,58.3,NA,Unknown,Water level accuracy is unknown,1,Department of Water Resources,NA,785,Alta Irrigation District
16411,365160N1192601W001,1040752,1954-06-04T00:00:00Z,372.67,372.67,0,52.2,320.47,52.2,52.2,NA,Unknown,Water level accuracy is unknown,1,Department of Water Resources,NA,785,Alta Irrigation District
16411,365160N1192601W001,1040751,1954-03-03T00:00:00Z,372.67,372.67,0,53.2,319.47,53.2,53.2,NA,Unknown,Water level accuracy is unknown,1,Department of Water Resources,NA,785,Alta Irrigation District
16411,365160N1192601W001,1040750,1954-01-08T00:00:00Z,372.67,372.67,0,54.3,318.37,54.3,54.3,NA,Unknown,Water level accuracy is unknown,1,Department of Water Resources,NA,785,Alta Irrigation District
16411,365160N1192601W001,1040749,1953-12-03T00:00:00Z,372.67,372.67,0,55.7,316.97,55.7,55.7,NA,Unknown,Water level accuracy is unknown,1,Department of Water Resources,NA,785,Alta Irrigation District
16411,365160N1192601W001,1040748,1953-10-05T00:00:00Z,372.67,372.67,0,57.5,315.17,57.5,57.5,NA,Unknown,Water level accuracy is unknown,1,Department of Water Resources,NA,785,Alta Irrigation District
16411,365160N1192601W001,1040747,1953-09-09T00:00:00Z,372.67,372.67,0,60.5,312.17,60.5,60.5,NA,Unknown,Water level accuracy is unknown,1,Department of Water Resources,NA,785,Alta Irrigation District
16411,365160N1192601W001,1040746,1953-06-04T00:00:00Z,372.67,372.67,0,55.4,317.27,55.4,55.4,NA,Unknown,Water level accuracy is unknown,1,Department of Water Resources,NA,785,Alta Irrigation District
16411,365160N1192601W001,1040745,1953-05-02T00:00:00Z,372.67,372.67,0,58.4,314.27,58.4,58.4,NA,Unknown,Water level accuracy is unknown,1,Department of Water Resources,NA,785,Alta Irrigation District
16411,365160N1192601W001,1040744,1953-04-02T00:00:00Z,372.67,372.67,0,58,314.67,58,58,NA,Unknown,Water level accuracy is unknown,1,Department of Water Resources,NA,785,Alta Irrigation District
16411,365160N1192601W001,1040743,1953-03-04T00:00:00Z,372.67,372.67,0,52.8,319.87,52.8,52.8,NA,Unknown,Water level accuracy is unknown,1,Department of Water Resources,NA,785,Alta Irrigation District
16411,365160N1192601W001,1040742,1953-01-05T00:00:00Z,372.67,372.67,0,53.9,318.77,53.9,53.9,NA,Unknown,Water level accuracy is unknown,1,Department of Water Resources,NA,785,Alta Irrigation District
16411,365160N1192601W001,1040741,1952-12-04T00:00:00Z,372.67,372.67,0,55.2,317.47,55.2,55.2,NA,Unknown,Water level accuracy is unknown,1,Department of Water Resources,NA,785,Alta Irrigation District
16411,365160N1192601W001,1040740,1952-11-03T00:00:00Z,372.67,372.67,0,56.6,316.07,56.6,56.6,NA,Unknown,Water level accuracy is unknown,1,Department of Water Resources,NA,785,Alta Irrigation District
16411,365160N1192601W001,1040739,1952-10-07T00:00:00Z,372.67,372.67,0,58.2,314.47,58.2,58.2,NA,Unknown,Water level accuracy is unknown,1,Department of Water Resources,NA,785,Alta Irrigation District
16411,365160N1192601W001,1040738,1952-09-05T00:00:00Z,372.67,372.67,0,62,310.67,62,62,NA,Unknown,Water level accuracy is unknown,1,Department of Water Resources,NA,785,Alta Irrigation District
16411,365160N1192601W001,1040737,1952-06-02T00:00:00Z,372.67,372.67,0,66,306.67,66,66,NA,Unknown,Water level accuracy is unknown,1,Department of Water Resources,NA,785,Alta Irrigation District
16411,365160N1192601W001,1040736,1952-04-02T00:00:00Z,372.67,372.67,0,68.1,304.57,68.1,68.1,NA,Unknown,Water level accuracy is unknown,1,Department of Water Resources,NA,785,Alta Irrigation District
16411,365160N1192601W001,1040735,1952-02-06T00:00:00Z,372.67,372.67,0,71.8,300.87,71.8,71.8,NA,Unknown,Water level accuracy is unknown,1,Department of Water Resources,NA,785,Alta Irrigation District
16411,365160N1192601W001,1040734,1952-01-05T00:00:00Z,372.67,372.67,0,73.6,299.07,73.6,73.6,NA,Unknown,Water level accuracy is unknown,1,Department of Water Resources,NA,785,Alta Irrigation District
16411,365160N1192601W001,1040733,1951-12-07T00:00:00Z,372.67,372.67,0,75.2,297.47,75.2,75.2,NA,Unknown,Water level accuracy is unknown,1,Department of Water Resources,NA,785,Alta Irrigation District
16411,365160N1192601W001,1040732,1951-10-31T00:00:00Z,372.67,372.67,0,78.1,294.57,78.1,78.1,NA,Unknown,Water level accuracy is unknown,1,Department of Water Resources,NA,785,Alta Irrigation District
16411,365160N1192601W001,1040731,1951-10-05T00:00:00Z,372.67,372.67,0,81.7,290.97,81.7,81.7,NA,Unknown,Water level accuracy is unknown,1,Department of Water Resources,NA,785,Alta Irrigation District
16411,365160N1192601W001,1040730,1951-08-02T00:00:00Z,372.67,372.67,0,73.9,298.77,73.9,73.9,NA,Unknown,Water level accuracy is unknown,1,Department of Water Resources,NA,785,Alta Irrigation District
16411,365160N1192601W001,1040729,1951-05-01T00:00:00Z,372.67,372.67,0,70.9,301.77,70.9,70.9,NA,Unknown,Water level accuracy is unknown,1,Department of Water Resources,NA,785,Alta Irrigation District
16411,365160N1192601W001,1040728,1951-03-30T00:00:00Z,372.67,372.67,0,64.6,308.07,64.6,64.6,NA,Unknown,Water level accuracy is unknown,1,Department of Water Resources,NA,785,Alta Irrigation District
16411,365160N1192601W001,1040727,1951-02-05T00:00:00Z,372.67,372.67,0,66.5,306.17,66.5,66.5,NA,Unknown,Water level accuracy is unknown,1,Department of Water Resources,NA,785,Alta Irrigation District
16411,365160N1192601W001,1040726,1951-01-06T00:00:00Z,372.67,372.67,0,68.8,303.87,68.8,68.8,NA,Unknown,Water level accuracy is unknown,1,Department of Water Resources,NA,785,Alta Irrigation District
16411,365160N1192601W001,1040725,1950-12-08T00:00:00Z,372.67,372.67,0,71.2,301.47,71.2,71.2,NA,Unknown,Water level accuracy is unknown,1,Department of Water Resources,NA,785,Alta Irrigation District
16411,365160N1192601W001,1040724,1950-10-25T00:00:00Z,372.67,372.67,0,75.1,297.57,75.1,75.1,NA,Unknown,Water level accuracy is unknown,1,Department of Water Resources,NA,785,Alta Irrigation District
16411,365160N1192601W001,1040723,1950-10-03T00:00:00Z,372.67,372.67,0,75.3,297.37,75.3,75.3,NA,Unknown,Water level accuracy is unknown,1,Department of Water Resources,NA,785,Alta Irrigation District
16411,365160N1192601W001,1040722,1950-09-07T00:00:00Z,372.67,372.67,0,74.4,298.27,74.4,74.4,NA,Unknown,Water level accuracy is unknown,1,Department of Water Resources,NA,785,Alta Irrigation District
16411,365160N1192601W001,1040721,1950-06-02T00:00:00Z,372.67,372.67,0,60.1,312.57,60.1,60.1,NA,Unknown,Water level accuracy is unknown,1,Department of Water Resources,NA,785,Alta Irrigation District
16411,365160N1192601W001,1040720,1950-04-11T00:00:00Z,372.67,372.67,0,62.6,310.07,62.6,62.6,NA,Unknown,Water level accuracy is unknown,1,Department of Water Resources,NA,785,Alta Irrigation District
16411,365160N1192601W001,1040719,1950-03-04T00:00:00Z,372.67,372.67,0,61.4,311.27,61.4,61.4,NA,Unknown,Water level accuracy is unknown,1,Department of Water Resources,NA,785,Alta Irrigation District
16411,365160N1192601W001,1040718,1950-01-09T00:00:00Z,372.67,372.67,0,65.6,307.07,65.6,65.6,NA,Unknown,Water level accuracy is unknown,1,Department of Water Resources,NA,785,Alta Irrigation District
16411,365160N1192601W001,1040717,1949-12-02T00:00:00Z,372.67,372.67,0,67.7,304.97,67.7,67.7,NA,Unknown,Water level accuracy is unknown,1,Department of Water Resources,NA,785,Alta Irrigation District
16411,365160N1192601W001,1040716,1949-11-07T00:00:00Z,372.67,372.67,0,71.2,301.47,71.2,71.2,NA,Unknown,Water level accuracy is unknown,1,Department of Water Resources,NA,785,Alta Irrigation District
16411,365160N1192601W001,1040715,1949-08-06T00:00:00Z,372.67,372.67,0,65.9,306.77,65.9,65.9,NA,Unknown,Water level accuracy is unknown,1,Department of Water Resources,NA,785,Alta Irrigation District
