STN_ID,SITE_CODE,WLM_ID,MSMT_DATE,WLM_RPE,WLM_GSE,RDNG_WS,RDNG_RP,WSE,RPE_WSE,GSE_WSE,WLM_QA_DESC,WLM_DESC,WLM_ACC_DESC,WLM_ORG_ID,WLM_ORG_NAME,MSMT_CMT,COOP_AGENCY_ORG_ID,COOP_ORG_NAME
16834,365492N1203979W001,1016718,1972-01-06T00:00:00Z,305.72,304.72,0,381,-75.28,381,380,NA,Unknown,Water level accuracy is unknown,1,Department of Water Resources,NA,1,Department of Water Resources
16834,365492N1203979W001,1016717,1968-12-17T00:00:00Z,305.72,304.72,0,518,-212.28,518,517,NA,Unknown,Water level accuracy is unknown,1,Department of Water Resources,NA,1,Department of Water Resources
16834,365492N1203979W001,1016716,1967-12-22T00:00:00Z,305.72,304.72,NA,NA,NA,NA,NA,Pumping,NA,NA,1,Department of Water Resources,NA,1,Department of Water Resources
16834,365492N1203979W001,1016715,1967-01-04T00:00:00Z,305.72,304.72,NA,NA,NA,NA,NA,Pumping,NA,NA,1,Department of Water Resources,NA,1,Department of Water Resources
16834,365492N1203979W001,1016714,1965-12-28T00:00:00Z,305.72,304.72,NA,NA,NA,NA,NA,Pumping,NA,NA,1,Department of Water Resources,NA,1,Department of Water Resources
16834,365492N1203979W001,1016713,1965-12-18T00:00:00Z,305.72,304.72,NA,NA,NA,NA,NA,Pumping,NA,NA,1,Department of Water Resources,NA,1,Department of Water Resources
16834,365492N1203979W001,1016712,1964-12-16T00:00:00Z,305.72,304.72,NA,NA,NA,NA,NA,Pumping,NA,NA,1,Department of Water Resources,NA,1,Department of Water Resources
16834,365492N1203979W001,1016711,1963-12-20T00:00:00Z,305.72,304.72,0,500,-194.28,500,499,NA,Unknown,Water level accuracy is unknown,1,Department of Water Resources,NA,1,Department of Water Resources
16834,365492N1203979W001,1016710,1962-03-27T00:00:00Z,305.72,304.72,NA,NA,NA,NA,NA,Pumping,NA,NA,1,Department of Water Resources,NA,1,Department of Water Resources
