STN_ID,SITE_CODE,WLM_ID,MSMT_DATE,WLM_RPE,WLM_GSE,RDNG_WS,RDNG_RP,WSE,RPE_WSE,GSE_WSE,WLM_QA_DESC,WLM_DESC,WLM_ACC_DESC,WLM_ORG_ID,WLM_ORG_NAME,MSMT_CMT,COOP_AGENCY_ORG_ID,COOP_ORG_NAME
17041,389142N1213590W001,1085112,2003-10-29T00:00:00Z,115.33,114.83,NA,NA,NA,NA,NA,Temporarily inaccessible,NA,NA,1,Department of Water Resources,NA,1,Department of Water Resources
17041,389142N1213590W001,1085111,2003-03-27T00:00:00Z,115.33,114.83,NA,NA,NA,NA,NA,Temporarily inaccessible,NA,NA,1,Department of Water Resources,NA,1,Department of Water Resources
17041,389142N1213590W001,1085110,2002-10-30T00:00:00Z,115.33,114.83,NA,NA,NA,NA,NA,Temporarily inaccessible,NA,NA,1,Department of Water Resources,NA,1,Department of Water Resources
17041,389142N1213590W001,1085109,2002-04-08T00:00:00Z,115.33,114.83,NA,NA,NA,NA,NA,Temporarily inaccessible,NA,NA,1,Department of Water Resources,NA,1,Department of Water Resources
17041,389142N1213590W001,1085108,2001-11-05T00:00:00Z,115.33,114.83,NA,NA,NA,NA,NA,Temporarily inaccessible,NA,NA,1,Department of Water Resources,NA,1,Department of Water Resources
17041,389142N1213590W001,1085107,2001-05-04T00:00:00Z,115.33,114.83,NA,NA,NA,NA,NA,Temporarily inaccessible,NA,NA,1,Department of Water Resources,GATE LOCKED,1,Department of Water Resources
17041,389142N1213590W001,1085101,2000-12-04T00:00:00Z,115.33,114.83,NA,NA,NA,NA,NA,Temporarily inaccessible,NA,NA,1,Department of Water Resources,NA,1,Department of Water Resources
17041,389142N1213590W001,1085100,2000-03-24T00:00:00Z,115.33,114.83,NA,NA,NA,NA,NA,Temporarily inaccessible,NA,NA,1,Department of Water Resources,NA,1,Department of Water Resources
17041,389142N1213590W001,1085099,1999-11-17T00:00:00Z,115.33,114.83,0,40.5,74.83,40.5,40,NA,Unknown,Water level accuracy is unknown,1,Department of Water Resources,NA,1,Department of Water Resources
17041,389142N1213590W001,1085098,1999-04-15T00:00:00Z,115.33,114.83,NA,NA,NA,NA,NA,Temporarily inaccessible,NA,NA,1,Department of Water Resources,GATE LOCKED,1,Department of Water Resources
17041,389142N1213590W001,1085106,1998-11-13T00:00:00Z,115.33,114.83,0,39.9,75.43,39.9,39.4,NA,Unknown,Water level accuracy is unknown,1,Department of Water Resources,NA,1,Department of Water Resources
17041,389142N1213590W001,1085105,1998-04-20T00:00:00Z,115.33,114.83,0,34.7,80.63,34.7,34.2,NA,Unknown,Water level accuracy is unknown,1,Department of Water Resources,NA,1,Department of Water Resources
17041,389142N1213590W001,1085104,1997-10-29T00:00:00Z,115.33,114.83,0,45.1,70.23,45.1,44.6,NA,Unknown,Water level accuracy is unknown,1,Department of Water Resources,NA,1,Department of Water Resources
17041,389142N1213590W001,1085103,1997-03-20T00:00:00Z,115.33,114.83,0,36.9,78.43,36.9,36.4,NA,Unknown,Water level accuracy is unknown,1,Department of Water Resources,NA,1,Department of Water Resources
17041,389142N1213590W001,1085102,1996-11-21T00:00:00Z,115.33,114.83,NA,NA,NA,NA,NA,Temporarily inaccessible,NA,NA,1,Department of Water Resources,GATE LOCKED,1,Department of Water Resources
17041,389142N1213590W001,1085097,1996-04-18T00:00:00Z,115.33,114.83,NA,NA,NA,NA,NA,Temporarily inaccessible,NA,NA,1,Department of Water Resources,GATE LOCKED,1,Department of Water Resources
17041,389142N1213590W001,1085096,1995-11-06T00:00:00Z,115.33,114.83,0,44.4,70.93,44.4,43.9,NA,Unknown,Water level accuracy is unknown,1,Department of Water Resources,NA,1,Department of Water Resources
17041,389142N1213590W001,1085095,1995-04-21T00:00:00Z,115.33,114.83,0,37.9,77.43,37.9,37.4,NA,Unknown,Water level accuracy is unknown,1,Department of Water Resources,NA,1,Department of Water Resources
17041,389142N1213590W001,1085094,1994-12-07T00:00:00Z,115.33,114.83,0,43.8,71.53,43.8,43.3,NA,Unknown,Water level accuracy is unknown,1,Department of Water Resources,NA,1,Department of Water Resources
17041,389142N1213590W001,1085093,1994-03-14T00:00:00Z,115.33,114.83,0,39,76.33,39,38.5,Oil or foreign substance in casing,Unknown,Water level accuracy is unknown,1,Department of Water Resources,NA,1,Department of Water Resources
17041,389142N1213590W001,1085092,1993-11-16T00:00:00Z,115.33,114.83,0,45,70.33,45,44.5,NA,Unknown,Water level accuracy is unknown,1,Department of Water Resources,NA,1,Department of Water Resources
17041,389142N1213590W001,1085091,1993-04-27T00:00:00Z,115.33,114.83,0,36.6,78.73,36.6,36.1,NA,Unknown,Water level accuracy is unknown,1,Department of Water Resources,NA,1,Department of Water Resources
17041,389142N1213590W001,1085090,1993-01-05T00:00:00Z,115.33,114.83,0,42,73.33,42,41.5,NA,Unknown,Water level accuracy is unknown,1,Department of Water Resources,NA,1,Department of Water Resources
17041,389142N1213590W001,1085089,1992-04-29T00:00:00Z,115.33,114.83,0,38.8,76.53,38.8,38.3,NA,Unknown,Water level accuracy is unknown,1,Department of Water Resources,NA,1,Department of Water Resources
17041,389142N1213590W001,1085088,1991-04-05T00:00:00Z,115.33,114.83,0,35.5,79.83,35.5,35,NA,Unknown,Water level accuracy is unknown,1,Department of Water Resources,NA,1,Department of Water Resources
17041,389142N1213590W001,1085087,1990-10-24T00:00:00Z,115.33,114.83,0,44.4,70.93,44.4,43.9,NA,Unknown,Water level accuracy is unknown,1,Department of Water Resources,NA,1,Department of Water Resources
17041,389142N1213590W001,1085083,1990-04-02T00:00:00Z,115.33,114.83,0,37.7,77.63,37.7,37.2,NA,Unknown,Water level accuracy is unknown,1,Department of Water Resources,NA,1,Department of Water Resources
17041,389142N1213590W001,1085086,1989-10-18T00:00:00Z,115.33,114.83,0,41.7,73.63,41.7,41.2,NA,Unknown,Water level accuracy is unknown,1,Department of Water Resources,NA,1,Department of Water Resources
17041,389142N1213590W001,1085085,1989-04-07T00:00:00Z,115.33,114.83,0,37.1,78.23,37.1,36.6,NA,Unknown,Water level accuracy is unknown,1,Department of Water Resources,NA,1,Department of Water Resources
17041,389142N1213590W001,1085084,1988-10-21T00:00:00Z,115.33,114.83,0,44,71.33,44,43.5,NA,Unknown,Water level accuracy is unknown,1,Department of Water Resources,NA,1,Department of Water Resources
17041,389142N1213590W001,1085082,1988-03-18T00:00:00Z,115.33,114.83,0,38.6,76.73,38.6,38.1,NA,Unknown,Water level accuracy is unknown,1,Department of Water Resources,NA,1,Department of Water Resources
17041,389142N1213590W001,1085081,1987-10-23T00:00:00Z,115.33,114.83,0,45.1,70.23,45.1,44.6,NA,Unknown,Water level accuracy is unknown,1,Department of Water Resources,NA,1,Department of Water Resources
17041,389142N1213590W001,1085080,1987-03-27T00:00:00Z,115.33,114.83,0,37.6,77.73,37.6,37.1,NA,Unknown,Water level accuracy is unknown,1,Department of Water Resources,NA,1,Department of Water Resources
17041,389142N1213590W001,1085079,1986-11-03T00:00:00Z,115.33,114.83,0,42.8,72.53,42.8,42.3,NA,Unknown,Water level accuracy is unknown,1,Department of Water Resources,NA,1,Department of Water Resources
17041,389142N1213590W001,1085078,1986-04-11T00:00:00Z,115.33,114.83,0,37.2,78.13,37.2,36.7,NA,Unknown,Water level accuracy is unknown,1,Department of Water Resources,NA,1,Department of Water Resources
17041,389142N1213590W001,1085077,1985-10-22T00:00:00Z,115.33,114.83,0,48.1,67.23,48.1,47.6,NA,Unknown,Water level accuracy is unknown,1,Department of Water Resources,NA,1,Department of Water Resources
17041,389142N1213590W001,1085076,1985-03-29T00:00:00Z,115.33,114.83,0,38.9,76.43,38.9,38.4,NA,Unknown,Water level accuracy is unknown,1,Department of Water Resources,NA,1,Department of Water Resources
17041,389142N1213590W001,1085075,1984-10-25T00:00:00Z,115.33,114.83,0,47.2,68.13,47.2,46.7,NA,Unknown,Water level accuracy is unknown,1,Department of Water Resources,NA,1,Department of Water Resources
17041,389142N1213590W001,1085074,1984-03-28T00:00:00Z,115.33,114.83,0,37.5,77.83,37.5,37,NA,Unknown,Water level accuracy is unknown,1,Department of Water Resources,NA,1,Department of Water Resources
17041,389142N1213590W001,1085073,1983-10-20T00:00:00Z,115.33,114.83,0,46,69.33,46,45.5,NA,Unknown,Water level accuracy is unknown,1,Department of Water Resources,NA,1,Department of Water Resources
17041,389142N1213590W001,1085072,1983-04-25T00:00:00Z,115.33,114.83,0,41.1,74.23,41.1,40.6,NA,Unknown,Water level accuracy is unknown,1,Department of Water Resources,NA,1,Department of Water Resources
17041,389142N1213590W001,1085071,1982-10-27T00:00:00Z,115.33,114.83,0,53.3,62.03,53.3,52.8,NA,Unknown,Water level accuracy is unknown,1,Department of Water Resources,NA,1,Department of Water Resources
17041,389142N1213590W001,1085070,1982-03-26T00:00:00Z,115.33,114.83,0,47.2,68.13,47.2,46.7,NA,Unknown,Water level accuracy is unknown,1,Department of Water Resources,NA,1,Department of Water Resources
17041,389142N1213590W001,1085069,1981-10-28T00:00:00Z,115.33,114.83,0,57.7,57.63,57.7,57.2,NA,Unknown,Water level accuracy is unknown,1,Department of Water Resources,NA,1,Department of Water Resources
17041,389142N1213590W001,1085068,1981-10-14T00:00:00Z,115.33,114.83,NA,NA,NA,NA,NA,Pump house locked,NA,NA,1,Department of Water Resources,NA,1,Department of Water Resources
17041,389142N1213590W001,1085067,1981-04-02T00:00:00Z,115.33,114.83,NA,NA,NA,NA,NA,Pump house locked,NA,NA,1,Department of Water Resources,NA,1,Department of Water Resources
17041,389142N1213590W001,1085066,1980-10-16T00:00:00Z,115.33,114.83,0,59.9,55.43,59.9,59.4,NA,Unknown,Water level accuracy is unknown,1,Department of Water Resources,NA,1,Department of Water Resources
17041,389142N1213590W001,1085065,1980-04-03T00:00:00Z,115.33,114.83,0,48.3,67.03,48.3,47.8,NA,Unknown,Water level accuracy is unknown,1,Department of Water Resources,NA,1,Department of Water Resources
17041,389142N1213590W001,1085064,1979-10-26T00:00:00Z,115.33,114.83,0,56.3,59.03,56.3,55.8,NA,Unknown,Water level accuracy is unknown,1,Department of Water Resources,NA,1,Department of Water Resources
17041,389142N1213590W001,1085063,1979-04-04T00:00:00Z,115.33,114.83,0,47.1,68.23,47.1,46.6,NA,Unknown,Water level accuracy is unknown,1,Department of Water Resources,NA,1,Department of Water Resources
17041,389142N1213590W001,1085062,1978-10-12T00:00:00Z,115.33,114.83,0,59.9,55.43,59.9,59.4,NA,Unknown,Water level accuracy is unknown,1,Department of Water Resources,NA,1,Department of Water Resources
17041,389142N1213590W001,1085061,1978-03-22T00:00:00Z,115.33,114.83,0,47,68.33,47,46.5,NA,Unknown,Water level accuracy is unknown,1,Department of Water Resources,NA,1,Department of Water Resources
17041,389142N1213590W001,1085060,1977-10-12T00:00:00Z,115.33,114.83,0,57.7,57.63,57.7,57.2,NA,Unknown,Water level accuracy is unknown,1,Department of Water Resources,NA,1,Department of Water Resources
17041,389142N1213590W001,1085059,1977-03-11T00:00:00Z,115.33,114.83,0,43.8,71.53,43.8,43.3,NA,Unknown,Water level accuracy is unknown,1,Department of Water Resources,NA,1,Department of Water Resources
17041,389142N1213590W001,1085058,1976-11-29T00:00:00Z,115.33,114.83,0,46.1,69.23,46.1,45.6,NA,Unknown,Water level accuracy is unknown,1,Department of Water Resources,NA,1,Department of Water Resources
17041,389142N1213590W001,1085057,1976-03-11T00:00:00Z,115.33,114.83,0,37.9,77.43,37.9,37.4,NA,Unknown,Water level accuracy is unknown,1,Department of Water Resources,NA,1,Department of Water Resources
17041,389142N1213590W001,1085056,1975-10-14T00:00:00Z,115.33,114.83,0,45,70.33,45,44.5,NA,Unknown,Water level accuracy is unknown,1,Department of Water Resources,NA,1,Department of Water Resources
17041,389142N1213590W001,1085055,1975-03-25T00:00:00Z,115.33,114.83,0,36,79.33,36,35.5,NA,Unknown,Water level accuracy is unknown,1,Department of Water Resources,NA,1,Department of Water Resources
17041,389142N1213590W001,1085054,1974-10-11T00:00:00Z,115.33,114.83,0,46.1,69.23,46.1,45.6,NA,Unknown,Water level accuracy is unknown,1,Department of Water Resources,NA,1,Department of Water Resources
17041,389142N1213590W001,1085053,1974-03-14T00:00:00Z,115.33,114.83,0,37.1,78.23,37.1,36.6,NA,Unknown,Water level accuracy is unknown,1,Department of Water Resources,NA,1,Department of Water Resources
17041,389142N1213590W001,1085052,1973-10-11T00:00:00Z,115.33,114.83,0,46.2,69.13,46.2,45.7,NA,Unknown,Water level accuracy is unknown,1,Department of Water Resources,NA,1,Department of Water Resources
17041,389142N1213590W001,1085051,1973-03-13T00:00:00Z,115.33,114.83,0,38,77.33,38,37.5,NA,Unknown,Water level accuracy is unknown,1,Department of Water Resources,NA,1,Department of Water Resources
17041,389142N1213590W001,1085050,1972-10-16T00:00:00Z,115.33,114.83,0,46.1,69.23,46.1,45.6,NA,Unknown,Water level accuracy is unknown,1,Department of Water Resources,NA,1,Department of Water Resources
17041,389142N1213590W001,1085049,1972-03-09T00:00:00Z,115.33,114.83,0,39.7,75.63,39.7,39.2,NA,Unknown,Water level accuracy is unknown,1,Department of Water Resources,NA,466,Placer County
17041,389142N1213590W001,1085048,1971-10-09T00:00:00Z,115.33,114.83,0,50,65.33,50,49.5,NA,Unknown,Water level accuracy is unknown,1,Department of Water Resources,NA,466,Placer County
17041,389142N1213590W001,1085047,1971-03-19T00:00:00Z,115.33,114.83,0,37.7,77.63,37.7,37.2,NA,Unknown,Water level accuracy is unknown,1,Department of Water Resources,NA,466,Placer County
17041,389142N1213590W001,1085046,1970-10-23T00:00:00Z,115.33,114.83,NA,NA,NA,NA,NA,Casing leaking or wet,NA,NA,1,Department of Water Resources,NA,466,Placer County
17041,389142N1213590W001,1085045,1970-03-17T00:00:00Z,115.33,114.83,0,38.7,76.63,38.7,38.2,NA,Unknown,Water level accuracy is unknown,1,Department of Water Resources,NA,466,Placer County
17041,389142N1213590W001,1085044,1969-10-09T00:00:00Z,115.33,114.83,0,54,61.33,54,53.5,NA,Unknown,Water level accuracy is unknown,1,Department of Water Resources,NA,466,Placer County
17041,389142N1213590W001,1085043,1969-04-04T00:00:00Z,115.33,114.83,0,40.6,74.73,40.6,40.1,NA,Unknown,Water level accuracy is unknown,1,Department of Water Resources,NA,466,Placer County
17041,389142N1213590W001,1085042,1968-10-02T00:00:00Z,115.33,114.83,0,55.3,60.03,55.3,54.8,NA,Unknown,Water level accuracy is unknown,1,Department of Water Resources,NA,466,Placer County
17041,389142N1213590W001,1085041,1968-03-05T00:00:00Z,115.33,114.83,0,43.5,71.83,43.5,43,NA,Unknown,Water level accuracy is unknown,1,Department of Water Resources,NA,466,Placer County
17041,389142N1213590W001,1085040,1967-10-04T00:00:00Z,115.33,114.83,0,52.4,62.93,52.4,51.9,NA,Unknown,Water level accuracy is unknown,1,Department of Water Resources,NA,466,Placer County
17041,389142N1213590W001,1085039,1967-03-08T00:00:00Z,115.33,114.83,0,43.6,71.73,43.6,43.1,NA,Unknown,Water level accuracy is unknown,1,Department of Water Resources,NA,466,Placer County
17041,389142N1213590W001,1085038,1966-10-04T00:00:00Z,115.33,114.83,0,53.9,61.43,53.9,53.4,NA,Unknown,Water level accuracy is unknown,1,Department of Water Resources,NA,466,Placer County
17041,389142N1213590W001,1085037,1966-03-09T00:00:00Z,115.33,114.83,0,43,72.33,43,42.5,NA,Unknown,Water level accuracy is unknown,1,Department of Water Resources,NA,466,Placer County
17041,389142N1213590W001,1085036,1965-10-04T00:00:00Z,115.33,114.83,0,50.4,64.93,50.4,49.9,NA,Unknown,Water level accuracy is unknown,1,Department of Water Resources,NA,466,Placer County
17041,389142N1213590W001,1085035,1965-03-10T00:00:00Z,115.33,114.83,0,43.2,72.13,43.2,42.7,NA,Unknown,Water level accuracy is unknown,1,Department of Water Resources,NA,466,Placer County
17041,389142N1213590W001,1085034,1964-10-05T00:00:00Z,115.33,114.83,0,54.6,60.73,54.6,54.1,NA,Unknown,Water level accuracy is unknown,1,Department of Water Resources,NA,466,Placer County
17041,389142N1213590W001,1085033,1964-03-15T00:00:00Z,115.33,114.83,0,42.2,73.13,42.2,41.7,NA,Unknown,Water level accuracy is unknown,1,Department of Water Resources,NA,466,Placer County
17041,389142N1213590W001,1085032,1963-10-18T00:00:00Z,115.33,114.83,0,47.2,68.13,47.2,46.7,NA,Unknown,Water level accuracy is unknown,1,Department of Water Resources,NA,466,Placer County
17041,389142N1213590W001,1085031,1963-03-20T00:00:00Z,115.33,114.83,0,44.8,70.53,44.8,44.3,NA,Unknown,Water level accuracy is unknown,1,Department of Water Resources,NA,466,Placer County
17041,389142N1213590W001,1085030,1962-10-03T00:00:00Z,115.33,114.83,0,52.8,62.53,52.8,52.3,NA,Unknown,Water level accuracy is unknown,1,Department of Water Resources,NA,466,Placer County
17041,389142N1213590W001,1085029,1962-03-12T00:00:00Z,115.33,114.83,0,43.9,71.43,43.9,43.4,NA,Unknown,Water level accuracy is unknown,1,Department of Water Resources,NA,466,Placer County
17041,389142N1213590W001,1085028,1961-10-10T00:00:00Z,115.33,114.83,0,51.2,64.13,51.2,50.7,NA,Unknown,Water level accuracy is unknown,1,Department of Water Resources,NA,466,Placer County
17041,389142N1213590W001,1085027,1961-06-22T00:00:00Z,115.33,114.83,NA,NA,NA,NA,NA,Pumping,NA,NA,1,Department of Water Resources,NA,1,Department of Water Resources
17041,389142N1213590W001,1085026,1961-03-16T00:00:00Z,115.33,114.83,0,45.6,69.73,45.6,45.1,NA,Unknown,Water level accuracy is unknown,1,Department of Water Resources,NA,624,Bureau of Reclamation
17041,389142N1213590W001,1085025,1960-10-06T00:00:00Z,115.33,114.83,0,54.5,60.83,54.5,54,NA,Unknown,Water level accuracy is unknown,1,Department of Water Resources,NA,624,Bureau of Reclamation
17041,389142N1213590W001,1085024,1960-03-24T00:00:00Z,115.33,114.83,0,42.6,72.73,42.6,42.1,NA,Unknown,Water level accuracy is unknown,1,Department of Water Resources,NA,624,Bureau of Reclamation
17041,389142N1213590W001,1085023,1959-10-21T00:00:00Z,115.33,114.83,0,48.1,67.23,48.1,47.6,NA,Unknown,Water level accuracy is unknown,1,Department of Water Resources,NA,624,Bureau of Reclamation
17041,389142N1213590W001,1085022,1959-03-19T00:00:00Z,115.33,114.83,0,36.8,78.53,36.8,36.3,NA,Unknown,Water level accuracy is unknown,1,Department of Water Resources,NA,624,Bureau of Reclamation
17041,389142N1213590W001,1085021,1958-03-28T00:00:00Z,115.33,114.83,0,36.4,78.93,36.4,35.9,NA,Unknown,Water level accuracy is unknown,1,Department of Water Resources,NA,624,Bureau of Reclamation
17041,389142N1213590W001,1085020,1957-10-14T00:00:00Z,115.33,114.83,0,48.8,66.53,48.8,48.3,NA,Unknown,Water level accuracy is unknown,1,Department of Water Resources,NA,624,Bureau of Reclamation
17041,389142N1213590W001,1085019,1957-03-19T00:00:00Z,115.33,114.83,0,36.1,79.23,36.1,35.6,NA,Unknown,Water level accuracy is unknown,1,Department of Water Resources,NA,624,Bureau of Reclamation
17041,389142N1213590W001,1085018,1957-01-22T00:00:00Z,115.33,114.83,0,37.7,77.63,37.7,37.2,NA,Unknown,Water level accuracy is unknown,1,Department of Water Resources,NA,624,Bureau of Reclamation
