STN_ID,SITE_CODE,WLM_ID,MSMT_DATE,WLM_RPE,WLM_GSE,RDNG_WS,RDNG_RP,WSE,RPE_WSE,GSE_WSE,WLM_QA_DESC,WLM_DESC,WLM_ACC_DESC,WLM_ORG_ID,WLM_ORG_NAME,MSMT_CMT,COOP_AGENCY_ORG_ID,COOP_ORG_NAME
17082,363858N1202121W001,884246,1978-01-25T00:00:00Z,269.08,268.08,0,9,260.08,9,8,NA,Unknown,Water level accuracy is unknown,1,Department of Water Resources,NA,1079,U S FOREST SERVICE
17082,363858N1202121W001,884245,1976-10-14T00:00:00Z,269.08,268.08,0,8.4,260.68,8.4,7.4,NA,Unknown,Water level accuracy is unknown,1,Department of Water Resources,NA,1079,U S FOREST SERVICE
17082,363858N1202121W001,884244,1971-10-14T00:00:00Z,269.08,268.08,0,18.2,250.88,18.2,17.2,NA,Unknown,Water level accuracy is unknown,1,Department of Water Resources,NA,624,Bureau of Reclamation
17082,363858N1202121W001,884243,1970-10-15T00:00:00Z,269.08,268.08,0,18.3,250.78,18.3,17.3,NA,Unknown,Water level accuracy is unknown,1,Department of Water Resources,NA,624,Bureau of Reclamation
