STN_ID,SITE_CODE,WLM_ID,MSMT_DATE,WLM_RPE,WLM_GSE,RDNG_WS,RDNG_RP,WSE,RPE_WSE,GSE_WSE,WLM_QA_DESC,WLM_DESC,WLM_ACC_DESC,WLM_ORG_ID,WLM_ORG_NAME,MSMT_CMT,COOP_AGENCY_ORG_ID,COOP_ORG_NAME
17257,362025N1194774W001,947919,1961-07-02T00:00:00Z,248.34,248.34,NA,NA,NA,NA,NA,Measurement Discontinued,NA,NA,1,Department of Water Resources,NA,624,Bureau of Reclamation
17257,362025N1194774W001,947918,1961-07-01T00:00:00Z,248.34,248.34,NA,NA,NA,NA,NA,Special/Other,NA,NA,1,Department of Water Resources,NA,624,Bureau of Reclamation
17257,362025N1194774W001,947917,1961-02-21T00:00:00Z,248.34,248.34,0,95.5,152.84,95.5,95.5,NA,Unknown,Water level accuracy is unknown,1,Department of Water Resources,NA,5030,Tulare Irrigation District
17257,362025N1194774W001,947916,1960-10-07T00:00:00Z,248.34,248.34,0,99.5,148.84,99.5,99.5,NA,Unknown,Water level accuracy is unknown,1,Department of Water Resources,NA,5030,Tulare Irrigation District
17257,362025N1194774W001,947915,1960-02-11T00:00:00Z,248.34,248.34,0,79.6,168.74,79.6,79.6,NA,Unknown,Water level accuracy is unknown,1,Department of Water Resources,NA,624,Bureau of Reclamation
17257,362025N1194774W001,947914,1959-09-28T00:00:00Z,248.34,248.34,0,82.3,166.04,82.3,82.3,NA,Unknown,Water level accuracy is unknown,1,Department of Water Resources,NA,624,Bureau of Reclamation
17257,362025N1194774W001,947913,1959-02-10T00:00:00Z,248.34,248.34,0,66.2,182.14,66.2,66.2,NA,Unknown,Water level accuracy is unknown,1,Department of Water Resources,NA,624,Bureau of Reclamation
17257,362025N1194774W001,947912,1958-10-09T00:00:00Z,248.34,248.34,0,60.2,188.14,60.2,60.2,NA,Unknown,Water level accuracy is unknown,1,Department of Water Resources,NA,624,Bureau of Reclamation
17257,362025N1194774W001,947911,1958-02-18T00:00:00Z,248.34,248.34,0,75.3,173.04,75.3,75.3,NA,Unknown,Water level accuracy is unknown,1,Department of Water Resources,NA,624,Bureau of Reclamation
17257,362025N1194774W001,947910,1957-10-03T00:00:00Z,248.34,248.34,0,82.5,165.84,82.5,82.5,NA,Unknown,Water level accuracy is unknown,1,Department of Water Resources,NA,624,Bureau of Reclamation
17257,362025N1194774W001,947909,1957-02-19T00:00:00Z,248.34,248.34,0,75,173.34,75,75,NA,Unknown,Water level accuracy is unknown,1,Department of Water Resources,NA,624,Bureau of Reclamation
17257,362025N1194774W001,947908,1956-10-30T00:00:00Z,248.34,248.34,0,72.4,175.94,72.4,72.4,NA,Unknown,Water level accuracy is unknown,1,Department of Water Resources,NA,624,Bureau of Reclamation
17257,362025N1194774W001,947907,1956-02-15T00:00:00Z,248.34,248.34,0,79.6,168.74,79.6,79.6,NA,Unknown,Water level accuracy is unknown,1,Department of Water Resources,NA,624,Bureau of Reclamation
17257,362025N1194774W001,947906,1955-09-05T00:00:00Z,248.34,248.34,0,94.2,154.14,94.2,94.2,NA,Unknown,Water level accuracy is unknown,1,Department of Water Resources,NA,624,Bureau of Reclamation
17257,362025N1194774W001,947905,1955-02-15T00:00:00Z,248.34,248.34,0,84.7,163.64,84.7,84.7,NA,Unknown,Water level accuracy is unknown,1,Department of Water Resources,NA,624,Bureau of Reclamation
17257,362025N1194774W001,947904,1954-11-01T00:00:00Z,248.34,248.34,NA,NA,NA,NA,NA,Special/Other,NA,NA,1,Department of Water Resources,NA,624,Bureau of Reclamation
17257,362025N1194774W001,947903,1954-10-03T00:00:00Z,248.34,248.34,0,91.3,157.04,91.3,91.3,NA,Unknown,Water level accuracy is unknown,1,Department of Water Resources,NA,624,Bureau of Reclamation
17257,362025N1194774W001,947902,1954-02-24T00:00:00Z,248.34,248.34,0,82.7,165.64,82.7,82.7,NA,Unknown,Water level accuracy is unknown,1,Department of Water Resources,NA,624,Bureau of Reclamation
17257,362025N1194774W001,947901,1954-01-22T00:00:00Z,248.34,248.34,0,84,164.34,84,84,NA,Unknown,Water level accuracy is unknown,1,Department of Water Resources,NA,624,Bureau of Reclamation
17257,362025N1194774W001,947900,1953-11-01T00:00:00Z,248.34,248.34,NA,NA,NA,NA,NA,Special/Other,NA,NA,1,Department of Water Resources,NA,624,Bureau of Reclamation
17257,362025N1194774W001,947899,1953-10-05T00:00:00Z,248.34,248.34,0,89.5,158.84,89.5,89.5,NA,Unknown,Water level accuracy is unknown,1,Department of Water Resources,NA,624,Bureau of Reclamation
17257,362025N1194774W001,947898,1953-02-20T00:00:00Z,248.34,248.34,0,79,169.34,79,79,NA,Unknown,Water level accuracy is unknown,1,Department of Water Resources,NA,624,Bureau of Reclamation
17257,362025N1194774W001,947897,1952-09-16T00:00:00Z,248.34,248.34,0,83.2,165.14,83.2,83.2,NA,Unknown,Water level accuracy is unknown,1,Department of Water Resources,NA,624,Bureau of Reclamation
17257,362025N1194774W001,947896,1952-02-18T00:00:00Z,248.34,248.34,0,84.9,163.44,84.9,84.9,NA,Unknown,Water level accuracy is unknown,1,Department of Water Resources,NA,624,Bureau of Reclamation
17257,362025N1194774W001,947895,1951-11-01T00:00:00Z,248.34,248.34,NA,NA,NA,NA,NA,Special/Other,NA,NA,1,Department of Water Resources,NA,624,Bureau of Reclamation
17257,362025N1194774W001,947894,1951-10-11T00:00:00Z,248.34,248.34,0,97.2,151.14,97.2,97.2,NA,Unknown,Water level accuracy is unknown,1,Department of Water Resources,NA,624,Bureau of Reclamation
17257,362025N1194774W001,947893,1951-02-05T00:00:00Z,248.34,248.34,0,85.3,163.04,85.3,85.3,NA,Unknown,Water level accuracy is unknown,1,Department of Water Resources,NA,624,Bureau of Reclamation
17257,362025N1194774W001,947892,1950-02-15T00:00:00Z,248.34,248.34,0,83.2,165.14,83.2,83.2,NA,Unknown,Water level accuracy is unknown,1,Department of Water Resources,NA,624,Bureau of Reclamation
17257,362025N1194774W001,947891,1949-10-05T00:00:00Z,248.34,248.34,0,91.9,156.44,91.9,91.9,NA,Unknown,Water level accuracy is unknown,1,Department of Water Resources,NA,624,Bureau of Reclamation
17257,362025N1194774W001,947890,1949-02-17T00:00:00Z,248.34,248.34,0,77.3,171.04,77.3,77.3,NA,Unknown,Water level accuracy is unknown,1,Department of Water Resources,NA,624,Bureau of Reclamation
17257,362025N1194774W001,947889,1948-09-14T00:00:00Z,248.34,248.34,0,81,167.34,81,81,NA,Unknown,Water level accuracy is unknown,1,Department of Water Resources,NA,624,Bureau of Reclamation
17257,362025N1194774W001,947888,1948-01-09T00:00:00Z,248.34,248.34,0,69.6,178.74,69.6,69.6,NA,Unknown,Water level accuracy is unknown,1,Department of Water Resources,NA,624,Bureau of Reclamation
17257,362025N1194774W001,947887,1947-03-05T00:00:00Z,248.34,248.34,0,50.9,197.44,50.9,50.9,NA,Unknown,Water level accuracy is unknown,1,Department of Water Resources,NA,624,Bureau of Reclamation
17257,362025N1194774W001,947886,1946-10-11T00:00:00Z,248.34,248.34,0,57.3,191.04,57.3,57.3,NA,Unknown,Water level accuracy is unknown,1,Department of Water Resources,NA,624,Bureau of Reclamation
17257,362025N1194774W001,947885,1945-11-23T00:00:00Z,248.34,248.34,0,46.3,202.04,46.3,46.3,NA,Unknown,Water level accuracy is unknown,1,Department of Water Resources,NA,624,Bureau of Reclamation
17257,362025N1194774W001,947884,1945-10-19T00:00:00Z,248.34,248.34,0,49.4,198.94,49.4,49.4,NA,Unknown,Water level accuracy is unknown,1,Department of Water Resources,NA,624,Bureau of Reclamation
17257,362025N1194774W001,947883,1944-11-23T00:00:00Z,248.34,248.34,0,53.5,194.84,53.5,53.5,NA,Unknown,Water level accuracy is unknown,1,Department of Water Resources,NA,624,Bureau of Reclamation
17257,362025N1194774W001,947882,1944-10-26T00:00:00Z,248.34,248.34,0,53.7,194.64,53.7,53.7,NA,Unknown,Water level accuracy is unknown,1,Department of Water Resources,NA,624,Bureau of Reclamation
17257,362025N1194774W001,947881,1943-10-11T00:00:00Z,248.34,248.34,0,48.8,199.54,48.8,48.8,NA,Unknown,Water level accuracy is unknown,1,Department of Water Resources,NA,624,Bureau of Reclamation
17257,362025N1194774W001,947880,1942-10-16T00:00:00Z,248.34,248.34,0,52.2,196.14,52.2,52.2,NA,Unknown,Water level accuracy is unknown,1,Department of Water Resources,NA,624,Bureau of Reclamation
17257,362025N1194774W001,947879,1941-10-11T00:00:00Z,248.34,248.34,0,52.9,195.44,52.9,52.9,NA,Unknown,Water level accuracy is unknown,1,Department of Water Resources,NA,624,Bureau of Reclamation
17257,362025N1194774W001,947878,1940-10-21T00:00:00Z,248.34,248.34,0,57.2,191.14,57.2,57.2,NA,Unknown,Water level accuracy is unknown,1,Department of Water Resources,NA,624,Bureau of Reclamation
17257,362025N1194774W001,947877,1939-10-21T00:00:00Z,248.34,248.34,0,58.6,189.74,58.6,58.6,NA,Unknown,Water level accuracy is unknown,1,Department of Water Resources,NA,624,Bureau of Reclamation
17257,362025N1194774W001,947876,1937-10-28T00:00:00Z,248.34,248.34,0,68.4,179.94,68.4,68.4,NA,Unknown,Water level accuracy is unknown,1,Department of Water Resources,NA,624,Bureau of Reclamation
17257,362025N1194774W001,947875,1936-11-30T00:00:00Z,248.34,248.34,0,74,174.34,74,74,NA,Unknown,Water level accuracy is unknown,1,Department of Water Resources,NA,624,Bureau of Reclamation
17257,362025N1194774W001,947874,1935-12-12T00:00:00Z,248.34,248.34,0,74.2,174.14,74.2,74.2,NA,Unknown,Water level accuracy is unknown,1,Department of Water Resources,NA,624,Bureau of Reclamation
17257,362025N1194774W001,947873,1934-11-30T00:00:00Z,248.34,248.34,0,75.5,172.84,75.5,75.5,NA,Unknown,Water level accuracy is unknown,1,Department of Water Resources,NA,624,Bureau of Reclamation
17257,362025N1194774W001,947872,1933-11-15T00:00:00Z,248.34,248.34,0,67.7,180.64,67.7,67.7,NA,Unknown,Water level accuracy is unknown,1,Department of Water Resources,NA,624,Bureau of Reclamation
17257,362025N1194774W001,947871,1930-10-27T00:00:00Z,248.34,248.34,0,65.6,182.74,65.6,65.6,NA,Unknown,Water level accuracy is unknown,1,Department of Water Resources,NA,624,Bureau of Reclamation
17257,362025N1194774W001,947870,1930-01-29T00:00:00Z,248.34,248.34,0,56.7,191.64,56.7,56.7,NA,Unknown,Water level accuracy is unknown,1,Department of Water Resources,NA,624,Bureau of Reclamation
17257,362025N1194774W001,947869,1929-10-11T00:00:00Z,248.34,248.34,0,56.5,191.84,56.5,56.5,NA,Unknown,Water level accuracy is unknown,1,Department of Water Resources,NA,624,Bureau of Reclamation
