STN_ID,SITE_CODE,WLM_ID,MSMT_DATE,WLM_RPE,WLM_GSE,RDNG_WS,RDNG_RP,WSE,RPE_WSE,GSE_WSE,WLM_QA_DESC,WLM_DESC,WLM_ACC_DESC,WLM_ORG_ID,WLM_ORG_NAME,MSMT_CMT,COOP_AGENCY_ORG_ID,COOP_ORG_NAME
17280,363283N1200482W001,887688,1965-12-16T00:00:00Z,269.95,267.95,NA,NA,NA,NA,NA,Well has been destroyed,NA,NA,1,Department of Water Resources,NA,1,Department of Water Resources
17280,363283N1200482W001,887687,1964-12-21T00:00:00Z,269.95,267.95,NA,NA,NA,NA,NA,Special/Other,NA,NA,1,Department of Water Resources,NA,1,Department of Water Resources
17280,363283N1200482W001,887686,1963-12-19T00:00:00Z,269.95,267.95,0,330,-60.05,330,328,NA,Unknown,Water level accuracy is unknown,1,Department of Water Resources,NA,1,Department of Water Resources
17280,363283N1200482W001,887685,1962-03-23T00:00:00Z,269.95,267.95,0,346.8,-76.85,346.8,344.8,NA,Unknown,Water level accuracy is unknown,1,Department of Water Resources,NA,1,Department of Water Resources
17280,363283N1200482W001,887684,1960-10-13T00:00:00Z,269.95,267.95,NA,NA,NA,NA,NA,Pumping,NA,NA,1,Department of Water Resources,NA,1,Department of Water Resources
17280,363283N1200482W001,887683,1960-05-13T00:00:00Z,269.95,267.95,0,323.6,-53.65,323.6,321.6,NA,Unknown,Water level accuracy is unknown,1,Department of Water Resources,NA,5167,United States Geological Survey
17280,363283N1200482W001,887682,1959-05-09T00:00:00Z,269.95,267.95,0,336.3,-66.35,336.3,334.3,NA,Unknown,Water level accuracy is unknown,1,Department of Water Resources,NA,5167,United States Geological Survey
