STN_ID,SITE_CODE,WLM_ID,MSMT_DATE,WLM_RPE,WLM_GSE,RDNG_WS,RDNG_RP,WSE,RPE_WSE,GSE_WSE,WLM_QA_DESC,WLM_DESC,WLM_ACC_DESC,WLM_ORG_ID,WLM_ORG_NAME,MSMT_CMT,COOP_AGENCY_ORG_ID,COOP_ORG_NAME
17727,364464N1195232W001,1066789,1991-01-24T00:00:00Z,283.69,283.69,NA,NA,NA,NA,NA,Well has been destroyed,NA,NA,1,Department of Water Resources,NA,624,Bureau of Reclamation
17727,364464N1195232W001,1066788,1990-09-26T00:00:00Z,283.69,283.69,0,64.5,219.19,64.5,64.5,NA,Unknown,Water level accuracy is unknown,1,Department of Water Resources,NA,624,Bureau of Reclamation
17727,364464N1195232W001,1066787,1990-01-23T00:00:00Z,283.69,283.69,0,54,229.69,54,54,NA,Unknown,Water level accuracy is unknown,1,Department of Water Resources,NA,624,Bureau of Reclamation
17727,364464N1195232W001,1066786,1989-10-05T00:00:00Z,283.69,283.69,0,51.5,232.19,51.5,51.5,NA,Unknown,Water level accuracy is unknown,1,Department of Water Resources,NA,624,Bureau of Reclamation
17727,364464N1195232W001,1066785,1989-01-25T00:00:00Z,283.69,283.69,0,40.5,243.19,40.5,40.5,NA,Unknown,Water level accuracy is unknown,1,Department of Water Resources,NA,624,Bureau of Reclamation
17727,364464N1195232W001,1066784,1988-10-06T00:00:00Z,283.69,283.69,NA,NA,NA,NA,NA,Temporarily inaccessible,NA,NA,1,Department of Water Resources,NA,624,Bureau of Reclamation
17727,364464N1195232W001,1066783,1988-01-25T00:00:00Z,283.69,283.69,0,30.5,253.19,30.5,30.5,NA,Unknown,Water level accuracy is unknown,1,Department of Water Resources,NA,624,Bureau of Reclamation
17727,364464N1195232W001,1066782,1987-10-06T00:00:00Z,283.69,283.69,0,34.5,249.19,34.5,34.5,NA,Unknown,Water level accuracy is unknown,1,Department of Water Resources,NA,624,Bureau of Reclamation
17727,364464N1195232W001,1066781,1987-01-20T00:00:00Z,283.69,283.69,0,41.8,241.89,41.8,41.8,NA,Unknown,Water level accuracy is unknown,1,Department of Water Resources,NA,624,Bureau of Reclamation
17727,364464N1195232W001,1066780,1986-10-07T00:00:00Z,283.69,283.69,0,37.7,245.99,37.7,37.7,NA,Unknown,Water level accuracy is unknown,1,Department of Water Resources,NA,624,Bureau of Reclamation
17727,364464N1195232W001,1066779,1986-01-29T00:00:00Z,283.69,283.69,0,30.5,253.19,30.5,30.5,NA,Unknown,Water level accuracy is unknown,1,Department of Water Resources,NA,624,Bureau of Reclamation
17727,364464N1195232W001,1066778,1985-10-02T00:00:00Z,283.69,283.69,0,39.5,244.19,39.5,39.5,NA,Unknown,Water level accuracy is unknown,1,Department of Water Resources,NA,624,Bureau of Reclamation
17727,364464N1195232W001,1066777,1985-01-29T00:00:00Z,283.69,283.69,0,25.7,257.99,25.7,25.7,NA,Unknown,Water level accuracy is unknown,1,Department of Water Resources,NA,624,Bureau of Reclamation
17727,364464N1195232W001,1066776,1984-10-04T00:00:00Z,283.69,283.69,0,32,251.69,32,32,NA,Unknown,Water level accuracy is unknown,1,Department of Water Resources,NA,624,Bureau of Reclamation
17727,364464N1195232W001,1066775,1984-01-24T00:00:00Z,283.69,283.69,0,28.5,255.19,28.5,28.5,NA,Unknown,Water level accuracy is unknown,1,Department of Water Resources,NA,624,Bureau of Reclamation
17727,364464N1195232W001,1066774,1983-10-05T00:00:00Z,283.69,283.69,0,28.7,254.99,28.7,28.7,NA,Unknown,Water level accuracy is unknown,1,Department of Water Resources,NA,624,Bureau of Reclamation
17727,364464N1195232W001,1066773,1983-02-02T00:00:00Z,283.69,283.69,0,39,244.69,39,39,NA,Unknown,Water level accuracy is unknown,1,Department of Water Resources,NA,624,Bureau of Reclamation
17727,364464N1195232W001,1066772,1982-10-06T00:00:00Z,283.69,283.69,0,40.2,243.49,40.2,40.2,NA,Unknown,Water level accuracy is unknown,1,Department of Water Resources,NA,624,Bureau of Reclamation
17727,364464N1195232W001,1066771,1982-02-11T00:00:00Z,283.69,283.69,0,41.7,241.99,41.7,41.7,NA,Unknown,Water level accuracy is unknown,1,Department of Water Resources,NA,624,Bureau of Reclamation
17727,364464N1195232W001,1066770,1981-09-28T00:00:00Z,283.69,283.69,0,45.6,238.09,45.6,45.6,NA,Unknown,Water level accuracy is unknown,1,Department of Water Resources,NA,624,Bureau of Reclamation
17727,364464N1195232W001,1066769,1981-01-22T00:00:00Z,283.69,283.69,0,37.2,246.49,37.2,37.2,NA,Unknown,Water level accuracy is unknown,1,Department of Water Resources,NA,624,Bureau of Reclamation
17727,364464N1195232W001,1066768,1980-09-26T00:00:00Z,283.69,283.69,0,45.9,237.79,45.9,45.9,NA,Unknown,Water level accuracy is unknown,1,Department of Water Resources,NA,624,Bureau of Reclamation
17727,364464N1195232W001,1066767,1980-01-22T00:00:00Z,283.69,283.69,0,43,240.69,43,43,NA,Unknown,Water level accuracy is unknown,1,Department of Water Resources,NA,624,Bureau of Reclamation
17727,364464N1195232W001,1066766,1979-09-19T00:00:00Z,283.69,283.69,0,50.6,233.09,50.6,50.6,NA,Unknown,Water level accuracy is unknown,1,Department of Water Resources,NA,624,Bureau of Reclamation
17727,364464N1195232W001,1066765,1979-01-17T00:00:00Z,283.69,283.69,0,43,240.69,43,43,NA,Unknown,Water level accuracy is unknown,1,Department of Water Resources,NA,624,Bureau of Reclamation
17727,364464N1195232W001,1066764,1978-10-04T00:00:00Z,283.69,283.69,0,48.5,235.19,48.5,48.5,NA,Unknown,Water level accuracy is unknown,1,Department of Water Resources,NA,624,Bureau of Reclamation
17727,364464N1195232W001,1066763,1978-01-20T00:00:00Z,283.69,283.69,0,55.5,228.19,55.5,55.5,NA,Unknown,Water level accuracy is unknown,1,Department of Water Resources,NA,624,Bureau of Reclamation
17727,364464N1195232W001,1066762,1977-10-12T00:00:00Z,283.69,283.69,NA,NA,NA,NA,NA,Pumping,NA,NA,1,Department of Water Resources,NA,624,Bureau of Reclamation
17727,364464N1195232W001,1066761,1977-01-25T00:00:00Z,283.69,283.69,0,48.9,234.79,48.9,48.9,NA,Unknown,Water level accuracy is unknown,1,Department of Water Resources,NA,624,Bureau of Reclamation
17727,364464N1195232W001,1066760,1976-10-06T00:00:00Z,283.69,283.69,0,55.4,228.29,55.4,55.4,NA,Unknown,Water level accuracy is unknown,1,Department of Water Resources,NA,624,Bureau of Reclamation
17727,364464N1195232W001,1066759,1976-01-23T00:00:00Z,283.69,283.69,NA,NA,NA,NA,NA,Pumping,NA,NA,1,Department of Water Resources,NA,624,Bureau of Reclamation
17727,364464N1195232W001,1066758,1975-10-01T00:00:00Z,283.69,283.69,0,46.2,237.49,46.2,46.2,NA,Unknown,Water level accuracy is unknown,1,Department of Water Resources,NA,624,Bureau of Reclamation
17727,364464N1195232W001,1066757,1975-01-22T00:00:00Z,283.69,283.69,0,38,245.69,38,38,NA,Unknown,Water level accuracy is unknown,1,Department of Water Resources,NA,624,Bureau of Reclamation
17727,364464N1195232W001,1066756,1974-10-02T00:00:00Z,283.69,283.69,NA,NA,NA,NA,NA,Pumping,NA,NA,1,Department of Water Resources,NA,624,Bureau of Reclamation
17727,364464N1195232W001,1066755,1974-01-30T00:00:00Z,283.69,283.69,0,37.3,246.39,37.3,37.3,NA,Unknown,Water level accuracy is unknown,1,Department of Water Resources,NA,624,Bureau of Reclamation
17727,364464N1195232W001,1066754,1973-10-04T00:00:00Z,283.69,283.69,0,43.7,239.99,43.7,43.7,NA,Unknown,Water level accuracy is unknown,1,Department of Water Resources,NA,624,Bureau of Reclamation
17727,364464N1195232W001,1066753,1973-02-02T00:00:00Z,283.69,283.69,0,43.5,240.19,43.5,43.5,NA,Unknown,Water level accuracy is unknown,1,Department of Water Resources,NA,624,Bureau of Reclamation
17727,364464N1195232W001,1066752,1972-09-29T00:00:00Z,283.69,283.69,0,40.7,242.99,40.7,40.7,NA,Unknown,Water level accuracy is unknown,1,Department of Water Resources,NA,624,Bureau of Reclamation
17727,364464N1195232W001,1066751,1972-01-31T00:00:00Z,283.69,283.69,0,34.7,248.99,34.7,34.7,NA,Unknown,Water level accuracy is unknown,1,Department of Water Resources,NA,624,Bureau of Reclamation
17727,364464N1195232W001,1066750,1971-09-27T00:00:00Z,283.69,283.69,0,44,239.69,44,44,NA,Unknown,Water level accuracy is unknown,1,Department of Water Resources,NA,624,Bureau of Reclamation
17727,364464N1195232W001,1066749,1971-01-29T00:00:00Z,283.69,283.69,0,32.7,250.99,32.7,32.7,NA,Unknown,Water level accuracy is unknown,1,Department of Water Resources,NA,624,Bureau of Reclamation
17727,364464N1195232W001,1066748,1970-01-30T00:00:00Z,283.69,283.69,0,19,264.69,19,19,NA,Unknown,Water level accuracy is unknown,1,Department of Water Resources,NA,624,Bureau of Reclamation
17727,364464N1195232W001,1066747,1965-02-01T00:00:00Z,283.69,283.69,0,41.5,242.19,41.5,41.5,NA,Unknown,Water level accuracy is unknown,1,Department of Water Resources,NA,1083,KINGS COUNTY WATER DISTRICT
17727,364464N1195232W001,1066746,1964-10-24T00:00:00Z,283.69,283.69,0,40.6,243.09,40.6,40.6,NA,Unknown,Water level accuracy is unknown,1,Department of Water Resources,NA,1083,KINGS COUNTY WATER DISTRICT
17727,364464N1195232W001,1066745,1964-10-02T00:00:00Z,283.69,283.69,0,63.6,220.09,63.6,63.6,NA,Unknown,Water level accuracy is unknown,1,Department of Water Resources,NA,1083,KINGS COUNTY WATER DISTRICT
17727,364464N1195232W001,1066744,1964-02-03T00:00:00Z,283.69,283.69,0,34.4,249.29,34.4,34.4,NA,Unknown,Water level accuracy is unknown,1,Department of Water Resources,NA,1083,KINGS COUNTY WATER DISTRICT
