STN_ID,SITE_CODE,WLM_ID,MSMT_DATE,WLM_RPE,WLM_GSE,RDNG_WS,RDNG_RP,WSE,RPE_WSE,GSE_WSE,WLM_QA_DESC,WLM_DESC,WLM_ACC_DESC,WLM_ORG_ID,WLM_ORG_NAME,MSMT_CMT,COOP_AGENCY_ORG_ID,COOP_ORG_NAME
17733,364303N1195146W001,2187019,2016-02-16T12:00:00Z,278.7,278.7,0,107.4,171.3,107.4,107.4,NA,Unknown,Water level accuracy to nearest tenth of a foot,1,Department of Water Resources,NA,1,Department of Water Resources
17733,364303N1195146W001,1713631,2013-02-01T12:00:00Z,278.7,278.7,0,84.6,194.1,84.6,84.6,NA,Unknown,Water level accuracy to nearest tenth of a foot,1,Department of Water Resources,NA,1,Department of Water Resources
17733,364303N1195146W001,1713500,2012-02-28T12:00:00Z,278.7,278.7,0,83.6,195.1,83.6,83.6,NA,Unknown,Water level accuracy to nearest tenth of a foot,1,Department of Water Resources,NA,1,Department of Water Resources
17733,364303N1195146W001,1067931,2011-02-18T00:00:00Z,278.7,278.7,0,89,189.7,89,89,NA,Unknown,Water level accuracy is unknown,1,Department of Water Resources,NA,1083,KINGS COUNTY WATER DISTRICT
17733,364303N1195146W001,1067929,2010-02-16T00:00:00Z,278.7,278.7,0,90.5,188.2,90.5,90.5,NA,Unknown,Water level accuracy is unknown,1,Department of Water Resources,NA,1083,KINGS COUNTY WATER DISTRICT
17733,364303N1195146W001,1067930,2009-11-04T00:00:00Z,278.7,278.7,0,96.7,182,96.7,96.7,NA,Unknown,Water level accuracy is unknown,1,Department of Water Resources,NA,1083,KINGS COUNTY WATER DISTRICT
17733,364303N1195146W001,1067925,2009-02-11T00:00:00Z,278.7,278.7,0,86.7,192,86.7,86.7,NA,Unknown,Water level accuracy is unknown,1,Department of Water Resources,NA,1083,KINGS COUNTY WATER DISTRICT
17733,364303N1195146W001,1067926,2008-10-22T00:00:00Z,278.7,278.7,0,93.1,185.6,93.1,93.1,NA,Unknown,Water level accuracy is unknown,1,Department of Water Resources,NA,1083,KINGS COUNTY WATER DISTRICT
17733,364303N1195146W001,1067927,2008-02-17T00:00:00Z,278.7,278.7,0,80.5,198.2,80.5,80.5,NA,Unknown,Water level accuracy is unknown,1,Department of Water Resources,NA,1083,KINGS COUNTY WATER DISTRICT
17733,364303N1195146W001,1067928,2007-11-11T00:00:00Z,278.7,278.7,0,85,193.7,85,85,NA,Unknown,Water level accuracy is unknown,1,Department of Water Resources,NA,1083,KINGS COUNTY WATER DISTRICT
17733,364303N1195146W001,1067924,2007-02-17T00:00:00Z,278.7,278.7,0,72.9,205.8,72.9,72.9,NA,Unknown,Water level accuracy is unknown,1,Department of Water Resources,NA,1083,KINGS COUNTY WATER DISTRICT
17733,364303N1195146W001,1067922,2001-10-21T00:00:00Z,278.7,278.7,0,77,201.7,77,77,NA,Unknown,Water level accuracy is unknown,1,Department of Water Resources,NA,1083,KINGS COUNTY WATER DISTRICT
17733,364303N1195146W001,1067923,2001-03-25T00:00:00Z,278.7,278.7,0,69,209.7,69,69,NA,Unknown,Water level accuracy is unknown,1,Department of Water Resources,NA,1083,KINGS COUNTY WATER DISTRICT
17733,364303N1195146W001,1067921,2000-01-29T00:00:00Z,278.7,278.7,0,69,209.7,69,69,NA,Unknown,Water level accuracy is unknown,1,Department of Water Resources,NA,1083,KINGS COUNTY WATER DISTRICT
17733,364303N1195146W001,1067920,1999-10-24T00:00:00Z,278.7,278.7,0,67,211.7,67,67,NA,Unknown,Water level accuracy is unknown,1,Department of Water Resources,NA,1083,KINGS COUNTY WATER DISTRICT
17733,364303N1195146W001,1067919,1999-01-23T00:00:00Z,278.7,278.7,0,60,218.7,60,60,NA,Unknown,Water level accuracy is unknown,1,Department of Water Resources,NA,1083,KINGS COUNTY WATER DISTRICT
17733,364303N1195146W001,1067918,1998-02-08T00:00:00Z,278.7,278.7,0,66,212.7,66,66,NA,Unknown,Water level accuracy is unknown,1,Department of Water Resources,NA,1083,KINGS COUNTY WATER DISTRICT
17733,364303N1195146W001,1067917,1997-02-16T00:00:00Z,278.7,278.7,0,69,209.7,69,69,NA,Unknown,Water level accuracy is unknown,1,Department of Water Resources,NA,1083,KINGS COUNTY WATER DISTRICT
17733,364303N1195146W001,1067916,1996-10-26T00:00:00Z,278.7,278.7,0,75.7,203,75.7,75.7,NA,Unknown,Water level accuracy is unknown,1,Department of Water Resources,NA,1083,KINGS COUNTY WATER DISTRICT
17733,364303N1195146W001,1067915,1996-02-24T00:00:00Z,278.7,278.7,0,75,203.7,75,75,NA,Unknown,Water level accuracy is unknown,1,Department of Water Resources,NA,1083,KINGS COUNTY WATER DISTRICT
17733,364303N1195146W001,1067914,1995-10-01T00:00:00Z,278.7,278.7,0,80,198.7,80,80,NA,Unknown,Water level accuracy is unknown,1,Department of Water Resources,NA,1083,KINGS COUNTY WATER DISTRICT
17733,364303N1195146W001,1067913,1995-02-19T00:00:00Z,278.7,278.7,0,77.4,201.3,77.4,77.4,NA,Unknown,Water level accuracy is unknown,1,Department of Water Resources,NA,1083,KINGS COUNTY WATER DISTRICT
17733,364303N1195146W001,1067912,1994-10-09T00:00:00Z,278.7,278.7,0,110,168.7,110,110,Pumping,Unknown,Water level accuracy is unknown,1,Department of Water Resources,NA,1083,KINGS COUNTY WATER DISTRICT
17733,364303N1195146W001,1067911,1994-02-06T00:00:00Z,278.7,278.7,0,90.3,188.4,90.3,90.3,NA,Unknown,Water level accuracy is unknown,1,Department of Water Resources,NA,1083,KINGS COUNTY WATER DISTRICT
17733,364303N1195146W001,1067910,1993-11-07T00:00:00Z,278.7,278.7,0,100.3,178.4,100.3,100.3,NA,Unknown,Water level accuracy is unknown,1,Department of Water Resources,NA,1083,KINGS COUNTY WATER DISTRICT
17733,364303N1195146W001,1067909,1993-02-09T00:00:00Z,278.7,278.7,0,57.6,221.1,57.6,57.6,NA,Unknown,Water level accuracy is unknown,1,Department of Water Resources,NA,1083,KINGS COUNTY WATER DISTRICT
17733,364303N1195146W001,1067908,1992-10-06T00:00:00Z,278.7,278.7,0,90.6,188.1,90.6,90.6,NA,Unknown,Water level accuracy is unknown,1,Department of Water Resources,NA,1083,KINGS COUNTY WATER DISTRICT
17733,364303N1195146W001,1067907,1992-01-10T00:00:00Z,278.7,278.7,0,70,208.7,70,70,NA,Unknown,Water level accuracy is unknown,1,Department of Water Resources,NA,1083,KINGS COUNTY WATER DISTRICT
17733,364303N1195146W001,1067906,1991-10-22T00:00:00Z,278.7,278.7,0,78.7,200,78.7,78.7,NA,Unknown,Water level accuracy is unknown,1,Department of Water Resources,NA,1083,KINGS COUNTY WATER DISTRICT
17733,364303N1195146W001,1067905,1991-02-21T00:00:00Z,278.7,278.7,NA,NA,NA,NA,NA,Pumping,NA,NA,1,Department of Water Resources,NA,1083,KINGS COUNTY WATER DISTRICT
17733,364303N1195146W001,1067904,1990-09-27T00:00:00Z,278.7,278.7,0,75.6,203.1,75.6,75.6,NA,Unknown,Water level accuracy is unknown,1,Department of Water Resources,NA,1083,KINGS COUNTY WATER DISTRICT
17733,364303N1195146W001,1067903,1990-02-12T00:00:00Z,278.7,278.7,0,56.6,222.1,56.6,56.6,NA,Unknown,Water level accuracy is unknown,1,Department of Water Resources,NA,1083,KINGS COUNTY WATER DISTRICT
17733,364303N1195146W001,1067902,1989-11-14T00:00:00Z,278.7,278.7,NA,NA,NA,NA,NA,Pumping,NA,NA,1,Department of Water Resources,NA,1083,KINGS COUNTY WATER DISTRICT
17733,364303N1195146W001,1067901,1989-02-27T00:00:00Z,278.7,278.7,0,49.7,229,49.7,49.7,NA,Unknown,Water level accuracy is unknown,1,Department of Water Resources,NA,1083,KINGS COUNTY WATER DISTRICT
17733,364303N1195146W001,1067900,1988-11-08T00:00:00Z,278.7,278.7,0,52,226.7,52,52,NA,Unknown,Water level accuracy is unknown,1,Department of Water Resources,NA,1083,KINGS COUNTY WATER DISTRICT
17733,364303N1195146W001,1067899,1988-02-01T00:00:00Z,278.7,278.7,0,34.8,243.9,34.8,34.8,NA,Unknown,Water level accuracy is unknown,1,Department of Water Resources,NA,1083,KINGS COUNTY WATER DISTRICT
17733,364303N1195146W001,1067898,1987-10-16T00:00:00Z,278.7,278.7,0,45.3,233.4,45.3,45.3,NA,Unknown,Water level accuracy is unknown,1,Department of Water Resources,NA,1083,KINGS COUNTY WATER DISTRICT
17733,364303N1195146W001,1067897,1987-02-18T00:00:00Z,278.7,278.7,0,32.9,245.8,32.9,32.9,NA,Unknown,Water level accuracy is unknown,1,Department of Water Resources,NA,1083,KINGS COUNTY WATER DISTRICT
17733,364303N1195146W001,1067896,1986-10-02T00:00:00Z,278.7,278.7,0,36.8,241.9,36.8,36.8,NA,Unknown,Water level accuracy is unknown,1,Department of Water Resources,NA,624,Bureau of Reclamation
17733,364303N1195146W001,1067895,1986-01-24T00:00:00Z,278.7,278.7,0,40.6,238.1,40.6,40.6,NA,Unknown,Water level accuracy is unknown,1,Department of Water Resources,NA,624,Bureau of Reclamation
17733,364303N1195146W001,1067894,1985-09-27T00:00:00Z,278.7,278.7,0,42.6,236.1,42.6,42.6,NA,Unknown,Water level accuracy is unknown,1,Department of Water Resources,NA,624,Bureau of Reclamation
17733,364303N1195146W001,1067893,1985-01-25T00:00:00Z,278.7,278.7,0,34,244.7,34,34,NA,Unknown,Water level accuracy is unknown,1,Department of Water Resources,NA,624,Bureau of Reclamation
17733,364303N1195146W001,1067892,1984-09-27T00:00:00Z,278.7,278.7,0,41.3,237.4,41.3,41.3,NA,Unknown,Water level accuracy is unknown,1,Department of Water Resources,NA,624,Bureau of Reclamation
17733,364303N1195146W001,1067891,1984-02-23T00:00:00Z,278.7,278.7,0,32.7,246,32.7,32.7,NA,Unknown,Water level accuracy is unknown,1,Department of Water Resources,NA,624,Bureau of Reclamation
17733,364303N1195146W001,1067890,1983-10-27T00:00:00Z,278.7,278.7,0,39.8,238.9,39.8,39.8,NA,Unknown,Water level accuracy is unknown,1,Department of Water Resources,NA,624,Bureau of Reclamation
17733,364303N1195146W001,1067889,1983-03-28T00:00:00Z,278.7,278.7,0,43.1,235.6,43.1,43.1,NA,Unknown,Water level accuracy is unknown,1,Department of Water Resources,NA,1083,KINGS COUNTY WATER DISTRICT
17733,364303N1195146W001,1067888,1982-09-21T00:00:00Z,278.7,278.7,0,56.1,222.6,56.1,56.1,NA,Unknown,Water level accuracy is unknown,1,Department of Water Resources,NA,1083,KINGS COUNTY WATER DISTRICT
17733,364303N1195146W001,1067887,1982-03-03T00:00:00Z,278.7,278.7,0,53.2,225.5,53.2,53.2,NA,Unknown,Water level accuracy is unknown,1,Department of Water Resources,NA,624,Bureau of Reclamation
17733,364303N1195146W001,1067886,1981-09-24T00:00:00Z,278.7,278.7,0,60.9,217.8,60.9,60.9,NA,Unknown,Water level accuracy is unknown,1,Department of Water Resources,NA,624,Bureau of Reclamation
17733,364303N1195146W001,1067885,1981-01-26T00:00:00Z,278.7,278.7,0,50.5,228.2,50.5,50.5,NA,Unknown,Water level accuracy is unknown,1,Department of Water Resources,NA,1083,KINGS COUNTY WATER DISTRICT
17733,364303N1195146W001,1067884,1980-09-16T00:00:00Z,278.7,278.7,0,61.9,216.8,61.9,61.9,NA,Unknown,Water level accuracy is unknown,1,Department of Water Resources,NA,1083,KINGS COUNTY WATER DISTRICT
17733,364303N1195146W001,1067883,1980-02-11T00:00:00Z,278.7,278.7,0,52.2,226.5,52.2,52.2,NA,Unknown,Water level accuracy is unknown,1,Department of Water Resources,NA,1083,KINGS COUNTY WATER DISTRICT
17733,364303N1195146W001,1067882,1979-10-02T00:00:00Z,278.7,278.7,0,68.2,210.5,68.2,68.2,NA,Unknown,Water level accuracy is unknown,1,Department of Water Resources,NA,1083,KINGS COUNTY WATER DISTRICT
17733,364303N1195146W001,1067881,1979-02-05T00:00:00Z,278.7,278.7,0,52.5,226.2,52.5,52.5,NA,Unknown,Water level accuracy is unknown,1,Department of Water Resources,NA,1083,KINGS COUNTY WATER DISTRICT
17733,364303N1195146W001,1067880,1978-10-02T00:00:00Z,278.7,278.7,0,64.4,214.3,64.4,64.4,NA,Unknown,Water level accuracy is unknown,1,Department of Water Resources,NA,1083,KINGS COUNTY WATER DISTRICT
17733,364303N1195146W001,1067879,1978-03-07T00:00:00Z,278.7,278.7,0,60.4,218.3,60.4,60.4,NA,Unknown,Water level accuracy is unknown,1,Department of Water Resources,NA,1083,KINGS COUNTY WATER DISTRICT
17733,364303N1195146W001,1067878,1977-09-29T00:00:00Z,278.7,278.7,0,68.7,210,68.7,68.7,NA,Unknown,Water level accuracy is unknown,1,Department of Water Resources,NA,1083,KINGS COUNTY WATER DISTRICT
17733,364303N1195146W001,1067877,1977-08-30T00:00:00Z,278.7,278.7,0,67.8,210.9,67.8,67.8,NA,Unknown,Water level accuracy is unknown,1,Department of Water Resources,NA,1083,KINGS COUNTY WATER DISTRICT
17733,364303N1195146W001,1067876,1977-06-17T00:00:00Z,278.7,278.7,0,67.2,211.5,67.2,67.2,NA,Unknown,Water level accuracy is unknown,1,Department of Water Resources,NA,1083,KINGS COUNTY WATER DISTRICT
17733,364303N1195146W001,1067875,1977-02-11T00:00:00Z,278.7,278.7,0,58.7,220,58.7,58.7,NA,Unknown,Water level accuracy is unknown,1,Department of Water Resources,NA,1083,KINGS COUNTY WATER DISTRICT
17733,364303N1195146W001,1067874,1976-10-04T00:00:00Z,278.7,278.7,0,72.4,206.3,72.4,72.4,NA,Unknown,Water level accuracy is unknown,1,Department of Water Resources,NA,1083,KINGS COUNTY WATER DISTRICT
17733,364303N1195146W001,1067873,1976-01-22T00:00:00Z,278.7,278.7,0,52.5,226.2,52.5,52.5,NA,Unknown,Water level accuracy is unknown,1,Department of Water Resources,NA,1083,KINGS COUNTY WATER DISTRICT
17733,364303N1195146W001,1067872,1975-09-23T00:00:00Z,278.7,278.7,0,63.3,215.4,63.3,63.3,NA,Unknown,Water level accuracy is unknown,1,Department of Water Resources,NA,1083,KINGS COUNTY WATER DISTRICT
17733,364303N1195146W001,1067871,1975-02-13T00:00:00Z,278.7,278.7,0,44.7,234,44.7,44.7,NA,Unknown,Water level accuracy is unknown,1,Department of Water Resources,NA,1083,KINGS COUNTY WATER DISTRICT
17733,364303N1195146W001,1067870,1974-10-04T00:00:00Z,278.7,278.7,0,49.5,229.2,49.5,49.5,NA,Unknown,Water level accuracy is unknown,1,Department of Water Resources,NA,1083,KINGS COUNTY WATER DISTRICT
17733,364303N1195146W001,1067869,1974-02-08T00:00:00Z,278.7,278.7,0,48,230.7,48,48,NA,Unknown,Water level accuracy is unknown,1,Department of Water Resources,NA,1083,KINGS COUNTY WATER DISTRICT
17733,364303N1195146W001,1067868,1973-10-02T00:00:00Z,278.7,278.7,0,58,220.7,58,58,NA,Unknown,Water level accuracy is unknown,1,Department of Water Resources,NA,1083,KINGS COUNTY WATER DISTRICT
17733,364303N1195146W001,1067867,1973-03-01T00:00:00Z,278.7,278.7,0,48.5,230.2,48.5,48.5,NA,Unknown,Water level accuracy is unknown,1,Department of Water Resources,NA,1083,KINGS COUNTY WATER DISTRICT
17733,364303N1195146W001,1067866,1972-10-05T00:00:00Z,278.7,278.7,0,54.2,224.5,54.2,54.2,NA,Unknown,Water level accuracy is unknown,1,Department of Water Resources,NA,1083,KINGS COUNTY WATER DISTRICT
17733,364303N1195146W001,1067865,1972-02-09T00:00:00Z,278.7,278.7,0,46.8,231.9,46.8,46.8,NA,Unknown,Water level accuracy is unknown,1,Department of Water Resources,NA,1083,KINGS COUNTY WATER DISTRICT
17733,364303N1195146W001,1067864,1971-09-17T00:00:00Z,278.7,278.7,0,54.3,224.4,54.3,54.3,NA,Unknown,Water level accuracy is unknown,1,Department of Water Resources,NA,1083,KINGS COUNTY WATER DISTRICT
17733,364303N1195146W001,1067863,1971-02-25T00:00:00Z,278.7,278.7,0,37.1,241.6,37.1,37.1,NA,Unknown,Water level accuracy is unknown,1,Department of Water Resources,NA,1083,KINGS COUNTY WATER DISTRICT
17733,364303N1195146W001,1067862,1970-10-25T00:00:00Z,278.7,278.7,0,37.9,240.8,37.9,37.9,Oil or foreign substance in casing,Unknown,Water level accuracy is unknown,1,Department of Water Resources,NA,1083,KINGS COUNTY WATER DISTRICT
17733,364303N1195146W001,1067861,1970-02-15T00:00:00Z,278.7,278.7,0,34.5,244.2,34.5,34.5,NA,Unknown,Water level accuracy is unknown,1,Department of Water Resources,NA,1083,KINGS COUNTY WATER DISTRICT
17733,364303N1195146W001,1067860,1969-10-08T00:00:00Z,278.7,278.7,0,41.2,237.5,41.2,41.2,Oil or foreign substance in casing,Unknown,Water level accuracy is unknown,1,Department of Water Resources,NA,1083,KINGS COUNTY WATER DISTRICT
17733,364303N1195146W001,1067859,1969-02-12T00:00:00Z,278.7,278.7,0,46.1,232.6,46.1,46.1,NA,Unknown,Water level accuracy is unknown,1,Department of Water Resources,NA,1083,KINGS COUNTY WATER DISTRICT
17733,364303N1195146W001,1067858,1968-09-23T00:00:00Z,278.7,278.7,0,34.2,244.5,34.2,34.2,NA,Unknown,Water level accuracy is unknown,1,Department of Water Resources,NA,1083,KINGS COUNTY WATER DISTRICT
17733,364303N1195146W001,1067857,1968-01-28T00:00:00Z,278.7,278.7,0,44.2,234.5,44.2,44.2,Oil or foreign substance in casing,Unknown,Water level accuracy is unknown,1,Department of Water Resources,NA,1083,KINGS COUNTY WATER DISTRICT
17733,364303N1195146W001,1067856,1967-10-02T00:00:00Z,278.7,278.7,0,51.9,226.8,51.9,51.9,NA,Unknown,Water level accuracy is unknown,1,Department of Water Resources,NA,1083,KINGS COUNTY WATER DISTRICT
17733,364303N1195146W001,1067855,1967-02-09T00:00:00Z,278.7,278.7,0,46.7,232,46.7,46.7,NA,Unknown,Water level accuracy is unknown,1,Department of Water Resources,NA,1083,KINGS COUNTY WATER DISTRICT
17733,364303N1195146W001,1067854,1966-10-02T00:00:00Z,278.7,278.7,0,53.6,225.1,53.6,53.6,NA,Unknown,Water level accuracy is unknown,1,Department of Water Resources,NA,1083,KINGS COUNTY WATER DISTRICT
17733,364303N1195146W001,1067853,1966-02-22T00:00:00Z,278.7,278.7,0,40.1,238.6,40.1,40.1,NA,Unknown,Water level accuracy is unknown,1,Department of Water Resources,NA,1083,KINGS COUNTY WATER DISTRICT
17733,364303N1195146W001,1067852,1966-01-27T00:00:00Z,278.7,278.7,0,41.8,236.9,41.8,41.8,NA,Unknown,Water level accuracy is unknown,1,Department of Water Resources,NA,785,Alta Irrigation District
17733,364303N1195146W001,1067851,1965-10-09T00:00:00Z,278.7,278.7,0,42.4,236.3,42.4,42.4,NA,Unknown,Water level accuracy is unknown,1,Department of Water Resources,NA,1083,KINGS COUNTY WATER DISTRICT
17733,364303N1195146W001,1067850,1965-02-24T00:00:00Z,278.7,278.7,0,44.6,234.1,44.6,44.6,NA,Unknown,Water level accuracy is unknown,1,Department of Water Resources,NA,785,Alta Irrigation District
17733,364303N1195146W001,1067849,1965-02-01T00:00:00Z,278.7,278.7,0,37.1,241.6,37.1,37.1,NA,Unknown,Water level accuracy is unknown,1,Department of Water Resources,NA,1083,KINGS COUNTY WATER DISTRICT
17733,364303N1195146W001,1067848,1964-10-02T00:00:00Z,278.7,278.7,0,45.9,232.8,45.9,45.9,NA,Unknown,Water level accuracy is unknown,1,Department of Water Resources,NA,1083,KINGS COUNTY WATER DISTRICT
17733,364303N1195146W001,1067847,1964-02-27T00:00:00Z,278.7,278.7,NA,NA,NA,NA,NA,Pumping,NA,NA,1,Department of Water Resources,NA,785,Alta Irrigation District
17733,364303N1195146W001,1067846,1964-02-03T00:00:00Z,278.7,278.7,0,38.6,240.1,38.6,38.6,NA,Unknown,Water level accuracy is unknown,1,Department of Water Resources,NA,1083,KINGS COUNTY WATER DISTRICT
17733,364303N1195146W001,1067845,1963-02-26T00:00:00Z,278.7,278.7,0,39.8,238.9,39.8,39.8,NA,Unknown,Water level accuracy is unknown,1,Department of Water Resources,NA,785,Alta Irrigation District
17733,364303N1195146W001,1067844,1962-02-26T00:00:00Z,278.7,278.7,0,39.9,238.8,39.9,39.9,NA,Unknown,Water level accuracy is unknown,1,Department of Water Resources,NA,785,Alta Irrigation District
17733,364303N1195146W001,1067843,1961-09-28T00:00:00Z,278.7,278.7,0,45.1,233.6,45.1,45.1,NA,Unknown,Water level accuracy is unknown,1,Department of Water Resources,NA,785,Alta Irrigation District
17733,364303N1195146W001,1067842,1961-02-27T00:00:00Z,278.7,278.7,0,32.1,246.6,32.1,32.1,NA,Unknown,Water level accuracy is unknown,1,Department of Water Resources,NA,785,Alta Irrigation District
17733,364303N1195146W001,1067841,1960-10-28T00:00:00Z,278.7,278.7,0,38,240.7,38,38,NA,Unknown,Water level accuracy is unknown,1,Department of Water Resources,NA,785,Alta Irrigation District
17733,364303N1195146W001,1067840,1960-02-27T00:00:00Z,278.7,278.7,0,24.7,254,24.7,24.7,NA,Unknown,Water level accuracy is unknown,1,Department of Water Resources,NA,785,Alta Irrigation District
17733,364303N1195146W001,1067839,1959-10-30T00:00:00Z,278.7,278.7,0,27,251.7,27,27,NA,Unknown,Water level accuracy is unknown,1,Department of Water Resources,NA,785,Alta Irrigation District
17733,364303N1195146W001,1067838,1959-02-27T00:00:00Z,278.7,278.7,0,18.6,260.1,18.6,18.6,NA,Unknown,Water level accuracy is unknown,1,Department of Water Resources,NA,785,Alta Irrigation District
17733,364303N1195146W001,1067837,1958-10-01T00:00:00Z,278.7,278.7,0,20.3,258.4,20.3,20.3,NA,Unknown,Water level accuracy is unknown,1,Department of Water Resources,NA,785,Alta Irrigation District
17733,364303N1195146W001,1067836,1958-02-27T00:00:00Z,278.7,278.7,0,21.9,256.8,21.9,21.9,NA,Unknown,Water level accuracy is unknown,1,Department of Water Resources,NA,785,Alta Irrigation District
17733,364303N1195146W001,1067835,1958-01-30T00:00:00Z,278.7,278.7,0,27.5,251.2,27.5,27.5,NA,Unknown,Water level accuracy is unknown,1,Department of Water Resources,NA,785,Alta Irrigation District
17733,364303N1195146W001,1067834,1957-12-28T00:00:00Z,278.7,278.7,0,23.1,255.6,23.1,23.1,NA,Unknown,Water level accuracy is unknown,1,Department of Water Resources,NA,785,Alta Irrigation District
17733,364303N1195146W001,1067833,1957-11-27T00:00:00Z,278.7,278.7,0,23.7,255,23.7,23.7,NA,Unknown,Water level accuracy is unknown,1,Department of Water Resources,NA,785,Alta Irrigation District
17733,364303N1195146W001,1067832,1957-10-30T00:00:00Z,278.7,278.7,0,25.2,253.5,25.2,25.2,NA,Unknown,Water level accuracy is unknown,1,Department of Water Resources,NA,785,Alta Irrigation District
17733,364303N1195146W001,1067831,1957-09-28T00:00:00Z,278.7,278.7,0,25.6,253.1,25.6,25.6,NA,Unknown,Water level accuracy is unknown,1,Department of Water Resources,NA,785,Alta Irrigation District
17733,364303N1195146W001,1067830,1957-06-01T00:00:00Z,278.7,278.7,0,21.2,257.5,21.2,21.2,NA,Unknown,Water level accuracy is unknown,1,Department of Water Resources,NA,785,Alta Irrigation District
17733,364303N1195146W001,1067829,1957-02-27T00:00:00Z,278.7,278.7,0,20.2,258.5,20.2,20.2,NA,Unknown,Water level accuracy is unknown,1,Department of Water Resources,NA,785,Alta Irrigation District
17733,364303N1195146W001,1067828,1956-10-30T00:00:00Z,278.7,278.7,0,22.1,256.6,22.1,22.1,NA,Unknown,Water level accuracy is unknown,1,Department of Water Resources,NA,785,Alta Irrigation District
17733,364303N1195146W001,1067827,1956-07-31T00:00:00Z,278.7,278.7,0,20.1,258.6,20.1,20.1,NA,Unknown,Water level accuracy is unknown,1,Department of Water Resources,NA,785,Alta Irrigation District
17733,364303N1195146W001,1067826,1956-02-29T00:00:00Z,278.7,278.7,0,21,257.7,21,21,NA,Unknown,Water level accuracy is unknown,1,Department of Water Resources,NA,785,Alta Irrigation District
17733,364303N1195146W001,1067825,1956-01-31T00:00:00Z,278.7,278.7,0,22.4,256.3,22.4,22.4,NA,Unknown,Water level accuracy is unknown,1,Department of Water Resources,NA,785,Alta Irrigation District
17733,364303N1195146W001,1067824,1955-11-30T00:00:00Z,278.7,278.7,0,23.9,254.8,23.9,23.9,NA,Unknown,Water level accuracy is unknown,1,Department of Water Resources,NA,785,Alta Irrigation District
17733,364303N1195146W001,1067823,1955-10-28T00:00:00Z,278.7,278.7,0,24.7,254,24.7,24.7,NA,Unknown,Water level accuracy is unknown,1,Department of Water Resources,NA,785,Alta Irrigation District
17733,364303N1195146W001,1067822,1955-07-26T00:00:00Z,278.7,278.7,0,21.5,257.2,21.5,21.5,NA,Unknown,Water level accuracy is unknown,1,Department of Water Resources,NA,785,Alta Irrigation District
17733,364303N1195146W001,1067821,1955-03-29T00:00:00Z,278.7,278.7,0,19,259.7,19,19,NA,Unknown,Water level accuracy is unknown,1,Department of Water Resources,NA,785,Alta Irrigation District
17733,364303N1195146W001,1067820,1955-02-25T00:00:00Z,278.7,278.7,0,18.8,259.9,18.8,18.8,NA,Unknown,Water level accuracy is unknown,1,Department of Water Resources,NA,785,Alta Irrigation District
17733,364303N1195146W001,1067819,1954-12-31T00:00:00Z,278.7,278.7,0,19.7,259,19.7,19.7,NA,Unknown,Water level accuracy is unknown,1,Department of Water Resources,NA,785,Alta Irrigation District
17733,364303N1195146W001,1067818,1954-11-09T00:00:00Z,278.7,278.7,0,20.7,258,20.7,20.7,NA,Unknown,Water level accuracy is unknown,1,Department of Water Resources,NA,785,Alta Irrigation District
17733,364303N1195146W001,1067817,1954-10-07T00:00:00Z,278.7,278.7,0,22.6,256.1,22.6,22.6,NA,Unknown,Water level accuracy is unknown,1,Department of Water Resources,NA,785,Alta Irrigation District
17733,364303N1195146W001,1067816,1954-09-08T00:00:00Z,278.7,278.7,0,21.6,257.1,21.6,21.6,NA,Unknown,Water level accuracy is unknown,1,Department of Water Resources,NA,785,Alta Irrigation District
17733,364303N1195146W001,1067815,1954-07-01T00:00:00Z,278.7,278.7,0,18.4,260.3,18.4,18.4,NA,Unknown,Water level accuracy is unknown,1,Department of Water Resources,NA,785,Alta Irrigation District
17733,364303N1195146W001,1067814,1954-04-06T00:00:00Z,278.7,278.7,0,17,261.7,17,17,NA,Unknown,Water level accuracy is unknown,1,Department of Water Resources,NA,785,Alta Irrigation District
17733,364303N1195146W001,1067813,1954-02-05T00:00:00Z,278.7,278.7,0,16.9,261.8,16.9,16.9,NA,Unknown,Water level accuracy is unknown,1,Department of Water Resources,NA,785,Alta Irrigation District
17733,364303N1195146W001,1067812,1953-12-05T00:00:00Z,278.7,278.7,0,17.5,261.2,17.5,17.5,NA,Unknown,Water level accuracy is unknown,1,Department of Water Resources,NA,785,Alta Irrigation District
17733,364303N1195146W001,1067811,1953-10-07T00:00:00Z,278.7,278.7,0,18,260.7,18,18,NA,Unknown,Water level accuracy is unknown,1,Department of Water Resources,NA,785,Alta Irrigation District
17733,364303N1195146W001,1067810,1953-09-10T00:00:00Z,278.7,278.7,0,18.3,260.4,18.3,18.3,NA,Unknown,Water level accuracy is unknown,1,Department of Water Resources,NA,785,Alta Irrigation District
17733,364303N1195146W001,1067809,1953-06-11T00:00:00Z,278.7,278.7,0,14.3,264.4,14.3,14.3,NA,Unknown,Water level accuracy is unknown,1,Department of Water Resources,NA,785,Alta Irrigation District
17733,364303N1195146W001,1067808,1953-04-04T00:00:00Z,278.7,278.7,0,15.8,262.9,15.8,15.8,NA,Unknown,Water level accuracy is unknown,1,Department of Water Resources,NA,785,Alta Irrigation District
17733,364303N1195146W001,1067807,1953-03-05T00:00:00Z,278.7,278.7,0,14.9,263.8,14.9,14.9,NA,Unknown,Water level accuracy is unknown,1,Department of Water Resources,NA,785,Alta Irrigation District
17733,364303N1195146W001,1067806,1952-12-05T00:00:00Z,278.7,278.7,0,15.8,262.9,15.8,15.8,NA,Unknown,Water level accuracy is unknown,1,Department of Water Resources,NA,785,Alta Irrigation District
17733,364303N1195146W001,1067805,1952-11-06T00:00:00Z,278.7,278.7,0,16,262.7,16,16,NA,Unknown,Water level accuracy is unknown,1,Department of Water Resources,NA,785,Alta Irrigation District
17733,364303N1195146W001,1067804,1952-10-04T00:00:00Z,278.7,278.7,0,16.2,262.5,16.2,16.2,NA,Unknown,Water level accuracy is unknown,1,Department of Water Resources,NA,785,Alta Irrigation District
17733,364303N1195146W001,1067803,1952-09-03T00:00:00Z,278.7,278.7,0,15.9,262.8,15.9,15.9,NA,Unknown,Water level accuracy is unknown,1,Department of Water Resources,NA,785,Alta Irrigation District
17733,364303N1195146W001,1067802,1952-07-04T00:00:00Z,278.7,278.7,0,14.5,264.2,14.5,14.5,NA,Unknown,Water level accuracy is unknown,1,Department of Water Resources,NA,785,Alta Irrigation District
17733,364303N1195146W001,1067801,1952-06-06T00:00:00Z,278.7,278.7,0,14.7,264,14.7,14.7,NA,Unknown,Water level accuracy is unknown,1,Department of Water Resources,NA,785,Alta Irrigation District
17733,364303N1195146W001,1067800,1952-04-04T00:00:00Z,278.7,278.7,0,16.2,262.5,16.2,16.2,NA,Unknown,Water level accuracy is unknown,1,Department of Water Resources,NA,785,Alta Irrigation District
17733,364303N1195146W001,1067799,1952-02-05T00:00:00Z,278.7,278.7,0,16.9,261.8,16.9,16.9,NA,Unknown,Water level accuracy is unknown,1,Department of Water Resources,NA,785,Alta Irrigation District
17733,364303N1195146W001,1067798,1952-01-08T00:00:00Z,278.7,278.7,0,18.9,259.8,18.9,18.9,NA,Unknown,Water level accuracy is unknown,1,Department of Water Resources,NA,785,Alta Irrigation District
17733,364303N1195146W001,1067797,1951-10-27T00:00:00Z,278.7,278.7,0,19.5,259.2,19.5,19.5,NA,Unknown,Water level accuracy is unknown,1,Department of Water Resources,NA,785,Alta Irrigation District
17733,364303N1195146W001,1067796,1951-09-04T00:00:00Z,278.7,278.7,0,20,258.7,20,20,NA,Unknown,Water level accuracy is unknown,1,Department of Water Resources,NA,785,Alta Irrigation District
