STN_ID,SITE_CODE,WLM_ID,MSMT_DATE,WLM_RPE,WLM_GSE,RDNG_WS,RDNG_RP,WSE,RPE_WSE,GSE_WSE,WLM_QA_DESC,WLM_DESC,WLM_ACC_DESC,WLM_ORG_ID,WLM_ORG_NAME,MSMT_CMT,COOP_AGENCY_ORG_ID,COOP_ORG_NAME
17914,362811N1196377W001,912967,2010-10-07T00:00:00Z,242.78,242.38,NA,NA,NA,NA,NA,Dry well,NA,NA,1,Department of Water Resources,NA,5155,Kaweah Delta Water Conservation District
17914,362811N1196377W001,912965,2007-02-15T00:00:00Z,242.78,242.38,0,135,107.78,135,134.6,NA,Unknown,Water level accuracy is unknown,1,Department of Water Resources,NA,5155,Kaweah Delta Water Conservation District
17914,362811N1196377W001,912966,2006-11-21T00:00:00Z,242.78,242.38,0,145,97.78,145,144.6,NA,Unknown,Water level accuracy is unknown,1,Department of Water Resources,NA,5155,Kaweah Delta Water Conservation District
17914,362811N1196377W001,912964,2006-01-27T00:00:00Z,242.78,242.38,0,118,124.78,118,117.6,NA,Unknown,Water level accuracy is unknown,1,Department of Water Resources,NA,5155,Kaweah Delta Water Conservation District
17914,362811N1196377W001,912963,2005-02-09T00:00:00Z,242.78,242.38,0,122,120.78,122,121.6,NA,Unknown,Water level accuracy is unknown,1,Department of Water Resources,NA,5155,Kaweah Delta Water Conservation District
17914,362811N1196377W001,912960,2003-01-27T00:00:00Z,242.78,242.38,0,131,111.78,131,130.6,NA,Unknown,Water level accuracy is unknown,1,Department of Water Resources,NA,5155,Kaweah Delta Water Conservation District
17914,362811N1196377W001,912962,2002-09-25T00:00:00Z,242.78,242.38,0,177,65.78,177,176.6,NA,Unknown,Water level accuracy is unknown,1,Department of Water Resources,NA,624,Bureau of Reclamation
17914,362811N1196377W001,912961,2002-01-22T00:00:00Z,242.78,242.38,0,116,126.78,116,115.6,NA,Unknown,Water level accuracy is unknown,1,Department of Water Resources,NA,624,Bureau of Reclamation
17914,362811N1196377W001,912959,2001-01-30T00:00:00Z,242.78,242.38,0,91,151.78,91,90.6,NA,Unknown,Water level accuracy is unknown,1,Department of Water Resources,NA,5155,Kaweah Delta Water Conservation District
17914,362811N1196377W001,912958,2000-01-31T00:00:00Z,242.78,242.38,0,115,127.78,115,114.6,NA,Unknown,Water level accuracy is unknown,1,Department of Water Resources,NA,5155,Kaweah Delta Water Conservation District
17914,362811N1196377W001,912957,1999-10-08T00:00:00Z,242.78,242.38,0,119,123.78,119,118.6,NA,Unknown,Water level accuracy is unknown,1,Department of Water Resources,NA,5155,Kaweah Delta Water Conservation District
17914,362811N1196377W001,912956,1999-01-29T00:00:00Z,242.78,242.38,0,86.5,156.28,86.5,86.1,NA,Unknown,Water level accuracy is unknown,1,Department of Water Resources,NA,5155,Kaweah Delta Water Conservation District
17914,362811N1196377W001,912955,1998-10-13T00:00:00Z,242.78,242.38,0,101,141.78,101,100.6,NA,Unknown,Water level accuracy is unknown,1,Department of Water Resources,NA,5155,Kaweah Delta Water Conservation District
17914,362811N1196377W001,912954,1998-01-21T00:00:00Z,242.78,242.38,0,99,143.78,99,98.6,NA,Unknown,Water level accuracy is unknown,1,Department of Water Resources,NA,5155,Kaweah Delta Water Conservation District
17914,362811N1196377W001,912953,1997-10-08T00:00:00Z,242.78,242.38,0,149.5,93.28,149.5,149.1,NA,Unknown,Water level accuracy is unknown,1,Department of Water Resources,NA,5155,Kaweah Delta Water Conservation District
17914,362811N1196377W001,912952,1997-02-14T00:00:00Z,242.78,242.38,0,91.5,151.28,91.5,91.1,NA,Unknown,Water level accuracy is unknown,1,Department of Water Resources,NA,5155,Kaweah Delta Water Conservation District
17914,362811N1196377W001,912951,1996-10-21T00:00:00Z,242.78,242.38,NA,NA,NA,NA,NA,Pumping,NA,NA,1,Department of Water Resources,NA,5155,Kaweah Delta Water Conservation District
17914,362811N1196377W001,912950,1996-01-26T00:00:00Z,242.78,242.38,0,98,144.78,98,97.6,NA,Unknown,Water level accuracy is unknown,1,Department of Water Resources,NA,5155,Kaweah Delta Water Conservation District
17914,362811N1196377W001,912949,1995-10-04T00:00:00Z,242.78,242.38,0,118,124.78,118,117.6,NA,Unknown,Water level accuracy is unknown,1,Department of Water Resources,NA,5155,Kaweah Delta Water Conservation District
17914,362811N1196377W001,912948,1995-02-23T00:00:00Z,242.78,242.38,0,115,127.78,115,114.6,NA,Unknown,Water level accuracy is unknown,1,Department of Water Resources,NA,5155,Kaweah Delta Water Conservation District
17914,362811N1196377W001,912947,1994-10-10T00:00:00Z,242.78,242.38,0,158.4,84.38,158.4,158,NA,Unknown,Water level accuracy is unknown,1,Department of Water Resources,NA,5155,Kaweah Delta Water Conservation District
17914,362811N1196377W001,912946,1994-02-12T00:00:00Z,242.78,242.38,0,126,116.78,126,125.6,NA,Unknown,Water level accuracy is unknown,1,Department of Water Resources,NA,5155,Kaweah Delta Water Conservation District
17914,362811N1196377W001,912945,1993-10-15T00:00:00Z,242.78,242.38,0,130,112.78,130,129.6,NA,Unknown,Water level accuracy is unknown,1,Department of Water Resources,NA,5155,Kaweah Delta Water Conservation District
17914,362811N1196377W001,912944,1993-02-09T00:00:00Z,242.78,242.38,0,116,126.78,116,115.6,NA,Unknown,Water level accuracy is unknown,1,Department of Water Resources,NA,5155,Kaweah Delta Water Conservation District
17914,362811N1196377W001,912943,1992-10-28T00:00:00Z,242.78,242.38,0,179,63.78,179,178.6,NA,Unknown,Water level accuracy is unknown,1,Department of Water Resources,NA,5155,Kaweah Delta Water Conservation District
17914,362811N1196377W001,912942,1992-02-01T00:00:00Z,242.78,242.38,0,138,104.78,138,137.6,NA,Unknown,Water level accuracy is unknown,1,Department of Water Resources,NA,5155,Kaweah Delta Water Conservation District
17914,362811N1196377W001,912941,1991-10-17T00:00:00Z,242.78,242.38,0,170,72.78,170,169.6,NA,Unknown,Water level accuracy is unknown,1,Department of Water Resources,NA,5155,Kaweah Delta Water Conservation District
17914,362811N1196377W001,912940,1991-02-06T00:00:00Z,242.78,242.38,0,128,114.78,128,127.6,NA,Unknown,Water level accuracy is unknown,1,Department of Water Resources,NA,5155,Kaweah Delta Water Conservation District
17914,362811N1196377W001,912939,1990-10-05T00:00:00Z,242.78,242.38,0,155,87.78,155,154.6,NA,Unknown,Water level accuracy is unknown,1,Department of Water Resources,NA,5155,Kaweah Delta Water Conservation District
17914,362811N1196377W001,912938,1990-02-03T00:00:00Z,242.78,242.38,0,100,142.78,100,99.6,NA,Unknown,Water level accuracy is unknown,1,Department of Water Resources,NA,5155,Kaweah Delta Water Conservation District
17914,362811N1196377W001,912937,1989-10-04T00:00:00Z,242.78,242.38,0,148,94.78,148,147.6,NA,Unknown,Water level accuracy is unknown,1,Department of Water Resources,NA,5155,Kaweah Delta Water Conservation District
17914,362811N1196377W001,912936,1989-01-26T00:00:00Z,242.78,242.38,0,85,157.78,85,84.6,NA,Unknown,Water level accuracy is unknown,1,Department of Water Resources,NA,5155,Kaweah Delta Water Conservation District
17914,362811N1196377W001,912935,1988-09-28T00:00:00Z,242.78,242.38,0,141,101.78,141,140.6,NA,Unknown,Water level accuracy is unknown,1,Department of Water Resources,NA,5155,Kaweah Delta Water Conservation District
17914,362811N1196377W001,912934,1988-02-04T00:00:00Z,242.78,242.38,0,60,182.78,60,59.6,NA,Unknown,Water level accuracy is unknown,1,Department of Water Resources,NA,5155,Kaweah Delta Water Conservation District
17914,362811N1196377W001,912933,1987-09-24T00:00:00Z,242.78,242.38,0,99,143.78,99,98.6,NA,Unknown,Water level accuracy is unknown,1,Department of Water Resources,NA,5155,Kaweah Delta Water Conservation District
17914,362811N1196377W001,912932,1987-01-29T00:00:00Z,242.78,242.38,0,47.5,195.28,47.5,47.1,NA,Unknown,Water level accuracy is unknown,1,Department of Water Resources,NA,5155,Kaweah Delta Water Conservation District
17914,362811N1196377W001,912931,1986-09-24T00:00:00Z,242.78,242.38,0,60,182.78,60,59.6,NA,Unknown,Water level accuracy is unknown,1,Department of Water Resources,NA,624,Bureau of Reclamation
17914,362811N1196377W001,912930,1986-01-28T00:00:00Z,242.78,242.38,0,57,185.78,57,56.6,NA,Unknown,Water level accuracy is unknown,1,Department of Water Resources,NA,624,Bureau of Reclamation
17914,362811N1196377W001,912929,1985-10-01T00:00:00Z,242.78,242.38,0,98,144.78,98,97.6,NA,Unknown,Water level accuracy is unknown,1,Department of Water Resources,NA,624,Bureau of Reclamation
17914,362811N1196377W001,912928,1985-01-30T00:00:00Z,242.78,242.38,0,52,190.78,52,51.6,NA,Unknown,Water level accuracy is unknown,1,Department of Water Resources,NA,624,Bureau of Reclamation
17914,362811N1196377W001,912927,1984-10-02T00:00:00Z,242.78,242.38,0,79,163.78,79,78.6,NA,Unknown,Water level accuracy is unknown,1,Department of Water Resources,NA,624,Bureau of Reclamation
17914,362811N1196377W001,912926,1984-02-02T00:00:00Z,242.78,242.38,0,64,178.78,64,63.6,NA,Unknown,Water level accuracy is unknown,1,Department of Water Resources,NA,624,Bureau of Reclamation
17914,362811N1196377W001,912925,1983-09-26T00:00:00Z,242.78,242.38,0,103,139.78,103,102.6,NA,Unknown,Water level accuracy is unknown,1,Department of Water Resources,NA,624,Bureau of Reclamation
17914,362811N1196377W001,912924,1983-02-16T00:00:00Z,242.78,242.38,0,69,173.78,69,68.6,NA,Unknown,Water level accuracy is unknown,1,Department of Water Resources,NA,5155,Kaweah Delta Water Conservation District
17914,362811N1196377W001,912923,1982-09-27T00:00:00Z,242.78,242.38,0,139,103.78,139,138.6,NA,Unknown,Water level accuracy is unknown,1,Department of Water Resources,NA,5155,Kaweah Delta Water Conservation District
17914,362811N1196377W001,912922,1982-01-25T00:00:00Z,242.78,242.38,0,88,154.78,88,87.6,NA,Unknown,Water level accuracy is unknown,1,Department of Water Resources,NA,624,Bureau of Reclamation
17914,362811N1196377W001,912921,1981-09-21T00:00:00Z,242.78,242.38,0,148,94.78,148,147.6,NA,Unknown,Water level accuracy is unknown,1,Department of Water Resources,NA,624,Bureau of Reclamation
17914,362811N1196377W001,912920,1981-01-27T00:00:00Z,242.78,242.38,0,81,161.78,81,80.6,NA,Unknown,Water level accuracy is unknown,1,Department of Water Resources,NA,5155,Kaweah Delta Water Conservation District
17914,362811N1196377W001,912919,1980-09-25T00:00:00Z,242.78,242.38,0,97,145.78,97,96.6,NA,Unknown,Water level accuracy is unknown,1,Department of Water Resources,NA,5155,Kaweah Delta Water Conservation District
17914,362811N1196377W001,912918,1980-01-24T00:00:00Z,242.78,242.38,0,105,137.78,105,104.6,NA,Unknown,Water level accuracy is unknown,1,Department of Water Resources,NA,5155,Kaweah Delta Water Conservation District
17914,362811N1196377W001,912917,1979-09-27T00:00:00Z,242.78,242.38,0,129,113.78,129,128.6,NA,Unknown,Water level accuracy is unknown,1,Department of Water Resources,NA,5155,Kaweah Delta Water Conservation District
17914,362811N1196377W001,912916,1979-01-24T00:00:00Z,242.78,242.38,0,109,133.78,109,108.6,NA,Unknown,Water level accuracy is unknown,1,Department of Water Resources,NA,5155,Kaweah Delta Water Conservation District
17914,362811N1196377W001,912915,1978-10-23T00:00:00Z,242.78,242.38,0,123,119.78,123,122.6,NA,Unknown,Water level accuracy is unknown,1,Department of Water Resources,NA,5155,Kaweah Delta Water Conservation District
17914,362811N1196377W001,912914,1978-02-02T00:00:00Z,242.78,242.38,0,114,128.78,114,113.6,NA,Unknown,Water level accuracy is unknown,1,Department of Water Resources,NA,5155,Kaweah Delta Water Conservation District
17914,362811N1196377W001,912913,1977-10-05T00:00:00Z,242.78,242.38,0,147,95.78,147,146.6,NA,Unknown,Water level accuracy is unknown,1,Department of Water Resources,NA,5155,Kaweah Delta Water Conservation District
17914,362811N1196377W001,912912,1977-01-25T00:00:00Z,242.78,242.38,0,110,132.78,110,109.6,NA,Unknown,Water level accuracy is unknown,1,Department of Water Resources,NA,5155,Kaweah Delta Water Conservation District
17914,362811N1196377W001,912911,1976-10-09T00:00:00Z,242.78,242.38,0,123,119.78,123,122.6,NA,Unknown,Water level accuracy is unknown,1,Department of Water Resources,NA,5155,Kaweah Delta Water Conservation District
17914,362811N1196377W001,912910,1976-01-28T00:00:00Z,242.78,242.38,0,116,126.78,116,115.6,NA,Unknown,Water level accuracy is unknown,1,Department of Water Resources,NA,5155,Kaweah Delta Water Conservation District
17914,362811N1196377W001,912909,1975-10-06T00:00:00Z,242.78,242.38,0,118,124.78,118,117.6,NA,Unknown,Water level accuracy is unknown,1,Department of Water Resources,NA,5155,Kaweah Delta Water Conservation District
17914,362811N1196377W001,912908,1975-02-20T00:00:00Z,242.78,242.38,0,93,149.78,93,92.6,NA,Unknown,Water level accuracy is unknown,1,Department of Water Resources,NA,5155,Kaweah Delta Water Conservation District
17914,362811N1196377W001,912907,1974-10-10T00:00:00Z,242.78,242.38,0,101,141.78,101,100.6,NA,Unknown,Water level accuracy is unknown,1,Department of Water Resources,NA,5155,Kaweah Delta Water Conservation District
17914,362811N1196377W001,912906,1974-02-07T00:00:00Z,242.78,242.38,0,92,150.78,92,91.6,NA,Unknown,Water level accuracy is unknown,1,Department of Water Resources,NA,5155,Kaweah Delta Water Conservation District
17914,362811N1196377W001,912905,1973-10-05T00:00:00Z,242.78,242.38,0,119.5,123.28,119.5,119.1,NA,Unknown,Water level accuracy is unknown,1,Department of Water Resources,NA,5155,Kaweah Delta Water Conservation District
17914,362811N1196377W001,912904,1973-02-14T00:00:00Z,242.78,242.38,0,86.5,156.28,86.5,86.1,NA,Unknown,Water level accuracy is unknown,1,Department of Water Resources,NA,5155,Kaweah Delta Water Conservation District
17914,362811N1196377W001,912903,1972-09-28T00:00:00Z,242.78,242.38,0,144.8,97.98,144.8,144.4,NA,Unknown,Water level accuracy is unknown,1,Department of Water Resources,NA,5155,Kaweah Delta Water Conservation District
17914,362811N1196377W001,912902,1972-01-31T00:00:00Z,242.78,242.38,NA,NA,NA,NA,NA,Tape hung up,NA,NA,1,Department of Water Resources,NA,5155,Kaweah Delta Water Conservation District
17914,362811N1196377W001,912901,1970-01-07T00:00:00Z,242.78,242.38,0,76.4,166.38,76.4,76,NA,Unknown,Water level accuracy is unknown,1,Department of Water Resources,NA,5155,Kaweah Delta Water Conservation District
