STN_ID,SITE_CODE,WLM_ID,MSMT_DATE,WLM_RPE,WLM_GSE,RDNG_WS,RDNG_RP,WSE,RPE_WSE,GSE_WSE,WLM_QA_DESC,WLM_DESC,WLM_ACC_DESC,WLM_ORG_ID,WLM_ORG_NAME,MSMT_CMT,COOP_AGENCY_ORG_ID,COOP_ORG_NAME
17928,362691N1197035W001,913531,1998-01-24T00:00:00Z,233.81,231.81,0,51,182.81,51,49,NA,Unknown,Water level accuracy is unknown,1,Department of Water Resources,NA,1083,KINGS COUNTY WATER DISTRICT
17928,362691N1197035W001,913530,1997-11-01T00:00:00Z,233.81,231.81,0,52,181.81,52,50,NA,Unknown,Water level accuracy is unknown,1,Department of Water Resources,NA,1083,KINGS COUNTY WATER DISTRICT
17928,362691N1197035W001,913529,1997-02-01T00:00:00Z,233.81,231.81,0,50,183.81,50,48,NA,Unknown,Water level accuracy is unknown,1,Department of Water Resources,NA,1083,KINGS COUNTY WATER DISTRICT
17928,362691N1197035W001,913528,1996-08-31T00:00:00Z,233.81,231.81,0,52,181.81,52,50,NA,Unknown,Water level accuracy is unknown,1,Department of Water Resources,NA,1083,KINGS COUNTY WATER DISTRICT
17928,362691N1197035W001,913527,1995-10-28T00:00:00Z,233.81,231.81,0,56.2,177.61,56.2,54.2,NA,Unknown,Water level accuracy is unknown,1,Department of Water Resources,NA,1111,LAKESIDE IRRIGATION WATER DISTRICT
17928,362691N1197035W001,913526,1995-10-08T00:00:00Z,233.81,231.81,0,54,179.81,54,52,NA,Unknown,Water level accuracy is unknown,1,Department of Water Resources,NA,1083,KINGS COUNTY WATER DISTRICT
17928,362691N1197035W001,913525,1995-02-12T00:00:00Z,233.81,231.81,0,61,172.81,61,59,NA,Unknown,Water level accuracy is unknown,1,Department of Water Resources,NA,1083,KINGS COUNTY WATER DISTRICT
17928,362691N1197035W001,913524,1995-02-09T00:00:00Z,233.81,231.81,0,61.1,172.71,61.1,59.1,NA,Unknown,Water level accuracy is unknown,1,Department of Water Resources,NA,1111,LAKESIDE IRRIGATION WATER DISTRICT
17928,362691N1197035W001,913523,1994-10-23T00:00:00Z,233.81,231.81,0,71.9,161.91,71.9,69.9,NA,Unknown,Water level accuracy is unknown,1,Department of Water Resources,NA,1111,LAKESIDE IRRIGATION WATER DISTRICT
17928,362691N1197035W001,913522,1994-10-02T00:00:00Z,233.81,231.81,0,76.1,157.71,76.1,74.1,NA,Unknown,Water level accuracy is unknown,1,Department of Water Resources,NA,1083,KINGS COUNTY WATER DISTRICT
17928,362691N1197035W001,913521,1994-02-13T00:00:00Z,233.81,231.81,0,56.3,177.51,56.3,54.3,NA,Unknown,Water level accuracy is unknown,1,Department of Water Resources,NA,1083,KINGS COUNTY WATER DISTRICT
17928,362691N1197035W001,913520,1993-10-22T00:00:00Z,233.81,231.81,0,62.5,171.31,62.5,60.5,NA,Unknown,Water level accuracy is unknown,1,Department of Water Resources,NA,1083,KINGS COUNTY WATER DISTRICT
17928,362691N1197035W001,913519,1993-02-27T00:00:00Z,233.81,231.81,0,61,172.81,61,59,NA,Unknown,Water level accuracy is unknown,1,Department of Water Resources,NA,1083,KINGS COUNTY WATER DISTRICT
17928,362691N1197035W001,913518,1992-10-02T00:00:00Z,233.81,231.81,0,73.9,159.91,73.9,71.9,NA,Unknown,Water level accuracy is unknown,1,Department of Water Resources,NA,1083,KINGS COUNTY WATER DISTRICT
17928,362691N1197035W001,913517,1992-01-02T00:00:00Z,233.81,231.81,0,61.7,172.11,61.7,59.7,NA,Unknown,Water level accuracy is unknown,1,Department of Water Resources,NA,1083,KINGS COUNTY WATER DISTRICT
17928,362691N1197035W001,913516,1991-10-07T00:00:00Z,233.81,231.81,0,74.6,159.21,74.6,72.6,NA,Unknown,Water level accuracy is unknown,1,Department of Water Resources,NA,1083,KINGS COUNTY WATER DISTRICT
17928,362691N1197035W001,913515,1991-02-04T00:00:00Z,233.81,231.81,0,59.5,174.31,59.5,57.5,NA,Unknown,Water level accuracy is unknown,1,Department of Water Resources,NA,1083,KINGS COUNTY WATER DISTRICT
17928,362691N1197035W001,913514,1990-09-24T00:00:00Z,233.81,231.81,0,74.7,159.11,74.7,72.7,NA,Unknown,Water level accuracy is unknown,1,Department of Water Resources,NA,1083,KINGS COUNTY WATER DISTRICT
17928,362691N1197035W001,913513,1990-01-25T00:00:00Z,233.81,231.81,0,53.7,180.11,53.7,51.7,NA,Unknown,Water level accuracy is unknown,1,Department of Water Resources,NA,1083,KINGS COUNTY WATER DISTRICT
17928,362691N1197035W001,913512,1989-10-31T00:00:00Z,233.81,231.81,0,62.2,171.61,62.2,60.2,NA,Unknown,Water level accuracy is unknown,1,Department of Water Resources,NA,1083,KINGS COUNTY WATER DISTRICT
17928,362691N1197035W001,913511,1989-02-06T00:00:00Z,233.81,231.81,0,48.3,185.51,48.3,46.3,NA,Unknown,Water level accuracy is unknown,1,Department of Water Resources,NA,1083,KINGS COUNTY WATER DISTRICT
17928,362691N1197035W001,913510,1988-11-04T00:00:00Z,233.81,231.81,0,56.7,177.11,56.7,54.7,NA,Unknown,Water level accuracy is unknown,1,Department of Water Resources,NA,1083,KINGS COUNTY WATER DISTRICT
17928,362691N1197035W001,913509,1988-02-24T00:00:00Z,233.81,231.81,0,38.9,194.91,38.9,36.9,NA,Unknown,Water level accuracy is unknown,1,Department of Water Resources,NA,1083,KINGS COUNTY WATER DISTRICT
17928,362691N1197035W001,913508,1987-10-20T00:00:00Z,233.81,231.81,0,48.6,185.21,48.6,46.6,NA,Unknown,Water level accuracy is unknown,1,Department of Water Resources,NA,1083,KINGS COUNTY WATER DISTRICT
17928,362691N1197035W001,913507,1987-02-12T00:00:00Z,233.81,231.81,0,30.1,203.71,30.1,28.1,NA,Unknown,Water level accuracy is unknown,1,Department of Water Resources,NA,1083,KINGS COUNTY WATER DISTRICT
17928,362691N1197035W001,913506,1986-10-01T00:00:00Z,233.81,231.81,0,34.1,199.71,34.1,32.1,NA,Unknown,Water level accuracy is unknown,1,Department of Water Resources,NA,624,Bureau of Reclamation
17928,362691N1197035W001,913505,1986-01-21T00:00:00Z,233.81,231.81,0,38.2,195.61,38.2,36.2,NA,Unknown,Water level accuracy is unknown,1,Department of Water Resources,NA,624,Bureau of Reclamation
17928,362691N1197035W001,913504,1985-10-07T00:00:00Z,233.81,231.81,0,43.8,190.01,43.8,41.8,NA,Unknown,Water level accuracy is unknown,1,Department of Water Resources,NA,624,Bureau of Reclamation
17928,362691N1197035W001,913503,1985-02-20T00:00:00Z,233.81,231.81,0,32,201.81,32,30,NA,Unknown,Water level accuracy is unknown,1,Department of Water Resources,NA,624,Bureau of Reclamation
17928,362691N1197035W001,913502,1984-10-15T00:00:00Z,233.81,231.81,0,37.9,195.91,37.9,35.9,NA,Unknown,Water level accuracy is unknown,1,Department of Water Resources,NA,624,Bureau of Reclamation
17928,362691N1197035W001,913501,1984-02-01T00:00:00Z,233.81,231.81,0,32.7,201.11,32.7,30.7,NA,Unknown,Water level accuracy is unknown,1,Department of Water Resources,NA,624,Bureau of Reclamation
17928,362691N1197035W001,913500,1983-11-08T00:00:00Z,233.81,231.81,0,35.7,198.11,35.7,33.7,NA,Unknown,Water level accuracy is unknown,1,Department of Water Resources,NA,624,Bureau of Reclamation
17928,362691N1197035W001,913499,1983-02-01T00:00:00Z,233.81,231.81,0,40.9,192.91,40.9,38.9,NA,Unknown,Water level accuracy is unknown,1,Department of Water Resources,NA,1083,KINGS COUNTY WATER DISTRICT
17928,362691N1197035W001,913498,1982-09-30T00:00:00Z,233.81,231.81,0,45.8,188.01,45.8,43.8,NA,Unknown,Water level accuracy is unknown,1,Department of Water Resources,NA,1083,KINGS COUNTY WATER DISTRICT
17928,362691N1197035W001,913497,1982-02-18T00:00:00Z,233.81,231.81,0,47.9,185.91,47.9,45.9,NA,Unknown,Water level accuracy is unknown,1,Department of Water Resources,NA,624,Bureau of Reclamation
17928,362691N1197035W001,913496,1981-09-30T00:00:00Z,233.81,231.81,0,64.3,169.51,64.3,62.3,NA,Unknown,Water level accuracy is unknown,1,Department of Water Resources,NA,624,Bureau of Reclamation
17928,362691N1197035W001,913495,1981-02-09T00:00:00Z,233.81,231.81,0,45.5,188.31,45.5,43.5,NA,Unknown,Water level accuracy is unknown,1,Department of Water Resources,NA,1083,KINGS COUNTY WATER DISTRICT
17928,362691N1197035W001,913494,1980-10-07T00:00:00Z,233.81,231.81,0,54.3,179.51,54.3,52.3,NA,Unknown,Water level accuracy is unknown,1,Department of Water Resources,NA,1083,KINGS COUNTY WATER DISTRICT
17928,362691N1197035W001,913493,1980-01-31T00:00:00Z,233.81,231.81,0,50,183.81,50,48,NA,Unknown,Water level accuracy is unknown,1,Department of Water Resources,NA,1083,KINGS COUNTY WATER DISTRICT
17928,362691N1197035W001,913492,1979-09-25T00:00:00Z,233.81,231.81,0,61.3,172.51,61.3,59.3,NA,Unknown,Water level accuracy is unknown,1,Department of Water Resources,NA,1083,KINGS COUNTY WATER DISTRICT
17928,362691N1197035W001,913491,1979-02-07T00:00:00Z,233.81,231.81,0,50.7,183.11,50.7,48.7,NA,Unknown,Water level accuracy is unknown,1,Department of Water Resources,NA,1083,KINGS COUNTY WATER DISTRICT
17928,362691N1197035W001,913490,1978-09-22T00:00:00Z,233.81,231.81,0,57,176.81,57,55,NA,Unknown,Water level accuracy is unknown,1,Department of Water Resources,NA,1083,KINGS COUNTY WATER DISTRICT
17928,362691N1197035W001,913489,1978-01-23T00:00:00Z,233.81,231.81,0,63.6,170.21,63.6,61.6,NA,Unknown,Water level accuracy is unknown,1,Department of Water Resources,NA,1083,KINGS COUNTY WATER DISTRICT
17928,362691N1197035W001,913488,1977-10-07T00:00:00Z,233.81,231.81,0,78.9,154.91,78.9,76.9,NA,Unknown,Water level accuracy is unknown,1,Department of Water Resources,NA,1083,KINGS COUNTY WATER DISTRICT
17928,362691N1197035W001,913487,1977-08-29T00:00:00Z,233.81,231.81,0,84,149.81,84,82,NA,Unknown,Water level accuracy is unknown,1,Department of Water Resources,NA,1083,KINGS COUNTY WATER DISTRICT
17928,362691N1197035W001,913486,1977-06-02T00:00:00Z,233.81,231.81,0,75.1,158.71,75.1,73.1,NA,Unknown,Water level accuracy is unknown,1,Department of Water Resources,NA,1083,KINGS COUNTY WATER DISTRICT
17928,362691N1197035W001,913485,1977-01-26T00:00:00Z,233.81,231.81,0,60.9,172.91,60.9,58.9,NA,Unknown,Water level accuracy is unknown,1,Department of Water Resources,NA,1083,KINGS COUNTY WATER DISTRICT
17928,362691N1197035W001,913484,1976-09-27T00:00:00Z,233.81,231.81,0,75.2,158.61,75.2,73.2,NA,Unknown,Water level accuracy is unknown,1,Department of Water Resources,NA,1083,KINGS COUNTY WATER DISTRICT
17928,362691N1197035W001,913483,1976-01-25T00:00:00Z,233.81,231.81,0,56.3,177.51,56.3,54.3,NA,Unknown,Water level accuracy is unknown,1,Department of Water Resources,NA,1083,KINGS COUNTY WATER DISTRICT
17928,362691N1197035W001,913482,1975-09-17T00:00:00Z,233.81,231.81,0,75.3,158.51,75.3,73.3,NA,Unknown,Water level accuracy is unknown,1,Department of Water Resources,NA,1083,KINGS COUNTY WATER DISTRICT
17928,362691N1197035W001,913481,1975-02-06T00:00:00Z,233.81,231.81,0,51.3,182.51,51.3,49.3,NA,Unknown,Water level accuracy is unknown,1,Department of Water Resources,NA,1083,KINGS COUNTY WATER DISTRICT
17928,362691N1197035W001,913480,1974-09-20T00:00:00Z,233.81,231.81,0,64.7,169.11,64.7,62.7,NA,Unknown,Water level accuracy is unknown,1,Department of Water Resources,NA,1083,KINGS COUNTY WATER DISTRICT
17928,362691N1197035W001,913479,1974-01-28T00:00:00Z,233.81,231.81,0,50.9,182.91,50.9,48.9,NA,Unknown,Water level accuracy is unknown,1,Department of Water Resources,NA,1083,KINGS COUNTY WATER DISTRICT
17928,362691N1197035W001,913478,1973-09-28T00:00:00Z,233.81,231.81,0,67.4,166.41,67.4,65.4,NA,Unknown,Water level accuracy is unknown,1,Department of Water Resources,NA,1083,KINGS COUNTY WATER DISTRICT
17928,362691N1197035W001,913477,1973-02-19T00:00:00Z,233.81,231.81,NA,NA,NA,NA,NA,Temporarily inaccessible,NA,NA,1,Department of Water Resources,NA,1083,KINGS COUNTY WATER DISTRICT
17928,362691N1197035W001,913476,1972-10-03T00:00:00Z,233.81,231.81,0,76.8,157.01,76.8,74.8,NA,Unknown,Water level accuracy is unknown,1,Department of Water Resources,NA,1083,KINGS COUNTY WATER DISTRICT
17928,362691N1197035W001,913475,1972-02-01T00:00:00Z,233.81,231.81,0,54.5,179.31,54.5,52.5,NA,Unknown,Water level accuracy is unknown,1,Department of Water Resources,NA,1083,KINGS COUNTY WATER DISTRICT
17928,362691N1197035W001,913474,1971-09-29T00:00:00Z,233.81,231.81,0,74.1,159.71,74.1,72.1,NA,Unknown,Water level accuracy is unknown,1,Department of Water Resources,NA,1083,KINGS COUNTY WATER DISTRICT
17928,362691N1197035W001,913473,1971-02-23T00:00:00Z,233.81,231.81,0,48.2,185.61,48.2,46.2,NA,Unknown,Water level accuracy is unknown,1,Department of Water Resources,NA,1083,KINGS COUNTY WATER DISTRICT
17928,362691N1197035W001,913472,1970-10-04T00:00:00Z,233.81,231.81,0,64.9,168.91,64.9,62.9,NA,Unknown,Water level accuracy is unknown,1,Department of Water Resources,NA,1083,KINGS COUNTY WATER DISTRICT
17928,362691N1197035W001,913471,1970-02-14T00:00:00Z,233.81,231.81,0,52.4,181.41,52.4,50.4,NA,Unknown,Water level accuracy is unknown,1,Department of Water Resources,NA,1083,KINGS COUNTY WATER DISTRICT
17928,362691N1197035W001,913470,1969-09-30T00:00:00Z,233.81,231.81,0,60.9,172.91,60.9,58.9,NA,Unknown,Water level accuracy is unknown,1,Department of Water Resources,NA,1083,KINGS COUNTY WATER DISTRICT
17928,362691N1197035W001,913469,1969-02-14T00:00:00Z,233.81,231.81,0,54.2,179.61,54.2,52.2,NA,Unknown,Water level accuracy is unknown,1,Department of Water Resources,NA,1083,KINGS COUNTY WATER DISTRICT
17928,362691N1197035W001,913468,1968-10-12T00:00:00Z,233.81,231.81,0,75.9,157.91,75.9,73.9,NA,Unknown,Water level accuracy is unknown,1,Department of Water Resources,NA,1083,KINGS COUNTY WATER DISTRICT
17928,362691N1197035W001,913467,1968-01-31T00:00:00Z,233.81,231.81,0,60.5,173.31,60.5,58.5,NA,Unknown,Water level accuracy is unknown,1,Department of Water Resources,NA,1083,KINGS COUNTY WATER DISTRICT
17928,362691N1197035W001,913466,1967-09-29T00:00:00Z,233.81,231.81,0,85.3,148.51,85.3,83.3,NA,Unknown,Water level accuracy is unknown,1,Department of Water Resources,NA,1083,KINGS COUNTY WATER DISTRICT
17928,362691N1197035W001,913465,1967-02-13T00:00:00Z,233.81,231.81,0,78.9,154.91,78.9,76.9,NA,Unknown,Water level accuracy is unknown,1,Department of Water Resources,NA,1083,KINGS COUNTY WATER DISTRICT
17928,362691N1197035W001,913464,1966-10-06T00:00:00Z,233.81,231.81,0,104.7,129.11,104.7,102.7,NA,Unknown,Water level accuracy is unknown,1,Department of Water Resources,NA,1083,KINGS COUNTY WATER DISTRICT
17928,362691N1197035W001,913463,1966-02-24T00:00:00Z,233.81,231.81,0,72.7,161.11,72.7,70.7,NA,Unknown,Water level accuracy is unknown,1,Department of Water Resources,NA,1083,KINGS COUNTY WATER DISTRICT
17928,362691N1197035W001,913462,1965-10-11T00:00:00Z,233.81,231.81,0,103.8,130.01,103.8,101.8,NA,Unknown,Water level accuracy is unknown,1,Department of Water Resources,NA,1083,KINGS COUNTY WATER DISTRICT
17928,362691N1197035W001,913461,1965-02-07T00:00:00Z,233.81,231.81,0,74.7,159.11,74.7,72.7,NA,Unknown,Water level accuracy is unknown,1,Department of Water Resources,NA,1083,KINGS COUNTY WATER DISTRICT
17928,362691N1197035W001,913460,1965-02-04T00:00:00Z,233.81,231.81,0,97.9,135.91,97.9,95.9,NA,Unknown,Water level accuracy is unknown,1,Department of Water Resources,NA,1083,KINGS COUNTY WATER DISTRICT
17928,362691N1197035W001,913459,1964-09-29T00:00:00Z,233.81,231.81,0,130.8,103.01,130.8,128.8,NA,Unknown,Water level accuracy is unknown,1,Department of Water Resources,NA,1083,KINGS COUNTY WATER DISTRICT
17928,362691N1197035W001,913458,1964-02-14T00:00:00Z,233.81,231.81,0,87.6,146.21,87.6,85.6,NA,Unknown,Water level accuracy is unknown,1,Department of Water Resources,NA,1083,KINGS COUNTY WATER DISTRICT
