STN_ID,SITE_CODE,WLM_ID,MSMT_DATE,WLM_RPE,WLM_GSE,RDNG_WS,RDNG_RP,WSE,RPE_WSE,GSE_WSE,WLM_QA_DESC,WLM_DESC,WLM_ACC_DESC,WLM_ORG_ID,WLM_ORG_NAME,MSMT_CMT,COOP_AGENCY_ORG_ID,COOP_ORG_NAME
18366,369343N1202196W001,1989058,2014-02-18T15:30:00Z,203.29,202.29,0,116.5,86.79,116.5,115.5,NA,Unknown,Water level accuracy to nearest tenth of a foot,1,Department of Water Resources,NA,624,Bureau of Reclamation
18366,369343N1202196W001,1989480,2013-03-11T16:30:00Z,203.29,202.29,NA,NA,NA,NA,NA,Can't get tape in casing,NA,NA,1,Department of Water Resources,NA,624,Bureau of Reclamation
18366,369343N1202196W001,1989843,2012-02-08T16:30:00Z,203.29,202.29,NA,NA,NA,NA,NA,Can't get tape in casing,NA,NA,1,Department of Water Resources,NA,624,Bureau of Reclamation
18366,369343N1202196W001,1272626,2011-02-24T00:00:00Z,203.29,202.29,0,120.7,82.59,120.7,119.7,NA,Unknown,Water level accuracy is unknown,1,Department of Water Resources,NA,868,Madera Irrigation District
18366,369343N1202196W001,1272625,2010-01-26T00:00:00Z,203.29,202.29,0,136.1,67.19,136.1,135.1,NA,Unknown,Water level accuracy is unknown,1,Department of Water Resources,NA,868,Madera Irrigation District
18366,369343N1202196W001,1272624,2009-09-16T00:00:00Z,203.29,202.29,0,242,-38.71,242,241,NA,Unknown,Water level accuracy is unknown,1,Department of Water Resources,NA,868,Madera Irrigation District
18366,369343N1202196W001,1272623,2009-02-24T00:00:00Z,203.29,202.29,0,114.6,88.69,114.6,113.6,NA,Unknown,Water level accuracy is unknown,1,Department of Water Resources,NA,868,Madera Irrigation District
18366,369343N1202196W001,1272620,2008-02-26T00:00:00Z,203.29,202.29,0,121.7,81.59,121.7,120.7,NA,Unknown,Water level accuracy is unknown,1,Department of Water Resources,NA,868,Madera Irrigation District
18366,369343N1202196W001,1272621,2007-10-18T00:00:00Z,203.29,202.29,0,141.6,61.69,141.6,140.6,NA,Unknown,Water level accuracy is unknown,1,Department of Water Resources,NA,868,Madera Irrigation District
18366,369343N1202196W001,1272619,2007-02-05T00:00:00Z,203.29,202.29,0,135.9,67.39,135.9,134.9,NA,Unknown,Water level accuracy is unknown,1,Department of Water Resources,NA,868,Madera Irrigation District
18366,369343N1202196W001,1272622,2006-10-06T00:00:00Z,203.29,202.29,0,179.1,24.19,179.1,178.1,NA,Unknown,Water level accuracy is unknown,1,Department of Water Resources,NA,868,Madera Irrigation District
18366,369343N1202196W001,1272618,2006-01-26T00:00:00Z,203.29,202.29,0,118.2,85.09,118.2,117.2,NA,Unknown,Water level accuracy is unknown,1,Department of Water Resources,NA,868,Madera Irrigation District
18366,369343N1202196W001,1272617,2005-02-01T00:00:00Z,203.29,202.29,0,107.3,95.99,107.3,106.3,NA,Unknown,Water level accuracy is unknown,1,Department of Water Resources,NA,868,Madera Irrigation District
18366,369343N1202196W001,1272615,2004-01-30T00:00:00Z,203.29,202.29,0,112.9,90.39,112.9,111.9,NA,Unknown,Water level accuracy is unknown,1,Department of Water Resources,NA,868,Madera Irrigation District
18366,369343N1202196W001,1272616,2003-10-07T00:00:00Z,203.29,202.29,0,124.6,78.69,124.6,123.6,NA,Unknown,Water level accuracy is unknown,1,Department of Water Resources,NA,868,Madera Irrigation District
18366,369343N1202196W001,1272614,2003-01-27T00:00:00Z,203.29,202.29,0,112.8,90.49,112.8,111.8,NA,Unknown,Water level accuracy is unknown,1,Department of Water Resources,NA,868,Madera Irrigation District
18366,369343N1202196W001,1272613,2001-01-29T00:00:00Z,203.29,202.29,0,105.9,97.39,105.9,104.9,NA,Unknown,Water level accuracy is unknown,1,Department of Water Resources,NA,868,Madera Irrigation District
18366,369343N1202196W001,1272612,2000-02-01T00:00:00Z,203.29,202.29,0,108.2,95.09,108.2,107.2,NA,Unknown,Water level accuracy is unknown,1,Department of Water Resources,NA,868,Madera Irrigation District
18366,369343N1202196W001,1272611,1999-10-07T00:00:00Z,203.29,202.29,0,112.6,90.69,112.6,111.6,NA,Unknown,Water level accuracy is unknown,1,Department of Water Resources,NA,868,Madera Irrigation District
18366,369343N1202196W001,1272610,1999-01-29T00:00:00Z,203.29,202.29,0,101.6,101.69,101.6,100.6,NA,Unknown,Water level accuracy is unknown,1,Department of Water Resources,NA,868,Madera Irrigation District
18366,369343N1202196W001,1272609,1998-10-08T00:00:00Z,203.29,202.29,0,115.2,88.09,115.2,114.2,NA,Unknown,Water level accuracy is unknown,1,Department of Water Resources,NA,868,Madera Irrigation District
18366,369343N1202196W001,1272608,1998-01-23T00:00:00Z,203.29,202.29,0,103.7,99.59,103.7,102.7,NA,Unknown,Water level accuracy is unknown,1,Department of Water Resources,NA,868,Madera Irrigation District
18366,369343N1202196W001,1272607,1997-10-09T00:00:00Z,203.29,202.29,0,119.4,83.89,119.4,118.4,NA,Unknown,Water level accuracy is unknown,1,Department of Water Resources,NA,868,Madera Irrigation District
18366,369343N1202196W001,1272606,1997-01-21T00:00:00Z,203.29,202.29,0,105.5,97.79,105.5,104.5,NA,Unknown,Water level accuracy is unknown,1,Department of Water Resources,NA,868,Madera Irrigation District
18366,369343N1202196W001,1272605,1996-10-03T00:00:00Z,203.29,202.29,0,118.6,84.69,118.6,117.6,NA,Unknown,Water level accuracy is unknown,1,Department of Water Resources,NA,868,Madera Irrigation District
18366,369343N1202196W001,1272604,1996-01-18T00:00:00Z,203.29,202.29,0,105.6,97.69,105.6,104.6,NA,Unknown,Water level accuracy is unknown,1,Department of Water Resources,NA,868,Madera Irrigation District
18366,369343N1202196W001,1272603,1995-10-05T00:00:00Z,203.29,202.29,0,115.2,88.09,115.2,114.2,NA,Unknown,Water level accuracy is unknown,1,Department of Water Resources,NA,868,Madera Irrigation District
18366,369343N1202196W001,1272602,1995-01-24T00:00:00Z,203.29,202.29,0,110.7,92.59,110.7,109.7,NA,Unknown,Water level accuracy is unknown,1,Department of Water Resources,NA,868,Madera Irrigation District
18366,369343N1202196W001,1272601,1994-10-06T00:00:00Z,203.29,202.29,0,120.7,82.59,120.7,119.7,NA,Unknown,Water level accuracy is unknown,1,Department of Water Resources,NA,868,Madera Irrigation District
18366,369343N1202196W001,1272600,1994-01-27T00:00:00Z,203.29,202.29,0,109.8,93.49,109.8,108.8,NA,Unknown,Water level accuracy is unknown,1,Department of Water Resources,NA,868,Madera Irrigation District
18366,369343N1202196W001,1272599,1993-10-06T00:00:00Z,203.29,202.29,0,114.8,88.49,114.8,113.8,NA,Unknown,Water level accuracy is unknown,1,Department of Water Resources,NA,868,Madera Irrigation District
18366,369343N1202196W001,1272598,1993-01-28T00:00:00Z,203.29,202.29,0,109.4,93.89,109.4,108.4,NA,Unknown,Water level accuracy is unknown,1,Department of Water Resources,NA,868,Madera Irrigation District
18366,369343N1202196W001,1272597,1992-10-08T00:00:00Z,203.29,202.29,0,116.7,86.59,116.7,115.7,NA,Unknown,Water level accuracy is unknown,1,Department of Water Resources,NA,868,Madera Irrigation District
18366,369343N1202196W001,1272596,1992-01-30T00:00:00Z,203.29,202.29,0,103.9,99.39,103.9,102.9,NA,Unknown,Water level accuracy is unknown,1,Department of Water Resources,NA,868,Madera Irrigation District
18366,369343N1202196W001,1272595,1991-10-03T00:00:00Z,203.29,202.29,0,114,89.29,114,113,NA,Unknown,Water level accuracy is unknown,1,Department of Water Resources,NA,868,Madera Irrigation District
18366,369343N1202196W001,1272594,1991-01-31T00:00:00Z,203.29,202.29,0,103.6,99.69,103.6,102.6,NA,Unknown,Water level accuracy is unknown,1,Department of Water Resources,NA,868,Madera Irrigation District
18366,369343N1202196W001,1272593,1990-10-03T00:00:00Z,203.29,202.29,0,110.1,93.19,110.1,109.1,NA,Unknown,Water level accuracy is unknown,1,Department of Water Resources,NA,868,Madera Irrigation District
18366,369343N1202196W001,1272592,1990-01-26T00:00:00Z,203.29,202.29,0,97.4,105.89,97.4,96.4,NA,Unknown,Water level accuracy is unknown,1,Department of Water Resources,NA,868,Madera Irrigation District
18366,369343N1202196W001,1272591,1989-10-05T00:00:00Z,203.29,202.29,0,102.9,100.39,102.9,101.9,NA,Unknown,Water level accuracy is unknown,1,Department of Water Resources,NA,868,Madera Irrigation District
18366,369343N1202196W001,1272590,1989-01-26T00:00:00Z,203.29,202.29,0,93.4,109.89,93.4,92.4,NA,Unknown,Water level accuracy is unknown,1,Department of Water Resources,NA,868,Madera Irrigation District
18366,369343N1202196W001,1272589,1988-10-06T00:00:00Z,203.29,202.29,0,97.7,105.59,97.7,96.7,NA,Unknown,Water level accuracy is unknown,1,Department of Water Resources,NA,868,Madera Irrigation District
18366,369343N1202196W001,1272588,1988-02-04T00:00:00Z,203.29,202.29,0,87.3,115.99,87.3,86.3,NA,Unknown,Water level accuracy is unknown,1,Department of Water Resources,NA,868,Madera Irrigation District
18366,369343N1202196W001,1272587,1987-10-08T00:00:00Z,203.29,202.29,0,90.9,112.39,90.9,89.9,NA,Unknown,Water level accuracy is unknown,1,Department of Water Resources,NA,868,Madera Irrigation District
18366,369343N1202196W001,1272586,1987-01-29T00:00:00Z,203.29,202.29,0,79.2,124.09,79.2,78.2,NA,Unknown,Water level accuracy is unknown,1,Department of Water Resources,NA,868,Madera Irrigation District
18366,369343N1202196W001,1272585,1986-10-02T00:00:00Z,203.29,202.29,0,81.6,121.69,81.6,80.6,NA,Unknown,Water level accuracy is unknown,1,Department of Water Resources,NA,624,Bureau of Reclamation
18366,369343N1202196W001,1272584,1986-01-23T00:00:00Z,203.29,202.29,0,83.3,119.99,83.3,82.3,NA,Unknown,Water level accuracy is unknown,1,Department of Water Resources,NA,624,Bureau of Reclamation
18366,369343N1202196W001,1272583,1985-10-03T00:00:00Z,203.29,202.29,0,85.8,117.49,85.8,84.8,NA,Unknown,Water level accuracy is unknown,1,Department of Water Resources,NA,624,Bureau of Reclamation
18366,369343N1202196W001,1272582,1985-01-31T00:00:00Z,203.29,202.29,0,79.6,123.69,79.6,78.6,NA,Unknown,Water level accuracy is unknown,1,Department of Water Resources,NA,624,Bureau of Reclamation
18366,369343N1202196W001,1272581,1984-10-05T00:00:00Z,203.29,202.29,0,85,118.29,85,84,NA,Unknown,Water level accuracy is unknown,1,Department of Water Resources,NA,624,Bureau of Reclamation
18366,369343N1202196W001,1272580,1984-02-02T00:00:00Z,203.29,202.29,0,77.2,126.09,77.2,76.2,NA,Unknown,Water level accuracy is unknown,1,Department of Water Resources,NA,624,Bureau of Reclamation
18366,369343N1202196W001,1272579,1983-09-27T00:00:00Z,203.29,202.29,0,82.2,121.09,82.2,81.2,NA,Unknown,Water level accuracy is unknown,1,Department of Water Resources,NA,624,Bureau of Reclamation
18366,369343N1202196W001,1272578,1983-01-24T00:00:00Z,203.29,202.29,0,84.2,119.09,84.2,83.2,NA,Unknown,Water level accuracy is unknown,1,Department of Water Resources,NA,868,Madera Irrigation District
18366,369343N1202196W001,1272577,1982-09-30T00:00:00Z,203.29,202.29,0,92.9,110.39,92.9,91.9,NA,Unknown,Water level accuracy is unknown,1,Department of Water Resources,NA,868,Madera Irrigation District
18366,369343N1202196W001,1272576,1982-01-26T00:00:00Z,203.29,202.29,0,88.5,114.79,88.5,87.5,NA,Unknown,Water level accuracy is unknown,1,Department of Water Resources,NA,624,Bureau of Reclamation
18366,369343N1202196W001,1272575,1981-09-25T00:00:00Z,203.29,202.29,0,98.7,104.59,98.7,97.7,NA,Unknown,Water level accuracy is unknown,1,Department of Water Resources,NA,624,Bureau of Reclamation
18366,369343N1202196W001,1272574,1981-01-22T00:00:00Z,203.29,202.29,0,85.6,117.69,85.6,84.6,NA,Unknown,Water level accuracy is unknown,1,Department of Water Resources,NA,868,Madera Irrigation District
18366,369343N1202196W001,1272573,1980-09-25T00:00:00Z,203.29,202.29,0,94.4,108.89,94.4,93.4,NA,Unknown,Water level accuracy is unknown,1,Department of Water Resources,NA,868,Madera Irrigation District
18366,369343N1202196W001,1272572,1980-01-21T00:00:00Z,203.29,202.29,0,87.3,115.99,87.3,86.3,NA,Unknown,Water level accuracy is unknown,1,Department of Water Resources,NA,868,Madera Irrigation District
18366,369343N1202196W001,1272571,1979-09-26T00:00:00Z,203.29,202.29,0,101.8,101.49,101.8,100.8,NA,Unknown,Water level accuracy is unknown,1,Department of Water Resources,NA,868,Madera Irrigation District
18366,369343N1202196W001,1272570,1979-01-26T00:00:00Z,203.29,202.29,0,89,114.29,89,88,NA,Unknown,Water level accuracy is unknown,1,Department of Water Resources,NA,868,Madera Irrigation District
18366,369343N1202196W001,1272569,1978-10-06T00:00:00Z,203.29,202.29,0,100.9,102.39,100.9,99.9,NA,Unknown,Water level accuracy is unknown,1,Department of Water Resources,NA,868,Madera Irrigation District
18366,369343N1202196W001,1272568,1978-01-26T00:00:00Z,203.29,202.29,0,96.7,106.59,96.7,95.7,NA,Unknown,Water level accuracy is unknown,1,Department of Water Resources,NA,868,Madera Irrigation District
18366,369343N1202196W001,1272567,1977-10-06T00:00:00Z,203.29,202.29,0,106,97.29,106,105,NA,Unknown,Water level accuracy is unknown,1,Department of Water Resources,NA,868,Madera Irrigation District
18366,369343N1202196W001,1272566,1977-01-26T00:00:00Z,203.29,202.29,0,93.4,109.89,93.4,92.4,NA,Unknown,Water level accuracy is unknown,1,Department of Water Resources,NA,868,Madera Irrigation District
18366,369343N1202196W001,1272565,1976-10-07T00:00:00Z,203.29,202.29,0,111.1,92.19,111.1,110.1,NA,Unknown,Water level accuracy is unknown,1,Department of Water Resources,NA,868,Madera Irrigation District
18366,369343N1202196W001,1272564,1976-01-29T00:00:00Z,203.29,202.29,0,87.3,115.99,87.3,86.3,NA,Unknown,Water level accuracy is unknown,1,Department of Water Resources,NA,868,Madera Irrigation District
18366,369343N1202196W001,1272563,1975-10-06T00:00:00Z,203.29,202.29,0,102.5,100.79,102.5,101.5,NA,Unknown,Water level accuracy is unknown,1,Department of Water Resources,NA,868,Madera Irrigation District
18366,369343N1202196W001,1272562,1975-02-05T00:00:00Z,203.29,202.29,0,87.1,116.19,87.1,86.1,NA,Unknown,Water level accuracy is unknown,1,Department of Water Resources,NA,868,Madera Irrigation District
18366,369343N1202196W001,1272561,1974-10-03T00:00:00Z,203.29,202.29,0,94.9,108.39,94.9,93.9,NA,Unknown,Water level accuracy is unknown,1,Department of Water Resources,NA,868,Madera Irrigation District
18366,369343N1202196W001,1272560,1974-02-08T00:00:00Z,203.29,202.29,0,88.6,114.69,88.6,87.6,NA,Unknown,Water level accuracy is unknown,1,Department of Water Resources,NA,868,Madera Irrigation District
18366,369343N1202196W001,1272559,1973-10-11T00:00:00Z,203.29,202.29,0,93.5,109.79,93.5,92.5,NA,Unknown,Water level accuracy is unknown,1,Department of Water Resources,NA,868,Madera Irrigation District
18366,369343N1202196W001,1272558,1973-02-08T00:00:00Z,203.29,202.29,0,86.6,116.69,86.6,85.6,NA,Unknown,Water level accuracy is unknown,1,Department of Water Resources,NA,868,Madera Irrigation District
18366,369343N1202196W001,1272557,1972-10-12T00:00:00Z,203.29,202.29,0,96,107.29,96,95,NA,Unknown,Water level accuracy is unknown,1,Department of Water Resources,NA,868,Madera Irrigation District
18366,369343N1202196W001,1272556,1972-02-11T00:00:00Z,203.29,202.29,0,78.4,124.89,78.4,77.4,NA,Unknown,Water level accuracy is unknown,1,Department of Water Resources,NA,868,Madera Irrigation District
18366,369343N1202196W001,1272555,1971-10-08T00:00:00Z,203.29,202.29,0,87.2,116.09,87.2,86.2,NA,Unknown,Water level accuracy is unknown,1,Department of Water Resources,NA,868,Madera Irrigation District
18366,369343N1202196W001,1272554,1971-02-11T00:00:00Z,203.29,202.29,0,73.6,129.69,73.6,72.6,NA,Unknown,Water level accuracy is unknown,1,Department of Water Resources,NA,868,Madera Irrigation District
18366,369343N1202196W001,1272553,1970-10-08T00:00:00Z,203.29,202.29,0,86.7,116.59,86.7,85.7,NA,Unknown,Water level accuracy is unknown,1,Department of Water Resources,NA,868,Madera Irrigation District
18366,369343N1202196W001,1272552,1970-02-05T00:00:00Z,203.29,202.29,0,71.8,131.49,71.8,70.8,NA,Unknown,Water level accuracy is unknown,1,Department of Water Resources,NA,868,Madera Irrigation District
18366,369343N1202196W001,1272551,1969-02-13T00:00:00Z,203.29,202.29,0,81,122.29,81,80,NA,Unknown,Water level accuracy is unknown,1,Department of Water Resources,NA,868,Madera Irrigation District
18366,369343N1202196W001,1272550,1968-02-08T00:00:00Z,203.29,202.29,0,79.7,123.59,79.7,78.7,NA,Unknown,Water level accuracy is unknown,1,Department of Water Resources,NA,868,Madera Irrigation District
18366,369343N1202196W001,1272549,1967-02-08T00:00:00Z,203.29,202.29,0,76,127.29,76,75,NA,Unknown,Water level accuracy is unknown,1,Department of Water Resources,NA,868,Madera Irrigation District
18366,369343N1202196W001,1272548,1966-02-08T00:00:00Z,203.29,202.29,0,69.4,133.89,69.4,68.4,NA,Unknown,Water level accuracy is unknown,1,Department of Water Resources,NA,868,Madera Irrigation District
18366,369343N1202196W001,1272547,1965-02-03T00:00:00Z,203.29,202.29,NA,NA,NA,NA,NA,Pumping,NA,NA,1,Department of Water Resources,NA,868,Madera Irrigation District
18366,369343N1202196W001,1272546,1964-02-14T00:00:00Z,203.29,202.29,NA,NA,NA,NA,NA,Pumping,NA,NA,1,Department of Water Resources,NA,868,Madera Irrigation District
18366,369343N1202196W001,1272545,1963-02-19T00:00:00Z,203.29,202.29,0,69.9,133.39,69.9,68.9,NA,Unknown,Water level accuracy is unknown,1,Department of Water Resources,NA,868,Madera Irrigation District
18366,369343N1202196W001,1272544,1962-03-01T00:00:00Z,203.29,202.29,0,69.8,133.49,69.8,68.8,NA,Unknown,Water level accuracy is unknown,1,Department of Water Resources,NA,868,Madera Irrigation District
18366,369343N1202196W001,1272543,1961-12-05T00:00:00Z,203.29,202.29,NA,NA,NA,NA,NA,Special/Other,NA,NA,1,Department of Water Resources,NA,868,Madera Irrigation District
