STN_ID,SITE_CODE,WLM_ID,MSMT_DATE,WLM_RPE,WLM_GSE,RDNG_WS,RDNG_RP,WSE,RPE_WSE,GSE_WSE,WLM_QA_DESC,WLM_DESC,WLM_ACC_DESC,WLM_ORG_ID,WLM_ORG_NAME,MSMT_CMT,COOP_AGENCY_ORG_ID,COOP_ORG_NAME
18372,370107N1201518W001,1273118,1959-03-03T00:00:00Z,238.07,237.67,NA,NA,NA,NA,NA,Special/Other,NA,NA,1,Department of Water Resources,NA,868,Madera Irrigation District
18372,370107N1201518W001,1273117,1958-03-25T00:00:00Z,238.07,237.67,0,65.8,172.27,65.8,65.4,NA,Unknown,Water level accuracy is unknown,1,Department of Water Resources,NA,1,Department of Water Resources
18372,370107N1201518W001,1273116,1954-10-06T00:00:00Z,238.07,237.67,0,66.5,171.57,66.5,66.1,NA,Unknown,Water level accuracy is unknown,1,Department of Water Resources,NA,868,Madera Irrigation District
18372,370107N1201518W001,1273115,1953-10-15T00:00:00Z,238.07,237.67,0,68.8,169.27,68.8,68.4,NA,Unknown,Water level accuracy is unknown,1,Department of Water Resources,NA,868,Madera Irrigation District
18372,370107N1201518W001,1273114,1952-10-16T00:00:00Z,238.07,237.67,0,67.8,170.27,67.8,67.4,NA,Unknown,Water level accuracy is unknown,1,Department of Water Resources,NA,868,Madera Irrigation District
18372,370107N1201518W001,1273113,1952-03-11T00:00:00Z,238.07,237.67,0,62.3,175.77,62.3,61.9,NA,Unknown,Water level accuracy is unknown,1,Department of Water Resources,NA,868,Madera Irrigation District
