STN_ID,SITE_CODE,WLM_ID,MSMT_DATE,WLM_RPE,WLM_GSE,RDNG_WS,RDNG_RP,WSE,RPE_WSE,GSE_WSE,WLM_QA_DESC,WLM_DESC,WLM_ACC_DESC,WLM_ORG_ID,WLM_ORG_NAME,MSMT_CMT,COOP_AGENCY_ORG_ID,COOP_ORG_NAME
18414,364689N1193307W001,1069159,1970-09-30T00:00:00Z,314.67,314.67,NA,NA,NA,NA,NA,Well has been destroyed,NA,NA,1,Department of Water Resources,NA,785,Alta Irrigation District
18414,364689N1193307W001,1069158,1970-03-03T00:00:00Z,314.67,314.67,0,10.3,304.37,10.3,10.3,NA,Unknown,Water level accuracy is unknown,1,Department of Water Resources,NA,785,Alta Irrigation District
18414,364689N1193307W001,1069157,1969-03-26T00:00:00Z,314.67,314.67,0,6.7,307.97,6.7,6.7,NA,Unknown,Water level accuracy is unknown,1,Department of Water Resources,NA,785,Alta Irrigation District
18414,364689N1193307W001,1069156,1968-02-27T00:00:00Z,314.67,314.67,0,23.4,291.27,23.4,23.4,NA,Unknown,Water level accuracy is unknown,1,Department of Water Resources,NA,785,Alta Irrigation District
18414,364689N1193307W001,1069155,1967-02-28T00:00:00Z,314.67,314.67,0,31.8,282.87,31.8,31.8,NA,Unknown,Water level accuracy is unknown,1,Department of Water Resources,NA,785,Alta Irrigation District
18414,364689N1193307W001,1069154,1966-01-26T00:00:00Z,314.67,314.67,0,29.6,285.07,29.6,29.6,NA,Unknown,Water level accuracy is unknown,1,Department of Water Resources,NA,785,Alta Irrigation District
18414,364689N1193307W001,1069153,1965-02-23T00:00:00Z,314.67,314.67,0,30.7,283.97,30.7,30.7,NA,Unknown,Water level accuracy is unknown,1,Department of Water Resources,NA,785,Alta Irrigation District
18414,364689N1193307W001,1069152,1964-02-25T00:00:00Z,314.67,314.67,0,32.3,282.37,32.3,32.3,NA,Unknown,Water level accuracy is unknown,1,Department of Water Resources,NA,785,Alta Irrigation District
18414,364689N1193307W001,1069151,1963-02-28T00:00:00Z,314.67,314.67,0,28.9,285.77,28.9,28.9,NA,Unknown,Water level accuracy is unknown,1,Department of Water Resources,NA,785,Alta Irrigation District
18414,364689N1193307W001,1069150,1962-02-24T00:00:00Z,314.67,314.67,0,27.9,286.77,27.9,27.9,NA,Unknown,Water level accuracy is unknown,1,Department of Water Resources,NA,785,Alta Irrigation District
18414,364689N1193307W001,1069149,1961-09-27T00:00:00Z,314.67,314.67,0,31.2,283.47,31.2,31.2,NA,Unknown,Water level accuracy is unknown,1,Department of Water Resources,NA,785,Alta Irrigation District
18414,364689N1193307W001,1069148,1961-02-25T00:00:00Z,314.67,314.67,0,21.3,293.37,21.3,21.3,NA,Unknown,Water level accuracy is unknown,1,Department of Water Resources,NA,785,Alta Irrigation District
18414,364689N1193307W001,1069147,1960-10-27T00:00:00Z,314.67,314.67,0,23,291.67,23,23,NA,Unknown,Water level accuracy is unknown,1,Department of Water Resources,NA,785,Alta Irrigation District
