STN_ID,SITE_CODE,WLM_ID,MSMT_DATE,WLM_RPE,WLM_GSE,RDNG_WS,RDNG_RP,WSE,RPE_WSE,GSE_WSE,WLM_QA_DESC,WLM_DESC,WLM_ACC_DESC,WLM_ORG_ID,WLM_ORG_NAME,MSMT_CMT,COOP_AGENCY_ORG_ID,COOP_ORG_NAME
18428,364861N1192478W001,1072564,2011-02-21T00:00:00Z,346.67,346.67,0,33.2,313.47,33.2,33.2,NA,Unknown,Water level accuracy is unknown,1,Department of Water Resources,NA,785,Alta Irrigation District
18428,364861N1192478W001,1072566,2010-10-11T00:00:00Z,346.67,346.67,0,39.6,307.07,39.6,39.6,NA,Unknown,Water level accuracy is unknown,1,Department of Water Resources,NA,785,Alta Irrigation District
18428,364861N1192478W001,1072563,2010-02-15T00:00:00Z,346.67,346.67,0,47.2,299.47,47.2,47.2,NA,Unknown,Water level accuracy is unknown,1,Department of Water Resources,NA,785,Alta Irrigation District
18428,364861N1192478W001,1072565,2009-10-20T00:00:00Z,346.67,346.67,0,44,302.67,44,44,NA,Unknown,Water level accuracy is unknown,1,Department of Water Resources,NA,785,Alta Irrigation District
18428,364861N1192478W001,1072562,2009-08-31T00:00:00Z,346.67,346.67,0,44,302.67,44,44,NA,Unknown,Water level accuracy is unknown,1,Department of Water Resources,NA,785,Alta Irrigation District
18428,364861N1192478W001,1072561,2009-04-13T00:00:00Z,346.67,346.67,0,43.2,303.47,43.2,43.2,NA,Unknown,Water level accuracy is unknown,1,Department of Water Resources,NA,785,Alta Irrigation District
18428,364861N1192478W001,1072559,2007-04-17T00:00:00Z,346.67,346.67,0,34.6,312.07,34.6,34.6,NA,Unknown,Water level accuracy is unknown,1,Department of Water Resources,NA,785,Alta Irrigation District
18428,364861N1192478W001,1072558,2006-03-22T00:00:00Z,346.67,346.67,0,23.3,323.37,23.3,23.3,NA,Unknown,Water level accuracy is unknown,1,Department of Water Resources,NA,785,Alta Irrigation District
18428,364861N1192478W001,1072560,2006-01-14T00:00:00Z,346.67,346.67,0,21.6,325.07,21.6,21.6,NA,Unknown,Water level accuracy is unknown,1,Department of Water Resources,NA,785,Alta Irrigation District
18428,364861N1192478W001,1072557,2005-03-14T00:00:00Z,346.67,346.67,0,53.6,293.07,53.6,53.6,NA,Unknown,Water level accuracy is unknown,1,Department of Water Resources,NA,785,Alta Irrigation District
18428,364861N1192478W001,1072556,2002-10-13T00:00:00Z,346.67,346.67,0,39.5,307.17,39.5,39.5,NA,Unknown,Water level accuracy is unknown,1,Department of Water Resources,NA,624,Bureau of Reclamation
18428,364861N1192478W001,1072555,2001-04-09T00:00:00Z,346.67,346.67,NA,NA,NA,NA,NA,Pumping,NA,NA,1,Department of Water Resources,NA,785,Alta Irrigation District
18428,364861N1192478W001,1072554,2000-02-10T00:00:00Z,346.67,346.67,0,21.4,325.27,21.4,21.4,NA,Unknown,Water level accuracy is unknown,1,Department of Water Resources,NA,785,Alta Irrigation District
18428,364861N1192478W001,1072553,1999-12-02T00:00:00Z,346.67,346.67,NA,NA,NA,NA,NA,Well has been destroyed,NA,NA,1,Department of Water Resources,NA,785,Alta Irrigation District
18428,364861N1192478W001,1072552,1999-04-16T00:00:00Z,346.67,346.67,NA,NA,NA,NA,NA,Temporarily inaccessible,NA,NA,1,Department of Water Resources,NA,785,Alta Irrigation District
18428,364861N1192478W001,1072551,1998-12-04T00:00:00Z,346.67,346.67,0,33.6,313.07,33.6,33.6,NA,Unknown,Water level accuracy is unknown,1,Department of Water Resources,NA,785,Alta Irrigation District
18428,364861N1192478W001,1072550,1998-03-13T00:00:00Z,346.67,346.67,NA,NA,NA,NA,NA,Well has been destroyed,NA,NA,1,Department of Water Resources,NA,785,Alta Irrigation District
18428,364861N1192478W001,1072549,1997-03-05T00:00:00Z,346.67,346.67,0,25,321.67,25,25,NA,Unknown,Water level accuracy is unknown,1,Department of Water Resources,NA,785,Alta Irrigation District
18428,364861N1192478W001,1072548,1996-11-08T00:00:00Z,346.67,346.67,0,25.6,321.07,25.6,25.6,NA,Unknown,Water level accuracy is unknown,1,Department of Water Resources,NA,785,Alta Irrigation District
18428,364861N1192478W001,1072547,1996-02-26T00:00:00Z,346.67,346.67,0,34.3,312.37,34.3,34.3,NA,Unknown,Water level accuracy is unknown,1,Department of Water Resources,NA,785,Alta Irrigation District
18428,364861N1192478W001,1072546,1995-11-07T00:00:00Z,346.67,346.67,0,33.4,313.27,33.4,33.4,NA,Unknown,Water level accuracy is unknown,1,Department of Water Resources,NA,785,Alta Irrigation District
18428,364861N1192478W001,1072545,1995-03-08T00:00:00Z,346.67,346.67,0,43.2,303.47,43.2,43.2,NA,Unknown,Water level accuracy is unknown,1,Department of Water Resources,NA,785,Alta Irrigation District
18428,364861N1192478W001,1072544,1994-09-19T00:00:00Z,346.67,346.67,0,43,303.67,43,43,NA,Unknown,Water level accuracy is unknown,1,Department of Water Resources,NA,785,Alta Irrigation District
18428,364861N1192478W001,1072543,1994-02-09T00:00:00Z,346.67,346.67,0,37.2,309.47,37.2,37.2,NA,Unknown,Water level accuracy is unknown,1,Department of Water Resources,NA,785,Alta Irrigation District
18428,364861N1192478W001,1072542,1993-10-12T00:00:00Z,346.67,346.67,0,39.4,307.27,39.4,39.4,NA,Unknown,Water level accuracy is unknown,1,Department of Water Resources,NA,785,Alta Irrigation District
18428,364861N1192478W001,1072541,1993-03-08T00:00:00Z,346.67,346.67,0,46,300.67,46,46,NA,Unknown,Water level accuracy is unknown,1,Department of Water Resources,NA,785,Alta Irrigation District
18428,364861N1192478W001,1072540,1992-11-09T00:00:00Z,346.67,346.67,0,58.2,288.47,58.2,58.2,NA,Unknown,Water level accuracy is unknown,1,Department of Water Resources,NA,785,Alta Irrigation District
18428,364861N1192478W001,1072539,1992-03-05T00:00:00Z,346.67,346.67,0,40.6,306.07,40.6,40.6,NA,Unknown,Water level accuracy is unknown,1,Department of Water Resources,NA,785,Alta Irrigation District
18428,364861N1192478W001,1072538,1991-11-12T00:00:00Z,346.67,346.67,0,41,305.67,41,41,NA,Unknown,Water level accuracy is unknown,1,Department of Water Resources,NA,785,Alta Irrigation District
18428,364861N1192478W001,1072537,1991-03-11T00:00:00Z,346.67,346.67,0,37.8,308.87,37.8,37.8,NA,Unknown,Water level accuracy is unknown,1,Department of Water Resources,NA,785,Alta Irrigation District
18428,364861N1192478W001,1072536,1990-11-13T00:00:00Z,346.67,346.67,0,31.6,315.07,31.6,31.6,NA,Unknown,Water level accuracy is unknown,1,Department of Water Resources,NA,785,Alta Irrigation District
18428,364861N1192478W001,1072535,1990-02-27T00:00:00Z,346.67,346.67,0,36.7,309.97,36.7,36.7,NA,Unknown,Water level accuracy is unknown,1,Department of Water Resources,NA,785,Alta Irrigation District
18428,364861N1192478W001,1072534,1989-11-02T00:00:00Z,346.67,346.67,0,36.3,310.37,36.3,36.3,NA,Unknown,Water level accuracy is unknown,1,Department of Water Resources,NA,785,Alta Irrigation District
18428,364861N1192478W001,1072533,1989-02-23T00:00:00Z,346.67,346.67,0,32.3,314.37,32.3,32.3,NA,Unknown,Water level accuracy is unknown,1,Department of Water Resources,NA,785,Alta Irrigation District
18428,364861N1192478W001,1072532,1988-10-13T00:00:00Z,346.67,346.67,0,30.6,316.07,30.6,30.6,NA,Unknown,Water level accuracy is unknown,1,Department of Water Resources,NA,785,Alta Irrigation District
18428,364861N1192478W001,1072531,1988-02-02T00:00:00Z,346.67,346.67,0,23,323.67,23,23,NA,Unknown,Water level accuracy is unknown,1,Department of Water Resources,NA,785,Alta Irrigation District
18428,364861N1192478W001,1072530,1987-10-08T00:00:00Z,346.67,346.67,0,20.5,326.17,20.5,20.5,NA,Unknown,Water level accuracy is unknown,1,Department of Water Resources,NA,785,Alta Irrigation District
18428,364861N1192478W001,1072529,1987-01-29T00:00:00Z,346.67,346.67,0,15.1,331.57,15.1,15.1,NA,Unknown,Water level accuracy is unknown,1,Department of Water Resources,NA,785,Alta Irrigation District
18428,364861N1192478W001,1072528,1986-10-01T00:00:00Z,346.67,346.67,0,11.6,335.07,11.6,11.6,NA,Unknown,Water level accuracy is unknown,1,Department of Water Resources,NA,624,Bureau of Reclamation
18428,364861N1192478W001,1072527,1986-01-29T00:00:00Z,346.67,346.67,0,23.2,323.47,23.2,23.2,NA,Unknown,Water level accuracy is unknown,1,Department of Water Resources,NA,624,Bureau of Reclamation
18428,364861N1192478W001,1072526,1985-09-25T00:00:00Z,346.67,346.67,0,20.5,326.17,20.5,20.5,NA,Unknown,Water level accuracy is unknown,1,Department of Water Resources,NA,624,Bureau of Reclamation
18428,364861N1192478W001,1072525,1985-02-04T00:00:00Z,346.67,346.67,0,17.7,328.97,17.7,17.7,NA,Unknown,Water level accuracy is unknown,1,Department of Water Resources,NA,624,Bureau of Reclamation
18428,364861N1192478W001,1072524,1984-09-25T00:00:00Z,346.67,346.67,0,14.5,332.17,14.5,14.5,NA,Unknown,Water level accuracy is unknown,1,Department of Water Resources,NA,624,Bureau of Reclamation
18428,364861N1192478W001,1072523,1984-02-01T00:00:00Z,346.67,346.67,0,18.9,327.77,18.9,18.9,NA,Unknown,Water level accuracy is unknown,1,Department of Water Resources,NA,624,Bureau of Reclamation
18428,364861N1192478W001,1072522,1983-09-27T00:00:00Z,346.67,346.67,0,10.7,335.97,10.7,10.7,NA,Unknown,Water level accuracy is unknown,1,Department of Water Resources,NA,624,Bureau of Reclamation
18428,364861N1192478W001,1072521,1983-02-15T00:00:00Z,346.67,346.67,0,8.6,338.07,8.6,8.6,NA,Unknown,Water level accuracy is unknown,1,Department of Water Resources,NA,785,Alta Irrigation District
18428,364861N1192478W001,1072520,1982-09-27T00:00:00Z,346.67,346.67,0,20.7,325.97,20.7,20.7,NA,Unknown,Water level accuracy is unknown,1,Department of Water Resources,NA,785,Alta Irrigation District
18428,364861N1192478W001,1072519,1982-02-02T00:00:00Z,346.67,346.67,0,31,315.67,31,31,NA,Unknown,Water level accuracy is unknown,1,Department of Water Resources,NA,624,Bureau of Reclamation
18428,364861N1192478W001,1072518,1981-09-28T00:00:00Z,346.67,346.67,0,28.5,318.17,28.5,28.5,NA,Unknown,Water level accuracy is unknown,1,Department of Water Resources,NA,624,Bureau of Reclamation
18428,364861N1192478W001,1072517,1981-01-26T00:00:00Z,346.67,346.67,0,24.9,321.77,24.9,24.9,NA,Unknown,Water level accuracy is unknown,1,Department of Water Resources,NA,785,Alta Irrigation District
18428,364861N1192478W001,1072516,1980-09-29T00:00:00Z,346.67,346.67,0,22.6,324.07,22.6,22.6,NA,Unknown,Water level accuracy is unknown,1,Department of Water Resources,NA,785,Alta Irrigation District
18428,364861N1192478W001,1072515,1980-02-04T00:00:00Z,346.67,346.67,0,29.7,316.97,29.7,29.7,NA,Unknown,Water level accuracy is unknown,1,Department of Water Resources,NA,785,Alta Irrigation District
18428,364861N1192478W001,1072514,1979-09-25T00:00:00Z,346.67,346.67,0,28.9,317.77,28.9,28.9,NA,Unknown,Water level accuracy is unknown,1,Department of Water Resources,NA,785,Alta Irrigation District
18428,364861N1192478W001,1072513,1979-01-30T00:00:00Z,346.67,346.67,0,28.4,318.27,28.4,28.4,NA,Unknown,Water level accuracy is unknown,1,Department of Water Resources,NA,785,Alta Irrigation District
18428,364861N1192478W001,1072512,1978-09-26T00:00:00Z,346.67,346.67,0,26.3,320.37,26.3,26.3,NA,Unknown,Water level accuracy is unknown,1,Department of Water Resources,NA,785,Alta Irrigation District
18428,364861N1192478W001,1072511,1978-02-22T00:00:00Z,346.67,346.67,0,39,307.67,39,39,NA,Unknown,Water level accuracy is unknown,1,Department of Water Resources,NA,785,Alta Irrigation District
18428,364861N1192478W001,1072510,1977-09-27T00:00:00Z,346.67,346.67,0,43.9,302.77,43.9,43.9,NA,Unknown,Water level accuracy is unknown,1,Department of Water Resources,NA,785,Alta Irrigation District
18428,364861N1192478W001,1072509,1977-08-15T00:00:00Z,346.67,346.67,0,40.5,306.17,40.5,40.5,NA,Unknown,Water level accuracy is unknown,1,Department of Water Resources,NA,785,Alta Irrigation District
18428,364861N1192478W001,1072508,1977-06-06T00:00:00Z,346.67,346.67,0,46.1,300.57,46.1,46.1,NA,Unknown,Water level accuracy is unknown,1,Department of Water Resources,NA,785,Alta Irrigation District
18428,364861N1192478W001,1072507,1977-02-01T00:00:00Z,346.67,346.67,0,40.1,306.57,40.1,40.1,NA,Unknown,Water level accuracy is unknown,1,Department of Water Resources,NA,785,Alta Irrigation District
18428,364861N1192478W001,1072506,1976-10-05T00:00:00Z,346.67,346.67,0,37.6,309.07,37.6,37.6,NA,Unknown,Water level accuracy is unknown,1,Department of Water Resources,NA,785,Alta Irrigation District
18428,364861N1192478W001,1072505,1976-07-22T00:00:00Z,346.67,346.67,0,33.1,313.57,33.1,33.1,NA,Unknown,Water level accuracy is unknown,1,Department of Water Resources,NA,785,Alta Irrigation District
18428,364861N1192478W001,1072504,1976-02-04T00:00:00Z,346.67,346.67,NA,NA,NA,NA,NA,Special/Other,NA,NA,1,Department of Water Resources,NA,785,Alta Irrigation District
18428,364861N1192478W001,1072503,1975-09-30T00:00:00Z,346.67,346.67,0,23.8,322.87,23.8,23.8,NA,Unknown,Water level accuracy is unknown,1,Department of Water Resources,NA,785,Alta Irrigation District
18428,364861N1192478W001,1072502,1975-02-03T00:00:00Z,346.67,346.67,0,24.3,322.37,24.3,24.3,NA,Unknown,Water level accuracy is unknown,1,Department of Water Resources,NA,785,Alta Irrigation District
18428,364861N1192478W001,1072501,1974-10-03T00:00:00Z,346.67,346.67,0,21.9,324.77,21.9,21.9,NA,Unknown,Water level accuracy is unknown,1,Department of Water Resources,NA,785,Alta Irrigation District
18428,364861N1192478W001,1072500,1974-03-04T00:00:00Z,346.67,346.67,0,26.5,320.17,26.5,26.5,NA,Unknown,Water level accuracy is unknown,1,Department of Water Resources,NA,785,Alta Irrigation District
18428,364861N1192478W001,1072499,1973-11-03T00:00:00Z,346.67,346.67,0,26.4,320.27,26.4,26.4,NA,Unknown,Water level accuracy is unknown,1,Department of Water Resources,NA,785,Alta Irrigation District
18428,364861N1192478W001,1072498,1973-03-05T00:00:00Z,346.67,346.67,0,33.5,313.17,33.5,33.5,NA,Unknown,Water level accuracy is unknown,1,Department of Water Resources,NA,785,Alta Irrigation District
18428,364861N1192478W001,1072497,1972-10-04T00:00:00Z,346.67,346.67,0,35.7,310.97,35.7,35.7,NA,Unknown,Water level accuracy is unknown,1,Department of Water Resources,NA,785,Alta Irrigation District
18428,364861N1192478W001,1072496,1972-03-02T00:00:00Z,346.67,346.67,0,28.9,317.77,28.9,28.9,NA,Unknown,Water level accuracy is unknown,1,Department of Water Resources,NA,785,Alta Irrigation District
18428,364861N1192478W001,1072495,1971-03-02T00:00:00Z,346.67,346.67,0,26.7,319.97,26.7,26.7,NA,Unknown,Water level accuracy is unknown,1,Department of Water Resources,NA,785,Alta Irrigation District
18428,364861N1192478W001,1072494,1970-09-30T00:00:00Z,346.67,346.67,0,28.9,317.77,28.9,28.9,NA,Unknown,Water level accuracy is unknown,1,Department of Water Resources,NA,785,Alta Irrigation District
18428,364861N1192478W001,1072493,1970-03-03T00:00:00Z,346.67,346.67,0,23.7,322.97,23.7,23.7,NA,Unknown,Water level accuracy is unknown,1,Department of Water Resources,NA,785,Alta Irrigation District
18428,364861N1192478W001,1072492,1969-03-26T00:00:00Z,346.67,346.67,0,31,315.67,31,31,Other,Unknown,Water level accuracy is unknown,1,Department of Water Resources,NA,785,Alta Irrigation District
18428,364861N1192478W001,1072491,1968-02-27T00:00:00Z,346.67,346.67,0,35.9,310.77,35.9,35.9,NA,Unknown,Water level accuracy is unknown,1,Department of Water Resources,NA,785,Alta Irrigation District
18428,364861N1192478W001,1072490,1967-02-28T00:00:00Z,346.67,346.67,0,39.7,306.97,39.7,39.7,NA,Unknown,Water level accuracy is unknown,1,Department of Water Resources,NA,785,Alta Irrigation District
18428,364861N1192478W001,1072489,1966-01-26T00:00:00Z,346.67,346.67,0,38.7,307.97,38.7,38.7,NA,Unknown,Water level accuracy is unknown,1,Department of Water Resources,NA,785,Alta Irrigation District
18428,364861N1192478W001,1072488,1965-02-22T00:00:00Z,346.67,346.67,0,42,304.67,42,42,NA,Unknown,Water level accuracy is unknown,1,Department of Water Resources,NA,785,Alta Irrigation District
18428,364861N1192478W001,1072487,1964-02-25T00:00:00Z,346.67,346.67,0,40.7,305.97,40.7,40.7,NA,Unknown,Water level accuracy is unknown,1,Department of Water Resources,NA,785,Alta Irrigation District
18428,364861N1192478W001,1072486,1963-02-26T00:00:00Z,346.67,346.67,0,41.9,304.77,41.9,41.9,NA,Unknown,Water level accuracy is unknown,1,Department of Water Resources,NA,785,Alta Irrigation District
18428,364861N1192478W001,1072485,1962-02-24T00:00:00Z,346.67,346.67,0,44.3,302.37,44.3,44.3,NA,Unknown,Water level accuracy is unknown,1,Department of Water Resources,NA,785,Alta Irrigation District
18428,364861N1192478W001,1072484,1961-11-27T00:00:00Z,346.67,346.67,0,45,301.67,45,45,NA,Unknown,Water level accuracy is unknown,1,Department of Water Resources,NA,785,Alta Irrigation District
18428,364861N1192478W001,1072483,1961-02-25T00:00:00Z,346.67,346.67,0,39.5,307.17,39.5,39.5,NA,Unknown,Water level accuracy is unknown,1,Department of Water Resources,NA,785,Alta Irrigation District
18428,364861N1192478W001,1072482,1960-10-27T00:00:00Z,346.67,346.67,0,43,303.67,43,43,NA,Unknown,Water level accuracy is unknown,1,Department of Water Resources,NA,785,Alta Irrigation District
18428,364861N1192478W001,1072481,1960-02-26T00:00:00Z,346.67,346.67,0,33,313.67,33,33,NA,Unknown,Water level accuracy is unknown,1,Department of Water Resources,NA,785,Alta Irrigation District
18428,364861N1192478W001,1072480,1959-10-29T00:00:00Z,346.67,346.67,0,30.4,316.27,30.4,30.4,NA,Unknown,Water level accuracy is unknown,1,Department of Water Resources,NA,785,Alta Irrigation District
18428,364861N1192478W001,1072479,1959-02-26T00:00:00Z,346.67,346.67,0,19.6,327.07,19.6,19.6,NA,Unknown,Water level accuracy is unknown,1,Department of Water Resources,NA,785,Alta Irrigation District
18428,364861N1192478W001,1072478,1958-10-02T00:00:00Z,346.67,346.67,0,15.8,330.87,15.8,15.8,NA,Unknown,Water level accuracy is unknown,1,Department of Water Resources,NA,785,Alta Irrigation District
18428,364861N1192478W001,1072477,1958-02-26T00:00:00Z,346.67,346.67,0,28,318.67,28,28,NA,Unknown,Water level accuracy is unknown,1,Department of Water Resources,NA,785,Alta Irrigation District
18428,364861N1192478W001,1072476,1958-01-29T00:00:00Z,346.67,346.67,0,27.8,318.87,27.8,27.8,NA,Unknown,Water level accuracy is unknown,1,Department of Water Resources,NA,785,Alta Irrigation District
18428,364861N1192478W001,1072475,1957-12-30T00:00:00Z,346.67,346.67,0,27.7,318.97,27.7,27.7,NA,Unknown,Water level accuracy is unknown,1,Department of Water Resources,NA,785,Alta Irrigation District
18428,364861N1192478W001,1072474,1957-11-28T00:00:00Z,346.67,346.67,0,27.5,319.17,27.5,27.5,NA,Unknown,Water level accuracy is unknown,1,Department of Water Resources,NA,785,Alta Irrigation District
18428,364861N1192478W001,1072473,1957-10-29T00:00:00Z,346.67,346.67,0,26.3,320.37,26.3,26.3,NA,Unknown,Water level accuracy is unknown,1,Department of Water Resources,NA,785,Alta Irrigation District
18428,364861N1192478W001,1072472,1957-09-27T00:00:00Z,346.67,346.67,0,26.6,320.07,26.6,26.6,NA,Unknown,Water level accuracy is unknown,1,Department of Water Resources,NA,785,Alta Irrigation District
18428,364861N1192478W001,1072471,1957-08-28T00:00:00Z,346.67,346.67,0,26.6,320.07,26.6,26.6,NA,Unknown,Water level accuracy is unknown,1,Department of Water Resources,NA,785,Alta Irrigation District
18428,364861N1192478W001,1072470,1957-07-27T00:00:00Z,346.67,346.67,0,23.7,322.97,23.7,23.7,NA,Unknown,Water level accuracy is unknown,1,Department of Water Resources,NA,785,Alta Irrigation District
18428,364861N1192478W001,1072469,1957-04-26T00:00:00Z,346.67,346.67,0,27.2,319.47,27.2,27.2,NA,Unknown,Water level accuracy is unknown,1,Department of Water Resources,NA,785,Alta Irrigation District
18428,364861N1192478W001,1072468,1957-02-26T00:00:00Z,346.67,346.67,0,24.8,321.87,24.8,24.8,NA,Unknown,Water level accuracy is unknown,1,Department of Water Resources,NA,785,Alta Irrigation District
18428,364861N1192478W001,1072467,1956-10-29T00:00:00Z,346.67,346.67,0,20.4,326.27,20.4,20.4,NA,Unknown,Water level accuracy is unknown,1,Department of Water Resources,NA,785,Alta Irrigation District
18428,364861N1192478W001,1072466,1956-07-27T00:00:00Z,346.67,346.67,0,26.6,320.07,26.6,26.6,NA,Unknown,Water level accuracy is unknown,1,Department of Water Resources,NA,785,Alta Irrigation District
18428,364861N1192478W001,1072465,1956-03-30T00:00:00Z,346.67,346.67,0,34.9,311.77,34.9,34.9,NA,Unknown,Water level accuracy is unknown,1,Department of Water Resources,NA,785,Alta Irrigation District
18428,364861N1192478W001,1072464,1956-02-28T00:00:00Z,346.67,346.67,0,34.9,311.77,34.9,34.9,NA,Unknown,Water level accuracy is unknown,1,Department of Water Resources,NA,785,Alta Irrigation District
18428,364861N1192478W001,1072463,1955-12-02T00:00:00Z,346.67,346.67,0,36.7,309.97,36.7,36.7,NA,Unknown,Water level accuracy is unknown,1,Department of Water Resources,NA,785,Alta Irrigation District
18428,364861N1192478W001,1072462,1955-10-29T00:00:00Z,346.67,346.67,0,36.4,310.27,36.4,36.4,NA,Unknown,Water level accuracy is unknown,1,Department of Water Resources,NA,785,Alta Irrigation District
18428,364861N1192478W001,1072461,1955-09-02T00:00:00Z,346.67,346.67,0,35.5,311.17,35.5,35.5,NA,Unknown,Water level accuracy is unknown,1,Department of Water Resources,NA,785,Alta Irrigation District
18428,364861N1192478W001,1072460,1955-07-28T00:00:00Z,346.67,346.67,0,34,312.67,34,34,NA,Unknown,Water level accuracy is unknown,1,Department of Water Resources,NA,785,Alta Irrigation District
