STN_ID,SITE_CODE,WLM_ID,MSMT_DATE,WLM_RPE,WLM_GSE,RDNG_WS,RDNG_RP,WSE,RPE_WSE,GSE_WSE,WLM_QA_DESC,WLM_DESC,WLM_ACC_DESC,WLM_ORG_ID,WLM_ORG_NAME,MSMT_CMT,COOP_AGENCY_ORG_ID,COOP_ORG_NAME
18831,358631N1198849W001,835470,1961-03-08T00:00:00Z,303.99,302.99,NA,NA,NA,NA,NA,Well has been destroyed,NA,NA,1,Department of Water Resources,NA,1,Department of Water Resources
18831,358631N1198849W001,835469,1960-10-12T00:00:00Z,303.99,302.99,NA,NA,NA,NA,NA,Well has been destroyed,NA,NA,1,Department of Water Resources,NA,1,Department of Water Resources
18831,358631N1198849W001,835468,1959-10-13T00:00:00Z,303.99,302.99,0,113.2,190.79,113.2,112.2,NA,Unknown,Water level accuracy is unknown,1,Department of Water Resources,NA,5167,United States Geological Survey
18831,358631N1198849W001,835467,1959-03-31T00:00:00Z,303.99,302.99,0,102.3,201.69,102.3,101.3,Nearby pump operating,Unknown,Water level accuracy is unknown,1,Department of Water Resources,NA,5167,United States Geological Survey
18831,358631N1198849W001,835466,1958-10-24T00:00:00Z,303.99,302.99,0,111.7,192.29,111.7,110.7,NA,Unknown,Water level accuracy is unknown,1,Department of Water Resources,NA,5167,United States Geological Survey
18831,358631N1198849W001,835465,1958-04-15T00:00:00Z,303.99,302.99,0,98.2,205.79,98.2,97.2,NA,Unknown,Water level accuracy is unknown,1,Department of Water Resources,NA,5167,United States Geological Survey
