STN_ID,SITE_CODE,WLM_ID,MSMT_DATE,WLM_RPE,WLM_GSE,RDNG_WS,RDNG_RP,WSE,RPE_WSE,GSE_WSE,WLM_QA_DESC,WLM_DESC,WLM_ACC_DESC,WLM_ORG_ID,WLM_ORG_NAME,MSMT_CMT,COOP_AGENCY_ORG_ID,COOP_ORG_NAME
19044,361961N1192781W001,952308,1959-02-19T00:00:00Z,298.91,298.71,NA,NA,NA,NA,NA,Well has been destroyed,NA,NA,1,Department of Water Resources,NA,624,Bureau of Reclamation
19044,361961N1192781W001,952307,1958-10-06T00:00:00Z,298.91,298.71,0,37.8,261.11,37.8,37.6,NA,Unknown,Water level accuracy is unknown,1,Department of Water Resources,NA,624,Bureau of Reclamation
19044,361961N1192781W001,952306,1958-02-27T00:00:00Z,298.91,298.71,0,54.1,244.81,54.1,53.9,NA,Unknown,Water level accuracy is unknown,1,Department of Water Resources,NA,624,Bureau of Reclamation
19044,361961N1192781W001,952305,1957-10-21T00:00:00Z,298.91,298.71,0,49.6,249.31,49.6,49.4,NA,Unknown,Water level accuracy is unknown,1,Department of Water Resources,NA,624,Bureau of Reclamation
19044,361961N1192781W001,952304,1957-02-13T00:00:00Z,298.91,298.71,0,51.5,247.41,51.5,51.3,NA,Unknown,Water level accuracy is unknown,1,Department of Water Resources,NA,624,Bureau of Reclamation
19044,361961N1192781W001,952303,1956-10-12T00:00:00Z,298.91,298.71,0,47.9,251.01,47.9,47.7,NA,Unknown,Water level accuracy is unknown,1,Department of Water Resources,NA,624,Bureau of Reclamation
19044,361961N1192781W001,952302,1956-02-16T00:00:00Z,298.91,298.71,0,51.6,247.31,51.6,51.4,NA,Unknown,Water level accuracy is unknown,1,Department of Water Resources,NA,624,Bureau of Reclamation
19044,361961N1192781W001,952301,1955-02-18T00:00:00Z,298.91,298.71,0,53.8,245.11,53.8,53.6,NA,Unknown,Water level accuracy is unknown,1,Department of Water Resources,NA,624,Bureau of Reclamation
19044,361961N1192781W001,952300,1954-10-15T00:00:00Z,298.91,298.71,0,53.6,245.31,53.6,53.4,NA,Unknown,Water level accuracy is unknown,1,Department of Water Resources,NA,624,Bureau of Reclamation
19044,361961N1192781W001,952299,1954-09-28T00:00:00Z,298.91,298.71,0,54.4,244.51,54.4,54.2,NA,Unknown,Water level accuracy is unknown,1,Department of Water Resources,NA,624,Bureau of Reclamation
19044,361961N1192781W001,952298,1954-02-17T00:00:00Z,298.91,298.71,0,51.8,247.11,51.8,51.6,NA,Unknown,Water level accuracy is unknown,1,Department of Water Resources,NA,624,Bureau of Reclamation
19044,361961N1192781W001,952297,1953-11-10T00:00:00Z,298.91,298.71,0,51.8,247.11,51.8,51.6,NA,Unknown,Water level accuracy is unknown,1,Department of Water Resources,NA,624,Bureau of Reclamation
19044,361961N1192781W001,952296,1953-11-01T00:00:00Z,298.91,298.71,NA,NA,NA,NA,NA,Special/Other,NA,NA,1,Department of Water Resources,NA,624,Bureau of Reclamation
19044,361961N1192781W001,952295,1953-10-10T00:00:00Z,298.91,298.71,0,48.1,250.81,48.1,47.9,NA,Unknown,Water level accuracy is unknown,1,Department of Water Resources,NA,624,Bureau of Reclamation
19044,361961N1192781W001,952294,1953-02-14T00:00:00Z,298.91,298.71,0,49,249.91,49,48.8,NA,Unknown,Water level accuracy is unknown,1,Department of Water Resources,NA,624,Bureau of Reclamation
19044,361961N1192781W001,952293,1952-10-15T00:00:00Z,298.91,298.71,0,50.1,248.81,50.1,49.9,NA,Unknown,Water level accuracy is unknown,1,Department of Water Resources,NA,624,Bureau of Reclamation
19044,361961N1192781W001,952292,1952-02-19T00:00:00Z,298.91,298.71,0,58.4,240.51,58.4,58.2,NA,Unknown,Water level accuracy is unknown,1,Department of Water Resources,NA,624,Bureau of Reclamation
19044,361961N1192781W001,952291,1951-10-19T00:00:00Z,298.91,298.71,0,60.2,238.71,60.2,60,NA,Unknown,Water level accuracy is unknown,1,Department of Water Resources,NA,624,Bureau of Reclamation
19044,361961N1192781W001,952290,1951-02-02T00:00:00Z,298.91,298.71,0,56.4,242.51,56.4,56.2,NA,Unknown,Water level accuracy is unknown,1,Department of Water Resources,NA,624,Bureau of Reclamation
19044,361961N1192781W001,952289,1950-11-28T00:00:00Z,298.91,298.71,0,59.7,239.21,59.7,59.5,NA,Unknown,Water level accuracy is unknown,1,Department of Water Resources,NA,624,Bureau of Reclamation
19044,361961N1192781W001,952288,1950-10-27T00:00:00Z,298.91,298.71,0,60.9,238.01,60.9,60.7,NA,Unknown,Water level accuracy is unknown,1,Department of Water Resources,NA,624,Bureau of Reclamation
19044,361961N1192781W001,952287,1950-02-14T00:00:00Z,298.91,298.71,0,50.4,248.51,50.4,50.2,NA,Unknown,Water level accuracy is unknown,1,Department of Water Resources,NA,624,Bureau of Reclamation
19044,361961N1192781W001,952286,1949-10-11T00:00:00Z,298.91,298.71,0,43.6,255.31,43.6,43.4,NA,Unknown,Water level accuracy is unknown,1,Department of Water Resources,NA,624,Bureau of Reclamation
19044,361961N1192781W001,952285,1949-02-16T00:00:00Z,298.91,298.71,0,40.7,258.21,40.7,40.5,NA,Unknown,Water level accuracy is unknown,1,Department of Water Resources,NA,624,Bureau of Reclamation
19044,361961N1192781W001,952284,1948-11-05T00:00:00Z,298.91,298.71,0,35.5,263.41,35.5,35.3,NA,Unknown,Water level accuracy is unknown,1,Department of Water Resources,NA,624,Bureau of Reclamation
19044,361961N1192781W001,952283,1947-09-29T00:00:00Z,298.91,298.71,0,36.9,262.01,36.9,36.7,NA,Unknown,Water level accuracy is unknown,1,Department of Water Resources,NA,624,Bureau of Reclamation
19044,361961N1192781W001,952282,1947-03-13T00:00:00Z,298.91,298.71,0,28.9,270.01,28.9,28.7,NA,Unknown,Water level accuracy is unknown,1,Department of Water Resources,NA,624,Bureau of Reclamation
19044,361961N1192781W001,952281,1946-10-21T00:00:00Z,298.91,298.71,0,24.1,274.81,24.1,23.9,NA,Unknown,Water level accuracy is unknown,1,Department of Water Resources,NA,624,Bureau of Reclamation
19044,361961N1192781W001,952280,1946-06-14T00:00:00Z,298.91,298.71,0,17.4,281.51,17.4,17.2,NA,Unknown,Water level accuracy is unknown,1,Department of Water Resources,NA,624,Bureau of Reclamation
19044,361961N1192781W001,952279,1945-10-30T00:00:00Z,298.91,298.71,0,18.6,280.31,18.6,18.4,NA,Unknown,Water level accuracy is unknown,1,Department of Water Resources,NA,624,Bureau of Reclamation
19044,361961N1192781W001,952278,1944-10-19T00:00:00Z,298.91,298.71,0,22.6,276.31,22.6,22.4,NA,Unknown,Water level accuracy is unknown,1,Department of Water Resources,NA,624,Bureau of Reclamation
19044,361961N1192781W001,952277,1943-10-15T00:00:00Z,298.91,298.71,0,15.1,283.81,15.1,14.9,NA,Unknown,Water level accuracy is unknown,1,Department of Water Resources,NA,624,Bureau of Reclamation
19044,361961N1192781W001,952276,1942-10-22T00:00:00Z,298.91,298.71,0,16.6,282.31,16.6,16.4,NA,Unknown,Water level accuracy is unknown,1,Department of Water Resources,NA,624,Bureau of Reclamation
19044,361961N1192781W001,952275,1941-10-23T00:00:00Z,298.91,298.71,0,15.6,283.31,15.6,15.4,NA,Unknown,Water level accuracy is unknown,1,Department of Water Resources,NA,624,Bureau of Reclamation
19044,361961N1192781W001,952274,1940-10-29T00:00:00Z,298.91,298.71,0,21.6,277.31,21.6,21.4,NA,Unknown,Water level accuracy is unknown,1,Department of Water Resources,NA,624,Bureau of Reclamation
19044,361961N1192781W001,952273,1939-10-25T00:00:00Z,298.91,298.71,0,26.5,272.41,26.5,26.3,NA,Unknown,Water level accuracy is unknown,1,Department of Water Resources,NA,624,Bureau of Reclamation
19044,361961N1192781W001,952272,1938-10-31T00:00:00Z,298.91,298.71,0,18.6,280.31,18.6,18.4,NA,Unknown,Water level accuracy is unknown,1,Department of Water Resources,NA,624,Bureau of Reclamation
19044,361961N1192781W001,952271,1937-11-16T00:00:00Z,298.91,298.71,0,27.8,271.11,27.8,27.6,NA,Unknown,Water level accuracy is unknown,1,Department of Water Resources,NA,624,Bureau of Reclamation
19044,361961N1192781W001,952270,1936-11-13T00:00:00Z,298.91,298.71,0,38.3,260.61,38.3,38.1,NA,Unknown,Water level accuracy is unknown,1,Department of Water Resources,NA,624,Bureau of Reclamation
19044,361961N1192781W001,952269,1935-11-13T00:00:00Z,298.91,298.71,0,44,254.91,44,43.8,NA,Unknown,Water level accuracy is unknown,1,Department of Water Resources,NA,624,Bureau of Reclamation
19044,361961N1192781W001,952268,1934-11-28T00:00:00Z,298.91,298.71,0,45.9,253.01,45.9,45.7,NA,Unknown,Water level accuracy is unknown,1,Department of Water Resources,NA,624,Bureau of Reclamation
19044,361961N1192781W001,952267,1933-11-20T00:00:00Z,298.91,298.71,0,38,260.91,38,37.8,NA,Unknown,Water level accuracy is unknown,1,Department of Water Resources,NA,624,Bureau of Reclamation
19044,361961N1192781W001,952266,1932-11-11T00:00:00Z,298.91,298.71,0,34,264.91,34,33.8,NA,Unknown,Water level accuracy is unknown,1,Department of Water Resources,NA,624,Bureau of Reclamation
19044,361961N1192781W001,952265,1930-10-28T00:00:00Z,298.91,298.71,0,36.8,262.11,36.8,36.6,NA,Unknown,Water level accuracy is unknown,1,Department of Water Resources,NA,624,Bureau of Reclamation
19044,361961N1192781W001,952264,1930-01-11T00:00:00Z,298.91,298.71,0,31.5,267.41,31.5,31.3,NA,Unknown,Water level accuracy is unknown,1,Department of Water Resources,NA,624,Bureau of Reclamation
19044,361961N1192781W001,952263,1929-11-02T00:00:00Z,298.91,298.71,0,31,267.91,31,30.8,NA,Unknown,Water level accuracy is unknown,1,Department of Water Resources,NA,624,Bureau of Reclamation
19044,361961N1192781W001,952262,1928-10-15T00:00:00Z,298.91,298.71,0,24.9,274.01,24.9,24.7,NA,Unknown,Water level accuracy is unknown,1,Department of Water Resources,NA,624,Bureau of Reclamation
19044,361961N1192781W001,952261,1928-04-27T00:00:00Z,298.91,298.71,0,21.9,277.01,21.9,21.7,NA,Unknown,Water level accuracy is unknown,1,Department of Water Resources,NA,624,Bureau of Reclamation
19044,361961N1192781W001,952260,1927-08-16T00:00:00Z,298.91,298.71,0,15.2,283.71,15.2,15,NA,Unknown,Water level accuracy is unknown,1,Department of Water Resources,NA,624,Bureau of Reclamation
19044,361961N1192781W001,952259,1927-04-20T00:00:00Z,298.91,298.71,0,18.1,280.81,18.1,17.9,NA,Unknown,Water level accuracy is unknown,1,Department of Water Resources,NA,624,Bureau of Reclamation
19044,361961N1192781W001,952258,1926-11-18T00:00:00Z,298.91,298.71,0,22.8,276.11,22.8,22.6,NA,Unknown,Water level accuracy is unknown,1,Department of Water Resources,NA,624,Bureau of Reclamation
19044,361961N1192781W001,952257,1926-05-29T00:00:00Z,298.91,298.71,0,19,279.91,19,18.8,NA,Unknown,Water level accuracy is unknown,1,Department of Water Resources,NA,624,Bureau of Reclamation
19044,361961N1192781W001,952256,1925-10-22T00:00:00Z,298.91,298.71,0,18.7,280.21,18.7,18.5,NA,Unknown,Water level accuracy is unknown,1,Department of Water Resources,NA,624,Bureau of Reclamation
19044,361961N1192781W001,952255,1925-04-06T00:00:00Z,298.91,298.71,0,20.5,278.41,20.5,20.3,NA,Unknown,Water level accuracy is unknown,1,Department of Water Resources,NA,624,Bureau of Reclamation
