STN_ID,SITE_CODE,WLM_ID,MSMT_DATE,WLM_RPE,WLM_GSE,RDNG_WS,RDNG_RP,WSE,RPE_WSE,GSE_WSE,WLM_QA_DESC,WLM_DESC,WLM_ACC_DESC,WLM_ORG_ID,WLM_ORG_NAME,MSMT_CMT,COOP_AGENCY_ORG_ID,COOP_ORG_NAME
19050,399740N1219745W001,78177,2012-10-16T00:00:00Z,367.53,366.43,NA,NA,NA,NA,NA,Pumping,NA,NA,1,Department of Water Resources,NA,1,Department of Water Resources
19050,399740N1219745W001,63324,2012-08-02T00:00:00Z,367.53,366.43,NA,NA,NA,NA,NA,Pumping,NA,NA,1,Department of Water Resources,NA,1,Department of Water Resources
19050,399740N1219745W001,60952,2012-03-29T00:00:00Z,367.53,366.43,4.3,136,235.83,131.7,130.6,NA,Steel tape measurement,Water level accuracy to nearest tenth of a foot,1,Department of Water Resources,NA,1,Department of Water Resources
19050,399740N1219745W001,40009,2011-10-14T00:00:00Z,367.53,366.43,0,132.6,234.93,132.6,131.5,NA,Steel tape measurement,Water level accuracy to nearest tenth of a foot,1,Department of Water Resources,NA,1,Department of Water Resources
19050,399740N1219745W001,846398,2011-10-14T00:00:00Z,367.53,366.43,0,132.6,234.93,132.6,131.5,NA,Unknown,Water level accuracy is unknown,1,Department of Water Resources,NA,1,Department of Water Resources
19050,399740N1219745W001,846397,2011-08-04T00:00:00Z,367.53,366.43,0,135.3,232.23,135.3,134.2,NA,Unknown,Water level accuracy is unknown,1,Department of Water Resources,NA,1,Department of Water Resources
19050,399740N1219745W001,846396,2011-04-06T00:00:00Z,367.53,366.43,0,128.1,239.43,128.1,127,NA,Unknown,Water level accuracy is unknown,1,Department of Water Resources,NA,1,Department of Water Resources
19050,399740N1219745W001,846395,2010-10-19T00:00:00Z,367.53,366.43,0,135.9,231.63,135.9,134.8,NA,Unknown,Water level accuracy is unknown,1,Department of Water Resources,NA,1,Department of Water Resources
19050,399740N1219745W001,846394,2010-08-05T00:00:00Z,367.53,366.43,0,134.9,232.63,134.9,133.8,NA,Unknown,Water level accuracy is unknown,1,Department of Water Resources,NA,1,Department of Water Resources
19050,399740N1219745W001,846393,2010-03-25T00:00:00Z,367.53,366.43,0,133.4,234.13,133.4,132.3,NA,Unknown,Water level accuracy is unknown,1,Department of Water Resources,NA,1,Department of Water Resources
19050,399740N1219745W001,846392,2009-10-21T00:00:00Z,367.53,366.43,0,135.3,232.23,135.3,134.2,NA,Unknown,Water level accuracy is unknown,1,Department of Water Resources,NA,1,Department of Water Resources
19050,399740N1219745W001,846391,2009-09-16T00:00:00Z,367.53,366.43,0,136.4,231.13,136.4,135.3,Pumping,Unknown,Water level accuracy is unknown,1,Department of Water Resources,NA,1,Department of Water Resources
19050,399740N1219745W001,846390,2009-08-04T00:00:00Z,367.53,366.43,0,135.1,232.43,135.1,134,NA,Unknown,Water level accuracy is unknown,1,Department of Water Resources,NA,1,Department of Water Resources
19050,399740N1219745W001,846389,2009-06-24T00:00:00Z,367.53,366.43,0,135.1,232.43,135.1,134,NA,Unknown,Water level accuracy is unknown,1,Department of Water Resources,NA,1,Department of Water Resources
19050,399740N1219745W001,846388,2009-05-12T00:00:00Z,367.53,366.43,0,135,232.53,135,133.9,NA,Unknown,Water level accuracy is unknown,1,Department of Water Resources,NA,1,Department of Water Resources
19050,399740N1219745W001,846387,2009-03-27T00:00:00Z,367.53,366.43,0,134.2,233.33,134.2,133.1,NA,Unknown,Water level accuracy is unknown,1,Department of Water Resources,NA,1,Department of Water Resources
19050,399740N1219745W001,846386,2009-01-15T00:00:00Z,367.53,366.43,0,127.3,240.23,127.3,126.2,NA,Unknown,Water level accuracy is unknown,1,Department of Water Resources,NA,1,Department of Water Resources
19050,399740N1219745W001,846385,2008-10-22T00:00:00Z,367.53,366.43,0,126.7,240.83,126.7,125.6,NA,Unknown,Water level accuracy is unknown,1,Department of Water Resources,NA,1,Department of Water Resources
19050,399740N1219745W001,846384,2008-08-08T00:00:00Z,367.53,366.43,0,130.2,237.33,130.2,129.1,NA,Unknown,Water level accuracy is unknown,1,Department of Water Resources,NA,1,Department of Water Resources
19050,399740N1219745W001,846383,2008-07-29T00:00:00Z,367.53,366.43,NA,NA,NA,NA,NA,Pumping,NA,NA,1,Department of Water Resources,NA,1,Department of Water Resources
19050,399740N1219745W001,846382,2008-03-11T00:00:00Z,367.53,366.43,0,132.8,234.73,132.8,131.7,NA,Unknown,Water level accuracy is unknown,1,Department of Water Resources,NA,1,Department of Water Resources
19050,399740N1219745W001,846381,2007-10-19T00:00:00Z,367.53,366.43,0,133,234.53,133,131.9,NA,Unknown,Water level accuracy is unknown,1,Department of Water Resources,NA,1,Department of Water Resources
19050,399740N1219745W001,846380,2007-08-07T00:00:00Z,367.53,366.43,0,133.9,233.63,133.9,132.8,NA,Unknown,Water level accuracy is unknown,1,Department of Water Resources,NA,1,Department of Water Resources
19050,399740N1219745W001,846379,2007-03-20T00:00:00Z,367.53,366.43,0,126.7,240.83,126.7,125.6,NA,Unknown,Water level accuracy is unknown,1,Department of Water Resources,NA,1,Department of Water Resources
19050,399740N1219745W001,846377,2006-10-13T00:00:00Z,367.53,366.43,0,131.9,235.63,131.9,130.8,NA,Unknown,Water level accuracy is unknown,1,Department of Water Resources,NA,1,Department of Water Resources
19050,399740N1219745W001,846378,2006-08-02T00:00:00Z,367.53,366.43,0,133.1,234.43,133.1,132,NA,Unknown,Water level accuracy is unknown,1,Department of Water Resources,NA,1,Department of Water Resources
19050,399740N1219745W001,846376,2006-03-29T00:00:00Z,367.53,366.43,0,128.6,238.93,128.6,127.5,NA,Unknown,Water level accuracy is unknown,1,Department of Water Resources,NA,1,Department of Water Resources
19050,399740N1219745W001,846375,2005-10-19T00:00:00Z,367.53,366.43,0,131.3,236.23,131.3,130.2,NA,Unknown,Water level accuracy is unknown,1,Department of Water Resources,NA,1,Department of Water Resources
19050,399740N1219745W001,846374,2005-08-03T00:00:00Z,367.53,366.43,NA,NA,NA,NA,NA,Special/Other,NA,NA,1,Department of Water Resources,NA,1,Department of Water Resources
19050,399740N1219745W001,846373,2005-03-29T00:00:00Z,367.53,366.43,0,135.8,231.73,135.8,134.7,Other,Unknown,Water level accuracy is unknown,1,Department of Water Resources,TAPE HANGING UP IN WELL QUESTIONABLE MEASUREMENT,1,Department of Water Resources
19050,399740N1219745W001,846372,2004-10-21T00:00:00Z,367.53,366.43,0,132.6,234.93,132.6,131.5,NA,Unknown,Water level accuracy is unknown,1,Department of Water Resources,NA,1,Department of Water Resources
19050,399740N1219745W001,846371,2004-07-22T00:00:00Z,367.53,366.43,0,130.9,236.63,130.9,129.8,NA,Unknown,Water level accuracy is unknown,1,Department of Water Resources,NA,1,Department of Water Resources
19050,399740N1219745W001,846370,2004-03-30T00:00:00Z,367.53,366.43,0,131.5,236.03,131.5,130.4,NA,Unknown,Water level accuracy is unknown,1,Department of Water Resources,NA,1,Department of Water Resources
19050,399740N1219745W001,846369,2003-10-09T00:00:00Z,367.53,366.43,0,131.3,236.23,131.3,130.2,NA,Unknown,Water level accuracy is unknown,1,Department of Water Resources,NA,1,Department of Water Resources
19050,399740N1219745W001,846368,2003-08-19T00:00:00Z,367.53,366.43,0,132.1,235.43,132.1,131,NA,Unknown,Water level accuracy is unknown,1,Department of Water Resources,NA,1,Department of Water Resources
19050,399740N1219745W001,846367,2003-07-28T00:00:00Z,367.53,366.43,0,132.3,235.23,132.3,131.2,NA,Unknown,Water level accuracy is unknown,1,Department of Water Resources,NA,1,Department of Water Resources
19050,399740N1219745W001,846366,2003-06-27T00:00:00Z,367.53,366.43,0,126.3,241.23,126.3,125.2,NA,Unknown,Water level accuracy is unknown,1,Department of Water Resources,NA,1,Department of Water Resources
19050,399740N1219745W001,846364,2003-06-12T00:00:00Z,367.53,366.43,0,131.8,235.73,131.8,130.7,NA,Unknown,Water level accuracy is unknown,1,Department of Water Resources,NA,1,Department of Water Resources
19050,399740N1219745W001,846365,2003-06-04T00:00:00Z,367.53,366.43,0,131.7,235.83,131.7,130.6,Pumped recently,Unknown,Water level accuracy is unknown,1,Department of Water Resources,NA,1,Department of Water Resources
19050,399740N1219745W001,846363,2003-03-11T00:00:00Z,367.53,366.43,0,131.7,235.83,131.7,130.6,NA,Unknown,Water level accuracy is unknown,1,Department of Water Resources,NA,1,Department of Water Resources
19050,399740N1219745W001,846362,2002-10-18T00:00:00Z,367.53,366.43,0,130.5,237.03,130.5,129.4,NA,Unknown,Water level accuracy is unknown,1,Department of Water Resources,NA,1,Department of Water Resources
19050,399740N1219745W001,846361,2002-08-23T00:00:00Z,367.53,366.43,0,132.2,235.33,132.2,131.1,NA,Unknown,Water level accuracy is unknown,1,Department of Water Resources,NA,1,Department of Water Resources
19050,399740N1219745W001,846360,2002-07-21T00:00:00Z,367.53,366.43,0,132.5,235.03,132.5,131.4,NA,Unknown,Water level accuracy is unknown,1,Department of Water Resources,NA,1,Department of Water Resources
19050,399740N1219745W001,846359,2002-03-20T00:00:00Z,367.53,366.43,0,131,236.53,131,129.9,NA,Unknown,Water level accuracy is unknown,1,Department of Water Resources,NA,1,Department of Water Resources
19050,399740N1219745W001,846358,2001-10-12T00:00:00Z,367.53,366.43,0,129.5,238.03,129.5,128.4,NA,Unknown,Water level accuracy is unknown,1,Department of Water Resources,NA,1,Department of Water Resources
19050,399740N1219745W001,846357,2001-08-14T00:00:00Z,367.53,366.43,0,130.7,236.83,130.7,129.6,Casing leaking or wet,Unknown,Water level accuracy is unknown,1,Department of Water Resources,NA,1,Department of Water Resources
19050,399740N1219745W001,846356,2001-07-18T00:00:00Z,367.53,366.43,0,131,236.53,131,129.9,Casing leaking or wet,Unknown,Water level accuracy is unknown,1,Department of Water Resources,NA,1,Department of Water Resources
19050,399740N1219745W001,846353,2001-03-20T00:00:00Z,367.53,366.43,0,130.1,237.43,130.1,129,NA,Unknown,Water level accuracy is unknown,1,Department of Water Resources,NA,1,Department of Water Resources
19050,399740N1219745W001,846352,2001-01-17T00:00:00Z,367.53,366.43,0,129.6,237.93,129.6,128.5,NA,Unknown,Water level accuracy is unknown,1,Department of Water Resources,NA,1,Department of Water Resources
19050,399740N1219745W001,846351,2000-10-02T00:00:00Z,367.53,366.43,0,130.2,237.33,130.2,129.1,NA,Unknown,Water level accuracy is unknown,1,Department of Water Resources,NA,1,Department of Water Resources
19050,399740N1219745W001,846350,2000-08-03T00:00:00Z,367.53,366.43,0,130.1,237.43,130.1,129,NA,Unknown,Water level accuracy is unknown,1,Department of Water Resources,NA,1,Department of Water Resources
19050,399740N1219745W001,846349,2000-07-05T00:00:00Z,367.53,366.43,0,130.4,237.13,130.4,129.3,NA,Unknown,Water level accuracy is unknown,1,Department of Water Resources,NA,1,Department of Water Resources
19050,399740N1219745W001,846348,2000-05-25T00:00:00Z,367.53,366.43,0,128.9,238.63,128.9,127.8,NA,Unknown,Water level accuracy is unknown,1,Department of Water Resources,NA,1,Department of Water Resources
19050,399740N1219745W001,846347,2000-04-24T00:00:00Z,367.53,366.43,0,128.8,238.73,128.8,127.7,NA,Unknown,Water level accuracy is unknown,1,Department of Water Resources,NA,1,Department of Water Resources
19050,399740N1219745W001,846355,2000-03-20T00:00:00Z,367.53,366.43,0,129,238.53,129,127.9,NA,Unknown,Water level accuracy is unknown,1,Department of Water Resources,NA,1,Department of Water Resources
19050,399740N1219745W001,846354,2000-02-08T00:00:00Z,367.53,366.43,0,129.5,238.03,129.5,128.4,NA,Unknown,Water level accuracy is unknown,1,Department of Water Resources,NA,1,Department of Water Resources
19050,399740N1219745W001,846346,1999-12-28T00:00:00Z,367.53,366.43,0,129.9,237.63,129.9,128.8,NA,Unknown,Water level accuracy is unknown,1,Department of Water Resources,NA,1,Department of Water Resources
19050,399740N1219745W001,846345,1999-11-18T00:00:00Z,367.53,366.43,0,129.9,237.63,129.9,128.8,NA,Unknown,Water level accuracy is unknown,1,Department of Water Resources,NA,1,Department of Water Resources
19050,399740N1219745W001,846344,1999-10-07T00:00:00Z,367.53,366.43,0,129.8,237.73,129.8,128.7,NA,Unknown,Water level accuracy is unknown,1,Department of Water Resources,NA,1,Department of Water Resources
19050,399740N1219745W001,846343,1999-09-13T00:00:00Z,367.53,366.43,0,129.7,237.83,129.7,128.6,NA,Unknown,Water level accuracy is unknown,1,Department of Water Resources,NA,1,Department of Water Resources
19050,399740N1219745W001,846342,1999-08-10T00:00:00Z,367.53,366.43,0,129.7,237.83,129.7,128.6,NA,Unknown,Water level accuracy is unknown,1,Department of Water Resources,NA,1,Department of Water Resources
19050,399740N1219745W001,846341,1999-07-14T00:00:00Z,367.53,366.43,0,129.6,237.93,129.6,128.5,NA,Unknown,Water level accuracy is unknown,1,Department of Water Resources,NA,1,Department of Water Resources
19050,399740N1219745W001,846340,1999-06-21T00:00:00Z,367.53,366.43,0,129.3,238.23,129.3,128.2,NA,Unknown,Water level accuracy is unknown,1,Department of Water Resources,NA,1,Department of Water Resources
19050,399740N1219745W001,846339,1999-05-20T00:00:00Z,367.53,366.43,0,128.6,238.93,128.6,127.5,NA,Unknown,Water level accuracy is unknown,1,Department of Water Resources,NA,1,Department of Water Resources
19050,399740N1219745W001,846338,1999-03-10T00:00:00Z,367.53,366.43,0,129,238.53,129,127.9,Casing leaking or wet,Unknown,Water level accuracy is unknown,1,Department of Water Resources,NA,1,Department of Water Resources
19050,399740N1219745W001,846337,1998-12-22T00:00:00Z,367.53,366.43,0,124.6,242.93,124.6,123.5,NA,Unknown,Water level accuracy is unknown,1,Department of Water Resources,NA,1,Department of Water Resources
19050,399740N1219745W001,846336,1998-08-18T00:00:00Z,367.53,366.43,0,129.8,237.73,129.8,128.7,NA,Unknown,Water level accuracy is unknown,1,Department of Water Resources,NA,1,Department of Water Resources
