STN_ID,SITE_CODE,WLM_ID,MSMT_DATE,WLM_RPE,WLM_GSE,RDNG_WS,RDNG_RP,WSE,RPE_WSE,GSE_WSE,WLM_QA_DESC,WLM_DESC,WLM_ACC_DESC,WLM_ORG_ID,WLM_ORG_NAME,MSMT_CMT,COOP_AGENCY_ORG_ID,COOP_ORG_NAME
19087,363453N1191348W001,901572,1977-10-12T00:00:00Z,406.2,404.7,NA,NA,NA,NA,NA,Measurement Discontinued,NA,NA,1,Department of Water Resources,NA,5155,Kaweah Delta Water Conservation District
19087,363453N1191348W001,901571,1977-01-19T00:00:00Z,406.2,404.7,0,23,383.2,23,21.5,NA,Unknown,Water level accuracy is unknown,1,Department of Water Resources,NA,5155,Kaweah Delta Water Conservation District
19087,363453N1191348W001,901570,1976-10-07T00:00:00Z,406.2,404.7,0,25,381.2,25,23.5,NA,Unknown,Water level accuracy is unknown,1,Department of Water Resources,NA,5155,Kaweah Delta Water Conservation District
19087,363453N1191348W001,901569,1976-01-20T00:00:00Z,406.2,404.7,0,22,384.2,22,20.5,NA,Unknown,Water level accuracy is unknown,1,Department of Water Resources,NA,5155,Kaweah Delta Water Conservation District
19087,363453N1191348W001,901568,1975-09-30T00:00:00Z,406.2,404.7,0,26,380.2,26,24.5,NA,Unknown,Water level accuracy is unknown,1,Department of Water Resources,NA,5155,Kaweah Delta Water Conservation District
19087,363453N1191348W001,901567,1975-02-21T00:00:00Z,406.2,404.7,0,20,386.2,20,18.5,NA,Unknown,Water level accuracy is unknown,1,Department of Water Resources,NA,5155,Kaweah Delta Water Conservation District
19087,363453N1191348W001,901566,1974-10-04T00:00:00Z,406.2,404.7,0,22,384.2,22,20.5,NA,Unknown,Water level accuracy is unknown,1,Department of Water Resources,NA,5155,Kaweah Delta Water Conservation District
19087,363453N1191348W001,901565,1974-02-01T00:00:00Z,406.2,404.7,0,20,386.2,20,18.5,NA,Unknown,Water level accuracy is unknown,1,Department of Water Resources,NA,5155,Kaweah Delta Water Conservation District
19087,363453N1191348W001,901564,1973-10-03T00:00:00Z,406.2,404.7,NA,NA,NA,NA,NA,Measurement Discontinued,NA,NA,1,Department of Water Resources,NA,5155,Kaweah Delta Water Conservation District
19087,363453N1191348W001,901563,1973-02-15T00:00:00Z,406.2,404.7,NA,NA,NA,NA,NA,Pump house locked,NA,NA,1,Department of Water Resources,NA,5155,Kaweah Delta Water Conservation District
19087,363453N1191348W001,901562,1972-10-27T00:00:00Z,406.2,404.7,0,30.5,375.7,30.5,29,NA,Unknown,Water level accuracy is unknown,1,Department of Water Resources,NA,5155,Kaweah Delta Water Conservation District
19087,363453N1191348W001,901561,1972-02-01T00:00:00Z,406.2,404.7,0,20,386.2,20,18.5,NA,Unknown,Water level accuracy is unknown,1,Department of Water Resources,NA,5155,Kaweah Delta Water Conservation District
19087,363453N1191348W001,901560,1971-09-23T00:00:00Z,406.2,404.7,0,23.7,382.5,23.7,22.2,NA,Unknown,Water level accuracy is unknown,1,Department of Water Resources,NA,5155,Kaweah Delta Water Conservation District
19087,363453N1191348W001,901559,1971-02-01T00:00:00Z,406.2,404.7,0,18,388.2,18,16.5,NA,Unknown,Water level accuracy is unknown,1,Department of Water Resources,NA,5155,Kaweah Delta Water Conservation District
19087,363453N1191348W001,901558,1970-09-28T00:00:00Z,406.2,404.7,0,23.8,382.4,23.8,22.3,NA,Unknown,Water level accuracy is unknown,1,Department of Water Resources,NA,5155,Kaweah Delta Water Conservation District
19087,363453N1191348W001,901557,1970-02-03T00:00:00Z,406.2,404.7,0,15.2,391,15.2,13.7,NA,Unknown,Water level accuracy is unknown,1,Department of Water Resources,NA,5155,Kaweah Delta Water Conservation District
19087,363453N1191348W001,901556,1969-10-01T00:00:00Z,406.2,404.7,0,18.3,387.9,18.3,16.8,NA,Unknown,Water level accuracy is unknown,1,Department of Water Resources,NA,624,Bureau of Reclamation
19087,363453N1191348W001,901555,1969-02-04T00:00:00Z,406.2,404.7,0,17.2,389,17.2,15.7,NA,Unknown,Water level accuracy is unknown,1,Department of Water Resources,NA,5155,Kaweah Delta Water Conservation District
19087,363453N1191348W001,901554,1968-02-07T00:00:00Z,406.2,404.7,0,18.7,387.5,18.7,17.2,NA,Unknown,Water level accuracy is unknown,1,Department of Water Resources,NA,5155,Kaweah Delta Water Conservation District
19087,363453N1191348W001,901553,1967-02-10T00:00:00Z,406.2,404.7,0,19.9,386.3,19.9,18.4,NA,Unknown,Water level accuracy is unknown,1,Department of Water Resources,NA,5155,Kaweah Delta Water Conservation District
19087,363453N1191348W001,901552,1966-02-07T00:00:00Z,406.2,404.7,0,19.2,387,19.2,17.7,NA,Unknown,Water level accuracy is unknown,1,Department of Water Resources,NA,5155,Kaweah Delta Water Conservation District
19087,363453N1191348W001,901551,1965-02-05T00:00:00Z,406.2,404.7,0,21.1,385.1,21.1,19.6,NA,Unknown,Water level accuracy is unknown,1,Department of Water Resources,NA,5155,Kaweah Delta Water Conservation District
19087,363453N1191348W001,901550,1964-10-01T00:00:00Z,406.2,404.7,0,29.1,377.1,29.1,27.6,NA,Unknown,Water level accuracy is unknown,1,Department of Water Resources,NA,5155,Kaweah Delta Water Conservation District
19087,363453N1191348W001,901549,1964-02-03T00:00:00Z,406.2,404.7,0,19.8,386.4,19.8,18.3,NA,Unknown,Water level accuracy is unknown,1,Department of Water Resources,NA,5155,Kaweah Delta Water Conservation District
19087,363453N1191348W001,901548,1963-09-25T00:00:00Z,406.2,404.7,0,23.2,383,23.2,21.7,NA,Unknown,Water level accuracy is unknown,1,Department of Water Resources,NA,5155,Kaweah Delta Water Conservation District
19087,363453N1191348W001,901547,1963-02-25T00:00:00Z,406.2,404.7,0,24.3,381.9,24.3,22.8,NA,Unknown,Water level accuracy is unknown,1,Department of Water Resources,NA,5155,Kaweah Delta Water Conservation District
19087,363453N1191348W001,901546,1962-02-27T00:00:00Z,406.2,404.7,0,30.9,375.3,30.9,29.4,NA,Unknown,Water level accuracy is unknown,1,Department of Water Resources,NA,5155,Kaweah Delta Water Conservation District
19087,363453N1191348W001,901545,1961-10-18T00:00:00Z,406.2,404.7,0,37.6,368.6,37.6,36.1,NA,Unknown,Water level accuracy is unknown,1,Department of Water Resources,NA,5155,Kaweah Delta Water Conservation District
19087,363453N1191348W001,901544,1961-02-20T00:00:00Z,406.2,404.7,0,26.7,379.5,26.7,25.2,NA,Unknown,Water level accuracy is unknown,1,Department of Water Resources,NA,5155,Kaweah Delta Water Conservation District
19087,363453N1191348W001,901543,1960-10-07T00:00:00Z,406.2,404.7,0,35.3,370.9,35.3,33.8,NA,Unknown,Water level accuracy is unknown,1,Department of Water Resources,NA,5155,Kaweah Delta Water Conservation District
19087,363453N1191348W001,901542,1960-02-18T00:00:00Z,406.2,404.7,0,27,379.2,27,25.5,NA,Unknown,Water level accuracy is unknown,1,Department of Water Resources,NA,5155,Kaweah Delta Water Conservation District
19087,363453N1191348W001,901541,1959-09-30T00:00:00Z,406.2,404.7,0,28.5,377.7,28.5,27,NA,Unknown,Water level accuracy is unknown,1,Department of Water Resources,NA,5155,Kaweah Delta Water Conservation District
19087,363453N1191348W001,901540,1959-02-02T00:00:00Z,406.2,404.7,0,22,384.2,22,20.5,NA,Unknown,Water level accuracy is unknown,1,Department of Water Resources,NA,5155,Kaweah Delta Water Conservation District
19087,363453N1191348W001,901539,1958-10-07T00:00:00Z,406.2,404.7,0,24,382.2,24,22.5,NA,Unknown,Water level accuracy is unknown,1,Department of Water Resources,NA,5155,Kaweah Delta Water Conservation District
19087,363453N1191348W001,901538,1958-02-27T00:00:00Z,406.2,404.7,0,21.9,384.3,21.9,20.4,NA,Unknown,Water level accuracy is unknown,1,Department of Water Resources,NA,5155,Kaweah Delta Water Conservation District
19087,363453N1191348W001,901537,1957-10-22T00:00:00Z,406.2,404.7,0,28,378.2,28,26.5,NA,Unknown,Water level accuracy is unknown,1,Department of Water Resources,NA,5155,Kaweah Delta Water Conservation District
19087,363453N1191348W001,901536,1957-02-13T00:00:00Z,406.2,404.7,0,22.6,383.6,22.6,21.1,NA,Unknown,Water level accuracy is unknown,1,Department of Water Resources,NA,5155,Kaweah Delta Water Conservation District
19087,363453N1191348W001,901535,1956-10-12T00:00:00Z,406.2,404.7,0,30.1,376.1,30.1,28.6,NA,Unknown,Water level accuracy is unknown,1,Department of Water Resources,NA,5155,Kaweah Delta Water Conservation District
19087,363453N1191348W001,901534,1956-02-17T00:00:00Z,406.2,404.7,0,20.5,385.7,20.5,19,NA,Unknown,Water level accuracy is unknown,1,Department of Water Resources,NA,5155,Kaweah Delta Water Conservation District
19087,363453N1191348W001,901533,1955-09-30T00:00:00Z,406.2,404.7,0,34,372.2,34,32.5,NA,Unknown,Water level accuracy is unknown,1,Department of Water Resources,NA,5155,Kaweah Delta Water Conservation District
19087,363453N1191348W001,901532,1955-02-21T00:00:00Z,406.2,404.7,0,26,380.2,26,24.5,NA,Unknown,Water level accuracy is unknown,1,Department of Water Resources,NA,5155,Kaweah Delta Water Conservation District
19087,363453N1191348W001,901531,1954-09-29T00:00:00Z,406.2,404.7,0,37.4,368.8,37.4,35.9,NA,Unknown,Water level accuracy is unknown,1,Department of Water Resources,NA,5155,Kaweah Delta Water Conservation District
19087,363453N1191348W001,901530,1954-02-16T00:00:00Z,406.2,404.7,0,28.5,377.7,28.5,27,NA,Unknown,Water level accuracy is unknown,1,Department of Water Resources,NA,5155,Kaweah Delta Water Conservation District
19087,363453N1191348W001,901529,1953-10-03T00:00:00Z,406.2,404.7,0,36.5,369.7,36.5,35,NA,Unknown,Water level accuracy is unknown,1,Department of Water Resources,NA,5155,Kaweah Delta Water Conservation District
19087,363453N1191348W001,901528,1952-10-13T00:00:00Z,406.2,404.7,0,32.5,373.7,32.5,31,NA,Unknown,Water level accuracy is unknown,1,Department of Water Resources,NA,5155,Kaweah Delta Water Conservation District
19087,363453N1191348W001,901527,1952-02-26T00:00:00Z,406.2,404.7,0,30.6,375.6,30.6,29.1,NA,Unknown,Water level accuracy is unknown,1,Department of Water Resources,NA,5155,Kaweah Delta Water Conservation District
19087,363453N1191348W001,901526,1951-10-12T00:00:00Z,406.2,404.7,0,42.9,363.3,42.9,41.4,NA,Unknown,Water level accuracy is unknown,1,Department of Water Resources,NA,5155,Kaweah Delta Water Conservation District
19087,363453N1191348W001,901525,1951-02-07T00:00:00Z,406.2,404.7,0,32.1,374.1,32.1,30.6,NA,Unknown,Water level accuracy is unknown,1,Department of Water Resources,NA,5155,Kaweah Delta Water Conservation District
19087,363453N1191348W001,901524,1950-12-11T00:00:00Z,406.2,404.7,0,38.9,367.3,38.9,37.4,NA,Unknown,Water level accuracy is unknown,1,Department of Water Resources,NA,5155,Kaweah Delta Water Conservation District
19087,363453N1191348W001,901523,1950-02-13T00:00:00Z,406.2,404.7,0,41.3,364.9,41.3,39.8,NA,Unknown,Water level accuracy is unknown,1,Department of Water Resources,NA,5155,Kaweah Delta Water Conservation District
19087,363453N1191348W001,901522,1949-10-06T00:00:00Z,406.2,404.7,0,48.9,357.3,48.9,47.4,NA,Unknown,Water level accuracy is unknown,1,Department of Water Resources,NA,5155,Kaweah Delta Water Conservation District
19087,363453N1191348W001,901521,1949-02-22T00:00:00Z,406.2,404.7,0,39.6,366.6,39.6,38.1,NA,Unknown,Water level accuracy is unknown,1,Department of Water Resources,NA,5155,Kaweah Delta Water Conservation District
19087,363453N1191348W001,901520,1948-08-06T00:00:00Z,406.2,404.7,0,45.2,361,45.2,43.7,NA,Unknown,Water level accuracy is unknown,1,Department of Water Resources,NA,5155,Kaweah Delta Water Conservation District
19087,363453N1191348W001,901519,1948-06-02T00:00:00Z,406.2,404.7,0,35.2,371,35.2,33.7,NA,Unknown,Water level accuracy is unknown,1,Department of Water Resources,NA,5155,Kaweah Delta Water Conservation District
