STN_ID,SITE_CODE,WLM_ID,MSMT_DATE,WLM_RPE,WLM_GSE,RDNG_WS,RDNG_RP,WSE,RPE_WSE,GSE_WSE,WLM_QA_DESC,WLM_DESC,WLM_ACC_DESC,WLM_ORG_ID,WLM_ORG_NAME,MSMT_CMT,COOP_AGENCY_ORG_ID,COOP_ORG_NAME
19093,363296N1191067W001,902215,1976-07-20T00:00:00Z,440.23,438.73,0,80.9,359.33,80.9,79.4,NA,Unknown,Water level accuracy is unknown,1,Department of Water Resources,NA,1096,EXETER IRRIGATION DISTRICT
19093,363296N1191067W001,902214,1974-10-01T00:00:00Z,440.23,438.73,NA,NA,NA,NA,NA,Well has been destroyed,NA,NA,1,Department of Water Resources,NA,1096,EXETER IRRIGATION DISTRICT
19093,363296N1191067W001,902213,1974-02-06T00:00:00Z,440.23,438.73,0,47.5,392.73,47.5,46,NA,Unknown,Water level accuracy is unknown,1,Department of Water Resources,NA,1096,EXETER IRRIGATION DISTRICT
19093,363296N1191067W001,902212,1973-10-01T00:00:00Z,440.23,438.73,0,54,386.23,54,52.5,NA,Unknown,Water level accuracy is unknown,1,Department of Water Resources,NA,1096,EXETER IRRIGATION DISTRICT
19093,363296N1191067W001,902211,1973-02-02T00:00:00Z,440.23,438.73,0,58.5,381.73,58.5,57,NA,Unknown,Water level accuracy is unknown,1,Department of Water Resources,NA,1096,EXETER IRRIGATION DISTRICT
19093,363296N1191067W001,902210,1972-10-02T00:00:00Z,440.23,438.73,0,68.7,371.53,68.7,67.2,NA,Unknown,Water level accuracy is unknown,1,Department of Water Resources,NA,1096,EXETER IRRIGATION DISTRICT
19093,363296N1191067W001,902209,1972-02-01T00:00:00Z,440.23,438.73,0,48.8,391.43,48.8,47.3,NA,Unknown,Water level accuracy is unknown,1,Department of Water Resources,NA,1096,EXETER IRRIGATION DISTRICT
19093,363296N1191067W001,902208,1971-09-27T00:00:00Z,440.23,438.73,0,52.8,387.43,52.8,51.3,NA,Unknown,Water level accuracy is unknown,1,Department of Water Resources,NA,1096,EXETER IRRIGATION DISTRICT
19093,363296N1191067W001,902207,1971-01-27T00:00:00Z,440.23,438.73,0,43.8,396.43,43.8,42.3,NA,Unknown,Water level accuracy is unknown,1,Department of Water Resources,NA,1096,EXETER IRRIGATION DISTRICT
19093,363296N1191067W001,902206,1970-09-23T00:00:00Z,440.23,438.73,0,46.1,394.13,46.1,44.6,NA,Unknown,Water level accuracy is unknown,1,Department of Water Resources,NA,1096,EXETER IRRIGATION DISTRICT
19093,363296N1191067W001,902205,1970-01-28T00:00:00Z,440.23,438.73,0,39.5,400.73,39.5,38,NA,Unknown,Water level accuracy is unknown,1,Department of Water Resources,NA,1096,EXETER IRRIGATION DISTRICT
19093,363296N1191067W001,902204,1969-09-29T00:00:00Z,440.23,438.73,0,41.7,398.53,41.7,40.2,NA,Unknown,Water level accuracy is unknown,1,Department of Water Resources,NA,624,Bureau of Reclamation
19093,363296N1191067W001,902203,1969-03-26T00:00:00Z,440.23,438.73,0,50,390.23,50,48.5,NA,Unknown,Water level accuracy is unknown,1,Department of Water Resources,NA,624,Bureau of Reclamation
19093,363296N1191067W001,902202,1969-02-26T00:00:00Z,440.23,438.73,NA,NA,NA,NA,NA,Temporarily inaccessible,NA,NA,1,Department of Water Resources,NA,624,Bureau of Reclamation
19093,363296N1191067W001,902201,1969-02-03T00:00:00Z,440.23,438.73,0,62.3,377.93,62.3,60.8,NA,Unknown,Water level accuracy is unknown,1,Department of Water Resources,NA,1096,EXETER IRRIGATION DISTRICT
19093,363296N1191067W001,902200,1969-01-22T00:00:00Z,440.23,438.73,0,59.2,381.03,59.2,57.7,NA,Unknown,Water level accuracy is unknown,1,Department of Water Resources,NA,624,Bureau of Reclamation
19093,363296N1191067W001,902199,1968-12-23T00:00:00Z,440.23,438.73,0,62.2,378.03,62.2,60.7,NA,Unknown,Water level accuracy is unknown,1,Department of Water Resources,NA,624,Bureau of Reclamation
19093,363296N1191067W001,902198,1968-11-27T00:00:00Z,440.23,438.73,0,61.9,378.33,61.9,60.4,NA,Unknown,Water level accuracy is unknown,1,Department of Water Resources,NA,624,Bureau of Reclamation
19093,363296N1191067W001,902197,1968-10-23T00:00:00Z,440.23,438.73,0,66,374.23,66,64.5,NA,Unknown,Water level accuracy is unknown,1,Department of Water Resources,NA,624,Bureau of Reclamation
19093,363296N1191067W001,902196,1968-09-18T00:00:00Z,440.23,438.73,0,67,373.23,67,65.5,NA,Unknown,Water level accuracy is unknown,1,Department of Water Resources,NA,624,Bureau of Reclamation
19093,363296N1191067W001,902195,1968-08-23T00:00:00Z,440.23,438.73,0,61.2,379.03,61.2,59.7,NA,Unknown,Water level accuracy is unknown,1,Department of Water Resources,NA,624,Bureau of Reclamation
19093,363296N1191067W001,902194,1968-07-25T00:00:00Z,440.23,438.73,0,59.5,380.73,59.5,58,NA,Unknown,Water level accuracy is unknown,1,Department of Water Resources,NA,624,Bureau of Reclamation
19093,363296N1191067W001,902193,1968-06-27T00:00:00Z,440.23,438.73,0,58.2,382.03,58.2,56.7,NA,Unknown,Water level accuracy is unknown,1,Department of Water Resources,NA,624,Bureau of Reclamation
19093,363296N1191067W001,902192,1968-05-22T00:00:00Z,440.23,438.73,0,52.9,387.33,52.9,51.4,NA,Unknown,Water level accuracy is unknown,1,Department of Water Resources,NA,624,Bureau of Reclamation
19093,363296N1191067W001,902191,1968-04-24T00:00:00Z,440.23,438.73,0,50,390.23,50,48.5,NA,Unknown,Water level accuracy is unknown,1,Department of Water Resources,NA,624,Bureau of Reclamation
19093,363296N1191067W001,902190,1968-03-20T00:00:00Z,440.23,438.73,0,47.1,393.13,47.1,45.6,NA,Unknown,Water level accuracy is unknown,1,Department of Water Resources,NA,624,Bureau of Reclamation
19093,363296N1191067W001,902189,1968-02-28T00:00:00Z,440.23,438.73,0,47.5,392.73,47.5,46,NA,Unknown,Water level accuracy is unknown,1,Department of Water Resources,NA,624,Bureau of Reclamation
19093,363296N1191067W001,902188,1968-02-01T00:00:00Z,440.23,438.73,0,49,391.23,49,47.5,NA,Unknown,Water level accuracy is unknown,1,Department of Water Resources,NA,1096,EXETER IRRIGATION DISTRICT
19093,363296N1191067W001,902187,1968-01-24T00:00:00Z,440.23,438.73,0,48.6,391.63,48.6,47.1,NA,Unknown,Water level accuracy is unknown,1,Department of Water Resources,NA,624,Bureau of Reclamation
19093,363296N1191067W001,902186,1967-12-20T00:00:00Z,440.23,438.73,0,50.7,389.53,50.7,49.2,NA,Unknown,Water level accuracy is unknown,1,Department of Water Resources,NA,624,Bureau of Reclamation
19093,363296N1191067W001,902185,1967-11-29T00:00:00Z,440.23,438.73,0,51.8,388.43,51.8,50.3,NA,Unknown,Water level accuracy is unknown,1,Department of Water Resources,NA,624,Bureau of Reclamation
19093,363296N1191067W001,902184,1967-10-30T00:00:00Z,440.23,438.73,0,53.9,386.33,53.9,52.4,NA,Unknown,Water level accuracy is unknown,1,Department of Water Resources,NA,624,Bureau of Reclamation
19093,363296N1191067W001,902183,1967-09-20T00:00:00Z,440.23,438.73,0,54.9,385.33,54.9,53.4,NA,Unknown,Water level accuracy is unknown,1,Department of Water Resources,NA,624,Bureau of Reclamation
19093,363296N1191067W001,902182,1967-08-27T00:00:00Z,440.23,438.73,0,56.8,383.43,56.8,55.3,NA,Unknown,Water level accuracy is unknown,1,Department of Water Resources,NA,624,Bureau of Reclamation
19093,363296N1191067W001,902181,1967-07-26T00:00:00Z,440.23,438.73,0,56.3,383.93,56.3,54.8,NA,Unknown,Water level accuracy is unknown,1,Department of Water Resources,NA,624,Bureau of Reclamation
19093,363296N1191067W001,902180,1967-06-28T00:00:00Z,440.23,438.73,0,55.3,384.93,55.3,53.8,NA,Unknown,Water level accuracy is unknown,1,Department of Water Resources,NA,624,Bureau of Reclamation
19093,363296N1191067W001,902179,1967-05-24T00:00:00Z,440.23,438.73,0,55,385.23,55,53.5,NA,Unknown,Water level accuracy is unknown,1,Department of Water Resources,NA,624,Bureau of Reclamation
19093,363296N1191067W001,902178,1967-04-27T00:00:00Z,440.23,438.73,0,55.4,384.83,55.4,53.9,NA,Unknown,Water level accuracy is unknown,1,Department of Water Resources,NA,624,Bureau of Reclamation
19093,363296N1191067W001,902177,1967-03-29T00:00:00Z,440.23,438.73,0,54.9,385.33,54.9,53.4,NA,Unknown,Water level accuracy is unknown,1,Department of Water Resources,NA,624,Bureau of Reclamation
19093,363296N1191067W001,902176,1967-03-01T00:00:00Z,440.23,438.73,0,56.2,384.03,56.2,54.7,NA,Unknown,Water level accuracy is unknown,1,Department of Water Resources,NA,624,Bureau of Reclamation
19093,363296N1191067W001,902175,1967-02-08T00:00:00Z,440.23,438.73,0,57.8,382.43,57.8,56.3,NA,Unknown,Water level accuracy is unknown,1,Department of Water Resources,NA,1096,EXETER IRRIGATION DISTRICT
19093,363296N1191067W001,902174,1966-09-21T00:00:00Z,440.23,438.73,0,71.4,368.83,71.4,69.9,NA,Unknown,Water level accuracy is unknown,1,Department of Water Resources,NA,624,Bureau of Reclamation
19093,363296N1191067W001,902173,1966-08-25T00:00:00Z,440.23,438.73,0,70.7,369.53,70.7,69.2,NA,Unknown,Water level accuracy is unknown,1,Department of Water Resources,NA,624,Bureau of Reclamation
19093,363296N1191067W001,902172,1966-07-27T00:00:00Z,440.23,438.73,0,67.8,372.43,67.8,66.3,NA,Unknown,Water level accuracy is unknown,1,Department of Water Resources,NA,624,Bureau of Reclamation
19093,363296N1191067W001,902171,1966-06-28T00:00:00Z,440.23,438.73,0,63.6,376.63,63.6,62.1,NA,Unknown,Water level accuracy is unknown,1,Department of Water Resources,NA,624,Bureau of Reclamation
19093,363296N1191067W001,902170,1966-05-26T00:00:00Z,440.23,438.73,0,61.6,378.63,61.6,60.1,NA,Unknown,Water level accuracy is unknown,1,Department of Water Resources,NA,624,Bureau of Reclamation
19093,363296N1191067W001,902169,1966-04-26T00:00:00Z,440.23,438.73,0,58.4,381.83,58.4,56.9,NA,Unknown,Water level accuracy is unknown,1,Department of Water Resources,NA,624,Bureau of Reclamation
19093,363296N1191067W001,902168,1966-03-24T00:00:00Z,440.23,438.73,0,55.9,384.33,55.9,54.4,NA,Unknown,Water level accuracy is unknown,1,Department of Water Resources,NA,624,Bureau of Reclamation
19093,363296N1191067W001,902167,1966-02-21T00:00:00Z,440.23,438.73,0,55,385.23,55,53.5,NA,Unknown,Water level accuracy is unknown,1,Department of Water Resources,NA,624,Bureau of Reclamation
19093,363296N1191067W001,902166,1966-01-31T00:00:00Z,440.23,438.73,0,55.8,384.43,55.8,54.3,NA,Unknown,Water level accuracy is unknown,1,Department of Water Resources,NA,1096,EXETER IRRIGATION DISTRICT
19093,363296N1191067W001,902165,1966-01-20T00:00:00Z,440.23,438.73,0,55.8,384.43,55.8,54.3,NA,Unknown,Water level accuracy is unknown,1,Department of Water Resources,NA,624,Bureau of Reclamation
19093,363296N1191067W001,902164,1965-12-20T00:00:00Z,440.23,438.73,0,57,383.23,57,55.5,NA,Unknown,Water level accuracy is unknown,1,Department of Water Resources,NA,624,Bureau of Reclamation
19093,363296N1191067W001,902163,1965-11-22T00:00:00Z,440.23,438.73,0,59.5,380.73,59.5,58,NA,Unknown,Water level accuracy is unknown,1,Department of Water Resources,NA,624,Bureau of Reclamation
19093,363296N1191067W001,902162,1965-10-25T00:00:00Z,440.23,438.73,0,60.9,379.33,60.9,59.4,NA,Unknown,Water level accuracy is unknown,1,Department of Water Resources,NA,624,Bureau of Reclamation
19093,363296N1191067W001,902161,1965-09-23T00:00:00Z,440.23,438.73,0,60.7,379.53,60.7,59.2,NA,Unknown,Water level accuracy is unknown,1,Department of Water Resources,NA,624,Bureau of Reclamation
19093,363296N1191067W001,902160,1965-08-23T00:00:00Z,440.23,438.73,0,61.5,378.73,61.5,60,NA,Unknown,Water level accuracy is unknown,1,Department of Water Resources,NA,624,Bureau of Reclamation
19093,363296N1191067W001,902159,1965-07-28T00:00:00Z,440.23,438.73,0,61.2,379.03,61.2,59.7,NA,Unknown,Water level accuracy is unknown,1,Department of Water Resources,NA,624,Bureau of Reclamation
19093,363296N1191067W001,902158,1965-02-01T00:00:00Z,440.23,438.73,0,59.5,380.73,59.5,58,NA,Unknown,Water level accuracy is unknown,1,Department of Water Resources,NA,1096,EXETER IRRIGATION DISTRICT
19093,363296N1191067W001,902157,1964-09-29T00:00:00Z,440.23,438.73,0,65.3,374.93,65.3,63.8,NA,Unknown,Water level accuracy is unknown,1,Department of Water Resources,NA,1096,EXETER IRRIGATION DISTRICT
19093,363296N1191067W001,902156,1964-09-28T00:00:00Z,440.23,438.73,0,64.6,375.63,64.6,63.1,NA,Unknown,Water level accuracy is unknown,1,Department of Water Resources,NA,624,Bureau of Reclamation
19093,363296N1191067W001,902155,1964-06-22T00:00:00Z,440.23,438.73,0,56.9,383.33,56.9,55.4,NA,Unknown,Water level accuracy is unknown,1,Department of Water Resources,NA,624,Bureau of Reclamation
19093,363296N1191067W001,902154,1964-05-19T00:00:00Z,440.23,438.73,0,57.1,383.13,57.1,55.6,NA,Unknown,Water level accuracy is unknown,1,Department of Water Resources,NA,624,Bureau of Reclamation
19093,363296N1191067W001,902153,1964-04-20T00:00:00Z,440.23,438.73,0,54,386.23,54,52.5,NA,Unknown,Water level accuracy is unknown,1,Department of Water Resources,NA,624,Bureau of Reclamation
19093,363296N1191067W001,902152,1964-03-24T00:00:00Z,440.23,438.73,0,53.7,386.53,53.7,52.2,NA,Unknown,Water level accuracy is unknown,1,Department of Water Resources,NA,624,Bureau of Reclamation
19093,363296N1191067W001,902151,1964-02-24T00:00:00Z,440.23,438.73,0,53.6,386.63,53.6,52.1,NA,Unknown,Water level accuracy is unknown,1,Department of Water Resources,NA,624,Bureau of Reclamation
19093,363296N1191067W001,902150,1964-02-07T00:00:00Z,440.23,438.73,0,54.1,386.13,54.1,52.6,NA,Unknown,Water level accuracy is unknown,1,Department of Water Resources,NA,1096,EXETER IRRIGATION DISTRICT
19093,363296N1191067W001,902149,1964-02-05T00:00:00Z,440.23,438.73,0,53.4,386.83,53.4,51.9,NA,Unknown,Water level accuracy is unknown,1,Department of Water Resources,NA,624,Bureau of Reclamation
19093,363296N1191067W001,902148,1964-01-20T00:00:00Z,440.23,438.73,0,53.5,386.73,53.5,52,NA,Unknown,Water level accuracy is unknown,1,Department of Water Resources,NA,624,Bureau of Reclamation
19093,363296N1191067W001,902147,1963-12-24T00:00:00Z,440.23,438.73,0,54.1,386.13,54.1,52.6,NA,Unknown,Water level accuracy is unknown,1,Department of Water Resources,NA,624,Bureau of Reclamation
19093,363296N1191067W001,902146,1963-12-02T00:00:00Z,440.23,438.73,0,55,385.23,55,53.5,NA,Unknown,Water level accuracy is unknown,1,Department of Water Resources,NA,624,Bureau of Reclamation
19093,363296N1191067W001,902145,1963-10-21T00:00:00Z,440.23,438.73,0,56.6,383.63,56.6,55.1,NA,Unknown,Water level accuracy is unknown,1,Department of Water Resources,NA,624,Bureau of Reclamation
19093,363296N1191067W001,902144,1963-09-26T00:00:00Z,440.23,438.73,0,58.5,381.73,58.5,57,NA,Unknown,Water level accuracy is unknown,1,Department of Water Resources,NA,1096,EXETER IRRIGATION DISTRICT
19093,363296N1191067W001,902143,1963-09-25T00:00:00Z,440.23,438.73,0,58.1,382.13,58.1,56.6,NA,Unknown,Water level accuracy is unknown,1,Department of Water Resources,NA,624,Bureau of Reclamation
19093,363296N1191067W001,902142,1963-08-30T00:00:00Z,440.23,438.73,0,60.8,379.43,60.8,59.3,NA,Unknown,Water level accuracy is unknown,1,Department of Water Resources,NA,624,Bureau of Reclamation
19093,363296N1191067W001,902141,1963-07-26T00:00:00Z,440.23,438.73,0,60.9,379.33,60.9,59.4,NA,Unknown,Water level accuracy is unknown,1,Department of Water Resources,NA,624,Bureau of Reclamation
19093,363296N1191067W001,902140,1963-06-28T00:00:00Z,440.23,438.73,0,58.9,381.33,58.9,57.4,NA,Unknown,Water level accuracy is unknown,1,Department of Water Resources,NA,624,Bureau of Reclamation
19093,363296N1191067W001,902139,1963-05-20T00:00:00Z,440.23,438.73,0,61.4,378.83,61.4,59.9,NA,Unknown,Water level accuracy is unknown,1,Department of Water Resources,NA,624,Bureau of Reclamation
19093,363296N1191067W001,902138,1963-04-22T00:00:00Z,440.23,438.73,0,59.2,381.03,59.2,57.7,NA,Unknown,Water level accuracy is unknown,1,Department of Water Resources,NA,624,Bureau of Reclamation
19093,363296N1191067W001,902137,1963-03-25T00:00:00Z,440.23,438.73,0,60.5,379.73,60.5,59,NA,Unknown,Water level accuracy is unknown,1,Department of Water Resources,NA,624,Bureau of Reclamation
19093,363296N1191067W001,902136,1963-02-26T00:00:00Z,440.23,438.73,0,61.2,379.03,61.2,59.7,NA,Unknown,Water level accuracy is unknown,1,Department of Water Resources,NA,624,Bureau of Reclamation
19093,363296N1191067W001,902135,1963-02-06T00:00:00Z,440.23,438.73,0,64.4,375.83,64.4,62.9,NA,Unknown,Water level accuracy is unknown,1,Department of Water Resources,NA,1096,EXETER IRRIGATION DISTRICT
19093,363296N1191067W001,902134,1963-01-22T00:00:00Z,440.23,438.73,0,65.8,374.43,65.8,64.3,NA,Unknown,Water level accuracy is unknown,1,Department of Water Resources,NA,624,Bureau of Reclamation
19093,363296N1191067W001,902133,1963-01-21T00:00:00Z,440.23,438.73,0,65.8,374.43,65.8,64.3,NA,Unknown,Water level accuracy is unknown,1,Department of Water Resources,NA,624,Bureau of Reclamation
19093,363296N1191067W001,902132,1962-12-18T00:00:00Z,440.23,438.73,0,68.6,371.63,68.6,67.1,NA,Unknown,Water level accuracy is unknown,1,Department of Water Resources,NA,624,Bureau of Reclamation
19093,363296N1191067W001,902131,1962-11-20T00:00:00Z,440.23,438.73,0,67.2,373.03,67.2,65.7,NA,Unknown,Water level accuracy is unknown,1,Department of Water Resources,NA,624,Bureau of Reclamation
19093,363296N1191067W001,902130,1962-10-16T00:00:00Z,440.23,438.73,0,67.8,372.43,67.8,66.3,NA,Unknown,Water level accuracy is unknown,1,Department of Water Resources,NA,624,Bureau of Reclamation
19093,363296N1191067W001,902129,1962-09-19T00:00:00Z,440.23,438.73,0,68.3,371.93,68.3,66.8,NA,Unknown,Water level accuracy is unknown,1,Department of Water Resources,NA,624,Bureau of Reclamation
19093,363296N1191067W001,902128,1962-08-23T00:00:00Z,440.23,438.73,0,68.1,372.13,68.1,66.6,NA,Unknown,Water level accuracy is unknown,1,Department of Water Resources,NA,624,Bureau of Reclamation
19093,363296N1191067W001,902127,1962-07-24T00:00:00Z,440.23,438.73,0,68.3,371.93,68.3,66.8,NA,Unknown,Water level accuracy is unknown,1,Department of Water Resources,NA,624,Bureau of Reclamation
19093,363296N1191067W001,902126,1962-06-20T00:00:00Z,440.23,438.73,0,68.1,372.13,68.1,66.6,NA,Unknown,Water level accuracy is unknown,1,Department of Water Resources,NA,624,Bureau of Reclamation
19093,363296N1191067W001,902125,1962-05-23T00:00:00Z,440.23,438.73,0,77.1,363.13,77.1,75.6,NA,Unknown,Water level accuracy is unknown,1,Department of Water Resources,NA,624,Bureau of Reclamation
19093,363296N1191067W001,902124,1962-04-26T00:00:00Z,440.23,438.73,0,70,370.23,70,68.5,NA,Unknown,Water level accuracy is unknown,1,Department of Water Resources,NA,624,Bureau of Reclamation
19093,363296N1191067W001,902123,1962-03-28T00:00:00Z,440.23,438.73,0,69.7,370.53,69.7,68.2,NA,Unknown,Water level accuracy is unknown,1,Department of Water Resources,NA,624,Bureau of Reclamation
19093,363296N1191067W001,902122,1962-03-01T00:00:00Z,440.23,438.73,0,71.6,368.63,71.6,70.1,NA,Unknown,Water level accuracy is unknown,1,Department of Water Resources,NA,624,Bureau of Reclamation
19093,363296N1191067W001,902121,1962-02-13T00:00:00Z,440.23,438.73,0,74.3,365.93,74.3,72.8,NA,Unknown,Water level accuracy is unknown,1,Department of Water Resources,NA,1096,EXETER IRRIGATION DISTRICT
19093,363296N1191067W001,902120,1962-01-23T00:00:00Z,440.23,438.73,0,76.2,364.03,76.2,74.7,NA,Unknown,Water level accuracy is unknown,1,Department of Water Resources,NA,624,Bureau of Reclamation
19093,363296N1191067W001,902119,1961-12-19T00:00:00Z,440.23,438.73,0,77.5,362.73,77.5,76,NA,Unknown,Water level accuracy is unknown,1,Department of Water Resources,NA,624,Bureau of Reclamation
19093,363296N1191067W001,902118,1961-11-29T00:00:00Z,440.23,438.73,0,79.9,360.33,79.9,78.4,NA,Unknown,Water level accuracy is unknown,1,Department of Water Resources,NA,624,Bureau of Reclamation
19093,363296N1191067W001,902117,1961-10-25T00:00:00Z,440.23,438.73,0,80.3,359.93,80.3,78.8,NA,Unknown,Water level accuracy is unknown,1,Department of Water Resources,NA,624,Bureau of Reclamation
19093,363296N1191067W001,902116,1961-10-09T00:00:00Z,440.23,438.73,0,81.5,358.73,81.5,80,NA,Unknown,Water level accuracy is unknown,1,Department of Water Resources,NA,1096,EXETER IRRIGATION DISTRICT
19093,363296N1191067W001,902115,1961-09-20T00:00:00Z,440.23,438.73,0,76.3,363.93,76.3,74.8,NA,Unknown,Water level accuracy is unknown,1,Department of Water Resources,NA,624,Bureau of Reclamation
19093,363296N1191067W001,902114,1961-08-30T00:00:00Z,440.23,438.73,0,78.4,361.83,78.4,76.9,NA,Unknown,Water level accuracy is unknown,1,Department of Water Resources,NA,624,Bureau of Reclamation
19093,363296N1191067W001,902113,1961-07-25T00:00:00Z,440.23,438.73,0,77.5,362.73,77.5,76,NA,Unknown,Water level accuracy is unknown,1,Department of Water Resources,NA,624,Bureau of Reclamation
19093,363296N1191067W001,902112,1961-02-13T00:00:00Z,440.23,438.73,0,70.1,370.13,70.1,68.6,NA,Unknown,Water level accuracy is unknown,1,Department of Water Resources,NA,624,Bureau of Reclamation
19093,363296N1191067W001,902111,1960-10-28T00:00:00Z,440.23,438.73,0,74.9,365.33,74.9,73.4,NA,Unknown,Water level accuracy is unknown,1,Department of Water Resources,NA,624,Bureau of Reclamation
19093,363296N1191067W001,902110,1960-02-16T00:00:00Z,440.23,438.73,0,62.2,378.03,62.2,60.7,NA,Unknown,Water level accuracy is unknown,1,Department of Water Resources,NA,1096,EXETER IRRIGATION DISTRICT
19093,363296N1191067W001,902109,1959-10-07T00:00:00Z,440.23,438.73,0,60.5,379.73,60.5,59,NA,Unknown,Water level accuracy is unknown,1,Department of Water Resources,NA,1096,EXETER IRRIGATION DISTRICT
19093,363296N1191067W001,902108,1959-02-12T00:00:00Z,440.23,438.73,0,45.4,394.83,45.4,43.9,NA,Unknown,Water level accuracy is unknown,1,Department of Water Resources,NA,1096,EXETER IRRIGATION DISTRICT
19093,363296N1191067W001,902107,1958-10-07T00:00:00Z,440.23,438.73,0,47,393.23,47,45.5,NA,Unknown,Water level accuracy is unknown,1,Department of Water Resources,NA,1096,EXETER IRRIGATION DISTRICT
19093,363296N1191067W001,902106,1958-02-14T00:00:00Z,440.23,438.73,0,63.9,376.33,63.9,62.4,NA,Unknown,Water level accuracy is unknown,1,Department of Water Resources,NA,624,Bureau of Reclamation
19093,363296N1191067W001,902105,1957-10-04T00:00:00Z,440.23,438.73,0,70.2,370.03,70.2,68.7,NA,Unknown,Water level accuracy is unknown,1,Department of Water Resources,NA,1096,EXETER IRRIGATION DISTRICT
19093,363296N1191067W001,902104,1957-02-15T00:00:00Z,440.23,438.73,0,67.6,372.63,67.6,66.1,NA,Unknown,Water level accuracy is unknown,1,Department of Water Resources,NA,1096,EXETER IRRIGATION DISTRICT
19093,363296N1191067W001,902103,1956-10-12T00:00:00Z,440.23,438.73,0,70.7,369.53,70.7,69.2,NA,Unknown,Water level accuracy is unknown,1,Department of Water Resources,NA,1096,EXETER IRRIGATION DISTRICT
19093,363296N1191067W001,902102,1956-03-07T00:00:00Z,440.23,438.73,0,71.8,368.43,71.8,70.3,NA,Unknown,Water level accuracy is unknown,1,Department of Water Resources,NA,1096,EXETER IRRIGATION DISTRICT
19093,363296N1191067W001,902101,1956-02-02T00:00:00Z,440.23,438.73,0,74.2,366.03,74.2,72.7,NA,Unknown,Water level accuracy is unknown,1,Department of Water Resources,NA,1096,EXETER IRRIGATION DISTRICT
19093,363296N1191067W001,902100,1956-01-06T00:00:00Z,440.23,438.73,0,75.6,364.63,75.6,74.1,NA,Unknown,Water level accuracy is unknown,1,Department of Water Resources,NA,1096,EXETER IRRIGATION DISTRICT
19093,363296N1191067W001,902099,1955-12-01T00:00:00Z,440.23,438.73,0,76.7,363.53,76.7,75.2,NA,Unknown,Water level accuracy is unknown,1,Department of Water Resources,NA,1096,EXETER IRRIGATION DISTRICT
19093,363296N1191067W001,902098,1955-11-04T00:00:00Z,440.23,438.73,0,80.7,359.53,80.7,79.2,NA,Unknown,Water level accuracy is unknown,1,Department of Water Resources,NA,1096,EXETER IRRIGATION DISTRICT
19093,363296N1191067W001,902097,1955-09-21T00:00:00Z,440.23,438.73,0,79,361.23,79,77.5,NA,Unknown,Water level accuracy is unknown,1,Department of Water Resources,NA,1096,EXETER IRRIGATION DISTRICT
19093,363296N1191067W001,902096,1955-03-03T00:00:00Z,440.23,438.73,0,72.5,367.73,72.5,71,NA,Unknown,Water level accuracy is unknown,1,Department of Water Resources,NA,1096,EXETER IRRIGATION DISTRICT
19093,363296N1191067W001,902095,1955-02-16T00:00:00Z,440.23,438.73,0,73.8,366.43,73.8,72.3,NA,Unknown,Water level accuracy is unknown,1,Department of Water Resources,NA,1096,EXETER IRRIGATION DISTRICT
19093,363296N1191067W001,902094,1955-01-07T00:00:00Z,440.23,438.73,0,76.6,363.63,76.6,75.1,NA,Unknown,Water level accuracy is unknown,1,Department of Water Resources,NA,1096,EXETER IRRIGATION DISTRICT
19093,363296N1191067W001,902093,1954-12-01T00:00:00Z,440.23,438.73,0,77.5,362.73,77.5,76,NA,Unknown,Water level accuracy is unknown,1,Department of Water Resources,NA,1096,EXETER IRRIGATION DISTRICT
19093,363296N1191067W001,902092,1954-09-29T00:00:00Z,440.23,438.73,0,80.1,360.13,80.1,78.6,NA,Unknown,Water level accuracy is unknown,1,Department of Water Resources,NA,1096,EXETER IRRIGATION DISTRICT
19093,363296N1191067W001,902091,1954-04-02T00:00:00Z,440.23,438.73,0,72,368.23,72,70.5,NA,Unknown,Water level accuracy is unknown,1,Department of Water Resources,NA,1096,EXETER IRRIGATION DISTRICT
19093,363296N1191067W001,902090,1954-02-18T00:00:00Z,440.23,438.73,0,74.4,365.83,74.4,72.9,NA,Unknown,Water level accuracy is unknown,1,Department of Water Resources,NA,1096,EXETER IRRIGATION DISTRICT
19093,363296N1191067W001,902089,1953-10-05T00:00:00Z,440.23,438.73,0,80.5,359.73,80.5,79,NA,Unknown,Water level accuracy is unknown,1,Department of Water Resources,NA,1096,EXETER IRRIGATION DISTRICT
19093,363296N1191067W001,902088,1953-02-02T00:00:00Z,440.23,438.73,0,82.4,357.83,82.4,80.9,NA,Unknown,Water level accuracy is unknown,1,Department of Water Resources,NA,1096,EXETER IRRIGATION DISTRICT
19093,363296N1191067W001,902087,1952-11-03T00:00:00Z,440.23,438.73,0,103.3,336.93,103.3,101.8,NA,Unknown,Water level accuracy is unknown,1,Department of Water Resources,NA,1096,EXETER IRRIGATION DISTRICT
19093,363296N1191067W001,902086,1952-03-03T00:00:00Z,440.23,438.73,0,101.5,338.73,101.5,100,NA,Unknown,Water level accuracy is unknown,1,Department of Water Resources,NA,1096,EXETER IRRIGATION DISTRICT
19093,363296N1191067W001,902085,1951-10-31T00:00:00Z,440.23,438.73,0,119.7,320.53,119.7,118.2,NA,Unknown,Water level accuracy is unknown,1,Department of Water Resources,NA,1096,EXETER IRRIGATION DISTRICT
19093,363296N1191067W001,902084,1951-07-13T00:00:00Z,440.23,438.73,0,115.5,324.73,115.5,114,NA,Unknown,Water level accuracy is unknown,1,Department of Water Resources,NA,1096,EXETER IRRIGATION DISTRICT
19093,363296N1191067W001,902083,1951-02-07T00:00:00Z,440.23,438.73,0,101.8,338.43,101.8,100.3,NA,Unknown,Water level accuracy is unknown,1,Department of Water Resources,NA,1096,EXETER IRRIGATION DISTRICT
19093,363296N1191067W001,902082,1950-12-06T00:00:00Z,440.23,438.73,0,112.3,327.93,112.3,110.8,NA,Unknown,Water level accuracy is unknown,1,Department of Water Resources,NA,1096,EXETER IRRIGATION DISTRICT
19093,363296N1191067W001,902081,1950-11-03T00:00:00Z,440.23,438.73,0,115.2,325.03,115.2,113.7,NA,Unknown,Water level accuracy is unknown,1,Department of Water Resources,NA,1096,EXETER IRRIGATION DISTRICT
19093,363296N1191067W001,902080,1950-10-03T00:00:00Z,440.23,438.73,0,113.7,326.53,113.7,112.2,NA,Unknown,Water level accuracy is unknown,1,Department of Water Resources,NA,1096,EXETER IRRIGATION DISTRICT
19093,363296N1191067W001,902079,1950-02-10T00:00:00Z,440.23,438.73,0,102.3,337.93,102.3,100.8,NA,Unknown,Water level accuracy is unknown,1,Department of Water Resources,NA,1096,EXETER IRRIGATION DISTRICT
19093,363296N1191067W001,902078,1949-10-06T00:00:00Z,440.23,438.73,0,103.5,336.73,103.5,102,NA,Unknown,Water level accuracy is unknown,1,Department of Water Resources,NA,1096,EXETER IRRIGATION DISTRICT
19093,363296N1191067W001,902077,1949-02-18T00:00:00Z,440.23,438.73,0,97.8,342.43,97.8,96.3,NA,Unknown,Water level accuracy is unknown,1,Department of Water Resources,NA,1096,EXETER IRRIGATION DISTRICT
