STN_ID,SITE_CODE,WLM_ID,MSMT_DATE,WLM_RPE,WLM_GSE,RDNG_WS,RDNG_RP,WSE,RPE_WSE,GSE_WSE,WLM_QA_DESC,WLM_DESC,WLM_ACC_DESC,WLM_ORG_ID,WLM_ORG_NAME,MSMT_CMT,COOP_AGENCY_ORG_ID,COOP_ORG_NAME
19285,361772N1201024W001,938696,2008-12-31T00:00:00Z,388.89,388.89,NA,NA,NA,NA,NA,Special/Other,NA,NA,1,Department of Water Resources,NA,5100,Westlands Water District
19285,361772N1201024W001,938695,1989-12-22T00:00:00Z,388.89,388.89,NA,NA,NA,NA,NA,Can't get tape in casing,NA,NA,1,Department of Water Resources,NA,5100,Westlands Water District
19285,361772N1201024W001,938694,1989-01-09T00:00:00Z,388.89,388.89,NA,NA,NA,NA,NA,Well has been destroyed,NA,NA,1,Department of Water Resources,NA,5100,Westlands Water District
19285,361772N1201024W001,938693,1987-12-17T00:00:00Z,388.89,388.89,NA,NA,NA,NA,NA,Unable to locate well,NA,NA,1,Department of Water Resources,NA,5100,Westlands Water District
19285,361772N1201024W001,938692,1986-12-17T00:00:00Z,388.89,388.89,NA,NA,NA,NA,NA,Temporarily inaccessible,NA,NA,1,Department of Water Resources,NA,5100,Westlands Water District
