STN_ID,SITE_CODE,WLM_ID,MSMT_DATE,WLM_RPE,WLM_GSE,RDNG_WS,RDNG_RP,WSE,RPE_WSE,GSE_WSE,WLM_QA_DESC,WLM_DESC,WLM_ACC_DESC,WLM_ORG_ID,WLM_ORG_NAME,MSMT_CMT,COOP_AGENCY_ORG_ID,COOP_ORG_NAME
19291,361667N1201110W001,2492147,2019-11-13T14:56:00Z,390.9,390.9,NA,NA,NA,NA,NA,Special/Other,NA,NA,5100,Westlands Water District,no access,5100,Westlands Water District
19291,361667N1201110W001,2471931,2019-06-04T12:20:00Z,390.9,390.9,NA,NA,NA,NA,NA,Special/Other,NA,NA,5100,Westlands Water District,no access,5100,Westlands Water District
19291,361667N1201110W001,2438173,2018-12-04T00:00:00Z,390.9,390.9,0,378.3,12.6,378.3,378.3,NA,Acoustic or sonic sounder,Water level accuracy to nearest tenth of a foot,5100,Westlands Water District,NA,5100,Westlands Water District
19291,361667N1201110W001,2305246,2018-06-11T00:00:00Z,390.9,390.9,NA,NA,NA,NA,NA,Pumping,NA,NA,5100,Westlands Water District,NA,5100,Westlands Water District
19291,361667N1201110W001,2275662,2017-11-30T14:47:00Z,390.9,390.9,NA,NA,NA,NA,NA,Special/Other,NA,NA,5100,Westlands Water District,No access,5100,Westlands Water District
19291,361667N1201110W001,2224265,2016-12-29T11:00:00Z,390.9,390.9,NA,NA,NA,NA,NA,Special/Other,NA,NA,5100,Westlands Water District,No access,5100,Westlands Water District
19291,361667N1201110W001,2191775,2016-04-21T11:21:00Z,390.9,390.9,NA,NA,NA,NA,NA,Pumping,NA,NA,5100,Westlands Water District,NA,5100,Westlands Water District
19291,361667N1201110W001,2191774,2015-11-23T12:17:00Z,390.9,390.9,NA,NA,NA,NA,NA,Special/Other,NA,NA,5100,Westlands Water District,No access,5100,Westlands Water District
19291,361667N1201110W001,2112922,2014-12-09T08:00:00Z,390.9,390.9,NA,NA,NA,NA,NA,Temporarily inaccessible,NA,NA,5100,Westlands Water District,NA,5100,Westlands Water District
19291,361667N1201110W001,2015634,2014-10-03T13:48:00Z,390.9,390.9,NA,NA,NA,NA,NA,Pumping,NA,NA,5100,Westlands Water District,NA,5100,Westlands Water District
19291,361667N1201110W001,1881227,2014-01-13T11:26:00Z,390.9,390.9,NA,NA,NA,NA,NA,Special/Other,NA,NA,5100,Westlands Water District,No access,5100,Westlands Water District
19291,361667N1201110W001,89717,2012-12-07T08:35:00Z,390.9,390.9,NA,NA,NA,NA,NA,Special/Other,NA,NA,5100,Westlands Water District,No access,5100,Westlands Water District
19291,361667N1201110W001,37024,2011-12-06T00:00:00Z,390.9,390.9,NA,NA,NA,NA,NA,Special/Other,NA,NA,5100,Westlands Water District,No access,5100,Westlands Water District
19291,361667N1201110W001,2179498,2010-12-16T00:00:00Z,390.9,390.9,NA,NA,NA,NA,NA,Special/Other,NA,NA,5100,Westlands Water District,No access,5100,Westlands Water District
19291,361667N1201110W001,2179499,2009-11-20T00:00:00Z,390.9,390.9,NA,NA,NA,NA,NA,Special/Other,NA,NA,5100,Westlands Water District,No access,5100,Westlands Water District
19291,361667N1201110W001,2179500,2009-01-02T00:00:00Z,390.9,390.9,0,322,68.9,322,322,NA,Acoustic or sonic sounder,Water level accuracy to nearest foot,5100,Westlands Water District,NA,5100,Westlands Water District
19291,361667N1201110W001,2179501,2008-01-16T00:00:00Z,390.9,390.9,NA,NA,NA,NA,NA,Special/Other,NA,NA,5100,Westlands Water District,No access,5100,Westlands Water District
19291,361667N1201110W001,2179502,2007-01-08T00:00:00Z,390.9,390.9,NA,NA,NA,NA,NA,Special/Other,NA,NA,5100,Westlands Water District,NA,5100,Westlands Water District
