STN_ID,SITE_CODE,WLM_ID,MSMT_DATE,WLM_RPE,WLM_GSE,RDNG_WS,RDNG_RP,WSE,RPE_WSE,GSE_WSE,WLM_QA_DESC,WLM_DESC,WLM_ACC_DESC,WLM_ORG_ID,WLM_ORG_NAME,MSMT_CMT,COOP_AGENCY_ORG_ID,COOP_ORG_NAME
19736,396752N1220020W001,963816,2005-08-24T00:00:00Z,136.38,134.88,0,11.5,124.88,11.5,10,NA,Unknown,Water level accuracy is unknown,1,Department of Water Resources,NA,1,Department of Water Resources
19736,396752N1220020W001,963817,2005-08-24T00:00:00Z,136.38,134.88,NA,NA,NA,NA,NA,Measurement Discontinued,NA,NA,1,Department of Water Resources,DISCONTINUED-OWNER WILL SEAL CAVERNOUS WELL,1,Department of Water Resources
19736,396752N1220020W001,963815,2005-07-28T00:00:00Z,136.38,134.88,0,11.83,124.55,11.83,10.33,NA,Unknown,Water level accuracy is unknown,1,Department of Water Resources,NA,1,Department of Water Resources
19736,396752N1220020W001,963814,2005-07-28T00:00:00Z,136.38,134.88,0,11.8,124.58,11.8,10.3,NA,Unknown,Water level accuracy is unknown,1,Department of Water Resources,NA,1,Department of Water Resources
19736,396752N1220020W001,963813,2005-06-23T00:00:00Z,136.38,134.88,0,11.2,125.18,11.2,9.7,NA,Unknown,Water level accuracy is unknown,1,Department of Water Resources,NA,1,Department of Water Resources
19736,396752N1220020W001,963812,2005-05-26T00:00:00Z,136.38,134.88,0,14,122.38,14,12.5,NA,Unknown,Water level accuracy is unknown,1,Department of Water Resources,NA,1,Department of Water Resources
19736,396752N1220020W001,963811,2005-04-29T00:00:00Z,136.38,134.88,0,18.1,118.28,18.1,16.6,NA,Unknown,Water level accuracy is unknown,1,Department of Water Resources,NA,1,Department of Water Resources
19736,396752N1220020W001,963810,2005-03-29T00:00:00Z,136.38,134.88,0,16.3,120.08,16.3,14.8,NA,Unknown,Water level accuracy is unknown,1,Department of Water Resources,NA,1,Department of Water Resources
19736,396752N1220020W001,963809,2004-11-16T00:00:00Z,136.38,134.88,0,18.2,118.18,18.2,16.7,NA,Unknown,Water level accuracy is unknown,1,Department of Water Resources,NA,1,Department of Water Resources
19736,396752N1220020W001,963808,2004-10-20T00:00:00Z,136.38,134.88,0,18.4,117.98,18.4,16.9,NA,Unknown,Water level accuracy is unknown,1,Department of Water Resources,NA,1,Department of Water Resources
19736,396752N1220020W001,963807,2004-09-22T00:00:00Z,136.38,134.88,0,13,123.38,13,11.5,NA,Unknown,Water level accuracy is unknown,1,Department of Water Resources,NA,1,Department of Water Resources
19736,396752N1220020W001,963806,2004-08-25T00:00:00Z,136.38,134.88,0,11.1,125.28,11.1,9.6,NA,Unknown,Water level accuracy is unknown,1,Department of Water Resources,NA,1,Department of Water Resources
19736,396752N1220020W001,963805,2004-07-28T00:00:00Z,136.38,134.88,0,11.1,125.28,11.1,9.6,NA,Unknown,Water level accuracy is unknown,1,Department of Water Resources,NA,1,Department of Water Resources
19736,396752N1220020W001,963804,2004-06-22T00:00:00Z,136.38,134.88,0,14.1,122.28,14.1,12.6,NA,Unknown,Water level accuracy is unknown,1,Department of Water Resources,NA,1,Department of Water Resources
19736,396752N1220020W001,963803,2004-05-21T00:00:00Z,136.38,134.88,0,11.6,124.78,11.6,10.1,NA,Unknown,Water level accuracy is unknown,1,Department of Water Resources,NA,1,Department of Water Resources
19736,396752N1220020W001,963802,2004-04-27T00:00:00Z,136.38,134.88,0,17.3,119.08,17.3,15.8,NA,Unknown,Water level accuracy is unknown,1,Department of Water Resources,NA,1,Department of Water Resources
19736,396752N1220020W001,963801,2004-03-31T00:00:00Z,136.38,134.88,0,15.6,120.78,15.6,14.1,NA,Unknown,Water level accuracy is unknown,1,Department of Water Resources,NA,1,Department of Water Resources
19736,396752N1220020W001,963798,2003-11-17T00:00:00Z,136.38,134.88,0,19.6,116.78,19.6,18.1,NA,Unknown,Water level accuracy is unknown,1,Department of Water Resources,NA,1,Department of Water Resources
19736,396752N1220020W001,963800,2003-11-13T00:00:00Z,136.38,134.88,0,19.7,116.68,19.7,18.2,NA,Unknown,Water level accuracy is unknown,1,Department of Water Resources,NA,1,Department of Water Resources
19736,396752N1220020W001,963799,2003-11-06T00:00:00Z,136.38,134.88,0,19.6,116.78,19.6,18.1,NA,Unknown,Water level accuracy is unknown,1,Department of Water Resources,NA,1,Department of Water Resources
19736,396752N1220020W001,963797,2003-10-30T00:00:00Z,136.38,134.88,0,19.4,116.98,19.4,17.9,NA,Unknown,Water level accuracy is unknown,1,Department of Water Resources,NA,1,Department of Water Resources
19736,396752N1220020W001,963796,2003-10-23T00:00:00Z,136.38,134.88,0,19,117.38,19,17.5,NA,Unknown,Water level accuracy is unknown,1,Department of Water Resources,NA,1,Department of Water Resources
19736,396752N1220020W001,963794,2003-10-15T00:00:00Z,136.38,134.88,0,18.4,117.98,18.4,16.9,NA,Unknown,Water level accuracy is unknown,1,Department of Water Resources,NA,1,Department of Water Resources
19736,396752N1220020W001,963795,2003-10-09T00:00:00Z,136.38,134.88,0,17.6,118.78,17.6,16.1,NA,Unknown,Water level accuracy is unknown,1,Department of Water Resources,NA,1,Department of Water Resources
19736,396752N1220020W001,963793,2003-10-02T00:00:00Z,136.38,134.88,0,16.2,120.18,16.2,14.7,NA,Unknown,Water level accuracy is unknown,1,Department of Water Resources,NA,1,Department of Water Resources
19736,396752N1220020W001,963792,2003-09-25T00:00:00Z,136.38,134.88,0,13.4,122.98,13.4,11.9,NA,Unknown,Water level accuracy is unknown,1,Department of Water Resources,NA,1,Department of Water Resources
19736,396752N1220020W001,963791,2003-09-18T00:00:00Z,136.38,134.88,0,11.8,124.58,11.8,10.3,NA,Unknown,Water level accuracy is unknown,1,Department of Water Resources,NA,1,Department of Water Resources
19736,396752N1220020W001,963790,2003-09-04T00:00:00Z,136.38,134.88,0,11,125.38,11,9.5,NA,Unknown,Water level accuracy is unknown,1,Department of Water Resources,NA,1,Department of Water Resources
19736,396752N1220020W001,963786,2003-08-28T00:00:00Z,136.38,134.88,0,11.3,125.08,11.3,9.8,NA,Unknown,Water level accuracy is unknown,1,Department of Water Resources,NA,1,Department of Water Resources
19736,396752N1220020W001,963789,2003-08-21T00:00:00Z,136.38,134.88,0,11.5,124.88,11.5,10,NA,Unknown,Water level accuracy is unknown,1,Department of Water Resources,NA,1,Department of Water Resources
19736,396752N1220020W001,963788,2003-08-14T00:00:00Z,136.38,134.88,0,11.6,124.78,11.6,10.1,NA,Unknown,Water level accuracy is unknown,1,Department of Water Resources,NA,1,Department of Water Resources
19736,396752N1220020W001,963787,2003-08-07T00:00:00Z,136.38,134.88,0,12,124.38,12,10.5,NA,Unknown,Water level accuracy is unknown,1,Department of Water Resources,NA,1,Department of Water Resources
19736,396752N1220020W001,963784,2003-07-31T00:00:00Z,136.38,134.88,0,12,124.38,12,10.5,NA,Unknown,Water level accuracy is unknown,1,Department of Water Resources,NA,1,Department of Water Resources
19736,396752N1220020W001,963785,2003-07-30T00:00:00Z,136.38,134.88,0,12,124.38,12,10.5,NA,Unknown,Water level accuracy is unknown,1,Department of Water Resources,NA,1,Department of Water Resources
19736,396752N1220020W001,963783,2003-07-24T00:00:00Z,136.38,134.88,0,12.3,124.08,12.3,10.8,NA,Unknown,Water level accuracy is unknown,1,Department of Water Resources,NA,1,Department of Water Resources
19736,396752N1220020W001,963782,2003-07-18T00:00:00Z,136.38,134.88,0,13.4,122.98,13.4,11.9,NA,Unknown,Water level accuracy is unknown,1,Department of Water Resources,NA,1,Department of Water Resources
19736,396752N1220020W001,963781,2003-07-11T00:00:00Z,136.38,134.88,0,15.1,121.28,15.1,13.6,NA,Unknown,Water level accuracy is unknown,1,Department of Water Resources,NA,1,Department of Water Resources
19736,396752N1220020W001,963780,2003-06-20T00:00:00Z,136.38,134.88,0,13.9,122.48,13.9,12.4,NA,Unknown,Water level accuracy is unknown,1,Department of Water Resources,NA,1,Department of Water Resources
19736,396752N1220020W001,963779,2003-05-20T00:00:00Z,136.38,134.88,0,15.8,120.58,15.8,14.3,NA,Unknown,Water level accuracy is unknown,1,Department of Water Resources,NA,1,Department of Water Resources
19736,396752N1220020W001,963778,2003-04-08T00:00:00Z,136.38,134.88,0,17.6,118.78,17.6,16.1,NA,Unknown,Water level accuracy is unknown,1,Department of Water Resources,NA,1,Department of Water Resources
19736,396752N1220020W001,963777,2003-03-13T00:00:00Z,136.38,134.88,0,17,119.38,17,15.5,NA,Unknown,Water level accuracy is unknown,1,Department of Water Resources,NA,1,Department of Water Resources
19736,396752N1220020W001,963776,2002-11-20T00:00:00Z,136.38,134.88,0,19.1,117.28,19.1,17.6,NA,Unknown,Water level accuracy is unknown,1,Department of Water Resources,NA,1,Department of Water Resources
19736,396752N1220020W001,963775,2002-10-15T00:00:00Z,136.38,134.88,0,19.7,116.68,19.7,18.2,NA,Unknown,Water level accuracy is unknown,1,Department of Water Resources,NA,1,Department of Water Resources
19736,396752N1220020W001,963774,2002-09-24T00:00:00Z,136.38,134.88,0,15.9,120.48,15.9,14.4,NA,Unknown,Water level accuracy is unknown,1,Department of Water Resources,NA,1,Department of Water Resources
19736,396752N1220020W001,963773,2002-08-21T00:00:00Z,136.38,134.88,0,12.2,124.18,12.2,10.7,NA,Unknown,Water level accuracy is unknown,1,Department of Water Resources,NA,1,Department of Water Resources
19736,396752N1220020W001,963772,2002-07-22T00:00:00Z,136.38,134.88,0,13,123.38,13,11.5,NA,Unknown,Water level accuracy is unknown,1,Department of Water Resources,NA,1,Department of Water Resources
19736,396752N1220020W001,963771,2002-03-19T00:00:00Z,136.38,134.88,0,18.5,117.88,18.5,17,NA,Unknown,Water level accuracy is unknown,1,Department of Water Resources,NA,1,Department of Water Resources
19736,396752N1220020W001,963770,2001-11-08T00:00:00Z,136.38,134.88,0,21,115.38,21,19.5,NA,Unknown,Water level accuracy is unknown,1,Department of Water Resources,NA,1,Department of Water Resources
19736,396752N1220020W001,963769,2001-10-11T00:00:00Z,136.38,134.88,0,19.1,117.28,19.1,17.6,NA,Unknown,Water level accuracy is unknown,1,Department of Water Resources,NA,1,Department of Water Resources
19736,396752N1220020W001,963768,2001-09-05T00:00:00Z,136.38,134.88,0,14.7,121.68,14.7,13.2,NA,Unknown,Water level accuracy is unknown,1,Department of Water Resources,NA,1,Department of Water Resources
19736,396752N1220020W001,963767,2001-08-16T00:00:00Z,136.38,134.88,0,13.8,122.58,13.8,12.3,NA,Unknown,Water level accuracy is unknown,1,Department of Water Resources,NA,1,Department of Water Resources
19736,396752N1220020W001,963766,2001-07-31T00:00:00Z,136.38,134.88,0,14.2,122.18,14.2,12.7,NA,Unknown,Water level accuracy is unknown,1,Department of Water Resources,NA,1,Department of Water Resources
19736,396752N1220020W001,963765,2001-07-17T00:00:00Z,136.38,134.88,0,13.8,122.58,13.8,12.3,NA,Unknown,Water level accuracy is unknown,1,Department of Water Resources,NA,1,Department of Water Resources
19736,396752N1220020W001,963764,2001-03-19T00:00:00Z,136.38,134.88,0,15.9,120.48,15.9,14.4,NA,Unknown,Water level accuracy is unknown,1,Department of Water Resources,NA,1,Department of Water Resources
19736,396752N1220020W001,963763,2000-10-03T00:00:00Z,136.38,134.88,0,17.9,118.48,17.9,16.4,NA,Unknown,Water level accuracy is unknown,1,Department of Water Resources,NA,1,Department of Water Resources
19736,396752N1220020W001,963762,2000-03-23T00:00:00Z,136.38,134.88,0,14,122.38,14,12.5,NA,Unknown,Water level accuracy is unknown,1,Department of Water Resources,NA,1,Department of Water Resources
19736,396752N1220020W001,963760,1999-10-05T00:00:00Z,136.38,134.88,0,17.3,119.08,17.3,15.8,NA,Unknown,Water level accuracy is unknown,1,Department of Water Resources,NA,1,Department of Water Resources
19736,396752N1220020W001,963761,1999-03-16T00:00:00Z,136.38,134.88,0,14.3,122.08,14.3,12.8,NA,Unknown,Water level accuracy is unknown,1,Department of Water Resources,NA,1,Department of Water Resources
19736,396752N1220020W001,963758,1998-10-09T00:00:00Z,136.38,134.88,0,15.1,121.28,15.1,13.6,NA,Unknown,Water level accuracy is unknown,1,Department of Water Resources,NA,1,Department of Water Resources
19736,396752N1220020W001,963759,1998-03-12T00:00:00Z,136.38,134.88,0,12.3,124.08,12.3,10.8,NA,Unknown,Water level accuracy is unknown,1,Department of Water Resources,NA,1,Department of Water Resources
19736,396752N1220020W001,963757,1997-10-08T00:00:00Z,136.38,134.88,0,18.3,118.08,18.3,16.8,NA,Unknown,Water level accuracy is unknown,1,Department of Water Resources,NA,1,Department of Water Resources
19736,396752N1220020W001,963756,1997-03-05T00:00:00Z,136.38,134.88,0,16.4,119.98,16.4,14.9,NA,Unknown,Water level accuracy is unknown,1,Department of Water Resources,NA,1,Department of Water Resources
19736,396752N1220020W001,963755,1996-10-09T00:00:00Z,136.38,134.88,0,17.5,118.88,17.5,16,NA,Unknown,Water level accuracy is unknown,1,Department of Water Resources,NA,1,Department of Water Resources
19736,396752N1220020W001,963754,1996-03-28T00:00:00Z,136.38,134.88,0,14.6,121.78,14.6,13.1,NA,Unknown,Water level accuracy is unknown,1,Department of Water Resources,NA,1,Department of Water Resources
19736,396752N1220020W001,963753,1995-10-04T00:00:00Z,136.38,134.88,0,16.1,120.28,16.1,14.6,NA,Unknown,Water level accuracy is unknown,1,Department of Water Resources,NA,1,Department of Water Resources
19736,396752N1220020W001,963752,1995-04-19T00:00:00Z,136.38,134.88,0,13.3,123.08,13.3,11.8,NA,Unknown,Water level accuracy is unknown,1,Department of Water Resources,NA,1,Department of Water Resources
19736,396752N1220020W001,963751,1995-03-07T00:00:00Z,136.38,134.88,0,15.6,120.78,15.6,14.1,NA,Unknown,Water level accuracy is unknown,1,Department of Water Resources,NA,1,Department of Water Resources
19736,396752N1220020W001,963750,1994-10-19T00:00:00Z,136.38,134.88,0,20.8,115.58,20.8,19.3,NA,Unknown,Water level accuracy is unknown,1,Department of Water Resources,NA,1,Department of Water Resources
19736,396752N1220020W001,963749,1994-03-16T00:00:00Z,136.38,134.88,0,19.3,117.08,19.3,17.8,NA,Unknown,Water level accuracy is unknown,1,Department of Water Resources,NA,1,Department of Water Resources
19736,396752N1220020W001,963748,1993-10-06T00:00:00Z,136.38,134.88,0,17.4,118.98,17.4,15.9,NA,Unknown,Water level accuracy is unknown,1,Department of Water Resources,NA,1,Department of Water Resources
19736,396752N1220020W001,963747,1993-03-16T00:00:00Z,136.38,134.88,0,16,120.38,16,14.5,NA,Unknown,Water level accuracy is unknown,1,Department of Water Resources,NA,1,Department of Water Resources
19736,396752N1220020W001,963746,1992-10-07T00:00:00Z,136.38,134.88,0,20.6,115.78,20.6,19.1,Nearby pump operating,Unknown,Water level accuracy is unknown,1,Department of Water Resources,NA,1,Department of Water Resources
19736,396752N1220020W001,963745,1992-03-02T00:00:00Z,136.38,134.88,0,18.5,117.88,18.5,17,NA,Unknown,Water level accuracy is unknown,1,Department of Water Resources,NA,1,Department of Water Resources
19736,396752N1220020W001,963744,1991-10-01T00:00:00Z,136.38,134.88,0,17.6,118.78,17.6,16.1,NA,Unknown,Water level accuracy is unknown,1,Department of Water Resources,NA,1,Department of Water Resources
19736,396752N1220020W001,963743,1991-03-13T00:00:00Z,136.38,134.88,0,20.7,115.68,20.7,19.2,NA,Unknown,Water level accuracy is unknown,1,Department of Water Resources,NA,1,Department of Water Resources
19736,396752N1220020W001,963742,1990-10-11T00:00:00Z,136.38,134.88,0,19.9,116.48,19.9,18.4,NA,Unknown,Water level accuracy is unknown,1,Department of Water Resources,NA,1,Department of Water Resources
19736,396752N1220020W001,963741,1990-03-15T00:00:00Z,136.38,134.88,0,20.5,115.88,20.5,19,NA,Unknown,Water level accuracy is unknown,1,Department of Water Resources,NA,1,Department of Water Resources
19736,396752N1220020W001,963740,1989-10-18T00:00:00Z,136.38,134.88,0,18.9,117.48,18.9,17.4,NA,Unknown,Water level accuracy is unknown,1,Department of Water Resources,NA,1,Department of Water Resources
19736,396752N1220020W001,963739,1989-03-10T00:00:00Z,136.38,134.88,0,19.9,116.48,19.9,18.4,NA,Unknown,Water level accuracy is unknown,1,Department of Water Resources,NA,1,Department of Water Resources
19736,396752N1220020W001,963738,1988-11-09T00:00:00Z,136.38,134.88,0,19,117.38,19,17.5,NA,Unknown,Water level accuracy is unknown,1,Department of Water Resources,NA,1,Department of Water Resources
19736,396752N1220020W001,963737,1988-03-09T00:00:00Z,136.38,134.88,0,18.5,117.88,18.5,17,NA,Unknown,Water level accuracy is unknown,1,Department of Water Resources,NA,1,Department of Water Resources
19736,396752N1220020W001,963736,1987-10-13T00:00:00Z,136.38,134.88,0,19.2,117.18,19.2,17.7,NA,Unknown,Water level accuracy is unknown,1,Department of Water Resources,NA,308,County of Glenn
19736,396752N1220020W001,963735,1987-04-18T00:00:00Z,136.38,134.88,0,18.8,117.58,18.8,17.3,NA,Unknown,Water level accuracy is unknown,1,Department of Water Resources,NA,308,County of Glenn
19736,396752N1220020W001,963734,1986-10-06T00:00:00Z,136.38,134.88,0,17.8,118.58,17.8,16.3,NA,Unknown,Water level accuracy is unknown,1,Department of Water Resources,NA,308,County of Glenn
19736,396752N1220020W001,963733,1986-03-14T00:00:00Z,136.38,134.88,0,9.9,126.48,9.9,8.4,NA,Unknown,Water level accuracy is unknown,1,Department of Water Resources,NA,308,County of Glenn
19736,396752N1220020W001,963732,1985-09-30T00:00:00Z,136.38,134.88,0,18.3,118.08,18.3,16.8,NA,Unknown,Water level accuracy is unknown,1,Department of Water Resources,NA,308,County of Glenn
19736,396752N1220020W001,963731,1985-03-08T00:00:00Z,136.38,134.88,0,19.3,117.08,19.3,17.8,NA,Unknown,Water level accuracy is unknown,1,Department of Water Resources,NA,308,County of Glenn
19736,396752N1220020W001,963730,1984-10-09T00:00:00Z,136.38,134.88,0,18.2,118.18,18.2,16.7,NA,Unknown,Water level accuracy is unknown,1,Department of Water Resources,NA,308,County of Glenn
19736,396752N1220020W001,963729,1984-03-09T00:00:00Z,136.38,134.88,0,17.3,119.08,17.3,15.8,NA,Unknown,Water level accuracy is unknown,1,Department of Water Resources,NA,308,County of Glenn
19736,396752N1220020W001,963728,1983-10-16T00:00:00Z,136.38,134.88,0,17.1,119.28,17.1,15.6,NA,Unknown,Water level accuracy is unknown,1,Department of Water Resources,NA,308,County of Glenn
19736,396752N1220020W001,963727,1983-04-04T00:00:00Z,136.38,134.88,0,10.1,126.28,10.1,8.6,NA,Unknown,Water level accuracy is unknown,1,Department of Water Resources,NA,308,County of Glenn
19736,396752N1220020W001,963726,1982-10-05T00:00:00Z,136.38,134.88,0,16.7,119.68,16.7,15.2,NA,Unknown,Water level accuracy is unknown,1,Department of Water Resources,NA,308,County of Glenn
19736,396752N1220020W001,963725,1982-03-12T00:00:00Z,136.38,134.88,0,14,122.38,14,12.5,NA,Unknown,Water level accuracy is unknown,1,Department of Water Resources,NA,308,County of Glenn
19736,396752N1220020W001,963724,1981-10-13T00:00:00Z,136.38,134.88,0,19.2,117.18,19.2,17.7,NA,Unknown,Water level accuracy is unknown,1,Department of Water Resources,NA,308,County of Glenn
19736,396752N1220020W001,963723,1981-03-05T00:00:00Z,136.38,134.88,0,18.7,117.68,18.7,17.2,NA,Unknown,Water level accuracy is unknown,1,Department of Water Resources,NA,308,County of Glenn
19736,396752N1220020W001,963722,1980-10-20T00:00:00Z,136.38,134.88,0,15.9,120.48,15.9,14.4,NA,Unknown,Water level accuracy is unknown,1,Department of Water Resources,NA,308,County of Glenn
19736,396752N1220020W001,963721,1980-03-19T00:00:00Z,136.38,134.88,0,14.3,122.08,14.3,12.8,NA,Unknown,Water level accuracy is unknown,1,Department of Water Resources,NA,308,County of Glenn
19736,396752N1220020W001,963720,1979-10-29T00:00:00Z,136.38,134.88,0,23.1,113.28,23.1,21.6,NA,Unknown,Water level accuracy is unknown,1,Department of Water Resources,NA,308,County of Glenn
19736,396752N1220020W001,963719,1979-03-14T00:00:00Z,136.38,134.88,0,18.7,117.68,18.7,17.2,NA,Unknown,Water level accuracy is unknown,1,Department of Water Resources,NA,308,County of Glenn
19736,396752N1220020W001,963718,1978-11-01T00:00:00Z,136.38,134.88,0,20.8,115.58,20.8,19.3,NA,Unknown,Water level accuracy is unknown,1,Department of Water Resources,NA,308,County of Glenn
19736,396752N1220020W001,963717,1978-03-17T00:00:00Z,136.38,134.88,0,14,122.38,14,12.5,NA,Unknown,Water level accuracy is unknown,1,Department of Water Resources,NA,308,County of Glenn
19736,396752N1220020W001,963716,1977-11-02T00:00:00Z,136.38,134.88,0,24.6,111.78,24.6,23.1,NA,Unknown,Water level accuracy is unknown,1,Department of Water Resources,NA,308,County of Glenn
19736,396752N1220020W001,963715,1977-03-02T00:00:00Z,136.38,134.88,0,24.1,112.28,24.1,22.6,NA,Unknown,Water level accuracy is unknown,1,Department of Water Resources,NA,308,County of Glenn
19736,396752N1220020W001,963714,1976-11-03T00:00:00Z,136.38,134.88,0,22,114.38,22,20.5,NA,Unknown,Water level accuracy is unknown,1,Department of Water Resources,NA,308,County of Glenn
19736,396752N1220020W001,963713,1976-03-10T00:00:00Z,136.38,134.88,0,21.3,115.08,21.3,19.8,NA,Unknown,Water level accuracy is unknown,1,Department of Water Resources,NA,308,County of Glenn
19736,396752N1220020W001,963712,1975-10-29T00:00:00Z,136.38,134.88,0,19.8,116.58,19.8,18.3,NA,Unknown,Water level accuracy is unknown,1,Department of Water Resources,NA,308,County of Glenn
19736,396752N1220020W001,963711,1975-03-26T00:00:00Z,136.38,134.88,0,13.2,123.18,13.2,11.7,NA,Unknown,Water level accuracy is unknown,1,Department of Water Resources,NA,308,County of Glenn
19736,396752N1220020W001,963710,1974-11-12T00:00:00Z,136.38,134.88,0,20.1,116.28,20.1,18.6,NA,Unknown,Water level accuracy is unknown,1,Department of Water Resources,NA,308,County of Glenn
19736,396752N1220020W001,963709,1974-03-19T00:00:00Z,136.38,134.88,0,15.6,120.78,15.6,14.1,NA,Unknown,Water level accuracy is unknown,1,Department of Water Resources,NA,308,County of Glenn
19736,396752N1220020W001,963708,1973-10-10T00:00:00Z,136.38,134.88,0,19.6,116.78,19.6,18.1,NA,Unknown,Water level accuracy is unknown,1,Department of Water Resources,NA,308,County of Glenn
19736,396752N1220020W001,963707,1973-03-28T00:00:00Z,136.38,134.88,0,15.7,120.68,15.7,14.2,NA,Unknown,Water level accuracy is unknown,1,Department of Water Resources,NA,308,County of Glenn
19736,396752N1220020W001,963706,1972-10-24T00:00:00Z,136.38,134.88,0,21.3,115.08,21.3,19.8,NA,Unknown,Water level accuracy is unknown,1,Department of Water Resources,NA,308,County of Glenn
19736,396752N1220020W001,963705,1972-03-01T00:00:00Z,136.38,134.88,0,20.7,115.68,20.7,19.2,NA,Unknown,Water level accuracy is unknown,1,Department of Water Resources,NA,308,County of Glenn
19736,396752N1220020W001,963704,1971-11-09T00:00:00Z,136.38,134.88,0,20.1,116.28,20.1,18.6,NA,Unknown,Water level accuracy is unknown,1,Department of Water Resources,NA,308,County of Glenn
19736,396752N1220020W001,963703,1971-03-03T00:00:00Z,136.38,134.88,0,18.7,117.68,18.7,17.2,NA,Unknown,Water level accuracy is unknown,1,Department of Water Resources,NA,308,County of Glenn
19736,396752N1220020W001,963702,1970-10-27T00:00:00Z,136.38,134.88,0,20.5,115.88,20.5,19,NA,Unknown,Water level accuracy is unknown,1,Department of Water Resources,NA,308,County of Glenn
19736,396752N1220020W001,963701,1970-03-19T00:00:00Z,136.38,134.88,0,15.3,121.08,15.3,13.8,NA,Unknown,Water level accuracy is unknown,1,Department of Water Resources,NA,308,County of Glenn
19736,396752N1220020W001,963700,1969-11-04T00:00:00Z,136.38,134.88,0,20.5,115.88,20.5,19,NA,Unknown,Water level accuracy is unknown,1,Department of Water Resources,NA,308,County of Glenn
19736,396752N1220020W001,963699,1969-03-26T00:00:00Z,136.38,134.88,0,15.3,121.08,15.3,13.8,NA,Unknown,Water level accuracy is unknown,1,Department of Water Resources,NA,308,County of Glenn
19736,396752N1220020W001,963698,1968-10-15T00:00:00Z,136.38,134.88,0,20.7,115.68,20.7,19.2,NA,Unknown,Water level accuracy is unknown,1,Department of Water Resources,NA,308,County of Glenn
19736,396752N1220020W001,963697,1968-03-11T00:00:00Z,136.38,134.88,0,17.7,118.68,17.7,16.2,NA,Unknown,Water level accuracy is unknown,1,Department of Water Resources,NA,308,County of Glenn
19736,396752N1220020W001,963696,1967-10-11T00:00:00Z,136.38,134.88,0,20.2,116.18,20.2,18.7,NA,Unknown,Water level accuracy is unknown,1,Department of Water Resources,NA,308,County of Glenn
19736,396752N1220020W001,963695,1967-03-14T00:00:00Z,136.38,134.88,0,19,117.38,19,17.5,NA,Unknown,Water level accuracy is unknown,1,Department of Water Resources,NA,308,County of Glenn
19736,396752N1220020W001,963694,1966-10-12T00:00:00Z,136.38,134.88,0,18.7,117.68,18.7,17.2,NA,Unknown,Water level accuracy is unknown,1,Department of Water Resources,NA,308,County of Glenn
19736,396752N1220020W001,963693,1966-03-11T00:00:00Z,136.38,134.88,0,20,116.38,20,18.5,NA,Unknown,Water level accuracy is unknown,1,Department of Water Resources,NA,308,County of Glenn
19736,396752N1220020W001,963692,1965-10-08T00:00:00Z,136.38,134.88,0,20.6,115.78,20.6,19.1,NA,Unknown,Water level accuracy is unknown,1,Department of Water Resources,NA,308,County of Glenn
19736,396752N1220020W001,963691,1965-03-11T00:00:00Z,136.38,134.88,0,21,115.38,21,19.5,NA,Unknown,Water level accuracy is unknown,1,Department of Water Resources,NA,308,County of Glenn
19736,396752N1220020W001,963690,1964-10-08T00:00:00Z,136.38,134.88,0,23,113.38,23,21.5,NA,Unknown,Water level accuracy is unknown,1,Department of Water Resources,NA,308,County of Glenn
19736,396752N1220020W001,963689,1964-03-06T00:00:00Z,136.38,134.88,0,21,115.38,21,19.5,NA,Unknown,Water level accuracy is unknown,1,Department of Water Resources,NA,308,County of Glenn
19736,396752N1220020W001,963688,1963-10-07T00:00:00Z,136.38,134.88,0,20.9,115.48,20.9,19.4,NA,Unknown,Water level accuracy is unknown,1,Department of Water Resources,NA,308,County of Glenn
19736,396752N1220020W001,963687,1963-03-20T00:00:00Z,136.38,134.88,0,20.2,116.18,20.2,18.7,NA,Unknown,Water level accuracy is unknown,1,Department of Water Resources,NA,308,County of Glenn
19736,396752N1220020W001,963686,1962-10-18T00:00:00Z,136.38,134.88,0,20,116.38,20,18.5,NA,Unknown,Water level accuracy is unknown,1,Department of Water Resources,NA,308,County of Glenn
19736,396752N1220020W001,963685,1962-03-28T00:00:00Z,136.38,134.88,0,16.2,120.18,16.2,14.7,NA,Unknown,Water level accuracy is unknown,1,Department of Water Resources,NA,308,County of Glenn
19736,396752N1220020W001,963684,1961-10-13T00:00:00Z,136.38,134.88,0,21.7,114.68,21.7,20.2,NA,Unknown,Water level accuracy is unknown,1,Department of Water Resources,NA,308,County of Glenn
19736,396752N1220020W001,963683,1961-03-03T00:00:00Z,136.38,134.88,0,19.2,117.18,19.2,17.7,NA,Unknown,Water level accuracy is unknown,1,Department of Water Resources,NA,308,County of Glenn
19736,396752N1220020W001,963682,1960-10-05T00:00:00Z,136.38,134.88,0,20.3,116.08,20.3,18.8,NA,Unknown,Water level accuracy is unknown,1,Department of Water Resources,NA,308,County of Glenn
19736,396752N1220020W001,963681,1960-03-09T00:00:00Z,136.38,134.88,0,19.2,117.18,19.2,17.7,NA,Unknown,Water level accuracy is unknown,1,Department of Water Resources,NA,308,County of Glenn
19736,396752N1220020W001,963680,1959-10-13T00:00:00Z,136.38,134.88,0,20.6,115.78,20.6,19.1,NA,Unknown,Water level accuracy is unknown,1,Department of Water Resources,NA,308,County of Glenn
19736,396752N1220020W001,963679,1959-03-17T00:00:00Z,136.38,134.88,0,18,118.38,18,16.5,NA,Unknown,Water level accuracy is unknown,1,Department of Water Resources,NA,308,County of Glenn
19736,396752N1220020W001,963678,1958-10-07T00:00:00Z,136.38,134.88,0,22.9,113.48,22.9,21.4,NA,Unknown,Water level accuracy is unknown,1,Department of Water Resources,NA,1,Department of Water Resources
19736,396752N1220020W001,963677,1958-09-30T00:00:00Z,136.38,134.88,0,22.9,113.48,22.9,21.4,NA,Unknown,Water level accuracy is unknown,1,Department of Water Resources,NA,1,Department of Water Resources
19736,396752N1220020W001,963676,1958-03-06T00:00:00Z,136.38,134.88,0,11.8,124.58,11.8,10.3,NA,Unknown,Water level accuracy is unknown,1,Department of Water Resources,NA,308,County of Glenn
19736,396752N1220020W001,963675,1957-10-03T00:00:00Z,136.38,134.88,0,21.1,115.28,21.1,19.6,NA,Unknown,Water level accuracy is unknown,1,Department of Water Resources,NA,308,County of Glenn
19736,396752N1220020W001,963674,1957-03-13T00:00:00Z,136.38,134.88,0,19.2,117.18,19.2,17.7,NA,Unknown,Water level accuracy is unknown,1,Department of Water Resources,NA,308,County of Glenn
19736,396752N1220020W001,963673,1956-11-02T00:00:00Z,136.38,134.88,0,20.8,115.58,20.8,19.3,NA,Unknown,Water level accuracy is unknown,1,Department of Water Resources,NA,308,County of Glenn
19736,396752N1220020W001,963672,1956-03-30T00:00:00Z,136.38,134.88,0,17.1,119.28,17.1,15.6,NA,Unknown,Water level accuracy is unknown,1,Department of Water Resources,NA,308,County of Glenn
19736,396752N1220020W001,963671,1955-10-19T00:00:00Z,136.38,134.88,0,20.1,116.28,20.1,18.6,NA,Unknown,Water level accuracy is unknown,1,Department of Water Resources,NA,308,County of Glenn
19736,396752N1220020W001,963670,1955-03-22T00:00:00Z,136.38,134.88,0,20.7,115.68,20.7,19.2,NA,Unknown,Water level accuracy is unknown,1,Department of Water Resources,NA,308,County of Glenn
19736,396752N1220020W001,963669,1954-10-27T00:00:00Z,136.38,134.88,0,20.4,115.98,20.4,18.9,NA,Unknown,Water level accuracy is unknown,1,Department of Water Resources,NA,308,County of Glenn
19736,396752N1220020W001,963668,1954-04-08T00:00:00Z,136.38,134.88,0,17.5,118.88,17.5,16,NA,Unknown,Water level accuracy is unknown,1,Department of Water Resources,NA,308,County of Glenn
19736,396752N1220020W001,963667,1953-11-04T00:00:00Z,136.38,134.88,0,20,116.38,20,18.5,NA,Unknown,Water level accuracy is unknown,1,Department of Water Resources,NA,308,County of Glenn
19736,396752N1220020W001,963666,1953-08-25T00:00:00Z,136.38,134.88,0,19.6,116.78,19.6,18.1,NA,Unknown,Water level accuracy is unknown,1,Department of Water Resources,NA,308,County of Glenn
19736,396752N1220020W001,963665,1953-07-08T00:00:00Z,136.38,134.88,0,20.6,115.78,20.6,19.1,NA,Unknown,Water level accuracy is unknown,1,Department of Water Resources,NA,308,County of Glenn
19736,396752N1220020W001,963664,1953-05-20T00:00:00Z,136.38,134.88,0,19,117.38,19,17.5,NA,Unknown,Water level accuracy is unknown,1,Department of Water Resources,NA,308,County of Glenn
19736,396752N1220020W001,963663,1953-04-02T00:00:00Z,136.38,134.88,0,18.9,117.48,18.9,17.4,NA,Unknown,Water level accuracy is unknown,1,Department of Water Resources,NA,308,County of Glenn
19736,396752N1220020W001,963662,1953-02-18T00:00:00Z,136.38,134.88,0,17.2,119.18,17.2,15.7,NA,Unknown,Water level accuracy is unknown,1,Department of Water Resources,NA,308,County of Glenn
19736,396752N1220020W001,963661,1952-12-11T00:00:00Z,136.38,134.88,0,18.9,117.48,18.9,17.4,NA,Unknown,Water level accuracy is unknown,1,Department of Water Resources,NA,308,County of Glenn
19736,396752N1220020W001,963660,1952-10-23T00:00:00Z,136.38,134.88,0,20.9,115.48,20.9,19.4,NA,Unknown,Water level accuracy is unknown,1,Department of Water Resources,NA,308,County of Glenn
19736,396752N1220020W001,963659,1952-08-15T00:00:00Z,136.38,134.88,0,20.5,115.88,20.5,19,NA,Unknown,Water level accuracy is unknown,1,Department of Water Resources,NA,308,County of Glenn
19736,396752N1220020W001,963658,1951-12-06T00:00:00Z,136.38,134.88,0,19.1,117.28,19.1,17.6,NA,Unknown,Water level accuracy is unknown,1,Department of Water Resources,NA,308,County of Glenn
19736,396752N1220020W001,963657,1950-11-28T00:00:00Z,136.38,134.88,0,21.2,115.18,21.2,19.7,NA,Unknown,Water level accuracy is unknown,1,Department of Water Resources,NA,308,County of Glenn
19736,396752N1220020W001,963656,1950-01-03T00:00:00Z,136.38,134.88,0,22.1,114.28,22.1,20.6,NA,Unknown,Water level accuracy is unknown,1,Department of Water Resources,NA,308,County of Glenn
19736,396752N1220020W001,963655,1948-12-16T00:00:00Z,136.38,134.88,0,21.1,115.28,21.1,19.6,NA,Unknown,Water level accuracy is unknown,1,Department of Water Resources,NA,308,County of Glenn
19736,396752N1220020W001,963654,1947-10-24T00:00:00Z,136.38,134.88,0,21.2,115.18,21.2,19.7,NA,Unknown,Water level accuracy is unknown,1,Department of Water Resources,NA,308,County of Glenn
19736,396752N1220020W001,963653,1940-12-01T00:00:00Z,136.38,134.88,0,20.8,115.58,20.8,19.3,NA,Unknown,Water level accuracy is unknown,1,Department of Water Resources,NA,308,County of Glenn
19736,396752N1220020W001,963652,1939-01-20T00:00:00Z,136.38,134.88,0,19.6,116.78,19.6,18.1,NA,Unknown,Water level accuracy is unknown,1,Department of Water Resources,NA,308,County of Glenn
19736,396752N1220020W001,963651,1937-11-16T00:00:00Z,136.38,134.88,0,20.5,115.88,20.5,19,NA,Unknown,Water level accuracy is unknown,1,Department of Water Resources,NA,308,County of Glenn
19736,396752N1220020W001,963650,1936-12-04T00:00:00Z,136.38,134.88,0,23.5,112.88,23.5,22,Pumping,Unknown,Water level accuracy is unknown,1,Department of Water Resources,NA,308,County of Glenn
19736,396752N1220020W001,963649,1934-11-04T00:00:00Z,136.38,134.88,0,21.8,114.58,21.8,20.3,NA,Unknown,Water level accuracy is unknown,1,Department of Water Resources,NA,308,County of Glenn
19736,396752N1220020W001,963648,1933-12-11T00:00:00Z,136.38,134.88,0,23.3,113.08,23.3,21.8,NA,Unknown,Water level accuracy is unknown,1,Department of Water Resources,NA,308,County of Glenn
19736,396752N1220020W001,963647,1932-12-15T00:00:00Z,136.38,134.88,0,21.6,114.78,21.6,20.1,NA,Unknown,Water level accuracy is unknown,1,Department of Water Resources,NA,308,County of Glenn
19736,396752N1220020W001,963646,1931-12-02T00:00:00Z,136.38,134.88,0,22,114.38,22,20.5,NA,Unknown,Water level accuracy is unknown,1,Department of Water Resources,NA,308,County of Glenn
19736,396752N1220020W001,963645,1930-10-01T00:00:00Z,136.38,134.88,0,22.1,114.28,22.1,20.6,NA,Unknown,Water level accuracy is unknown,1,Department of Water Resources,NA,308,County of Glenn
19736,396752N1220020W001,963644,1929-12-04T00:00:00Z,136.38,134.88,0,22,114.38,22,20.5,NA,Unknown,Water level accuracy is unknown,1,Department of Water Resources,NA,308,County of Glenn
