STN_ID,SITE_CODE,WLM_ID,MSMT_DATE,WLM_RPE,WLM_GSE,RDNG_WS,RDNG_RP,WSE,RPE_WSE,GSE_WSE,WLM_QA_DESC,WLM_DESC,WLM_ACC_DESC,WLM_ORG_ID,WLM_ORG_NAME,MSMT_CMT,COOP_AGENCY_ORG_ID,COOP_ORG_NAME
19939,395196N1222676W001,2662508,2020-08-05T12:00:00Z,177.48,176.48,NA,NA,NA,NA,NA,Special/Other,NA,NA,1,Department of Water Resources,Domestic wells not monitored during COVID-19 (Shelter in Place),1,Department of Water Resources
19939,395196N1222676W001,2539237,2020-03-09T12:00:00Z,177.48,176.48,0,31.44,146.04,31.44,30.44,NA,Electric sounder measurement,Water level accuracy to nearest hundredth of a foot,1,Department of Water Resources,NA,1,Department of Water Resources
19939,395196N1222676W001,2482446,2019-10-14T12:00:00Z,177.48,176.48,0,30.35,147.13,30.35,29.35,NA,Electric sounder measurement,Water level accuracy to nearest hundredth of a foot,1,Department of Water Resources,NA,1,Department of Water Resources
19939,395196N1222676W001,2473419,2019-07-29T12:00:00Z,177.48,176.48,0,29.1,148.38,29.1,28.1,NA,Electric sounder measurement,Water level accuracy to nearest tenth of a foot,1,Department of Water Resources,NA,1,Department of Water Resources
19939,395196N1222676W001,2450763,2019-03-18T12:00:00Z,177.48,176.48,0,30.7,146.78,30.7,29.7,Pumped recently,Electric sounder measurement,Water level accuracy to nearest hundredth of a foot,1,Department of Water Resources,NA,1,Department of Water Resources
19939,395196N1222676W001,2414761,2018-10-15T12:00:00Z,177.48,176.48,0,34.64,142.84,34.64,33.64,NA,Electric sounder measurement,Water level accuracy to nearest hundredth of a foot,1,Department of Water Resources,NA,1,Department of Water Resources
19939,395196N1222676W001,2307988,2018-08-06T12:00:00Z,177.48,176.48,0,34.25,143.23,34.25,33.25,NA,Electric sounder measurement,Water level accuracy to nearest hundredth of a foot,1,Department of Water Resources,NA,1,Department of Water Resources
19939,395196N1222676W001,2285248,2018-03-21T00:00:00Z,177.48,176.48,0,31.98,145.5,31.98,30.98,NA,Electric sounder measurement,Water level accuracy to nearest hundredth of a foot,1,Department of Water Resources,NA,1,Department of Water Resources
19939,395196N1222676W001,2266595,2017-10-09T00:00:00Z,177.48,176.48,0,30.88,146.6,30.88,29.88,NA,Electric sounder measurement,Water level accuracy to nearest hundredth of a foot,1,Department of Water Resources,NA,1,Department of Water Resources
19939,395196N1222676W001,2260104,2017-07-31T00:00:00Z,177.48,176.48,0,30.89,146.59,30.89,29.89,NA,Electric sounder measurement,Water level accuracy to nearest hundredth of a foot,1,Department of Water Resources,NA,1,Department of Water Resources
19939,395196N1222676W001,2235279,2017-03-14T00:00:00Z,177.48,176.48,0,31.35,146.13,31.35,30.35,NA,Electric sounder measurement,Water level accuracy to nearest hundredth of a foot,1,Department of Water Resources,NA,1,Department of Water Resources
19939,395196N1222676W001,2213106,2016-10-10T00:00:00Z,177.48,176.48,0,36.42,141.06,36.42,35.42,NA,Electric sounder measurement,Water level accuracy to nearest hundredth of a foot,1,Department of Water Resources,NA,1,Department of Water Resources
19939,395196N1222676W001,2204421,2016-08-02T00:00:00Z,177.48,176.48,0,36.26,141.22,36.26,35.26,NA,Electric sounder measurement,Water level accuracy to nearest hundredth of a foot,1,Department of Water Resources,NA,1,Department of Water Resources
19939,395196N1222676W001,2197100,2016-06-06T00:00:00Z,177.48,176.48,0,35.53,141.95,35.53,34.53,NA,Electric sounder measurement,Water level accuracy to nearest hundredth of a foot,1,Department of Water Resources,NA,1,Department of Water Resources
19939,395196N1222676W001,2183602,2016-03-15T05:00:00Z,177.48,176.48,0,34.33,143.15,34.33,33.33,NA,Electric sounder measurement,Water level accuracy to nearest hundredth of a foot,1,Department of Water Resources,NA,1,Department of Water Resources
19939,395196N1222676W001,2156825,2015-10-13T05:00:00Z,177.48,176.48,0,39.84,137.64,39.84,38.84,NA,Electric sounder measurement,Water level accuracy to nearest hundredth of a foot,1,Department of Water Resources,NA,1,Department of Water Resources
19939,395196N1222676W001,2149622,2015-08-03T00:00:00Z,177.48,176.48,0,49.22,128.26,49.22,48.22,NA,Electric sounder measurement,Water level accuracy to nearest hundredth of a foot,1,Department of Water Resources,NA,1,Department of Water Resources
19939,395196N1222676W001,2140624,2015-06-01T00:00:00Z,177.48,176.48,0,42.22,135.26,42.22,41.22,NA,Electric sounder measurement,Water level accuracy to nearest hundredth of a foot,1,Department of Water Resources,NA,1,Department of Water Resources
19939,395196N1222676W001,2117099,2015-03-16T00:00:00Z,177.48,176.48,0,27.15,150.33,27.15,26.15,NA,Electric sounder measurement,Water level accuracy to nearest hundredth of a foot,1,Department of Water Resources,NA,1,Department of Water Resources
19939,395196N1222676W001,2016556,2014-10-13T06:00:00Z,177.48,176.48,0,31.41,146.07,31.41,30.41,NA,Electric sounder measurement,Water level accuracy to nearest hundredth of a foot,1,Department of Water Resources,NA,1,Department of Water Resources
19939,395196N1222676W001,1993665,2014-08-06T00:00:00Z,177.48,176.48,0,34.85,142.63,34.85,33.85,NA,Electric sounder measurement,Water level accuracy to nearest hundredth of a foot,1,Department of Water Resources,NA,1,Department of Water Resources
19939,395196N1222676W001,1879368,2014-03-17T00:00:00Z,177.48,176.48,0,20.76,156.72,20.76,19.76,NA,Electric sounder measurement,Water level accuracy to nearest hundredth of a foot,1,Department of Water Resources,NA,1,Department of Water Resources
19939,395196N1222676W001,1879319,2014-03-17T00:00:00Z,177.48,176.48,0,20.76,156.72,20.76,19.76,NA,Electric sounder measurement,Water level accuracy to nearest hundredth of a foot,1,Department of Water Resources,NA,1,Department of Water Resources
19939,395196N1222676W001,1796342,2013-10-15T00:00:00Z,177.48,176.48,0,21.33,156.15,21.33,20.33,NA,Electric sounder measurement,Water level accuracy to nearest hundredth of a foot,1,Department of Water Resources,NA,1,Department of Water Resources
19939,395196N1222676W001,1738766,2013-07-29T00:00:00Z,177.48,176.48,0,20.37,157.11,20.37,19.37,NA,Electric sounder measurement,Water level accuracy to nearest hundredth of a foot,1,Department of Water Resources,NA,1,Department of Water Resources
19939,395196N1222676W001,1684132,2013-03-18T00:00:00Z,177.48,176.48,0,16.41,161.07,16.41,15.41,NA,Electric sounder measurement,Water level accuracy to nearest hundredth of a foot,1,Department of Water Resources,NA,1,Department of Water Resources
19939,395196N1222676W001,68970,2012-10-16T00:00:00Z,177.48,176.48,0,19.48,158,19.48,18.48,NA,Electric sounder measurement,Water level accuracy to nearest hundredth of a foot,1,Department of Water Resources,NA,1,Department of Water Resources
19939,395196N1222676W001,62714,2012-07-31T00:00:00Z,177.48,176.48,0,19.21,158.27,19.21,18.21,NA,Electric sounder measurement,Water level accuracy to nearest hundredth of a foot,1,Department of Water Resources,NA,1,Department of Water Resources
19939,395196N1222676W001,57755,2012-03-27T00:00:00Z,177.48,176.48,0,19.93,157.55,19.93,18.93,NA,Electric sounder measurement,Water level accuracy to nearest hundredth of a foot,1,Department of Water Resources,NA,1,Department of Water Resources
19939,395196N1222676W001,39631,2011-10-11T00:00:00Z,177.48,176.48,0,16.65,160.83,16.65,15.65,NA,Electric sounder measurement,Water level accuracy to nearest hundredth of a foot,1,Department of Water Resources,NA,1,Department of Water Resources
19939,395196N1222676W001,1750063,2011-10-11T00:00:00Z,177.48,176.48,0,16.65,160.83,16.65,15.65,NA,Unknown,Water level accuracy is unknown,1,Department of Water Resources,NA,1,Department of Water Resources
19939,395196N1222676W001,1750062,2011-08-02T00:00:00Z,177.48,176.48,0,21.54,155.94,21.54,20.54,NA,Unknown,Water level accuracy is unknown,1,Department of Water Resources,NA,1,Department of Water Resources
19939,395196N1222676W001,1750061,2011-04-04T00:00:00Z,177.48,176.48,0,17.23,160.25,17.23,16.23,NA,Unknown,Water level accuracy is unknown,1,Department of Water Resources,NA,1,Department of Water Resources
19939,395196N1222676W001,1750060,2010-10-19T00:00:00Z,177.48,176.48,0,18.49,158.99,18.49,17.49,NA,Unknown,Water level accuracy is unknown,1,Department of Water Resources,NA,1,Department of Water Resources
19939,395196N1222676W001,1750059,2010-08-03T00:00:00Z,177.48,176.48,0,18.51,158.97,18.51,17.51,NA,Unknown,Water level accuracy is unknown,1,Department of Water Resources,NA,1,Department of Water Resources
19939,395196N1222676W001,1750058,2010-03-23T00:00:00Z,177.48,176.48,0,19.08,158.4,19.08,18.08,NA,Unknown,Water level accuracy is unknown,1,Department of Water Resources,NA,1,Department of Water Resources
19939,395196N1222676W001,1750057,2009-10-21T00:00:00Z,177.48,176.48,0,23.74,153.74,23.74,22.74,NA,Unknown,Water level accuracy is unknown,1,Department of Water Resources,NA,1,Department of Water Resources
19939,395196N1222676W001,1750056,2009-09-14T00:00:00Z,177.48,176.48,0,24.21,153.27,24.21,23.21,NA,Unknown,Water level accuracy is unknown,1,Department of Water Resources,NA,1,Department of Water Resources
19939,395196N1222676W001,1750055,2009-08-03T00:00:00Z,177.48,176.48,0,25.3,152.18,25.3,24.3,NA,Unknown,Water level accuracy is unknown,1,Department of Water Resources,NA,1,Department of Water Resources
19939,395196N1222676W001,1750054,2009-06-24T00:00:00Z,177.48,176.48,0,27.7,149.78,27.7,26.7,NA,Unknown,Water level accuracy is unknown,1,Department of Water Resources,NA,1,Department of Water Resources
19939,395196N1222676W001,1750053,2009-05-12T00:00:00Z,177.48,176.48,0,45.71,131.77,45.71,44.71,Pumping,Unknown,Water level accuracy is unknown,1,Department of Water Resources,NA,1,Department of Water Resources
19939,395196N1222676W001,1750052,2009-03-25T00:00:00Z,177.48,176.48,0,21.24,156.24,21.24,20.24,NA,Unknown,Water level accuracy is unknown,1,Department of Water Resources,NA,1,Department of Water Resources
19939,395196N1222676W001,1750051,2009-01-13T00:00:00Z,177.48,176.48,0,21.97,155.51,21.97,20.97,NA,Unknown,Water level accuracy is unknown,1,Department of Water Resources,NA,1,Department of Water Resources
19939,395196N1222676W001,1750050,2008-10-20T00:00:00Z,177.48,176.48,0,26.6,150.88,26.6,25.6,NA,Unknown,Water level accuracy is unknown,1,Department of Water Resources,NA,1,Department of Water Resources
19939,395196N1222676W001,1750049,2008-08-05T00:00:00Z,177.48,176.48,0,36.52,140.96,36.52,35.52,NA,Unknown,Water level accuracy is unknown,1,Department of Water Resources,NA,1,Department of Water Resources
19939,395196N1222676W001,1750048,2008-03-12T00:00:00Z,177.48,176.48,0,13.98,163.5,13.98,12.98,NA,Unknown,Water level accuracy is unknown,1,Department of Water Resources,NA,1,Department of Water Resources
19939,395196N1222676W001,1750047,2007-10-15T00:00:00Z,177.48,176.48,0,16.32,161.16,16.32,15.32,NA,Unknown,Water level accuracy is unknown,1,Department of Water Resources,NA,1,Department of Water Resources
19939,395196N1222676W001,1750046,2007-08-06T00:00:00Z,177.48,176.48,0,16.13,161.35,16.13,15.13,NA,Unknown,Water level accuracy is unknown,1,Department of Water Resources,NA,1,Department of Water Resources
19939,395196N1222676W001,1750045,2007-03-21T00:00:00Z,177.48,176.48,0,16.25,161.23,16.25,15.25,NA,Unknown,Water level accuracy is unknown,1,Department of Water Resources,NA,1,Department of Water Resources
19939,395196N1222676W001,1750044,2006-10-11T00:00:00Z,177.48,176.48,0,14.4,163.08,14.4,13.4,NA,Unknown,Water level accuracy is unknown,1,Department of Water Resources,NA,1,Department of Water Resources
19939,395196N1222676W001,1750043,2006-07-31T00:00:00Z,177.48,176.48,0,12.1,165.38,12.1,11.1,NA,Unknown,Water level accuracy is unknown,1,Department of Water Resources,NA,1,Department of Water Resources
19939,395196N1222676W001,1750042,2006-05-17T00:00:00Z,177.48,176.48,0,9.3,168.18,9.3,8.3,NA,Unknown,Water level accuracy is unknown,1,Department of Water Resources,NA,1,Department of Water Resources
19939,395196N1222676W001,1750041,2006-03-27T00:00:00Z,177.48,176.48,0,10.1,167.38,10.1,9.1,NA,Unknown,Water level accuracy is unknown,1,Department of Water Resources,NA,1,Department of Water Resources
19939,395196N1222676W001,1750040,2005-10-18T00:00:00Z,177.48,176.48,0,13.7,163.78,13.7,12.7,NA,Unknown,Water level accuracy is unknown,1,Department of Water Resources,NA,1,Department of Water Resources
19939,395196N1222676W001,1750039,2005-09-27T00:00:00Z,177.48,176.48,0,13.6,163.88,13.6,12.6,NA,Unknown,Water level accuracy is unknown,1,Department of Water Resources,NA,1,Department of Water Resources
19939,395196N1222676W001,1750038,2005-08-23T00:00:00Z,177.48,176.48,0,13.6,163.88,13.6,12.6,NA,Unknown,Water level accuracy is unknown,1,Department of Water Resources,NA,1,Department of Water Resources
19939,395196N1222676W001,1750037,2005-07-26T00:00:00Z,177.48,176.48,0,13.1,164.38,13.1,12.1,NA,Unknown,Water level accuracy is unknown,1,Department of Water Resources,NA,1,Department of Water Resources
19939,395196N1222676W001,1750036,2005-06-21T00:00:00Z,177.48,176.48,0,14.9,162.58,14.9,13.9,NA,Unknown,Water level accuracy is unknown,1,Department of Water Resources,NA,1,Department of Water Resources
19939,395196N1222676W001,1750035,2005-05-24T00:00:00Z,177.48,176.48,0,13.6,163.88,13.6,12.6,NA,Unknown,Water level accuracy is unknown,1,Department of Water Resources,NA,1,Department of Water Resources
19939,395196N1222676W001,1750034,2005-04-27T00:00:00Z,177.48,176.48,0,10.3,167.18,10.3,9.3,NA,Unknown,Water level accuracy is unknown,1,Department of Water Resources,NA,1,Department of Water Resources
19939,395196N1222676W001,1750033,2005-03-30T00:00:00Z,177.48,176.48,0,9.9,167.58,9.9,8.9,NA,Unknown,Water level accuracy is unknown,1,Department of Water Resources,NA,1,Department of Water Resources
19939,395196N1222676W001,1750032,2004-11-22T00:00:00Z,177.48,176.48,0,16.3,161.18,16.3,15.3,NA,Unknown,Water level accuracy is unknown,1,Department of Water Resources,NA,1,Department of Water Resources
19939,395196N1222676W001,1750031,2004-10-20T00:00:00Z,177.48,176.48,0,15.4,162.08,15.4,14.4,NA,Unknown,Water level accuracy is unknown,1,Department of Water Resources,NA,1,Department of Water Resources
19939,395196N1222676W001,1750030,2004-09-21T00:00:00Z,177.48,176.48,0,17.7,159.78,17.7,16.7,NA,Unknown,Water level accuracy is unknown,1,Department of Water Resources,NA,1,Department of Water Resources
19939,395196N1222676W001,1750029,2004-08-23T00:00:00Z,177.48,176.48,0,16,161.48,16,15,NA,Unknown,Water level accuracy is unknown,1,Department of Water Resources,NA,1,Department of Water Resources
19939,395196N1222676W001,1750027,2004-07-28T00:00:00Z,177.48,176.48,0,14.5,162.98,14.5,13.5,NA,Unknown,Water level accuracy is unknown,1,Department of Water Resources,NA,1,Department of Water Resources
19939,395196N1222676W001,1750028,2004-06-24T00:00:00Z,177.48,176.48,0,15.6,161.88,15.6,14.6,NA,Unknown,Water level accuracy is unknown,1,Department of Water Resources,NA,1,Department of Water Resources
19939,395196N1222676W001,1750025,2004-05-24T00:00:00Z,177.48,176.48,0,15.6,161.88,15.6,14.6,Pumping,Unknown,Water level accuracy is unknown,1,Department of Water Resources,NA,1,Department of Water Resources
19939,395196N1222676W001,1750024,2004-04-29T00:00:00Z,177.48,176.48,0,12.1,165.38,12.1,11.1,NA,Unknown,Water level accuracy is unknown,1,Department of Water Resources,NA,1,Department of Water Resources
19939,395196N1222676W001,1750023,2004-04-01T00:00:00Z,177.48,176.48,0,11.8,165.68,11.8,10.8,NA,Unknown,Water level accuracy is unknown,1,Department of Water Resources,NA,1,Department of Water Resources
19939,395196N1222676W001,1750026,2004-02-11T00:00:00Z,177.48,176.48,0,13.6,163.88,13.6,12.6,NA,Unknown,Water level accuracy is unknown,1,Department of Water Resources,NA,1,Department of Water Resources
19939,395196N1222676W001,1750022,2003-12-09T00:00:00Z,177.48,176.48,0,17.5,159.98,17.5,16.5,NA,Unknown,Water level accuracy is unknown,1,Department of Water Resources,NA,1,Department of Water Resources
19939,395196N1222676W001,1750021,2003-11-21T00:00:00Z,177.48,176.48,0,19.3,158.18,19.3,18.3,Pumping,Unknown,Water level accuracy is unknown,1,Department of Water Resources,NA,1,Department of Water Resources
19939,395196N1222676W001,1750020,2003-10-16T00:00:00Z,177.48,176.48,0,16.5,160.98,16.5,15.5,NA,Unknown,Water level accuracy is unknown,1,Department of Water Resources,NA,1,Department of Water Resources
19939,395196N1222676W001,1750019,2003-09-22T00:00:00Z,177.48,176.48,0,16.3,161.18,16.3,15.3,NA,Unknown,Water level accuracy is unknown,1,Department of Water Resources,NA,1,Department of Water Resources
19939,395196N1222676W001,1750018,2003-08-26T00:00:00Z,177.48,176.48,0,18.2,159.28,18.2,17.2,NA,Unknown,Water level accuracy is unknown,1,Department of Water Resources,NA,1,Department of Water Resources
19939,395196N1222676W001,1750017,2003-07-30T00:00:00Z,177.48,176.48,0,16.9,160.58,16.9,15.9,NA,Unknown,Water level accuracy is unknown,1,Department of Water Resources,NA,1,Department of Water Resources
19939,395196N1222676W001,1750016,2003-06-19T00:00:00Z,177.48,176.48,0,30.5,146.98,30.5,29.5,Pumping,Unknown,Water level accuracy is unknown,1,Department of Water Resources,NA,1,Department of Water Resources
19939,395196N1222676W001,1750015,2003-05-28T00:00:00Z,177.48,176.48,0,18.3,159.18,18.3,17.3,NA,Unknown,Water level accuracy is unknown,1,Department of Water Resources,NA,1,Department of Water Resources
19939,395196N1222676W001,1750014,2003-04-09T00:00:00Z,177.48,176.48,0,13.3,164.18,13.3,12.3,NA,Unknown,Water level accuracy is unknown,1,Department of Water Resources,NA,1,Department of Water Resources
19939,395196N1222676W001,1750013,2003-03-13T00:00:00Z,177.48,176.48,0,13.4,164.08,13.4,12.4,NA,Unknown,Water level accuracy is unknown,1,Department of Water Resources,NA,1,Department of Water Resources
19939,395196N1222676W001,1750012,2003-02-18T00:00:00Z,177.48,176.48,0,13.5,163.98,13.5,12.5,NA,Unknown,Water level accuracy is unknown,1,Department of Water Resources,NA,1,Department of Water Resources
19939,395196N1222676W001,1750011,2002-11-22T00:00:00Z,177.48,176.48,0,17.4,160.08,17.4,16.4,NA,Unknown,Water level accuracy is unknown,1,Department of Water Resources,NA,1,Department of Water Resources
19939,395196N1222676W001,1750010,2002-10-15T00:00:00Z,177.48,176.48,0,19,158.48,19,18,NA,Unknown,Water level accuracy is unknown,1,Department of Water Resources,NA,1,Department of Water Resources
19939,395196N1222676W001,1750009,2002-09-17T00:00:00Z,177.48,176.48,0,16.1,161.38,16.1,15.1,NA,Unknown,Water level accuracy is unknown,1,Department of Water Resources,NA,1,Department of Water Resources
19939,395196N1222676W001,1750008,2002-08-19T00:00:00Z,177.48,176.48,0,15.68,161.8,15.68,14.68,NA,Unknown,Water level accuracy is unknown,1,Department of Water Resources,NA,1,Department of Water Resources
19939,395196N1222676W001,1750007,2002-06-27T00:00:00Z,177.48,176.48,0,14.4,163.08,14.4,13.4,NA,Unknown,Water level accuracy is unknown,1,Department of Water Resources,NA,1,Department of Water Resources
19939,395196N1222676W001,1750006,2002-05-14T00:00:00Z,177.48,176.48,0,15.7,161.78,15.7,14.7,NA,Unknown,Water level accuracy is unknown,1,Department of Water Resources,NA,1,Department of Water Resources
19939,395196N1222676W001,1750005,2002-04-24T00:00:00Z,177.48,176.48,0,17,160.48,17,16,Pumping,Unknown,Water level accuracy is unknown,1,Department of Water Resources,NA,1,Department of Water Resources
19939,395196N1222676W001,1750004,2002-03-19T00:00:00Z,177.48,176.48,0,16.9,160.58,16.9,15.9,Pumped recently,Unknown,Water level accuracy is unknown,1,Department of Water Resources,NA,1,Department of Water Resources
19939,395196N1222676W001,1750003,2002-03-04T00:00:00Z,177.48,176.48,0,14.3,163.18,14.3,13.3,NA,Unknown,Water level accuracy is unknown,1,Department of Water Resources,NA,1,Department of Water Resources
19939,395196N1222676W001,1750002,2002-02-05T00:00:00Z,177.48,176.48,0,13.6,163.88,13.6,12.6,NA,Unknown,Water level accuracy is unknown,1,Department of Water Resources,NA,1,Department of Water Resources
19939,395196N1222676W001,1749995,2001-12-13T00:00:00Z,177.48,176.48,0,13.3,164.18,13.3,12.3,NA,Unknown,Water level accuracy is unknown,1,Department of Water Resources,NA,1,Department of Water Resources
19939,395196N1222676W001,1750001,2001-11-09T00:00:00Z,177.48,176.48,0,18.9,158.58,18.9,17.9,NA,Unknown,Water level accuracy is unknown,1,Department of Water Resources,NA,1,Department of Water Resources
19939,395196N1222676W001,1750000,2001-10-09T00:00:00Z,177.48,176.48,0,17.7,159.78,17.7,16.7,NA,Unknown,Water level accuracy is unknown,1,Department of Water Resources,NA,1,Department of Water Resources
19939,395196N1222676W001,1749999,2001-09-04T00:00:00Z,177.48,176.48,0,20.3,157.18,20.3,19.3,Pumped recently,Unknown,Water level accuracy is unknown,1,Department of Water Resources,NA,1,Department of Water Resources
19939,395196N1222676W001,1749998,2001-08-15T00:00:00Z,177.48,176.48,0,18.6,158.88,18.6,17.6,NA,Unknown,Water level accuracy is unknown,1,Department of Water Resources,NA,1,Department of Water Resources
19939,395196N1222676W001,1749997,2001-08-01T00:00:00Z,177.48,176.48,0,22.4,155.08,22.4,21.4,Pumping,Unknown,Water level accuracy is unknown,1,Department of Water Resources,NA,1,Department of Water Resources
19939,395196N1222676W001,1749996,2001-07-17T00:00:00Z,177.48,176.48,0,20.9,156.58,20.9,19.9,Pumped recently,Unknown,Water level accuracy is unknown,1,Department of Water Resources,NA,1,Department of Water Resources
19939,395196N1222676W001,1749994,2001-03-20T00:00:00Z,177.48,176.48,0,16.7,160.78,16.7,15.7,NA,Unknown,Water level accuracy is unknown,1,Department of Water Resources,NA,1,Department of Water Resources
19939,395196N1222676W001,1749993,2000-10-04T00:00:00Z,177.48,176.48,0,16.9,160.58,16.9,15.9,Nearby pump operating,Unknown,Water level accuracy is unknown,1,Department of Water Resources,NA,1,Department of Water Resources
19939,395196N1222676W001,1749992,2000-03-23T00:00:00Z,177.48,176.48,0,16,161.48,16,15,NA,Unknown,Water level accuracy is unknown,1,Department of Water Resources,NA,1,Department of Water Resources
19939,395196N1222676W001,1749990,1999-10-04T00:00:00Z,177.48,176.48,0,17.1,160.38,17.1,16.1,NA,Unknown,Water level accuracy is unknown,1,Department of Water Resources,NA,1,Department of Water Resources
19939,395196N1222676W001,1749991,1999-03-11T00:00:00Z,177.48,176.48,0,16,161.48,16,15,NA,Unknown,Water level accuracy is unknown,1,Department of Water Resources,NA,1,Department of Water Resources
19939,395196N1222676W001,1749987,1998-10-08T00:00:00Z,177.48,176.48,0,13.7,163.78,13.7,12.7,NA,Unknown,Water level accuracy is unknown,1,Department of Water Resources,NA,1,Department of Water Resources
19939,395196N1222676W001,1749989,1998-06-01T00:00:00Z,177.48,176.48,0,8.8,168.68,8.8,7.8,NA,Unknown,Water level accuracy is unknown,1,Department of Water Resources,NA,1,Department of Water Resources
19939,395196N1222676W001,1749988,1998-03-11T00:00:00Z,177.48,176.48,0,8.5,168.98,8.5,7.5,Pumped recently,Unknown,Water level accuracy is unknown,1,Department of Water Resources,NA,1,Department of Water Resources
19939,395196N1222676W001,1749986,1998-01-13T00:00:00Z,177.48,176.48,0,18.1,159.38,18.1,17.1,NA,Unknown,Water level accuracy is unknown,1,Department of Water Resources,NA,1,Department of Water Resources
19939,395196N1222676W001,1749985,1997-10-07T00:00:00Z,177.48,176.48,0,18.4,159.08,18.4,17.4,NA,Unknown,Water level accuracy is unknown,1,Department of Water Resources,NA,1,Department of Water Resources
19939,395196N1222676W001,1749984,1997-07-15T00:00:00Z,177.48,176.48,0,31.5,145.98,31.5,30.5,NA,Unknown,Water level accuracy is unknown,1,Department of Water Resources,NA,1,Department of Water Resources
19939,395196N1222676W001,1749983,1997-03-04T00:00:00Z,177.48,176.48,0,14,163.48,14,13,NA,Unknown,Water level accuracy is unknown,1,Department of Water Resources,NA,1,Department of Water Resources
19939,395196N1222676W001,1749982,1997-01-15T00:00:00Z,177.48,176.48,0,16.9,160.58,16.9,15.9,NA,Unknown,Water level accuracy is unknown,1,Department of Water Resources,NA,1,Department of Water Resources
19939,395196N1222676W001,1749981,1996-10-08T00:00:00Z,177.48,176.48,0,17.3,160.18,17.3,16.3,NA,Unknown,Water level accuracy is unknown,1,Department of Water Resources,NA,1,Department of Water Resources
19939,395196N1222676W001,1749980,1996-07-22T00:00:00Z,177.48,176.48,0,17.7,159.78,17.7,16.7,NA,Unknown,Water level accuracy is unknown,1,Department of Water Resources,NA,1,Department of Water Resources
19939,395196N1222676W001,1749979,1996-03-27T00:00:00Z,177.48,176.48,0,15.5,161.98,15.5,14.5,NA,Unknown,Water level accuracy is unknown,1,Department of Water Resources,NA,1,Department of Water Resources
19939,395196N1222676W001,1749978,1996-01-17T00:00:00Z,177.48,176.48,0,20,157.48,20,19,NA,Unknown,Water level accuracy is unknown,1,Department of Water Resources,NA,1,Department of Water Resources
19939,395196N1222676W001,1749977,1995-10-03T00:00:00Z,177.48,176.48,0,18.7,158.78,18.7,17.7,NA,Unknown,Water level accuracy is unknown,1,Department of Water Resources,NA,1,Department of Water Resources
19939,395196N1222676W001,1749976,1995-07-26T00:00:00Z,177.48,176.48,0,20.9,156.58,20.9,19.9,NA,Unknown,Water level accuracy is unknown,1,Department of Water Resources,NA,1,Department of Water Resources
19939,395196N1222676W001,1749975,1995-04-18T00:00:00Z,177.48,176.48,0,22.6,154.88,22.6,21.6,NA,Unknown,Water level accuracy is unknown,1,Department of Water Resources,NA,1,Department of Water Resources
19939,395196N1222676W001,1749974,1995-03-07T00:00:00Z,177.48,176.48,0,25.5,151.98,25.5,24.5,NA,Unknown,Water level accuracy is unknown,1,Department of Water Resources,NA,1,Department of Water Resources
19939,395196N1222676W001,1749973,1994-10-18T00:00:00Z,177.48,176.48,0,31.6,145.88,31.6,30.6,NA,Unknown,Water level accuracy is unknown,1,Department of Water Resources,NA,1,Department of Water Resources
19939,395196N1222676W001,1749972,1994-09-15T00:00:00Z,177.48,176.48,0,38,139.48,38,37,Pumping,Unknown,Water level accuracy is unknown,1,Department of Water Resources,NA,1,Department of Water Resources
19939,395196N1222676W001,1749971,1994-08-15T00:00:00Z,177.48,176.48,0,36.4,141.08,36.4,35.4,NA,Unknown,Water level accuracy is unknown,1,Department of Water Resources,NA,1,Department of Water Resources
19939,395196N1222676W001,1749970,1994-07-15T00:00:00Z,177.48,176.48,0,35.6,141.88,35.6,34.6,NA,Unknown,Water level accuracy is unknown,1,Department of Water Resources,NA,1,Department of Water Resources
19939,395196N1222676W001,1749969,1994-06-16T00:00:00Z,177.48,176.48,0,37.1,140.38,37.1,36.1,NA,Unknown,Water level accuracy is unknown,1,Department of Water Resources,NA,1,Department of Water Resources
19939,395196N1222676W001,1749968,1994-05-16T00:00:00Z,177.48,176.48,0,29.3,148.18,29.3,28.3,NA,Unknown,Water level accuracy is unknown,1,Department of Water Resources,NA,1,Department of Water Resources
19939,395196N1222676W001,1749967,1994-04-12T00:00:00Z,177.48,176.48,0,34.9,142.58,34.9,33.9,NA,Unknown,Water level accuracy is unknown,1,Department of Water Resources,NA,1,Department of Water Resources
19939,395196N1222676W001,1749966,1994-03-15T00:00:00Z,177.48,176.48,0,25.4,152.08,25.4,24.4,NA,Unknown,Water level accuracy is unknown,1,Department of Water Resources,NA,1,Department of Water Resources
19939,395196N1222676W001,1749965,1994-02-14T00:00:00Z,177.48,176.48,0,30.4,147.08,30.4,29.4,Pumping,Unknown,Water level accuracy is unknown,1,Department of Water Resources,NA,1,Department of Water Resources
19939,395196N1222676W001,1749964,1994-01-13T00:00:00Z,177.48,176.48,0,25.7,151.78,25.7,24.7,NA,Unknown,Water level accuracy is unknown,1,Department of Water Resources,NA,1,Department of Water Resources
19939,395196N1222676W001,1749963,1993-12-16T00:00:00Z,177.48,176.48,0,25.6,151.88,25.6,24.6,NA,Unknown,Water level accuracy is unknown,1,Department of Water Resources,NA,1,Department of Water Resources
19939,395196N1222676W001,1749962,1993-11-14T00:00:00Z,177.48,176.48,0,25.4,152.08,25.4,24.4,NA,Unknown,Water level accuracy is unknown,1,Department of Water Resources,NA,1,Department of Water Resources
19939,395196N1222676W001,1749961,1993-10-05T00:00:00Z,177.48,176.48,0,25.6,151.88,25.6,24.6,NA,Unknown,Water level accuracy is unknown,1,Department of Water Resources,NA,1,Department of Water Resources
19939,395196N1222676W001,1749960,1993-09-15T00:00:00Z,177.48,176.48,0,25.9,151.58,25.9,24.9,NA,Unknown,Water level accuracy is unknown,1,Department of Water Resources,NA,1,Department of Water Resources
19939,395196N1222676W001,1749959,1993-08-16T00:00:00Z,177.48,176.48,0,26.8,150.68,26.8,25.8,NA,Unknown,Water level accuracy is unknown,1,Department of Water Resources,NA,1,Department of Water Resources
19939,395196N1222676W001,1749958,1993-07-15T00:00:00Z,177.48,176.48,0,29.5,147.98,29.5,28.5,NA,Unknown,Water level accuracy is unknown,1,Department of Water Resources,NA,1,Department of Water Resources
19939,395196N1222676W001,1749957,1993-06-15T00:00:00Z,177.48,176.48,0,27,150.48,27,26,NA,Unknown,Water level accuracy is unknown,1,Department of Water Resources,NA,1,Department of Water Resources
19939,395196N1222676W001,1749956,1993-05-14T00:00:00Z,177.48,176.48,0,36.9,140.58,36.9,35.9,NA,Unknown,Water level accuracy is unknown,1,Department of Water Resources,NA,1,Department of Water Resources
19939,395196N1222676W001,1749955,1993-04-15T00:00:00Z,177.48,176.48,0,37.4,140.08,37.4,36.4,NA,Unknown,Water level accuracy is unknown,1,Department of Water Resources,NA,1,Department of Water Resources
19939,395196N1222676W001,1749954,1993-03-16T00:00:00Z,177.48,176.48,0,28.2,149.28,28.2,27.2,NA,Unknown,Water level accuracy is unknown,1,Department of Water Resources,NA,1,Department of Water Resources
19939,395196N1222676W001,1749953,1993-02-16T00:00:00Z,177.48,176.48,0,30.3,147.18,30.3,29.3,NA,Unknown,Water level accuracy is unknown,1,Department of Water Resources,NA,1,Department of Water Resources
19939,395196N1222676W001,1749952,1993-01-11T00:00:00Z,177.48,176.48,0,32.9,144.58,32.9,31.9,NA,Unknown,Water level accuracy is unknown,1,Department of Water Resources,NA,1,Department of Water Resources
19939,395196N1222676W001,1749951,1992-12-14T00:00:00Z,177.48,176.48,0,32.5,144.98,32.5,31.5,NA,Unknown,Water level accuracy is unknown,1,Department of Water Resources,NA,1,Department of Water Resources
19939,395196N1222676W001,1749950,1992-11-16T00:00:00Z,177.48,176.48,0,34.2,143.28,34.2,33.2,NA,Unknown,Water level accuracy is unknown,1,Department of Water Resources,NA,1,Department of Water Resources
19939,395196N1222676W001,1749949,1992-10-06T00:00:00Z,177.48,176.48,0,41.8,135.68,41.8,40.8,Pumping,Unknown,Water level accuracy is unknown,1,Department of Water Resources,NA,1,Department of Water Resources
19939,395196N1222676W001,1749948,1992-09-14T00:00:00Z,177.48,176.48,0,37.3,140.18,37.3,36.3,NA,Unknown,Water level accuracy is unknown,1,Department of Water Resources,NA,1,Department of Water Resources
19939,395196N1222676W001,1749947,1992-06-15T00:00:00Z,177.48,176.48,0,35.5,141.98,35.5,34.5,NA,Unknown,Water level accuracy is unknown,1,Department of Water Resources,NA,1,Department of Water Resources
19939,395196N1222676W001,1749946,1992-05-14T00:00:00Z,177.48,176.48,0,45,132.48,45,44,Pumping,Unknown,Water level accuracy is unknown,1,Department of Water Resources,NA,1,Department of Water Resources
19939,395196N1222676W001,1749945,1992-04-14T00:00:00Z,177.48,176.48,0,29.2,148.28,29.2,28.2,NA,Unknown,Water level accuracy is unknown,1,Department of Water Resources,NA,1,Department of Water Resources
19939,395196N1222676W001,1749944,1992-03-04T00:00:00Z,177.48,176.48,0,28.6,148.88,28.6,27.6,NA,Unknown,Water level accuracy is unknown,1,Department of Water Resources,NA,1,Department of Water Resources
19939,395196N1222676W001,1749943,1992-02-14T00:00:00Z,177.48,176.48,0,29.5,147.98,29.5,28.5,NA,Unknown,Water level accuracy is unknown,1,Department of Water Resources,NA,1,Department of Water Resources
19939,395196N1222676W001,1749942,1992-01-14T00:00:00Z,177.48,176.48,0,29.9,147.58,29.9,28.9,NA,Unknown,Water level accuracy is unknown,1,Department of Water Resources,NA,1,Department of Water Resources
19939,395196N1222676W001,1749941,1991-12-16T00:00:00Z,177.48,176.48,0,30,147.48,30,29,NA,Unknown,Water level accuracy is unknown,1,Department of Water Resources,NA,1,Department of Water Resources
19939,395196N1222676W001,1749940,1991-11-14T00:00:00Z,177.48,176.48,0,30.3,147.18,30.3,29.3,NA,Unknown,Water level accuracy is unknown,1,Department of Water Resources,NA,1,Department of Water Resources
19939,395196N1222676W001,1749939,1991-10-01T00:00:00Z,177.48,176.48,0,31.9,145.58,31.9,30.9,NA,Unknown,Water level accuracy is unknown,1,Department of Water Resources,NA,1,Department of Water Resources
19939,395196N1222676W001,1749938,1991-09-12T00:00:00Z,177.48,176.48,0,33.2,144.28,33.2,32.2,Pumped recently,Unknown,Water level accuracy is unknown,1,Department of Water Resources,NA,1,Department of Water Resources
19939,395196N1222676W001,1749937,1991-08-15T00:00:00Z,177.48,176.48,0,34.5,142.98,34.5,33.5,NA,Unknown,Water level accuracy is unknown,1,Department of Water Resources,NA,1,Department of Water Resources
19939,395196N1222676W001,1749936,1991-07-15T00:00:00Z,177.48,176.48,0,37.2,140.28,37.2,36.2,NA,Unknown,Water level accuracy is unknown,1,Department of Water Resources,NA,1,Department of Water Resources
19939,395196N1222676W001,1749935,1991-06-17T00:00:00Z,177.48,176.48,0,33,144.48,33,32,NA,Unknown,Water level accuracy is unknown,1,Department of Water Resources,NA,1,Department of Water Resources
19939,395196N1222676W001,1749934,1991-05-14T00:00:00Z,177.48,176.48,0,41.3,136.18,41.3,40.3,NA,Unknown,Water level accuracy is unknown,1,Department of Water Resources,NA,1,Department of Water Resources
19939,395196N1222676W001,1749933,1991-04-15T00:00:00Z,177.48,176.48,0,40.1,137.38,40.1,39.1,NA,Unknown,Water level accuracy is unknown,1,Department of Water Resources,NA,1,Department of Water Resources
19939,395196N1222676W001,1749932,1991-04-01T00:00:00Z,177.48,176.48,0,23.8,153.68,23.8,22.8,NA,Unknown,Water level accuracy is unknown,1,Department of Water Resources,NA,1,Department of Water Resources
19939,395196N1222676W001,1749931,1991-03-11T00:00:00Z,177.48,176.48,0,25,152.48,25,24,NA,Unknown,Water level accuracy is unknown,1,Department of Water Resources,NA,1,Department of Water Resources
19939,395196N1222676W001,1749930,1991-02-14T00:00:00Z,177.48,176.48,0,27.6,149.88,27.6,26.6,Pumped recently,Unknown,Water level accuracy is unknown,1,Department of Water Resources,NA,1,Department of Water Resources
19939,395196N1222676W001,1749929,1991-01-15T00:00:00Z,177.48,176.48,0,25,152.48,25,24,NA,Unknown,Water level accuracy is unknown,1,Department of Water Resources,NA,1,Department of Water Resources
19939,395196N1222676W001,1749928,1990-12-13T00:00:00Z,177.48,176.48,0,25,152.48,25,24,NA,Unknown,Water level accuracy is unknown,1,Department of Water Resources,NA,1,Department of Water Resources
19939,395196N1222676W001,1749927,1990-11-14T00:00:00Z,177.48,176.48,0,25,152.48,25,24,NA,Unknown,Water level accuracy is unknown,1,Department of Water Resources,NA,1,Department of Water Resources
19939,395196N1222676W001,1749926,1990-10-17T00:00:00Z,177.48,176.48,0,25.3,152.18,25.3,24.3,NA,Unknown,Water level accuracy is unknown,1,Department of Water Resources,NA,1,Department of Water Resources
19939,395196N1222676W001,1749925,1990-09-13T00:00:00Z,177.48,176.48,0,28.9,148.58,28.9,27.9,NA,Unknown,Water level accuracy is unknown,1,Department of Water Resources,NA,1,Department of Water Resources
19939,395196N1222676W001,1749924,1990-08-14T00:00:00Z,177.48,176.48,0,32.4,145.08,32.4,31.4,NA,Unknown,Water level accuracy is unknown,1,Department of Water Resources,NA,1,Department of Water Resources
19939,395196N1222676W001,1749923,1990-07-17T00:00:00Z,177.48,176.48,0,32.4,145.08,32.4,31.4,NA,Unknown,Water level accuracy is unknown,1,Department of Water Resources,NA,1,Department of Water Resources
19939,395196N1222676W001,1749922,1990-06-11T00:00:00Z,177.48,176.48,0,30.1,147.38,30.1,29.1,NA,Unknown,Water level accuracy is unknown,1,Department of Water Resources,NA,1,Department of Water Resources
19939,395196N1222676W001,1749921,1990-05-16T00:00:00Z,177.48,176.48,0,26.4,151.08,26.4,25.4,NA,Unknown,Water level accuracy is unknown,1,Department of Water Resources,NA,1,Department of Water Resources
19939,395196N1222676W001,1749920,1990-04-12T00:00:00Z,177.48,176.48,0,23.3,154.18,23.3,22.3,NA,Unknown,Water level accuracy is unknown,1,Department of Water Resources,NA,1,Department of Water Resources
19939,395196N1222676W001,1749919,1990-03-14T00:00:00Z,177.48,176.48,0,16.9,160.58,16.9,15.9,NA,Unknown,Water level accuracy is unknown,1,Department of Water Resources,NA,1,Department of Water Resources
19939,395196N1222676W001,1749918,1990-02-15T00:00:00Z,177.48,176.48,0,18.8,158.68,18.8,17.8,NA,Unknown,Water level accuracy is unknown,1,Department of Water Resources,NA,1,Department of Water Resources
19939,395196N1222676W001,1749917,1990-01-17T00:00:00Z,177.48,176.48,0,18.3,159.18,18.3,17.3,NA,Unknown,Water level accuracy is unknown,1,Department of Water Resources,NA,1,Department of Water Resources
19939,395196N1222676W001,1749916,1989-12-18T00:00:00Z,177.48,176.48,0,18.2,159.28,18.2,17.2,Pumped recently,Unknown,Water level accuracy is unknown,1,Department of Water Resources,NA,1,Department of Water Resources
19939,395196N1222676W001,1749915,1989-11-15T00:00:00Z,177.48,176.48,0,17.5,159.98,17.5,16.5,NA,Unknown,Water level accuracy is unknown,1,Department of Water Resources,NA,1,Department of Water Resources
19939,395196N1222676W001,1749914,1989-10-16T00:00:00Z,177.48,176.48,0,16.8,160.68,16.8,15.8,NA,Unknown,Water level accuracy is unknown,1,Department of Water Resources,NA,1,Department of Water Resources
19939,395196N1222676W001,1749913,1989-09-20T00:00:00Z,177.48,176.48,0,16.2,161.28,16.2,15.2,NA,Unknown,Water level accuracy is unknown,1,Department of Water Resources,NA,308,County of Glenn
19939,395196N1222676W001,1749912,1989-08-16T00:00:00Z,177.48,176.48,0,17.9,159.58,17.9,16.9,NA,Unknown,Water level accuracy is unknown,1,Department of Water Resources,NA,308,County of Glenn
19939,395196N1222676W001,1749911,1989-07-17T00:00:00Z,177.48,176.48,0,19.3,158.18,19.3,18.3,Pumped recently,Unknown,Water level accuracy is unknown,1,Department of Water Resources,NA,308,County of Glenn
19939,395196N1222676W001,1749910,1989-06-14T00:00:00Z,177.48,176.48,0,18.6,158.88,18.6,17.6,NA,Unknown,Water level accuracy is unknown,1,Department of Water Resources,NA,308,County of Glenn
19939,395196N1222676W001,1749909,1989-05-16T00:00:00Z,177.48,176.48,0,18.9,158.58,18.9,17.9,NA,Unknown,Water level accuracy is unknown,1,Department of Water Resources,NA,308,County of Glenn
19939,395196N1222676W001,1749908,1989-04-14T00:00:00Z,177.48,176.48,0,19.7,157.78,19.7,18.7,NA,Unknown,Water level accuracy is unknown,1,Department of Water Resources,NA,308,County of Glenn
19939,395196N1222676W001,1749907,1989-03-07T00:00:00Z,177.48,176.48,0,18.4,159.08,18.4,17.4,NA,Unknown,Water level accuracy is unknown,1,Department of Water Resources,NA,308,County of Glenn
19939,395196N1222676W001,1749906,1989-02-15T00:00:00Z,177.48,176.48,0,18.2,159.28,18.2,17.2,NA,Unknown,Water level accuracy is unknown,1,Department of Water Resources,NA,308,County of Glenn
19939,395196N1222676W001,1749905,1989-01-17T00:00:00Z,177.48,176.48,0,17.8,159.68,17.8,16.8,NA,Unknown,Water level accuracy is unknown,1,Department of Water Resources,NA,308,County of Glenn
19939,395196N1222676W001,1749904,1988-12-15T00:00:00Z,177.48,176.48,0,17.4,160.08,17.4,16.4,NA,Unknown,Water level accuracy is unknown,1,Department of Water Resources,NA,308,County of Glenn
19939,395196N1222676W001,1749903,1988-11-17T00:00:00Z,177.48,176.48,0,16.7,160.78,16.7,15.7,NA,Unknown,Water level accuracy is unknown,1,Department of Water Resources,NA,308,County of Glenn
19939,395196N1222676W001,1749902,1988-10-14T00:00:00Z,177.48,176.48,0,15.9,161.58,15.9,14.9,NA,Unknown,Water level accuracy is unknown,1,Department of Water Resources,NA,308,County of Glenn
19939,395196N1222676W001,1749901,1988-09-16T00:00:00Z,177.48,176.48,0,16.2,161.28,16.2,15.2,NA,Unknown,Water level accuracy is unknown,1,Department of Water Resources,NA,308,County of Glenn
19939,395196N1222676W001,1749900,1988-08-16T00:00:00Z,177.48,176.48,0,16.1,161.38,16.1,15.1,NA,Unknown,Water level accuracy is unknown,1,Department of Water Resources,NA,308,County of Glenn
19939,395196N1222676W001,1749899,1988-07-14T00:00:00Z,177.48,176.48,0,16.6,160.88,16.6,15.6,NA,Unknown,Water level accuracy is unknown,1,Department of Water Resources,NA,308,County of Glenn
19939,395196N1222676W001,1749898,1988-06-15T00:00:00Z,177.48,176.48,0,19.8,157.68,19.8,18.8,Pumping,Unknown,Water level accuracy is unknown,1,Department of Water Resources,NA,308,County of Glenn
19939,395196N1222676W001,1749897,1988-05-13T00:00:00Z,177.48,176.48,0,18.9,158.58,18.9,17.9,Pumping,Unknown,Water level accuracy is unknown,1,Department of Water Resources,NA,308,County of Glenn
19939,395196N1222676W001,1749896,1988-04-14T00:00:00Z,177.48,176.48,0,15,162.48,15,14,NA,Unknown,Water level accuracy is unknown,1,Department of Water Resources,NA,308,County of Glenn
19939,395196N1222676W001,1749895,1988-03-09T00:00:00Z,177.48,176.48,0,15,162.48,15,14,NA,Unknown,Water level accuracy is unknown,1,Department of Water Resources,NA,308,County of Glenn
19939,395196N1222676W001,1749894,1988-02-16T00:00:00Z,177.48,176.48,0,14.8,162.68,14.8,13.8,NA,Unknown,Water level accuracy is unknown,1,Department of Water Resources,NA,308,County of Glenn
19939,395196N1222676W001,1749893,1988-01-15T00:00:00Z,177.48,176.48,0,16.1,161.38,16.1,15.1,NA,Unknown,Water level accuracy is unknown,1,Department of Water Resources,NA,308,County of Glenn
19939,395196N1222676W001,1749892,1987-12-17T00:00:00Z,177.48,176.48,0,16.6,160.88,16.6,15.6,NA,Unknown,Water level accuracy is unknown,1,Department of Water Resources,NA,308,County of Glenn
19939,395196N1222676W001,1749891,1987-11-13T00:00:00Z,177.48,176.48,0,15.8,161.68,15.8,14.8,NA,Unknown,Water level accuracy is unknown,1,Department of Water Resources,NA,308,County of Glenn
19939,395196N1222676W001,1749890,1987-10-22T00:00:00Z,177.48,176.48,0,16.7,160.78,16.7,15.7,NA,Unknown,Water level accuracy is unknown,1,Department of Water Resources,NA,308,County of Glenn
19939,395196N1222676W001,1749889,1987-09-18T00:00:00Z,177.48,176.48,0,16.9,160.58,16.9,15.9,NA,Unknown,Water level accuracy is unknown,1,Department of Water Resources,NA,308,County of Glenn
19939,395196N1222676W001,1749888,1987-08-14T00:00:00Z,177.48,176.48,0,17.9,159.58,17.9,16.9,NA,Unknown,Water level accuracy is unknown,1,Department of Water Resources,NA,308,County of Glenn
19939,395196N1222676W001,1749887,1987-07-14T00:00:00Z,177.48,176.48,0,17.8,159.68,17.8,16.8,NA,Unknown,Water level accuracy is unknown,1,Department of Water Resources,NA,308,County of Glenn
19939,395196N1222676W001,1749886,1987-06-16T00:00:00Z,177.48,176.48,0,16.8,160.68,16.8,15.8,NA,Unknown,Water level accuracy is unknown,1,Department of Water Resources,NA,308,County of Glenn
19939,395196N1222676W001,1749885,1987-05-18T00:00:00Z,177.48,176.48,0,17.3,160.18,17.3,16.3,NA,Unknown,Water level accuracy is unknown,1,Department of Water Resources,NA,308,County of Glenn
19939,395196N1222676W001,1749884,1987-04-15T00:00:00Z,177.48,176.48,0,17.6,159.88,17.6,16.6,NA,Unknown,Water level accuracy is unknown,1,Department of Water Resources,NA,308,County of Glenn
19939,395196N1222676W001,1749883,1987-03-19T00:00:00Z,177.48,176.48,0,16.7,160.78,16.7,15.7,NA,Unknown,Water level accuracy is unknown,1,Department of Water Resources,NA,308,County of Glenn
19939,395196N1222676W001,1749882,1987-02-13T00:00:00Z,177.48,176.48,0,16.4,161.08,16.4,15.4,NA,Unknown,Water level accuracy is unknown,1,Department of Water Resources,NA,308,County of Glenn
19939,395196N1222676W001,1749881,1987-01-15T00:00:00Z,177.48,176.48,0,16.2,161.28,16.2,15.2,NA,Unknown,Water level accuracy is unknown,1,Department of Water Resources,NA,308,County of Glenn
19939,395196N1222676W001,1749880,1986-12-16T00:00:00Z,177.48,176.48,0,15.7,161.78,15.7,14.7,NA,Unknown,Water level accuracy is unknown,1,Department of Water Resources,NA,308,County of Glenn
19939,395196N1222676W001,1749879,1986-11-17T00:00:00Z,177.48,176.48,0,15.3,162.18,15.3,14.3,NA,Unknown,Water level accuracy is unknown,1,Department of Water Resources,NA,308,County of Glenn
19939,395196N1222676W001,1749878,1986-10-14T00:00:00Z,177.48,176.48,0,15.1,162.38,15.1,14.1,NA,Unknown,Water level accuracy is unknown,1,Department of Water Resources,NA,308,County of Glenn
19939,395196N1222676W001,1749877,1986-09-11T00:00:00Z,177.48,176.48,0,14.1,163.38,14.1,13.1,NA,Unknown,Water level accuracy is unknown,1,Department of Water Resources,NA,308,County of Glenn
19939,395196N1222676W001,1749876,1986-08-21T00:00:00Z,177.48,176.48,0,14.2,163.28,14.2,13.2,NA,Unknown,Water level accuracy is unknown,1,Department of Water Resources,NA,308,County of Glenn
19939,395196N1222676W001,1749875,1986-07-15T00:00:00Z,177.48,176.48,0,14.5,162.98,14.5,13.5,NA,Unknown,Water level accuracy is unknown,1,Department of Water Resources,NA,308,County of Glenn
19939,395196N1222676W001,1749874,1986-06-16T00:00:00Z,177.48,176.48,0,13,164.48,13,12,NA,Unknown,Water level accuracy is unknown,1,Department of Water Resources,NA,308,County of Glenn
19939,395196N1222676W001,1749873,1986-05-15T00:00:00Z,177.48,176.48,0,11.5,165.98,11.5,10.5,NA,Unknown,Water level accuracy is unknown,1,Department of Water Resources,NA,308,County of Glenn
19939,395196N1222676W001,1749872,1986-04-21T00:00:00Z,177.48,176.48,0,12.7,164.78,12.7,11.7,NA,Unknown,Water level accuracy is unknown,1,Department of Water Resources,NA,308,County of Glenn
19939,395196N1222676W001,1749871,1986-03-10T00:00:00Z,177.48,176.48,0,10.8,166.68,10.8,9.8,NA,Unknown,Water level accuracy is unknown,1,Department of Water Resources,NA,308,County of Glenn
19939,395196N1222676W001,1749870,1986-02-11T00:00:00Z,177.48,176.48,0,14.1,163.38,14.1,13.1,NA,Unknown,Water level accuracy is unknown,1,Department of Water Resources,NA,308,County of Glenn
19939,395196N1222676W001,1749869,1986-01-21T00:00:00Z,177.48,176.48,0,15.9,161.58,15.9,14.9,NA,Unknown,Water level accuracy is unknown,1,Department of Water Resources,NA,308,County of Glenn
19939,395196N1222676W001,1749868,1985-12-10T00:00:00Z,177.48,176.48,0,16,161.48,16,15,NA,Unknown,Water level accuracy is unknown,1,Department of Water Resources,NA,308,County of Glenn
19939,395196N1222676W001,1749867,1985-11-14T00:00:00Z,177.48,176.48,0,15.9,161.58,15.9,14.9,NA,Unknown,Water level accuracy is unknown,1,Department of Water Resources,NA,308,County of Glenn
19939,395196N1222676W001,1749866,1985-10-18T00:00:00Z,177.48,176.48,0,16.2,161.28,16.2,15.2,NA,Unknown,Water level accuracy is unknown,1,Department of Water Resources,NA,308,County of Glenn
19939,395196N1222676W001,1749865,1985-09-19T00:00:00Z,177.48,176.48,0,15.5,161.98,15.5,14.5,NA,Unknown,Water level accuracy is unknown,1,Department of Water Resources,NA,308,County of Glenn
19939,395196N1222676W001,1749864,1985-08-27T00:00:00Z,177.48,176.48,0,15.8,161.68,15.8,14.8,NA,Unknown,Water level accuracy is unknown,1,Department of Water Resources,NA,308,County of Glenn
19939,395196N1222676W001,1749863,1985-07-24T00:00:00Z,177.48,176.48,0,16.9,160.58,16.9,15.9,NA,Unknown,Water level accuracy is unknown,1,Department of Water Resources,NA,308,County of Glenn
19939,395196N1222676W001,1749862,1985-06-05T00:00:00Z,177.48,176.48,0,14,163.48,14,13,NA,Unknown,Water level accuracy is unknown,1,Department of Water Resources,NA,308,County of Glenn
19939,395196N1222676W001,1749861,1985-05-22T00:00:00Z,177.48,176.48,0,14.1,163.38,14.1,13.1,NA,Unknown,Water level accuracy is unknown,1,Department of Water Resources,NA,308,County of Glenn
19939,395196N1222676W001,1749860,1985-04-16T00:00:00Z,177.48,176.48,0,13.6,163.88,13.6,12.6,NA,Unknown,Water level accuracy is unknown,1,Department of Water Resources,NA,308,County of Glenn
19939,395196N1222676W001,1749859,1985-03-11T00:00:00Z,177.48,176.48,0,12.3,165.18,12.3,11.3,NA,Unknown,Water level accuracy is unknown,1,Department of Water Resources,NA,308,County of Glenn
19939,395196N1222676W001,1749858,1985-02-20T00:00:00Z,177.48,176.48,0,8.1,169.38,8.1,7.1,NA,Unknown,Water level accuracy is unknown,1,Department of Water Resources,NA,308,County of Glenn
19939,395196N1222676W001,1749857,1985-01-15T00:00:00Z,177.48,176.48,0,7.5,169.98,7.5,6.5,NA,Unknown,Water level accuracy is unknown,1,Department of Water Resources,NA,308,County of Glenn
19939,395196N1222676W001,1749856,1984-12-19T00:00:00Z,177.48,176.48,0,12,165.48,12,11,NA,Unknown,Water level accuracy is unknown,1,Department of Water Resources,NA,308,County of Glenn
19939,395196N1222676W001,1749855,1984-11-28T00:00:00Z,177.48,176.48,0,13,164.48,13,12,NA,Unknown,Water level accuracy is unknown,1,Department of Water Resources,NA,308,County of Glenn
19939,395196N1222676W001,1749854,1984-10-12T00:00:00Z,177.48,176.48,0,14.1,163.38,14.1,13.1,NA,Unknown,Water level accuracy is unknown,1,Department of Water Resources,NA,308,County of Glenn
19939,395196N1222676W001,1749853,1984-04-25T00:00:00Z,177.48,176.48,0,10.9,166.58,10.9,9.9,NA,Unknown,Water level accuracy is unknown,1,Department of Water Resources,NA,308,County of Glenn
19939,395196N1222676W001,1749852,1984-03-15T00:00:00Z,177.48,176.48,0,9.6,167.88,9.6,8.6,NA,Unknown,Water level accuracy is unknown,1,Department of Water Resources,NA,308,County of Glenn
19939,395196N1222676W001,1749851,1984-02-16T00:00:00Z,177.48,176.48,0,9.2,168.28,9.2,8.2,NA,Unknown,Water level accuracy is unknown,1,Department of Water Resources,NA,308,County of Glenn
19939,395196N1222676W001,1749850,1984-01-17T00:00:00Z,177.48,176.48,0,8.4,169.08,8.4,7.4,NA,Unknown,Water level accuracy is unknown,1,Department of Water Resources,NA,308,County of Glenn
19939,395196N1222676W001,1749849,1983-12-13T00:00:00Z,177.48,176.48,0,10,167.48,10,9,NA,Unknown,Water level accuracy is unknown,1,Department of Water Resources,NA,308,County of Glenn
19939,395196N1222676W001,1749848,1983-11-14T00:00:00Z,177.48,176.48,0,13.6,163.88,13.6,12.6,NA,Unknown,Water level accuracy is unknown,1,Department of Water Resources,NA,308,County of Glenn
19939,395196N1222676W001,1749847,1983-10-06T00:00:00Z,177.48,176.48,0,14,163.48,14,13,NA,Unknown,Water level accuracy is unknown,1,Department of Water Resources,NA,308,County of Glenn
19939,395196N1222676W001,1749846,1983-09-13T00:00:00Z,177.48,176.48,0,14,163.48,14,13,NA,Unknown,Water level accuracy is unknown,1,Department of Water Resources,NA,308,County of Glenn
19939,395196N1222676W001,1749845,1983-08-08T00:00:00Z,177.48,176.48,0,13.7,163.78,13.7,12.7,NA,Unknown,Water level accuracy is unknown,1,Department of Water Resources,NA,308,County of Glenn
19939,395196N1222676W001,1749844,1983-07-12T00:00:00Z,177.48,176.48,0,14,163.48,14,13,NA,Unknown,Water level accuracy is unknown,1,Department of Water Resources,NA,308,County of Glenn
19939,395196N1222676W001,1749843,1983-06-01T00:00:00Z,177.48,176.48,NA,NA,NA,NA,NA,Special/Other,NA,NA,1,Department of Water Resources,NA,308,County of Glenn
19939,395196N1222676W001,1749842,1983-05-20T00:00:00Z,177.48,176.48,0,11.9,165.58,11.9,10.9,NA,Unknown,Water level accuracy is unknown,1,Department of Water Resources,NA,308,County of Glenn
19939,395196N1222676W001,1749841,1983-04-22T00:00:00Z,177.48,176.48,0,11.5,165.98,11.5,10.5,NA,Unknown,Water level accuracy is unknown,1,Department of Water Resources,NA,308,County of Glenn
19939,395196N1222676W001,1749840,1983-03-23T00:00:00Z,177.48,176.48,0,14.1,163.38,14.1,13.1,NA,Unknown,Water level accuracy is unknown,1,Department of Water Resources,NA,308,County of Glenn
19939,395196N1222676W001,1749839,1983-02-23T00:00:00Z,177.48,176.48,0,19.1,158.38,19.1,18.1,NA,Unknown,Water level accuracy is unknown,1,Department of Water Resources,NA,308,County of Glenn
19939,395196N1222676W001,1749838,1983-01-20T00:00:00Z,177.48,176.48,0,23,154.48,23,22,NA,Unknown,Water level accuracy is unknown,1,Department of Water Resources,NA,308,County of Glenn
19939,395196N1222676W001,1749837,1982-12-15T00:00:00Z,177.48,176.48,0,24,153.48,24,23,NA,Unknown,Water level accuracy is unknown,1,Department of Water Resources,NA,308,County of Glenn
19939,395196N1222676W001,1749836,1982-11-16T00:00:00Z,177.48,176.48,0,24.7,152.78,24.7,23.7,NA,Unknown,Water level accuracy is unknown,1,Department of Water Resources,NA,308,County of Glenn
19939,395196N1222676W001,1749835,1982-10-13T00:00:00Z,177.48,176.48,0,26.2,151.28,26.2,25.2,NA,Unknown,Water level accuracy is unknown,1,Department of Water Resources,NA,308,County of Glenn
19939,395196N1222676W001,1749834,1982-09-21T00:00:00Z,177.48,176.48,0,26.1,151.38,26.1,25.1,NA,Unknown,Water level accuracy is unknown,1,Department of Water Resources,NA,308,County of Glenn
19939,395196N1222676W001,1749833,1982-08-19T00:00:00Z,177.48,176.48,0,27.3,150.18,27.3,26.3,NA,Unknown,Water level accuracy is unknown,1,Department of Water Resources,NA,308,County of Glenn
19939,395196N1222676W001,1749832,1982-07-20T00:00:00Z,177.48,176.48,0,28.4,149.08,28.4,27.4,NA,Unknown,Water level accuracy is unknown,1,Department of Water Resources,NA,308,County of Glenn
19939,395196N1222676W001,1749831,1982-06-24T00:00:00Z,177.48,176.48,0,29.4,148.08,29.4,28.4,NA,Unknown,Water level accuracy is unknown,1,Department of Water Resources,NA,308,County of Glenn
19939,395196N1222676W001,1749830,1982-05-18T00:00:00Z,177.48,176.48,0,31.9,145.58,31.9,30.9,NA,Unknown,Water level accuracy is unknown,1,Department of Water Resources,NA,308,County of Glenn
19939,395196N1222676W001,1749829,1982-04-22T00:00:00Z,177.48,176.48,0,29.9,147.58,29.9,28.9,NA,Unknown,Water level accuracy is unknown,1,Department of Water Resources,NA,308,County of Glenn
19939,395196N1222676W001,1749828,1982-03-09T00:00:00Z,177.48,176.48,0,32.4,145.08,32.4,31.4,NA,Unknown,Water level accuracy is unknown,1,Department of Water Resources,NA,308,County of Glenn
19939,395196N1222676W001,1749827,1982-02-18T00:00:00Z,177.48,176.48,0,32.2,145.28,32.2,31.2,NA,Unknown,Water level accuracy is unknown,1,Department of Water Resources,NA,308,County of Glenn
19939,395196N1222676W001,1749826,1982-01-21T00:00:00Z,177.48,176.48,0,33.4,144.08,33.4,32.4,NA,Unknown,Water level accuracy is unknown,1,Department of Water Resources,NA,308,County of Glenn
19939,395196N1222676W001,1749825,1981-12-16T00:00:00Z,177.48,176.48,0,35,142.48,35,34,NA,Unknown,Water level accuracy is unknown,1,Department of Water Resources,NA,308,County of Glenn
19939,395196N1222676W001,1749824,1981-11-17T00:00:00Z,177.48,176.48,0,35.2,142.28,35.2,34.2,NA,Unknown,Water level accuracy is unknown,1,Department of Water Resources,NA,308,County of Glenn
19939,395196N1222676W001,1749823,1981-10-06T00:00:00Z,177.48,176.48,0,35.7,141.78,35.7,34.7,NA,Unknown,Water level accuracy is unknown,1,Department of Water Resources,NA,308,County of Glenn
19939,395196N1222676W001,1749822,1981-09-25T00:00:00Z,177.48,176.48,0,36.8,140.68,36.8,35.8,NA,Unknown,Water level accuracy is unknown,1,Department of Water Resources,NA,308,County of Glenn
19939,395196N1222676W001,1749821,1981-07-22T00:00:00Z,177.48,176.48,0,39.3,138.18,39.3,38.3,NA,Unknown,Water level accuracy is unknown,1,Department of Water Resources,NA,308,County of Glenn
19939,395196N1222676W001,1749820,1981-06-19T00:00:00Z,177.48,176.48,0,40.4,137.08,40.4,39.4,NA,Unknown,Water level accuracy is unknown,1,Department of Water Resources,NA,308,County of Glenn
19939,395196N1222676W001,1749819,1981-05-22T00:00:00Z,177.48,176.48,0,39.1,138.38,39.1,38.1,NA,Unknown,Water level accuracy is unknown,1,Department of Water Resources,NA,308,County of Glenn
19939,395196N1222676W001,1749818,1981-04-23T00:00:00Z,177.48,176.48,0,38.4,139.08,38.4,37.4,NA,Unknown,Water level accuracy is unknown,1,Department of Water Resources,NA,308,County of Glenn
19939,395196N1222676W001,1749817,1981-03-17T00:00:00Z,177.48,176.48,0,39,138.48,39,38,NA,Unknown,Water level accuracy is unknown,1,Department of Water Resources,NA,308,County of Glenn
19939,395196N1222676W001,1749816,1981-02-18T00:00:00Z,177.48,176.48,0,39.5,137.98,39.5,38.5,NA,Unknown,Water level accuracy is unknown,1,Department of Water Resources,NA,308,County of Glenn
19939,395196N1222676W001,1749815,1981-01-20T00:00:00Z,177.48,176.48,0,40,137.48,40,39,NA,Unknown,Water level accuracy is unknown,1,Department of Water Resources,NA,308,County of Glenn
19939,395196N1222676W001,1749814,1980-12-17T00:00:00Z,177.48,176.48,0,41.3,136.18,41.3,40.3,NA,Unknown,Water level accuracy is unknown,1,Department of Water Resources,NA,308,County of Glenn
19939,395196N1222676W001,1749813,1980-11-18T00:00:00Z,177.48,176.48,0,42.2,135.28,42.2,41.2,NA,Unknown,Water level accuracy is unknown,1,Department of Water Resources,NA,308,County of Glenn
19939,395196N1222676W001,1749812,1980-10-14T00:00:00Z,177.48,176.48,0,42.9,134.58,42.9,41.9,NA,Unknown,Water level accuracy is unknown,1,Department of Water Resources,NA,308,County of Glenn
19939,395196N1222676W001,1749811,1980-09-17T00:00:00Z,177.48,176.48,0,43.9,133.58,43.9,42.9,Pumped recently,Unknown,Water level accuracy is unknown,1,Department of Water Resources,NA,308,County of Glenn
19939,395196N1222676W001,1749810,1980-08-19T00:00:00Z,177.48,176.48,0,35,142.48,35,34,NA,Unknown,Water level accuracy is unknown,1,Department of Water Resources,NA,308,County of Glenn
19939,395196N1222676W001,1749809,1980-07-16T00:00:00Z,177.48,176.48,0,46.6,130.88,46.6,45.6,NA,Unknown,Water level accuracy is unknown,1,Department of Water Resources,NA,308,County of Glenn
19939,395196N1222676W001,1749808,1980-06-17T00:00:00Z,177.48,176.48,0,46.8,130.68,46.8,45.8,NA,Unknown,Water level accuracy is unknown,1,Department of Water Resources,NA,308,County of Glenn
19939,395196N1222676W001,1749807,1980-05-20T00:00:00Z,177.48,176.48,0,47.7,129.78,47.7,46.7,NA,Unknown,Water level accuracy is unknown,1,Department of Water Resources,NA,308,County of Glenn
19939,395196N1222676W001,1749806,1980-04-17T00:00:00Z,177.48,176.48,0,48,129.48,48,47,NA,Unknown,Water level accuracy is unknown,1,Department of Water Resources,NA,308,County of Glenn
19939,395196N1222676W001,1749805,1980-03-17T00:00:00Z,177.48,176.48,0,47.9,129.58,47.9,46.9,NA,Unknown,Water level accuracy is unknown,1,Department of Water Resources,NA,308,County of Glenn
19939,395196N1222676W001,1749804,1980-02-14T00:00:00Z,177.48,176.48,0,50.6,126.88,50.6,49.6,NA,Unknown,Water level accuracy is unknown,1,Department of Water Resources,NA,308,County of Glenn
19939,395196N1222676W001,1749803,1979-10-23T00:00:00Z,177.48,176.48,0,54.5,122.98,54.5,53.5,NA,Unknown,Water level accuracy is unknown,1,Department of Water Resources,NA,308,County of Glenn
19939,395196N1222676W001,1749802,1979-08-21T00:00:00Z,177.48,176.48,0,59.1,118.38,59.1,58.1,NA,Unknown,Water level accuracy is unknown,1,Department of Water Resources,NA,308,County of Glenn
19939,395196N1222676W001,1749801,1979-04-18T00:00:00Z,177.48,176.48,0,57.7,119.78,57.7,56.7,NA,Unknown,Water level accuracy is unknown,1,Department of Water Resources,NA,308,County of Glenn
19939,395196N1222676W001,1749800,1979-03-14T00:00:00Z,177.48,176.48,0,58.2,119.28,58.2,57.2,NA,Unknown,Water level accuracy is unknown,1,Department of Water Resources,NA,308,County of Glenn
19939,395196N1222676W001,1749799,1979-02-21T00:00:00Z,177.48,176.48,0,59.5,117.98,59.5,58.5,NA,Unknown,Water level accuracy is unknown,1,Department of Water Resources,NA,308,County of Glenn
19939,395196N1222676W001,1749798,1979-01-06T00:00:00Z,177.48,176.48,0,61,116.48,61,60,NA,Unknown,Water level accuracy is unknown,1,Department of Water Resources,NA,308,County of Glenn
19939,395196N1222676W001,1749797,1978-12-19T00:00:00Z,177.48,176.48,0,62,115.48,62,61,NA,Unknown,Water level accuracy is unknown,1,Department of Water Resources,NA,308,County of Glenn
19939,395196N1222676W001,1749796,1978-11-15T00:00:00Z,177.48,176.48,0,63,114.48,63,62,NA,Unknown,Water level accuracy is unknown,1,Department of Water Resources,NA,308,County of Glenn
19939,395196N1222676W001,1749795,1978-10-23T00:00:00Z,177.48,176.48,0,64.6,112.88,64.6,63.6,NA,Unknown,Water level accuracy is unknown,1,Department of Water Resources,NA,308,County of Glenn
19939,395196N1222676W001,1749794,1978-09-19T00:00:00Z,177.48,176.48,0,65.7,111.78,65.7,64.7,NA,Unknown,Water level accuracy is unknown,1,Department of Water Resources,NA,308,County of Glenn
19939,395196N1222676W001,1749793,1978-08-22T00:00:00Z,177.48,176.48,0,72.4,105.08,72.4,71.4,NA,Unknown,Water level accuracy is unknown,1,Department of Water Resources,NA,308,County of Glenn
19939,395196N1222676W001,1749792,1978-07-19T00:00:00Z,177.48,176.48,0,72.8,104.68,72.8,71.8,NA,Unknown,Water level accuracy is unknown,1,Department of Water Resources,NA,308,County of Glenn
19939,395196N1222676W001,1749791,1978-06-20T00:00:00Z,177.48,176.48,0,67.6,109.88,67.6,66.6,NA,Unknown,Water level accuracy is unknown,1,Department of Water Resources,NA,308,County of Glenn
19939,395196N1222676W001,1749790,1978-05-23T00:00:00Z,177.48,176.48,0,67,110.48,67,66,NA,Unknown,Water level accuracy is unknown,1,Department of Water Resources,NA,308,County of Glenn
19939,395196N1222676W001,1749789,1978-04-18T00:00:00Z,177.48,176.48,0,66,111.48,66,65,NA,Unknown,Water level accuracy is unknown,1,Department of Water Resources,NA,308,County of Glenn
19939,395196N1222676W001,1749788,1978-03-13T00:00:00Z,177.48,176.48,0,68,109.48,68,67,NA,Unknown,Water level accuracy is unknown,1,Department of Water Resources,NA,308,County of Glenn
19939,395196N1222676W001,1749787,1978-02-22T00:00:00Z,177.48,176.48,0,69.5,107.98,69.5,68.5,Pumped recently,Unknown,Water level accuracy is unknown,1,Department of Water Resources,NA,308,County of Glenn
19939,395196N1222676W001,1749786,1978-01-24T00:00:00Z,177.48,176.48,0,71.5,105.98,71.5,70.5,NA,Unknown,Water level accuracy is unknown,1,Department of Water Resources,NA,308,County of Glenn
19939,395196N1222676W001,1749785,1977-12-19T00:00:00Z,177.48,176.48,0,73.5,103.98,73.5,72.5,NA,Unknown,Water level accuracy is unknown,1,Department of Water Resources,NA,308,County of Glenn
19939,395196N1222676W001,1749784,1977-11-15T00:00:00Z,177.48,176.48,0,75.1,102.38,75.1,74.1,NA,Unknown,Water level accuracy is unknown,1,Department of Water Resources,NA,308,County of Glenn
19939,395196N1222676W001,1749783,1977-10-19T00:00:00Z,177.48,176.48,0,77.2,100.28,77.2,76.2,NA,Unknown,Water level accuracy is unknown,1,Department of Water Resources,NA,308,County of Glenn
19939,395196N1222676W001,1749782,1977-09-20T00:00:00Z,177.48,176.48,0,80.5,96.98,80.5,79.5,NA,Unknown,Water level accuracy is unknown,1,Department of Water Resources,NA,308,County of Glenn
19939,395196N1222676W001,1749781,1977-08-17T00:00:00Z,177.48,176.48,0,85,92.48,85,84,NA,Unknown,Water level accuracy is unknown,1,Department of Water Resources,NA,308,County of Glenn
19939,395196N1222676W001,1749780,1977-07-20T00:00:00Z,177.48,176.48,0,91,86.48,91,90,NA,Unknown,Water level accuracy is unknown,1,Department of Water Resources,NA,308,County of Glenn
19939,395196N1222676W001,1749779,1977-06-28T00:00:00Z,177.48,176.48,0,85,92.48,85,84,NA,Unknown,Water level accuracy is unknown,1,Department of Water Resources,NA,308,County of Glenn
19939,395196N1222676W001,1749778,1977-05-18T00:00:00Z,177.48,176.48,0,78,99.48,78,77,NA,Unknown,Water level accuracy is unknown,1,Department of Water Resources,NA,308,County of Glenn
19939,395196N1222676W001,1749777,1977-04-20T00:00:00Z,177.48,176.48,0,69,108.48,69,68,Pumping,Unknown,Water level accuracy is unknown,1,Department of Water Resources,NA,308,County of Glenn
19939,395196N1222676W001,1749776,1977-03-28T00:00:00Z,177.48,176.48,0,69,108.48,69,68,NA,Unknown,Water level accuracy is unknown,1,Department of Water Resources,NA,308,County of Glenn
19939,395196N1222676W001,1749775,1977-03-11T00:00:00Z,177.48,176.48,0,80.7,96.78,80.7,79.7,NA,Unknown,Water level accuracy is unknown,1,Department of Water Resources,NA,308,County of Glenn
19939,395196N1222676W001,1749774,1977-02-24T00:00:00Z,177.48,176.48,0,73.5,103.98,73.5,72.5,NA,Unknown,Water level accuracy is unknown,1,Department of Water Resources,NA,308,County of Glenn
19939,395196N1222676W001,1749773,1977-01-26T00:00:00Z,177.48,176.48,0,70,107.48,70,69,NA,Unknown,Water level accuracy is unknown,1,Department of Water Resources,NA,308,County of Glenn
19939,395196N1222676W001,1749772,1976-12-22T00:00:00Z,177.48,176.48,0,69.5,107.98,69.5,68.5,Casing leaking or wet,Unknown,Water level accuracy is unknown,1,Department of Water Resources,NA,308,County of Glenn
19939,395196N1222676W001,1749771,1976-11-24T00:00:00Z,177.48,176.48,0,71,106.48,71,70,NA,Unknown,Water level accuracy is unknown,1,Department of Water Resources,NA,308,County of Glenn
19939,395196N1222676W001,1749770,1976-10-31T00:00:00Z,177.48,176.48,0,70.8,106.68,70.8,69.8,NA,Unknown,Water level accuracy is unknown,1,Department of Water Resources,NA,308,County of Glenn
19939,395196N1222676W001,1749769,1976-09-20T00:00:00Z,177.48,176.48,0,75,102.48,75,74,NA,Unknown,Water level accuracy is unknown,1,Department of Water Resources,NA,308,County of Glenn
19939,395196N1222676W001,1749768,1976-08-16T00:00:00Z,177.48,176.48,0,76,101.48,76,75,NA,Unknown,Water level accuracy is unknown,1,Department of Water Resources,NA,308,County of Glenn
19939,395196N1222676W001,1749767,1976-07-19T00:00:00Z,177.48,176.48,NA,NA,NA,NA,NA,Pumping,NA,NA,1,Department of Water Resources,NA,308,County of Glenn
19939,395196N1222676W001,1749766,1976-06-22T00:00:00Z,177.48,176.48,NA,NA,NA,NA,NA,Pumping,NA,NA,1,Department of Water Resources,NA,308,County of Glenn
19939,395196N1222676W001,1749765,1976-05-17T00:00:00Z,177.48,176.48,0,74.8,102.68,74.8,73.8,NA,Unknown,Water level accuracy is unknown,1,Department of Water Resources,NA,308,County of Glenn
19939,395196N1222676W001,1749764,1976-04-19T00:00:00Z,177.48,176.48,0,68,109.48,68,67,NA,Unknown,Water level accuracy is unknown,1,Department of Water Resources,NA,308,County of Glenn
19939,395196N1222676W001,1749763,1976-03-08T00:00:00Z,177.48,176.48,0,68,109.48,68,67,NA,Unknown,Water level accuracy is unknown,1,Department of Water Resources,NA,308,County of Glenn
19939,395196N1222676W001,1749762,1976-02-19T00:00:00Z,177.48,176.48,0,63.6,113.88,63.6,62.6,NA,Unknown,Water level accuracy is unknown,1,Department of Water Resources,NA,308,County of Glenn
19939,395196N1222676W001,1749761,1976-01-21T00:00:00Z,177.48,176.48,0,66.8,110.68,66.8,65.8,NA,Unknown,Water level accuracy is unknown,1,Department of Water Resources,NA,308,County of Glenn
19939,395196N1222676W001,1749760,1975-12-17T00:00:00Z,177.48,176.48,0,67.7,109.78,67.7,66.7,NA,Unknown,Water level accuracy is unknown,1,Department of Water Resources,NA,308,County of Glenn
19939,395196N1222676W001,1749759,1975-11-18T00:00:00Z,177.48,176.48,0,71.5,105.98,71.5,70.5,NA,Unknown,Water level accuracy is unknown,1,Department of Water Resources,NA,308,County of Glenn
19939,395196N1222676W001,1749758,1975-10-22T00:00:00Z,177.48,176.48,0,71.8,105.68,71.8,70.8,NA,Unknown,Water level accuracy is unknown,1,Department of Water Resources,NA,308,County of Glenn
19939,395196N1222676W001,1749757,1975-09-15T00:00:00Z,177.48,176.48,0,83.1,94.38,83.1,82.1,NA,Unknown,Water level accuracy is unknown,1,Department of Water Resources,NA,308,County of Glenn
19939,395196N1222676W001,1749756,1975-08-11T00:00:00Z,177.48,176.48,0,114,63.48,114,113,Nearby pump operating,Unknown,Water level accuracy is unknown,1,Department of Water Resources,NA,308,County of Glenn
19939,395196N1222676W001,1749755,1975-07-03T00:00:00Z,177.48,176.48,0,110.8,66.68,110.8,109.8,Nearby pump operating,Unknown,Water level accuracy is unknown,1,Department of Water Resources,NA,308,County of Glenn
19939,395196N1222676W001,1749754,1975-05-22T00:00:00Z,177.48,176.48,0,79.8,97.68,79.8,78.8,NA,Unknown,Water level accuracy is unknown,1,Department of Water Resources,NA,308,County of Glenn
19939,395196N1222676W001,1749753,1975-04-22T00:00:00Z,177.48,176.48,0,60.2,117.28,60.2,59.2,NA,Unknown,Water level accuracy is unknown,1,Department of Water Resources,NA,308,County of Glenn
19939,395196N1222676W001,1749752,1975-03-25T00:00:00Z,177.48,176.48,0,60.2,117.28,60.2,59.2,NA,Unknown,Water level accuracy is unknown,1,Department of Water Resources,NA,308,County of Glenn
19939,395196N1222676W001,1749751,1975-02-19T00:00:00Z,177.48,176.48,0,61.5,115.98,61.5,60.5,NA,Unknown,Water level accuracy is unknown,1,Department of Water Resources,NA,308,County of Glenn
19939,395196N1222676W001,1749750,1975-01-22T00:00:00Z,177.48,176.48,0,61.5,115.98,61.5,60.5,NA,Unknown,Water level accuracy is unknown,1,Department of Water Resources,NA,308,County of Glenn
19939,395196N1222676W001,1749749,1974-12-18T00:00:00Z,177.48,176.48,0,63.8,113.68,63.8,62.8,NA,Unknown,Water level accuracy is unknown,1,Department of Water Resources,NA,308,County of Glenn
19939,395196N1222676W001,1749748,1974-11-13T00:00:00Z,177.48,176.48,0,65.5,111.98,65.5,64.5,NA,Unknown,Water level accuracy is unknown,1,Department of Water Resources,NA,308,County of Glenn
19939,395196N1222676W001,1749747,1974-10-25T00:00:00Z,177.48,176.48,0,67.8,109.68,67.8,66.8,NA,Unknown,Water level accuracy is unknown,1,Department of Water Resources,NA,308,County of Glenn
19939,395196N1222676W001,1749746,1974-08-11T00:00:00Z,177.48,176.48,0,106.2,71.28,106.2,105.2,Nearby pump operating,Unknown,Water level accuracy is unknown,1,Department of Water Resources,NA,308,County of Glenn
19939,395196N1222676W001,1749745,1974-06-20T00:00:00Z,177.48,176.48,0,78.5,98.98,78.5,77.5,NA,Unknown,Water level accuracy is unknown,1,Department of Water Resources,NA,308,County of Glenn
19939,395196N1222676W001,1749744,1974-05-22T00:00:00Z,177.48,176.48,0,72.5,104.98,72.5,71.5,NA,Unknown,Water level accuracy is unknown,1,Department of Water Resources,NA,308,County of Glenn
19939,395196N1222676W001,1749743,1974-04-25T00:00:00Z,177.48,176.48,0,62.4,115.08,62.4,61.4,NA,Unknown,Water level accuracy is unknown,1,Department of Water Resources,NA,308,County of Glenn
19939,395196N1222676W001,1749742,1974-03-25T00:00:00Z,177.48,176.48,0,60.5,116.98,60.5,59.5,NA,Unknown,Water level accuracy is unknown,1,Department of Water Resources,NA,308,County of Glenn
19939,395196N1222676W001,1749741,1974-02-25T00:00:00Z,177.48,176.48,0,61.9,115.58,61.9,60.9,NA,Unknown,Water level accuracy is unknown,1,Department of Water Resources,NA,308,County of Glenn
19939,395196N1222676W001,1749740,1974-01-29T00:00:00Z,177.48,176.48,0,63.6,113.88,63.6,62.6,NA,Unknown,Water level accuracy is unknown,1,Department of Water Resources,NA,308,County of Glenn
19939,395196N1222676W001,1749739,1973-12-27T00:00:00Z,177.48,176.48,0,65.5,111.98,65.5,64.5,NA,Unknown,Water level accuracy is unknown,1,Department of Water Resources,NA,308,County of Glenn
19939,395196N1222676W001,1749738,1973-11-27T00:00:00Z,177.48,176.48,0,67.5,109.98,67.5,66.5,NA,Unknown,Water level accuracy is unknown,1,Department of Water Resources,NA,308,County of Glenn
19939,395196N1222676W001,1749737,1973-10-19T00:00:00Z,177.48,176.48,0,70.4,107.08,70.4,69.4,NA,Unknown,Water level accuracy is unknown,1,Department of Water Resources,NA,308,County of Glenn
19939,395196N1222676W001,1749736,1973-09-27T00:00:00Z,177.48,176.48,0,74.8,102.68,74.8,73.8,NA,Unknown,Water level accuracy is unknown,1,Department of Water Resources,NA,308,County of Glenn
19939,395196N1222676W001,1749735,1973-08-29T00:00:00Z,177.48,176.48,0,77.8,99.68,77.8,76.8,NA,Unknown,Water level accuracy is unknown,1,Department of Water Resources,NA,308,County of Glenn
19939,395196N1222676W001,1749734,1973-07-23T00:00:00Z,177.48,176.48,NA,NA,NA,NA,NA,Pump house locked,NA,NA,1,Department of Water Resources,NA,308,County of Glenn
19939,395196N1222676W001,1749733,1973-06-19T00:00:00Z,177.48,176.48,0,80,97.48,80,79,Nearby pump operating,Unknown,Water level accuracy is unknown,1,Department of Water Resources,NA,308,County of Glenn
19939,395196N1222676W001,1749732,1973-05-22T00:00:00Z,177.48,176.48,NA,NA,NA,NA,NA,Special/Other,NA,NA,1,Department of Water Resources,NA,308,County of Glenn
19939,395196N1222676W001,1749731,1973-04-12T00:00:00Z,177.48,176.48,0,64,113.48,64,63,NA,Unknown,Water level accuracy is unknown,1,Department of Water Resources,NA,308,County of Glenn
19939,395196N1222676W001,1749730,1973-03-14T00:00:00Z,177.48,176.48,0,66,111.48,66,65,NA,Unknown,Water level accuracy is unknown,1,Department of Water Resources,NA,308,County of Glenn
19939,395196N1222676W001,1749729,1973-02-22T00:00:00Z,177.48,176.48,0,69.6,107.88,69.6,68.6,NA,Unknown,Water level accuracy is unknown,1,Department of Water Resources,NA,308,County of Glenn
19939,395196N1222676W001,1749728,1973-01-17T00:00:00Z,177.48,176.48,0,72.2,105.28,72.2,71.2,NA,Unknown,Water level accuracy is unknown,1,Department of Water Resources,NA,308,County of Glenn
19939,395196N1222676W001,1749727,1972-12-19T00:00:00Z,177.48,176.48,0,74,103.48,74,73,NA,Unknown,Water level accuracy is unknown,1,Department of Water Resources,NA,308,County of Glenn
19939,395196N1222676W001,1749726,1972-11-20T00:00:00Z,177.48,176.48,0,74.9,102.58,74.9,73.9,NA,Unknown,Water level accuracy is unknown,1,Department of Water Resources,NA,308,County of Glenn
19939,395196N1222676W001,1749725,1972-10-19T00:00:00Z,177.48,176.48,0,79,98.48,79,78,NA,Unknown,Water level accuracy is unknown,1,Department of Water Resources,NA,308,County of Glenn
19939,395196N1222676W001,1749724,1972-09-20T00:00:00Z,177.48,176.48,0,86.7,90.78,86.7,85.7,NA,Unknown,Water level accuracy is unknown,1,Department of Water Resources,NA,308,County of Glenn
19939,395196N1222676W001,1749723,1972-08-22T00:00:00Z,177.48,176.48,0,95.5,81.98,95.5,94.5,NA,Unknown,Water level accuracy is unknown,1,Department of Water Resources,NA,308,County of Glenn
19939,395196N1222676W001,1749722,1972-07-08T00:00:00Z,177.48,176.48,NA,NA,NA,NA,NA,Pump house locked,NA,NA,1,Department of Water Resources,NA,308,County of Glenn
19939,395196N1222676W001,1749721,1972-06-21T00:00:00Z,177.48,176.48,NA,NA,NA,NA,NA,Pump house locked,NA,NA,1,Department of Water Resources,NA,308,County of Glenn
19939,395196N1222676W001,1749720,1972-05-23T00:00:00Z,177.48,176.48,NA,NA,NA,NA,NA,Pump house locked,NA,NA,1,Department of Water Resources,NA,308,County of Glenn
19939,395196N1222676W001,1749719,1972-04-25T00:00:00Z,177.48,176.48,0,67.3,110.18,67.3,66.3,NA,Unknown,Water level accuracy is unknown,1,Department of Water Resources,NA,308,County of Glenn
19939,395196N1222676W001,1749718,1972-03-27T00:00:00Z,177.48,176.48,0,76,101.48,76,75,Pumped recently,Unknown,Water level accuracy is unknown,1,Department of Water Resources,NA,308,County of Glenn
19939,395196N1222676W001,1749717,1972-02-22T00:00:00Z,177.48,176.48,0,61.2,116.28,61.2,60.2,NA,Unknown,Water level accuracy is unknown,1,Department of Water Resources,NA,308,County of Glenn
19939,395196N1222676W001,1749716,1972-01-17T00:00:00Z,177.48,176.48,0,62,115.48,62,61,NA,Unknown,Water level accuracy is unknown,1,Department of Water Resources,NA,308,County of Glenn
19939,395196N1222676W001,1749715,1971-12-27T00:00:00Z,177.48,176.48,0,62.9,114.58,62.9,61.9,NA,Unknown,Water level accuracy is unknown,1,Department of Water Resources,NA,308,County of Glenn
19939,395196N1222676W001,1749714,1971-11-23T00:00:00Z,177.48,176.48,0,64.7,112.78,64.7,63.7,NA,Unknown,Water level accuracy is unknown,1,Department of Water Resources,NA,308,County of Glenn
19939,395196N1222676W001,1749713,1971-10-19T00:00:00Z,177.48,176.48,0,70.6,106.88,70.6,69.6,NA,Unknown,Water level accuracy is unknown,1,Department of Water Resources,NA,308,County of Glenn
19939,395196N1222676W001,1749712,1971-09-28T00:00:00Z,177.48,176.48,0,70.5,106.98,70.5,69.5,NA,Unknown,Water level accuracy is unknown,1,Department of Water Resources,NA,308,County of Glenn
19939,395196N1222676W001,1749711,1971-08-26T00:00:00Z,177.48,176.48,0,69.5,107.98,69.5,68.5,NA,Unknown,Water level accuracy is unknown,1,Department of Water Resources,NA,308,County of Glenn
19939,395196N1222676W001,1749710,1971-07-27T00:00:00Z,177.48,176.48,NA,NA,NA,NA,NA,Special/Other,NA,NA,1,Department of Water Resources,NA,308,County of Glenn
19939,395196N1222676W001,1749709,1971-06-24T00:00:00Z,177.48,176.48,NA,NA,NA,NA,NA,Special/Other,NA,NA,1,Department of Water Resources,NA,308,County of Glenn
19939,395196N1222676W001,1749708,1971-05-27T00:00:00Z,177.48,176.48,NA,NA,NA,NA,NA,Pump house locked,NA,NA,1,Department of Water Resources,NA,308,County of Glenn
19939,395196N1222676W001,1749707,1971-04-27T00:00:00Z,177.48,176.48,0,55.5,121.98,55.5,54.5,NA,Unknown,Water level accuracy is unknown,1,Department of Water Resources,NA,308,County of Glenn
19939,395196N1222676W001,1749706,1971-03-24T00:00:00Z,177.48,176.48,0,55.2,122.28,55.2,54.2,NA,Unknown,Water level accuracy is unknown,1,Department of Water Resources,NA,308,County of Glenn
19939,395196N1222676W001,1749705,1971-02-23T00:00:00Z,177.48,176.48,0,56.8,120.68,56.8,55.8,NA,Unknown,Water level accuracy is unknown,1,Department of Water Resources,NA,308,County of Glenn
19939,395196N1222676W001,1749704,1971-01-21T00:00:00Z,177.48,176.48,0,59,118.48,59,58,NA,Unknown,Water level accuracy is unknown,1,Department of Water Resources,NA,308,County of Glenn
19939,395196N1222676W001,1749703,1970-12-22T00:00:00Z,177.48,176.48,0,61,116.48,61,60,NA,Unknown,Water level accuracy is unknown,1,Department of Water Resources,NA,308,County of Glenn
19939,395196N1222676W001,1749702,1970-11-23T00:00:00Z,177.48,176.48,0,63,114.48,63,62,NA,Unknown,Water level accuracy is unknown,1,Department of Water Resources,NA,308,County of Glenn
19939,395196N1222676W001,1749701,1970-10-26T00:00:00Z,177.48,176.48,0,67.2,110.28,67.2,66.2,NA,Unknown,Water level accuracy is unknown,1,Department of Water Resources,NA,308,County of Glenn
19939,395196N1222676W001,1749700,1970-09-24T00:00:00Z,177.48,176.48,0,76.8,100.68,76.8,75.8,NA,Unknown,Water level accuracy is unknown,1,Department of Water Resources,NA,308,County of Glenn
19939,395196N1222676W001,1749699,1970-08-25T00:00:00Z,177.48,176.48,0,77.8,99.68,77.8,76.8,Pumping,Unknown,Water level accuracy is unknown,1,Department of Water Resources,NA,308,County of Glenn
19939,395196N1222676W001,1749698,1970-07-22T00:00:00Z,177.48,176.48,NA,NA,NA,NA,NA,Special/Other,NA,NA,1,Department of Water Resources,NA,308,County of Glenn
19939,395196N1222676W001,1749697,1970-06-23T00:00:00Z,177.48,176.48,NA,NA,NA,NA,NA,Pumping,NA,NA,1,Department of Water Resources,NA,308,County of Glenn
19939,395196N1222676W001,1749696,1970-05-20T00:00:00Z,177.48,176.48,NA,NA,NA,NA,NA,Pumping,NA,NA,1,Department of Water Resources,NA,308,County of Glenn
19939,395196N1222676W001,1749695,1970-04-23T00:00:00Z,177.48,176.48,0,60.7,116.78,60.7,59.7,NA,Unknown,Water level accuracy is unknown,1,Department of Water Resources,NA,308,County of Glenn
19939,395196N1222676W001,1749694,1970-03-18T00:00:00Z,177.48,176.48,0,53.7,123.78,53.7,52.7,NA,Unknown,Water level accuracy is unknown,1,Department of Water Resources,NA,308,County of Glenn
19939,395196N1222676W001,1749693,1970-02-24T00:00:00Z,177.48,176.48,0,56.6,120.88,56.6,55.6,NA,Unknown,Water level accuracy is unknown,1,Department of Water Resources,NA,308,County of Glenn
19939,395196N1222676W001,1749692,1970-01-28T00:00:00Z,177.48,176.48,0,57.1,120.38,57.1,56.1,NA,Unknown,Water level accuracy is unknown,1,Department of Water Resources,NA,308,County of Glenn
19939,395196N1222676W001,1749691,1969-12-17T00:00:00Z,177.48,176.48,0,60.3,117.18,60.3,59.3,NA,Unknown,Water level accuracy is unknown,1,Department of Water Resources,NA,308,County of Glenn
19939,395196N1222676W001,1749690,1969-11-19T00:00:00Z,177.48,176.48,0,61,116.48,61,60,NA,Unknown,Water level accuracy is unknown,1,Department of Water Resources,NA,308,County of Glenn
19939,395196N1222676W001,1749689,1969-10-23T00:00:00Z,177.48,176.48,0,63.3,114.18,63.3,62.3,NA,Unknown,Water level accuracy is unknown,1,Department of Water Resources,NA,308,County of Glenn
19939,395196N1222676W001,1749688,1969-09-22T00:00:00Z,177.48,176.48,NA,NA,NA,NA,NA,Pump house locked,NA,NA,1,Department of Water Resources,NA,308,County of Glenn
19939,395196N1222676W001,1749687,1969-08-20T00:00:00Z,177.48,176.48,0,65.6,111.88,65.6,64.6,NA,Unknown,Water level accuracy is unknown,1,Department of Water Resources,NA,308,County of Glenn
19939,395196N1222676W001,1749686,1969-07-22T00:00:00Z,177.48,176.48,NA,NA,NA,NA,NA,Special/Other,NA,NA,1,Department of Water Resources,NA,308,County of Glenn
19939,395196N1222676W001,1749685,1969-06-25T00:00:00Z,177.48,176.48,0,65.6,111.88,65.6,64.6,NA,Unknown,Water level accuracy is unknown,1,Department of Water Resources,NA,308,County of Glenn
19939,395196N1222676W001,1749684,1969-05-27T00:00:00Z,177.48,176.48,0,62.5,114.98,62.5,61.5,NA,Unknown,Water level accuracy is unknown,1,Department of Water Resources,NA,308,County of Glenn
19939,395196N1222676W001,1749683,1969-04-22T00:00:00Z,177.48,176.48,0,56.8,120.68,56.8,55.8,NA,Unknown,Water level accuracy is unknown,1,Department of Water Resources,NA,308,County of Glenn
19939,395196N1222676W001,1749682,1969-03-19T00:00:00Z,177.48,176.48,0,58.9,118.58,58.9,57.9,NA,Unknown,Water level accuracy is unknown,1,Department of Water Resources,NA,308,County of Glenn
19939,395196N1222676W001,1749681,1969-02-24T00:00:00Z,177.48,176.48,0,60.9,116.58,60.9,59.9,NA,Unknown,Water level accuracy is unknown,1,Department of Water Resources,NA,308,County of Glenn
19939,395196N1222676W001,1749680,1969-01-27T00:00:00Z,177.48,176.48,0,62.9,114.58,62.9,61.9,NA,Unknown,Water level accuracy is unknown,1,Department of Water Resources,NA,308,County of Glenn
19939,395196N1222676W001,1749679,1968-12-18T00:00:00Z,177.48,176.48,0,64.6,112.88,64.6,63.6,NA,Unknown,Water level accuracy is unknown,1,Department of Water Resources,NA,308,County of Glenn
19939,395196N1222676W001,1749678,1968-11-22T00:00:00Z,177.48,176.48,0,65.6,111.88,65.6,64.6,NA,Unknown,Water level accuracy is unknown,1,Department of Water Resources,NA,308,County of Glenn
19939,395196N1222676W001,1749677,1968-10-21T00:00:00Z,177.48,176.48,0,68.3,109.18,68.3,67.3,NA,Unknown,Water level accuracy is unknown,1,Department of Water Resources,NA,308,County of Glenn
19939,395196N1222676W001,1749676,1968-09-23T00:00:00Z,177.48,176.48,0,78.9,98.58,78.9,77.9,NA,Unknown,Water level accuracy is unknown,1,Department of Water Resources,NA,308,County of Glenn
19939,395196N1222676W001,1749675,1968-08-20T00:00:00Z,177.48,176.48,0,71.1,106.38,71.1,70.1,NA,Unknown,Water level accuracy is unknown,1,Department of Water Resources,NA,308,County of Glenn
19939,395196N1222676W001,1749674,1968-07-22T00:00:00Z,177.48,176.48,0,94.8,82.68,94.8,93.8,NA,Unknown,Water level accuracy is unknown,1,Department of Water Resources,NA,308,County of Glenn
19939,395196N1222676W001,1749673,1968-06-18T00:00:00Z,177.48,176.48,0,94.4,83.08,94.4,93.4,NA,Unknown,Water level accuracy is unknown,1,Department of Water Resources,NA,308,County of Glenn
19939,395196N1222676W001,1749672,1968-05-21T00:00:00Z,177.48,176.48,0,66,111.48,66,65,NA,Unknown,Water level accuracy is unknown,1,Department of Water Resources,NA,308,County of Glenn
19939,395196N1222676W001,1749671,1968-04-17T00:00:00Z,177.48,176.48,0,60.1,117.38,60.1,59.1,NA,Unknown,Water level accuracy is unknown,1,Department of Water Resources,NA,308,County of Glenn
19939,395196N1222676W001,1749670,1968-03-19T00:00:00Z,177.48,176.48,0,60.7,116.78,60.7,59.7,NA,Unknown,Water level accuracy is unknown,1,Department of Water Resources,NA,308,County of Glenn
19939,395196N1222676W001,1749669,1968-02-21T00:00:00Z,177.48,176.48,0,61.6,115.88,61.6,60.6,NA,Unknown,Water level accuracy is unknown,1,Department of Water Resources,NA,308,County of Glenn
19939,395196N1222676W001,1749668,1968-01-24T00:00:00Z,177.48,176.48,0,62.8,114.68,62.8,61.8,NA,Unknown,Water level accuracy is unknown,1,Department of Water Resources,NA,308,County of Glenn
19939,395196N1222676W001,1749667,1967-12-19T00:00:00Z,177.48,176.48,0,63.9,113.58,63.9,62.9,NA,Unknown,Water level accuracy is unknown,1,Department of Water Resources,NA,308,County of Glenn
19939,395196N1222676W001,1749666,1967-11-27T00:00:00Z,177.48,176.48,0,64.8,112.68,64.8,63.8,NA,Unknown,Water level accuracy is unknown,1,Department of Water Resources,NA,308,County of Glenn
19939,395196N1222676W001,1749665,1967-10-23T00:00:00Z,177.48,176.48,0,67.4,110.08,67.4,66.4,NA,Unknown,Water level accuracy is unknown,1,Department of Water Resources,NA,308,County of Glenn
19939,395196N1222676W001,1749664,1967-09-18T00:00:00Z,177.48,176.48,0,75.7,101.78,75.7,74.7,NA,Unknown,Water level accuracy is unknown,1,Department of Water Resources,NA,308,County of Glenn
19939,395196N1222676W001,1749663,1967-08-24T00:00:00Z,177.48,176.48,0,90.4,87.08,90.4,89.4,NA,Unknown,Water level accuracy is unknown,1,Department of Water Resources,NA,308,County of Glenn
19939,395196N1222676W001,1749662,1967-07-25T00:00:00Z,177.48,176.48,0,91.9,85.58,91.9,90.9,NA,Unknown,Water level accuracy is unknown,1,Department of Water Resources,NA,308,County of Glenn
19939,395196N1222676W001,1749661,1967-06-19T00:00:00Z,177.48,176.48,0,84.2,93.28,84.2,83.2,NA,Unknown,Water level accuracy is unknown,1,Department of Water Resources,NA,308,County of Glenn
19939,395196N1222676W001,1749660,1967-05-22T00:00:00Z,177.48,176.48,0,64.3,113.18,64.3,63.3,NA,Unknown,Water level accuracy is unknown,1,Department of Water Resources,NA,308,County of Glenn
19939,395196N1222676W001,1749659,1967-04-20T00:00:00Z,177.48,176.48,0,61.6,115.88,61.6,60.6,NA,Unknown,Water level accuracy is unknown,1,Department of Water Resources,NA,308,County of Glenn
19939,395196N1222676W001,1749658,1967-03-21T00:00:00Z,177.48,176.48,0,60.6,116.88,60.6,59.6,NA,Unknown,Water level accuracy is unknown,1,Department of Water Resources,NA,308,County of Glenn
19939,395196N1222676W001,1749657,1967-02-23T00:00:00Z,177.48,176.48,0,62.9,114.58,62.9,61.9,NA,Unknown,Water level accuracy is unknown,1,Department of Water Resources,NA,308,County of Glenn
19939,395196N1222676W001,1749656,1967-01-18T00:00:00Z,177.48,176.48,0,62.9,114.58,62.9,61.9,NA,Unknown,Water level accuracy is unknown,1,Department of Water Resources,NA,308,County of Glenn
19939,395196N1222676W001,1749655,1966-12-20T00:00:00Z,177.48,176.48,0,63.5,113.98,63.5,62.5,NA,Unknown,Water level accuracy is unknown,1,Department of Water Resources,NA,308,County of Glenn
19939,395196N1222676W001,1749654,1966-11-16T00:00:00Z,177.48,176.48,0,65,112.48,65,64,NA,Unknown,Water level accuracy is unknown,1,Department of Water Resources,NA,308,County of Glenn
19939,395196N1222676W001,1749653,1966-10-17T00:00:00Z,177.48,176.48,0,71,106.48,71,70,NA,Unknown,Water level accuracy is unknown,1,Department of Water Resources,NA,308,County of Glenn
19939,395196N1222676W001,1749652,1966-09-20T00:00:00Z,177.48,176.48,0,69,108.48,69,68,NA,Unknown,Water level accuracy is unknown,1,Department of Water Resources,NA,308,County of Glenn
19939,395196N1222676W001,1749651,1966-08-17T00:00:00Z,177.48,176.48,0,71.5,105.98,71.5,70.5,NA,Unknown,Water level accuracy is unknown,1,Department of Water Resources,NA,308,County of Glenn
19939,395196N1222676W001,1749650,1966-07-19T00:00:00Z,177.48,176.48,0,76.7,100.78,76.7,75.7,NA,Unknown,Water level accuracy is unknown,1,Department of Water Resources,NA,308,County of Glenn
19939,395196N1222676W001,1749649,1966-06-21T00:00:00Z,177.48,176.48,0,71.8,105.68,71.8,70.8,NA,Unknown,Water level accuracy is unknown,1,Department of Water Resources,NA,308,County of Glenn
19939,395196N1222676W001,1749648,1966-05-17T00:00:00Z,177.48,176.48,0,83.9,93.58,83.9,82.9,NA,Unknown,Water level accuracy is unknown,1,Department of Water Resources,NA,308,County of Glenn
19939,395196N1222676W001,1749647,1966-04-21T00:00:00Z,177.48,176.48,0,68.7,108.78,68.7,67.7,NA,Unknown,Water level accuracy is unknown,1,Department of Water Resources,NA,308,County of Glenn
19939,395196N1222676W001,1749646,1966-03-22T00:00:00Z,177.48,176.48,0,57.5,119.98,57.5,56.5,NA,Unknown,Water level accuracy is unknown,1,Department of Water Resources,NA,308,County of Glenn
19939,395196N1222676W001,1749645,1966-02-23T00:00:00Z,177.48,176.48,0,58.4,119.08,58.4,57.4,NA,Unknown,Water level accuracy is unknown,1,Department of Water Resources,NA,308,County of Glenn
19939,395196N1222676W001,1749644,1966-01-20T00:00:00Z,177.48,176.48,0,59.4,118.08,59.4,58.4,NA,Unknown,Water level accuracy is unknown,1,Department of Water Resources,NA,308,County of Glenn
19939,395196N1222676W001,1749643,1965-12-20T00:00:00Z,177.48,176.48,0,52.5,124.98,52.5,51.5,NA,Unknown,Water level accuracy is unknown,1,Department of Water Resources,NA,308,County of Glenn
19939,395196N1222676W001,1749642,1965-11-22T00:00:00Z,177.48,176.48,0,59.2,118.28,59.2,58.2,NA,Unknown,Water level accuracy is unknown,1,Department of Water Resources,NA,308,County of Glenn
19939,395196N1222676W001,1749641,1965-10-20T00:00:00Z,177.48,176.48,0,62.7,114.78,62.7,61.7,NA,Unknown,Water level accuracy is unknown,1,Department of Water Resources,NA,308,County of Glenn
19939,395196N1222676W001,1749640,1965-09-20T00:00:00Z,177.48,176.48,0,60,117.48,60,59,NA,Unknown,Water level accuracy is unknown,1,Department of Water Resources,NA,308,County of Glenn
19939,395196N1222676W001,1749639,1965-08-19T00:00:00Z,177.48,176.48,0,63.6,113.88,63.6,62.6,NA,Unknown,Water level accuracy is unknown,1,Department of Water Resources,NA,308,County of Glenn
19939,395196N1222676W001,1749638,1965-07-19T00:00:00Z,177.48,176.48,0,65.7,111.78,65.7,64.7,NA,Unknown,Water level accuracy is unknown,1,Department of Water Resources,NA,308,County of Glenn
19939,395196N1222676W001,1749637,1965-06-16T00:00:00Z,177.48,176.48,0,80.4,97.08,80.4,79.4,NA,Unknown,Water level accuracy is unknown,1,Department of Water Resources,NA,308,County of Glenn
19939,395196N1222676W001,1749636,1965-05-18T00:00:00Z,177.48,176.48,0,81,96.48,81,80,Nearby pump operating,Unknown,Water level accuracy is unknown,1,Department of Water Resources,NA,308,County of Glenn
19939,395196N1222676W001,1749635,1965-04-21T00:00:00Z,177.48,176.48,0,54.8,122.68,54.8,53.8,NA,Unknown,Water level accuracy is unknown,1,Department of Water Resources,NA,308,County of Glenn
19939,395196N1222676W001,1749634,1965-03-17T00:00:00Z,177.48,176.48,0,55.2,122.28,55.2,54.2,NA,Unknown,Water level accuracy is unknown,1,Department of Water Resources,NA,308,County of Glenn
19939,395196N1222676W001,1749633,1965-02-15T00:00:00Z,177.48,176.48,0,55.9,121.58,55.9,54.9,NA,Unknown,Water level accuracy is unknown,1,Department of Water Resources,NA,308,County of Glenn
19939,395196N1222676W001,1749632,1965-01-19T00:00:00Z,177.48,176.48,0,56.7,120.78,56.7,55.7,NA,Unknown,Water level accuracy is unknown,1,Department of Water Resources,NA,308,County of Glenn
19939,395196N1222676W001,1749631,1964-12-17T00:00:00Z,177.48,176.48,0,57.8,119.68,57.8,56.8,NA,Unknown,Water level accuracy is unknown,1,Department of Water Resources,NA,308,County of Glenn
19939,395196N1222676W001,1749630,1964-11-23T00:00:00Z,177.48,176.48,0,58.6,118.88,58.6,57.6,NA,Unknown,Water level accuracy is unknown,1,Department of Water Resources,NA,308,County of Glenn
19939,395196N1222676W001,1749629,1964-10-19T00:00:00Z,177.48,176.48,0,60.6,116.88,60.6,59.6,NA,Unknown,Water level accuracy is unknown,1,Department of Water Resources,NA,308,County of Glenn
19939,395196N1222676W001,1749628,1964-09-17T00:00:00Z,177.48,176.48,0,60.5,116.98,60.5,59.5,NA,Unknown,Water level accuracy is unknown,1,Department of Water Resources,NA,308,County of Glenn
19939,395196N1222676W001,1749627,1964-08-20T00:00:00Z,177.48,176.48,0,64.2,113.28,64.2,63.2,NA,Unknown,Water level accuracy is unknown,1,Department of Water Resources,NA,308,County of Glenn
19939,395196N1222676W001,1749626,1964-07-20T00:00:00Z,177.48,176.48,0,61.9,115.58,61.9,60.9,NA,Unknown,Water level accuracy is unknown,1,Department of Water Resources,NA,308,County of Glenn
19939,395196N1222676W001,1749625,1964-06-18T00:00:00Z,177.48,176.48,0,76.2,101.28,76.2,75.2,Nearby pump operating,Unknown,Water level accuracy is unknown,1,Department of Water Resources,NA,308,County of Glenn
19939,395196N1222676W001,1749624,1964-05-18T00:00:00Z,177.48,176.48,0,59.4,118.08,59.4,58.4,NA,Unknown,Water level accuracy is unknown,1,Department of Water Resources,NA,308,County of Glenn
19939,395196N1222676W001,1749623,1964-04-21T00:00:00Z,177.48,176.48,0,54.6,122.88,54.6,53.6,NA,Unknown,Water level accuracy is unknown,1,Department of Water Resources,NA,308,County of Glenn
19939,395196N1222676W001,1749622,1964-03-18T00:00:00Z,177.48,176.48,0,55,122.48,55,54,NA,Unknown,Water level accuracy is unknown,1,Department of Water Resources,NA,308,County of Glenn
19939,395196N1222676W001,1749621,1964-02-18T00:00:00Z,177.48,176.48,0,53,124.48,53,52,NA,Unknown,Water level accuracy is unknown,1,Department of Water Resources,NA,308,County of Glenn
19939,395196N1222676W001,1749620,1964-01-21T00:00:00Z,177.48,176.48,0,51.7,125.78,51.7,50.7,NA,Unknown,Water level accuracy is unknown,1,Department of Water Resources,NA,308,County of Glenn
