STN_ID,SITE_CODE,WLM_ID,MSMT_DATE,WLM_RPE,WLM_GSE,RDNG_WS,RDNG_RP,WSE,RPE_WSE,GSE_WSE,WLM_QA_DESC,WLM_DESC,WLM_ACC_DESC,WLM_ORG_ID,WLM_ORG_NAME,MSMT_CMT,COOP_AGENCY_ORG_ID,COOP_ORG_NAME
20148,401076N1220630W001,2661021,2020-08-04T12:00:00Z,314.43,314.13,68.1,150,232.53,81.9,81.6,NA,Steel tape measurement,Water level accuracy to nearest tenth of a foot,1,Department of Water Resources,NA,1,Department of Water Resources
20148,401076N1220630W001,2540891,2020-03-10T12:00:00Z,314.43,314.13,74.2,155,233.63,80.8,80.5,NA,Steel tape measurement,Water level accuracy to nearest tenth of a foot,1,Department of Water Resources,NA,1,Department of Water Resources
20148,401076N1220630W001,2484161,2019-10-18T12:00:00Z,314.43,314.13,14,95,233.43,81,80.7,NA,Steel tape measurement,Water level accuracy to nearest tenth of a foot,1,Department of Water Resources,NA,1,Department of Water Resources
20148,401076N1220630W001,2472903,2019-08-02T12:00:00Z,314.43,314.13,14.4,95,233.83,80.6,80.3,NA,Steel tape measurement,Water level accuracy to nearest tenth of a foot,1,Department of Water Resources,NA,1,Department of Water Resources
20148,401076N1220630W001,2451091,2019-03-20T12:00:00Z,314.43,314.13,68,145,237.43,77,76.7,NA,Steel tape measurement,Water level accuracy to nearest hundredth of a foot,1,Department of Water Resources,NA,1,Department of Water Resources
20148,401076N1220630W001,2413511,2018-10-15T12:00:00Z,314.43,314.13,NA,NA,NA,NA,NA,Temporarily inaccessible,NA,NA,1,Department of Water Resources,RP blocked,1,Department of Water Resources
20148,401076N1220630W001,2308614,2018-08-09T12:00:00Z,314.43,314.13,NA,NA,NA,NA,NA,Temporarily inaccessible,NA,NA,1,Department of Water Resources,Couldn't remove cap,1,Department of Water Resources
20148,401076N1220630W001,2285410,2018-03-20T12:00:00Z,314.43,314.13,NA,NA,NA,NA,NA,Temporarily inaccessible,NA,NA,1,Department of Water Resources,Cows in pasture,1,Department of Water Resources
20148,401076N1220630W001,2267393,2017-10-11T12:00:00Z,314.43,314.13,53,135,232.43,82,81.7,NA,Steel tape measurement,Water level accuracy to nearest tenth of a foot,1,Department of Water Resources,NA,1,Department of Water Resources
20148,401076N1220630W001,2260610,2017-08-02T12:00:00Z,314.43,314.13,8.4,90,232.83,81.6,81.3,NA,Steel tape measurement,Water level accuracy to nearest tenth of a foot,1,Department of Water Resources,NA,1,Department of Water Resources
20148,401076N1220630W001,2235853,2017-03-17T12:00:00Z,314.43,314.13,0,80.7,233.73,80.7,80.4,NA,Electric sounder measurement,Water level accuracy to nearest tenth of a foot,1,Department of Water Resources,NA,1,Department of Water Resources
20148,401076N1220630W001,2215654,2016-10-10T12:00:00Z,314.43,314.13,0,82.7,231.73,82.7,82.4,NA,Electric sounder measurement,Water level accuracy to nearest tenth of a foot,1,Department of Water Resources,NA,1,Department of Water Resources
20148,401076N1220630W001,2205000,2016-08-02T00:00:00Z,314.43,314.13,0,82.3,232.13,82.3,82,NA,Electric sounder measurement,Water level accuracy to nearest tenth of a foot,1,Department of Water Resources,NA,1,Department of Water Resources
20148,401076N1220630W001,2198815,2016-06-07T00:00:00Z,314.43,314.13,0,82.1,232.33,82.1,81.8,NA,Electric sounder measurement,Water level accuracy to nearest tenth of a foot,1,Department of Water Resources,NA,1,Department of Water Resources
20148,401076N1220630W001,2184297,2016-03-15T00:00:00Z,314.43,314.13,0,83.2,231.23,83.2,82.9,NA,Electric sounder measurement,Water level accuracy to nearest tenth of a foot,1,Department of Water Resources,NA,1,Department of Water Resources
20148,401076N1220630W001,2162162,2015-10-12T00:00:00Z,314.43,314.13,0,86.4,228.03,86.4,86.1,NA,Electric sounder measurement,Water level accuracy to nearest tenth of a foot,1,Department of Water Resources,NA,1,Department of Water Resources
20148,401076N1220630W001,2148329,2015-08-03T00:00:00Z,314.43,314.13,0,88,226.43,88,87.7,NA,Electric sounder measurement,Water level accuracy to nearest tenth of a foot,1,Department of Water Resources,NA,1,Department of Water Resources
20148,401076N1220630W001,2141772,2015-06-03T00:00:00Z,314.43,314.13,9.7,95,229.13,85.3,85,NA,Steel tape measurement,Water level accuracy to nearest tenth of a foot,1,Department of Water Resources,NA,1,Department of Water Resources
20148,401076N1220630W001,2119157,2015-03-17T00:00:00Z,314.43,314.13,0,81.5,232.93,81.5,81.2,NA,Electric sounder measurement,Water level accuracy to nearest tenth of a foot,1,Department of Water Resources,NA,1,Department of Water Resources
20148,401076N1220630W001,2021506,2014-10-13T00:00:00Z,314.43,314.13,0,86,228.43,86,85.7,NA,Electric sounder measurement,Water level accuracy to nearest tenth of a foot,1,Department of Water Resources,NA,1,Department of Water Resources
20148,401076N1220630W001,1995287,2014-08-07T00:00:00Z,314.43,314.13,0,84.95,229.48,84.95,84.65,NA,Electric sounder measurement,Water level accuracy to nearest tenth of a foot,1,Department of Water Resources,NA,1,Department of Water Resources
20148,401076N1220630W001,1879614,2014-03-20T00:00:00Z,314.43,314.13,0,79.5,234.93,79.5,79.2,NA,Electric sounder measurement,Water level accuracy to nearest tenth of a foot,1,Department of Water Resources,NA,1,Department of Water Resources
20148,401076N1220630W001,1797920,2013-10-18T00:00:00Z,314.43,314.13,0,79.9,234.53,79.9,79.6,NA,Electric sounder measurement,Water level accuracy to nearest tenth of a foot,1,Department of Water Resources,NA,1,Department of Water Resources
20148,401076N1220630W001,1744279,2013-07-30T00:00:00Z,314.43,314.13,0,79.4,235.03,79.4,79.1,NA,Electric sounder measurement,Water level accuracy to nearest tenth of a foot,1,Department of Water Resources,NA,1,Department of Water Resources
20148,401076N1220630W001,1684820,2013-03-19T00:00:00Z,314.43,314.13,0,78.35,236.08,78.35,78.05,NA,Electric sounder measurement,Water level accuracy to nearest tenth of a foot,1,Department of Water Resources,NA,1,Department of Water Resources
20148,401076N1220630W001,69644,2012-10-16T00:00:00Z,314.43,314.13,-1,78,235.43,79,78.7,NA,Steel tape measurement,Water level accuracy to nearest tenth of a foot,1,Department of Water Resources,NA,1,Department of Water Resources
20148,401076N1220630W001,63112,2012-08-02T00:00:00Z,314.43,314.13,0,78.2,236.23,78.2,77.9,NA,Electric sounder measurement,Water level accuracy to nearest tenth of a foot,1,Department of Water Resources,NA,1,Department of Water Resources
20148,401076N1220630W001,57646,2012-03-29T00:00:00Z,314.43,314.13,0,77.6,236.83,77.6,77.3,NA,Electric sounder measurement,Water level accuracy to nearest hundredth of a foot,1,Department of Water Resources,NA,1,Department of Water Resources
20148,401076N1220630W001,40879,2011-10-10T00:00:00Z,314.43,314.13,0,77.3,237.13,77.3,77,NA,Electric sounder measurement,Water level accuracy to nearest hundredth of a foot,1,Department of Water Resources,NA,1,Department of Water Resources
20148,401076N1220630W001,866243,2011-10-10T00:00:00Z,314.43,314.13,0,77.3,237.13,77.3,77,NA,Unknown,Water level accuracy is unknown,1,Department of Water Resources,NA,1,Department of Water Resources
20148,401076N1220630W001,866242,2011-08-04T00:00:00Z,314.43,314.13,0,77.4,237.03,77.4,77.1,NA,Unknown,Water level accuracy is unknown,1,Department of Water Resources,NA,1,Department of Water Resources
20148,401076N1220630W001,866241,2011-04-06T00:00:00Z,314.43,314.13,0,77.4,237.03,77.4,77.1,NA,Unknown,Water level accuracy is unknown,1,Department of Water Resources,NA,1,Department of Water Resources
20148,401076N1220630W001,866240,2010-10-20T00:00:00Z,314.43,314.13,0,78.5,235.93,78.5,78.2,NA,Unknown,Water level accuracy is unknown,1,Department of Water Resources,NA,1,Department of Water Resources
20148,401076N1220630W001,866239,2010-08-04T00:00:00Z,314.43,314.13,0,78,236.43,78,77.7,NA,Unknown,Water level accuracy is unknown,1,Department of Water Resources,NA,1,Department of Water Resources
20148,401076N1220630W001,866238,2010-03-24T00:00:00Z,314.43,314.13,0,78.1,236.33,78.1,77.8,NA,Unknown,Water level accuracy is unknown,1,Department of Water Resources,NA,1,Department of Water Resources
20148,401076N1220630W001,866237,2009-10-22T00:00:00Z,314.43,314.13,0,79.6,234.83,79.6,79.3,NA,Unknown,Water level accuracy is unknown,1,Department of Water Resources,NA,1,Department of Water Resources
20148,401076N1220630W001,866236,2009-09-14T00:00:00Z,314.43,314.13,0,80.9,233.53,80.9,80.6,NA,Unknown,Water level accuracy is unknown,1,Department of Water Resources,NA,1,Department of Water Resources
20148,401076N1220630W001,866235,2009-08-10T00:00:00Z,314.43,314.13,0,78.4,236.03,78.4,78.1,NA,Unknown,Water level accuracy is unknown,1,Department of Water Resources,NA,1,Department of Water Resources
20148,401076N1220630W001,866234,2009-06-24T00:00:00Z,314.43,314.13,0,77.6,236.83,77.6,77.3,NA,Unknown,Water level accuracy is unknown,1,Department of Water Resources,NA,1,Department of Water Resources
20148,401076N1220630W001,866233,2009-05-13T00:00:00Z,314.43,314.13,0,77.3,237.13,77.3,77,NA,Unknown,Water level accuracy is unknown,1,Department of Water Resources,NA,1,Department of Water Resources
20148,401076N1220630W001,866232,2009-03-24T00:00:00Z,314.43,314.13,0,77.6,236.83,77.6,77.3,NA,Unknown,Water level accuracy is unknown,1,Department of Water Resources,NA,1,Department of Water Resources
20148,401076N1220630W001,866231,2009-01-15T00:00:00Z,314.43,314.13,0,77.9,236.53,77.9,77.6,NA,Unknown,Water level accuracy is unknown,1,Department of Water Resources,NA,1,Department of Water Resources
20148,401076N1220630W001,866230,2008-10-22T00:00:00Z,314.43,314.13,0,78.9,235.53,78.9,78.6,NA,Unknown,Water level accuracy is unknown,1,Department of Water Resources,NA,1,Department of Water Resources
20148,401076N1220630W001,866229,2008-08-05T00:00:00Z,314.43,314.13,0,78,236.43,78,77.7,NA,Unknown,Water level accuracy is unknown,1,Department of Water Resources,NA,1,Department of Water Resources
20148,401076N1220630W001,866228,2008-03-14T00:00:00Z,314.43,314.13,0,75.8,238.63,75.8,75.5,NA,Unknown,Water level accuracy is unknown,1,Department of Water Resources,NA,1,Department of Water Resources
20148,401076N1220630W001,866227,2007-11-27T00:00:00Z,314.43,314.13,0,76.4,238.03,76.4,76.1,NA,Unknown,Water level accuracy is unknown,1,Department of Water Resources,NA,1,Department of Water Resources
20148,401076N1220630W001,866226,2007-10-19T00:00:00Z,314.43,314.13,0,76.3,238.13,76.3,76,NA,Unknown,Water level accuracy is unknown,1,Department of Water Resources,NA,1,Department of Water Resources
20148,401076N1220630W001,866225,2007-10-18T00:00:00Z,314.43,314.13,0,76.6,237.83,76.6,76.3,NA,Unknown,Water level accuracy is unknown,1,Department of Water Resources,NA,1,Department of Water Resources
20148,401076N1220630W001,866224,2007-09-28T00:00:00Z,314.43,314.13,0,76.31,238.12,76.31,76.01,NA,Unknown,Water level accuracy is unknown,1,Department of Water Resources,NA,1,Department of Water Resources
20148,401076N1220630W001,866223,2007-08-31T00:00:00Z,314.43,314.13,0,76.3,238.13,76.3,76,NA,Unknown,Water level accuracy is unknown,1,Department of Water Resources,NA,1,Department of Water Resources
20148,401076N1220630W001,866222,2007-08-08T00:00:00Z,314.43,314.13,0,75.7,238.73,75.7,75.4,NA,Unknown,Water level accuracy is unknown,1,Department of Water Resources,NA,1,Department of Water Resources
20148,401076N1220630W001,866221,2007-07-25T00:00:00Z,314.43,314.13,0,75.5,238.93,75.5,75.2,NA,Unknown,Water level accuracy is unknown,1,Department of Water Resources,NA,1,Department of Water Resources
20148,401076N1220630W001,866220,2007-06-28T00:00:00Z,314.43,314.13,0,75,239.43,75,74.7,NA,Unknown,Water level accuracy is unknown,1,Department of Water Resources,NA,1,Department of Water Resources
20148,401076N1220630W001,866219,2007-05-22T00:00:00Z,314.43,314.13,0,74.7,239.73,74.7,74.4,NA,Unknown,Water level accuracy is unknown,1,Department of Water Resources,NA,1,Department of Water Resources
20148,401076N1220630W001,866218,2007-04-25T00:00:00Z,314.43,314.13,0,74.6,239.83,74.6,74.3,NA,Unknown,Water level accuracy is unknown,1,Department of Water Resources,NA,1,Department of Water Resources
20148,401076N1220630W001,866217,2007-03-21T00:00:00Z,314.43,314.13,0,74.6,239.83,74.6,74.3,NA,Unknown,Water level accuracy is unknown,1,Department of Water Resources,NA,1,Department of Water Resources
20148,401076N1220630W001,866216,2007-02-20T00:00:00Z,314.43,314.13,0,74.7,239.73,74.7,74.4,NA,Unknown,Water level accuracy is unknown,1,Department of Water Resources,NA,1,Department of Water Resources
20148,401076N1220630W001,866215,2007-01-29T00:00:00Z,314.43,314.13,0,74,240.43,74,73.7,NA,Unknown,Water level accuracy is unknown,1,Department of Water Resources,NA,1,Department of Water Resources
20148,401076N1220630W001,866214,2006-12-29T00:00:00Z,314.43,314.13,0,75,239.43,75,74.7,NA,Unknown,Water level accuracy is unknown,1,Department of Water Resources,NA,1,Department of Water Resources
20148,401076N1220630W001,866212,2006-11-20T00:00:00Z,314.43,314.13,0,75,239.43,75,74.7,NA,Unknown,Water level accuracy is unknown,1,Department of Water Resources,NA,1,Department of Water Resources
20148,401076N1220630W001,866213,2006-10-12T00:00:00Z,314.43,314.13,0,75.1,239.33,75.1,74.8,NA,Unknown,Water level accuracy is unknown,1,Department of Water Resources,NA,1,Department of Water Resources
20148,401076N1220630W001,866210,2006-09-21T00:00:00Z,314.43,314.13,0,75,239.43,75,74.7,NA,Unknown,Water level accuracy is unknown,1,Department of Water Resources,NA,1,Department of Water Resources
20148,401076N1220630W001,866209,2006-08-18T00:00:00Z,314.43,314.13,0,74.8,239.63,74.8,74.5,NA,Unknown,Water level accuracy is unknown,1,Department of Water Resources,NA,1,Department of Water Resources
20148,401076N1220630W001,866211,2006-08-01T00:00:00Z,314.43,314.13,0,74.7,239.73,74.7,74.4,NA,Unknown,Water level accuracy is unknown,1,Department of Water Resources,NA,1,Department of Water Resources
20148,401076N1220630W001,866208,2006-07-21T00:00:00Z,314.43,314.13,0,73.6,240.83,73.6,73.3,NA,Unknown,Water level accuracy is unknown,1,Department of Water Resources,NA,1,Department of Water Resources
20148,401076N1220630W001,866207,2006-06-29T00:00:00Z,314.43,314.13,0,74.5,239.93,74.5,74.2,NA,Unknown,Water level accuracy is unknown,1,Department of Water Resources,NA,1,Department of Water Resources
20148,401076N1220630W001,866206,2006-06-02T00:00:00Z,314.43,314.13,0,76.1,238.33,76.1,75.8,NA,Unknown,Water level accuracy is unknown,1,Department of Water Resources,NA,1,Department of Water Resources
20148,401076N1220630W001,866205,2006-04-20T00:00:00Z,314.43,314.13,0,74.3,240.13,74.3,74,NA,Unknown,Water level accuracy is unknown,1,Department of Water Resources,NA,1,Department of Water Resources
20148,401076N1220630W001,866196,2006-03-28T00:00:00Z,314.43,314.13,0,74.3,240.13,74.3,74,NA,Unknown,Water level accuracy is unknown,1,Department of Water Resources,NA,1,Department of Water Resources
20148,401076N1220630W001,866204,2006-03-23T00:00:00Z,314.43,314.13,0,74.9,239.53,74.9,74.6,NA,Unknown,Water level accuracy is unknown,1,Department of Water Resources,NA,1,Department of Water Resources
20148,401076N1220630W001,866203,2006-02-21T00:00:00Z,314.43,314.13,0,75.1,239.33,75.1,74.8,NA,Unknown,Water level accuracy is unknown,1,Department of Water Resources,NA,1,Department of Water Resources
20148,401076N1220630W001,866202,2006-01-20T00:00:00Z,314.43,314.13,0,75.5,238.93,75.5,75.2,NA,Unknown,Water level accuracy is unknown,1,Department of Water Resources,NA,1,Department of Water Resources
20148,401076N1220630W001,866201,2005-12-15T00:00:00Z,314.43,314.13,0,75.7,238.73,75.7,75.4,NA,Unknown,Water level accuracy is unknown,1,Department of Water Resources,NA,1,Department of Water Resources
20148,401076N1220630W001,866200,2005-11-10T00:00:00Z,314.43,314.13,0,75.9,238.53,75.9,75.6,NA,Unknown,Water level accuracy is unknown,1,Department of Water Resources,NA,1,Department of Water Resources
20148,401076N1220630W001,866194,2005-10-18T00:00:00Z,314.43,314.13,0,75.8,238.63,75.8,75.5,NA,Unknown,Water level accuracy is unknown,1,Department of Water Resources,NA,1,Department of Water Resources
20148,401076N1220630W001,866199,2005-09-30T00:00:00Z,314.43,314.13,0,76,238.43,76,75.7,NA,Unknown,Water level accuracy is unknown,1,Department of Water Resources,NA,1,Department of Water Resources
20148,401076N1220630W001,866198,2005-08-31T00:00:00Z,314.43,314.13,0,75.7,238.73,75.7,75.4,NA,Unknown,Water level accuracy is unknown,1,Department of Water Resources,NA,1,Department of Water Resources
20148,401076N1220630W001,866195,2005-08-02T00:00:00Z,314.43,314.13,0,75,239.43,75,74.7,NA,Unknown,Water level accuracy is unknown,1,Department of Water Resources,NA,5164,Tehama County Flood Control & Water Conservation District
20148,401076N1220630W001,866197,2005-07-27T00:00:00Z,314.43,314.13,0,75.4,239.03,75.4,75.1,NA,Unknown,Water level accuracy is unknown,1,Department of Water Resources,NA,1,Department of Water Resources
20148,401076N1220630W001,866193,2005-03-28T00:00:00Z,314.43,314.13,0,75.3,239.13,75.3,75,NA,Unknown,Water level accuracy is unknown,1,Department of Water Resources,NA,1,Department of Water Resources
20148,401076N1220630W001,866192,2004-10-22T00:00:00Z,314.43,314.13,0,76.4,238.03,76.4,76.1,NA,Unknown,Water level accuracy is unknown,1,Department of Water Resources,NA,1,Department of Water Resources
20148,401076N1220630W001,866191,2004-07-30T00:00:00Z,314.43,314.13,0,75.8,238.63,75.8,75.5,NA,Unknown,Water level accuracy is unknown,1,Department of Water Resources,NA,1,Department of Water Resources
20148,401076N1220630W001,866190,2004-03-31T00:00:00Z,314.43,314.13,0,75.5,238.93,75.5,75.2,NA,Unknown,Water level accuracy is unknown,1,Department of Water Resources,ROCK GONE FROM TOC,1,Department of Water Resources
20148,401076N1220630W001,866189,2003-10-13T00:00:00Z,314.43,314.13,0,76.6,237.83,76.6,76.3,NA,Unknown,Water level accuracy is unknown,1,Department of Water Resources,NA,1,Department of Water Resources
20148,401076N1220630W001,866188,2003-07-22T00:00:00Z,314.43,314.13,0,75.8,238.63,75.8,75.5,NA,Unknown,Water level accuracy is unknown,1,Department of Water Resources,NA,1,Department of Water Resources
20148,401076N1220630W001,866187,2003-03-11T00:00:00Z,314.43,314.13,0,80.6,233.83,80.6,80.3,NA,Unknown,Water level accuracy is unknown,1,Department of Water Resources,NA,1,Department of Water Resources
20148,401076N1220630W001,866185,2002-10-15T00:00:00Z,314.43,314.13,0,76.6,237.83,76.6,76.3,NA,Unknown,Water level accuracy is unknown,1,Department of Water Resources,NA,1,Department of Water Resources
20148,401076N1220630W001,866186,2002-08-22T00:00:00Z,314.43,314.13,0,78.9,235.53,78.9,78.6,NA,Unknown,Water level accuracy is unknown,1,Department of Water Resources,NA,1,Department of Water Resources
20148,401076N1220630W001,866184,2002-07-26T00:00:00Z,314.43,314.13,0,75.9,238.53,75.9,75.6,NA,Unknown,Water level accuracy is unknown,1,Department of Water Resources,NA,1,Department of Water Resources
20148,401076N1220630W001,866183,2002-03-26T00:00:00Z,314.43,314.13,0,75.4,239.03,75.4,75.1,NA,Unknown,Water level accuracy is unknown,1,Department of Water Resources,NA,1,Department of Water Resources
20148,401076N1220630W001,866182,2001-10-09T00:00:00Z,314.43,314.13,0,76.3,238.13,76.3,76,NA,Unknown,Water level accuracy is unknown,1,Department of Water Resources,NA,1,Department of Water Resources
20148,401076N1220630W001,866181,2001-08-16T00:00:00Z,314.43,314.13,0,74.9,239.53,74.9,74.6,NA,Unknown,Water level accuracy is unknown,1,Department of Water Resources,SOUNDER,5164,Tehama County Flood Control & Water Conservation District
20148,401076N1220630W001,866180,2001-07-27T00:00:00Z,314.43,314.13,0,74.4,240.03,74.4,74.1,NA,Unknown,Water level accuracy is unknown,1,Department of Water Resources,SOUNDER,5164,Tehama County Flood Control & Water Conservation District
20148,401076N1220630W001,866179,2001-03-20T00:00:00Z,314.43,314.13,0,74.7,239.73,74.7,74.4,NA,Unknown,Water level accuracy is unknown,1,Department of Water Resources,NA,1,Department of Water Resources
20148,401076N1220630W001,866178,2000-10-12T00:00:00Z,314.43,314.13,0,85.5,228.93,85.5,85.2,NA,Unknown,Water level accuracy is unknown,1,Department of Water Resources,NA,1,Department of Water Resources
20148,401076N1220630W001,866177,2000-03-20T00:00:00Z,314.43,314.13,0,74.4,240.03,74.4,74.1,NA,Unknown,Water level accuracy is unknown,1,Department of Water Resources,NA,1,Department of Water Resources
20148,401076N1220630W001,866173,1999-10-07T00:00:00Z,314.43,314.13,0,75.4,239.03,75.4,75.1,NA,Unknown,Water level accuracy is unknown,1,Department of Water Resources,NA,1,Department of Water Resources
20148,401076N1220630W001,866176,1999-08-16T00:00:00Z,314.43,314.13,0,75.2,239.23,75.2,74.9,NA,Unknown,Water level accuracy is unknown,1,Department of Water Resources,NA,1,Department of Water Resources
20148,401076N1220630W001,866175,1999-07-25T00:00:00Z,314.43,314.13,0,74.7,239.73,74.7,74.4,NA,Unknown,Water level accuracy is unknown,1,Department of Water Resources,NA,1,Department of Water Resources
20148,401076N1220630W001,866174,1999-03-09T00:00:00Z,314.43,314.13,NA,NA,NA,NA,NA,Special/Other,NA,NA,1,Department of Water Resources,NA,1,Department of Water Resources
20148,401076N1220630W001,866171,1998-10-06T00:00:00Z,314.43,314.13,0,75.5,238.93,75.5,75.2,NA,Unknown,Water level accuracy is unknown,1,Department of Water Resources,NA,1,Department of Water Resources
20148,401076N1220630W001,866172,1998-03-11T00:00:00Z,314.43,314.13,0,75.9,238.53,75.9,75.6,NA,Unknown,Water level accuracy is unknown,1,Department of Water Resources,NA,1,Department of Water Resources
20148,401076N1220630W001,866170,1997-10-06T00:00:00Z,314.43,314.13,0,77.1,237.33,77.1,76.8,NA,Unknown,Water level accuracy is unknown,1,Department of Water Resources,NA,1,Department of Water Resources
20148,401076N1220630W001,866169,1997-03-05T00:00:00Z,314.43,314.13,0,76.6,237.83,76.6,76.3,NA,Unknown,Water level accuracy is unknown,1,Department of Water Resources,NA,1,Department of Water Resources
20148,401076N1220630W001,866168,1996-10-17T00:00:00Z,314.43,314.13,0,77.6,236.83,77.6,77.3,NA,Unknown,Water level accuracy is unknown,1,Department of Water Resources,NA,1,Department of Water Resources
20148,401076N1220630W001,866167,1996-03-25T00:00:00Z,314.43,314.13,0,77.1,237.33,77.1,76.8,NA,Unknown,Water level accuracy is unknown,1,Department of Water Resources,NA,1,Department of Water Resources
20148,401076N1220630W001,866166,1995-10-05T00:00:00Z,314.43,314.13,0,78.2,236.23,78.2,77.9,NA,Unknown,Water level accuracy is unknown,1,Department of Water Resources,NA,1,Department of Water Resources
20148,401076N1220630W001,866165,1995-04-18T00:00:00Z,314.43,314.13,0,73.2,241.23,73.2,72.9,NA,Unknown,Water level accuracy is unknown,1,Department of Water Resources,NA,1,Department of Water Resources
20148,401076N1220630W001,866164,1995-03-12T00:00:00Z,314.43,314.13,0,79.2,235.23,79.2,78.9,NA,Unknown,Water level accuracy is unknown,1,Department of Water Resources,NA,1,Department of Water Resources
20148,401076N1220630W001,866163,1994-10-25T00:00:00Z,314.43,314.13,0,82.1,232.33,82.1,81.8,NA,Unknown,Water level accuracy is unknown,1,Department of Water Resources,NA,1,Department of Water Resources
20148,401076N1220630W001,866162,1994-03-18T00:00:00Z,314.43,314.13,0,77.5,236.93,77.5,77.2,NA,Unknown,Water level accuracy is unknown,1,Department of Water Resources,NA,1,Department of Water Resources
20148,401076N1220630W001,866161,1993-10-12T00:00:00Z,314.43,314.13,0,79.4,235.03,79.4,79.1,NA,Unknown,Water level accuracy is unknown,1,Department of Water Resources,NA,1,Department of Water Resources
20148,401076N1220630W001,866160,1993-03-17T00:00:00Z,314.43,314.13,0,79,235.43,79,78.7,NA,Unknown,Water level accuracy is unknown,1,Department of Water Resources,NA,1,Department of Water Resources
20148,401076N1220630W001,866159,1992-10-15T00:00:00Z,314.43,314.13,0,83.4,231.03,83.4,83.1,NA,Unknown,Water level accuracy is unknown,1,Department of Water Resources,NA,1,Department of Water Resources
20148,401076N1220630W001,866158,1992-09-26T00:00:00Z,314.43,314.13,0,83.6,230.83,83.6,83.3,NA,Unknown,Water level accuracy is unknown,1,Department of Water Resources,NA,1,Department of Water Resources
20148,401076N1220630W001,866157,1992-09-19T00:00:00Z,314.43,314.13,0,83.6,230.83,83.6,83.3,NA,Unknown,Water level accuracy is unknown,1,Department of Water Resources,NA,1,Department of Water Resources
20148,401076N1220630W001,866156,1992-08-27T00:00:00Z,314.43,314.13,0,82.9,231.53,82.9,82.6,NA,Unknown,Water level accuracy is unknown,1,Department of Water Resources,NA,1,Department of Water Resources
20148,401076N1220630W001,866155,1992-08-19T00:00:00Z,314.43,314.13,0,82.5,231.93,82.5,82.2,NA,Unknown,Water level accuracy is unknown,1,Department of Water Resources,NA,1,Department of Water Resources
20148,401076N1220630W001,866154,1992-08-15T00:00:00Z,314.43,314.13,0,82.3,232.13,82.3,82,NA,Unknown,Water level accuracy is unknown,1,Department of Water Resources,NA,1,Department of Water Resources
20148,401076N1220630W001,866153,1992-08-14T00:00:00Z,314.43,314.13,0,82.3,232.13,82.3,82,NA,Unknown,Water level accuracy is unknown,1,Department of Water Resources,NA,1,Department of Water Resources
20148,401076N1220630W001,866152,1992-08-10T00:00:00Z,314.43,314.13,0,81.9,232.53,81.9,81.6,NA,Unknown,Water level accuracy is unknown,1,Department of Water Resources,NA,1,Department of Water Resources
20148,401076N1220630W001,866151,1992-07-31T00:00:00Z,314.43,314.13,0,81.3,233.13,81.3,81,NA,Unknown,Water level accuracy is unknown,1,Department of Water Resources,NA,1,Department of Water Resources
20148,401076N1220630W001,866150,1992-07-23T00:00:00Z,314.43,314.13,0,79.6,234.83,79.6,79.3,NA,Unknown,Water level accuracy is unknown,1,Department of Water Resources,NA,1,Department of Water Resources
20148,401076N1220630W001,866149,1992-07-22T00:00:00Z,314.43,314.13,0,78.7,235.73,78.7,78.4,NA,Unknown,Water level accuracy is unknown,1,Department of Water Resources,NA,1,Department of Water Resources
20148,401076N1220630W001,866148,1992-07-15T00:00:00Z,314.43,314.13,0,78.8,235.63,78.8,78.5,NA,Unknown,Water level accuracy is unknown,1,Department of Water Resources,NA,1,Department of Water Resources
20148,401076N1220630W001,866147,1992-03-10T00:00:00Z,314.43,314.13,0,78.8,235.63,78.8,78.5,NA,Unknown,Water level accuracy is unknown,1,Department of Water Resources,NA,1,Department of Water Resources
20148,401076N1220630W001,866146,1991-12-16T00:00:00Z,314.43,314.13,0,79.9,234.53,79.9,79.6,NA,Unknown,Water level accuracy is unknown,1,Department of Water Resources,NA,1,Department of Water Resources
20148,401076N1220630W001,866145,1991-10-28T00:00:00Z,314.43,314.13,0,81,233.43,81,80.7,NA,Unknown,Water level accuracy is unknown,1,Department of Water Resources,NA,1,Department of Water Resources
20148,401076N1220630W001,866144,1991-10-21T00:00:00Z,314.43,314.13,0,81,233.43,81,80.7,NA,Unknown,Water level accuracy is unknown,1,Department of Water Resources,NA,1,Department of Water Resources
20148,401076N1220630W001,866143,1991-10-15T00:00:00Z,314.43,314.13,0,82.1,232.33,82.1,81.8,NA,Unknown,Water level accuracy is unknown,1,Department of Water Resources,NA,1,Department of Water Resources
20148,401076N1220630W001,866142,1991-10-11T00:00:00Z,314.43,314.13,0,83.1,231.33,83.1,82.8,NA,Unknown,Water level accuracy is unknown,1,Department of Water Resources,NA,1,Department of Water Resources
20148,401076N1220630W001,866141,1991-10-10T00:00:00Z,314.43,314.13,0,83.2,231.23,83.2,82.9,NA,Unknown,Water level accuracy is unknown,1,Department of Water Resources,NA,1,Department of Water Resources
20148,401076N1220630W001,866140,1991-10-09T00:00:00Z,314.43,314.13,0,83.2,231.23,83.2,82.9,NA,Unknown,Water level accuracy is unknown,1,Department of Water Resources,NA,1,Department of Water Resources
20148,401076N1220630W001,866139,1991-10-08T00:00:00Z,314.43,314.13,0,83,231.43,83,82.7,NA,Unknown,Water level accuracy is unknown,1,Department of Water Resources,NA,1,Department of Water Resources
20148,401076N1220630W001,866138,1991-10-07T00:00:00Z,314.43,314.13,0,83,231.43,83,82.7,NA,Unknown,Water level accuracy is unknown,1,Department of Water Resources,NA,1,Department of Water Resources
20148,401076N1220630W001,866137,1991-10-06T00:00:00Z,314.43,314.13,0,83.1,231.33,83.1,82.8,NA,Unknown,Water level accuracy is unknown,1,Department of Water Resources,NA,1,Department of Water Resources
20148,401076N1220630W001,866136,1991-10-05T00:00:00Z,314.43,314.13,0,83,231.43,83,82.7,NA,Unknown,Water level accuracy is unknown,1,Department of Water Resources,NA,1,Department of Water Resources
20148,401076N1220630W001,866135,1991-10-04T00:00:00Z,314.43,314.13,0,82.9,231.53,82.9,82.6,NA,Unknown,Water level accuracy is unknown,1,Department of Water Resources,NA,1,Department of Water Resources
20148,401076N1220630W001,866134,1991-10-03T00:00:00Z,314.43,314.13,0,82.9,231.53,82.9,82.6,NA,Unknown,Water level accuracy is unknown,1,Department of Water Resources,NA,1,Department of Water Resources
20148,401076N1220630W001,866133,1991-10-02T00:00:00Z,314.43,314.13,0,82.8,231.63,82.8,82.5,NA,Unknown,Water level accuracy is unknown,1,Department of Water Resources,NA,1,Department of Water Resources
20148,401076N1220630W001,866132,1991-10-01T00:00:00Z,314.43,314.13,0,82.9,231.53,82.9,82.6,NA,Unknown,Water level accuracy is unknown,1,Department of Water Resources,NA,1,Department of Water Resources
20148,401076N1220630W001,866131,1991-09-29T00:00:00Z,314.43,314.13,0,82.8,231.63,82.8,82.5,NA,Unknown,Water level accuracy is unknown,1,Department of Water Resources,NA,1,Department of Water Resources
20148,401076N1220630W001,866130,1991-09-28T00:00:00Z,314.43,314.13,0,82.7,231.73,82.7,82.4,NA,Unknown,Water level accuracy is unknown,1,Department of Water Resources,NA,1,Department of Water Resources
20148,401076N1220630W001,866129,1991-03-11T00:00:00Z,314.43,314.13,0,77,237.43,77,76.7,NA,Unknown,Water level accuracy is unknown,1,Department of Water Resources,NA,1,Department of Water Resources
20148,401076N1220630W001,866128,1990-12-12T00:00:00Z,314.43,314.13,0,75.7,238.73,75.7,75.4,NA,Unknown,Water level accuracy is unknown,1,Department of Water Resources,NA,1,Department of Water Resources
20148,401076N1220630W001,866127,1990-10-03T00:00:00Z,314.43,314.13,0,76.5,237.93,76.5,76.2,NA,Unknown,Water level accuracy is unknown,1,Department of Water Resources,NA,1,Department of Water Resources
20148,401076N1220630W001,866126,1990-03-22T00:00:00Z,314.43,314.13,0,75,239.43,75,74.7,NA,Unknown,Water level accuracy is unknown,1,Department of Water Resources,NA,1,Department of Water Resources
20148,401076N1220630W001,866125,1989-10-18T00:00:00Z,314.43,314.13,0,75.5,238.93,75.5,75.2,NA,Unknown,Water level accuracy is unknown,1,Department of Water Resources,NA,1,Department of Water Resources
20148,401076N1220630W001,866124,1989-03-15T00:00:00Z,314.43,314.13,0,76.9,237.53,76.9,76.6,NA,Unknown,Water level accuracy is unknown,1,Department of Water Resources,NA,1,Department of Water Resources
20148,401076N1220630W001,866123,1988-10-25T00:00:00Z,314.43,314.13,0,75.2,239.23,75.2,74.9,NA,Unknown,Water level accuracy is unknown,1,Department of Water Resources,NA,1,Department of Water Resources
20148,401076N1220630W001,866122,1988-03-08T00:00:00Z,314.43,314.13,0,74.4,240.03,74.4,74.1,NA,Unknown,Water level accuracy is unknown,1,Department of Water Resources,NA,1,Department of Water Resources
20148,401076N1220630W001,866121,1987-11-05T00:00:00Z,314.43,314.13,0,74.9,239.53,74.9,74.6,NA,Unknown,Water level accuracy is unknown,1,Department of Water Resources,NA,1,Department of Water Resources
20148,401076N1220630W001,866120,1987-03-16T00:00:00Z,314.43,314.13,0,73.5,240.93,73.5,73.2,NA,Unknown,Water level accuracy is unknown,1,Department of Water Resources,NA,1,Department of Water Resources
20148,401076N1220630W001,866119,1986-10-16T00:00:00Z,314.43,314.13,0,74,240.43,74,73.7,Other,Unknown,Water level accuracy is unknown,1,Department of Water Resources,NA,1,Department of Water Resources
20148,401076N1220630W001,866118,1986-03-06T00:00:00Z,314.43,314.13,0,73.7,240.73,73.7,73.4,NA,Unknown,Water level accuracy is unknown,1,Department of Water Resources,NA,1,Department of Water Resources
20148,401076N1220630W001,866117,1985-10-16T00:00:00Z,314.43,314.13,0,74.5,239.93,74.5,74.2,Other,Unknown,Water level accuracy is unknown,1,Department of Water Resources,NA,1,Department of Water Resources
20148,401076N1220630W001,866116,1985-03-06T00:00:00Z,314.43,314.13,0,77.8,236.63,77.8,77.5,NA,Unknown,Water level accuracy is unknown,1,Department of Water Resources,NA,1,Department of Water Resources
20148,401076N1220630W001,866115,1984-10-17T00:00:00Z,314.43,314.13,0,73.9,240.53,73.9,73.6,NA,Unknown,Water level accuracy is unknown,1,Department of Water Resources,NA,1,Department of Water Resources
20148,401076N1220630W001,866114,1984-03-13T00:00:00Z,314.43,314.13,0,68,246.43,68,67.7,NA,Unknown,Water level accuracy is unknown,1,Department of Water Resources,NA,1,Department of Water Resources
20148,401076N1220630W001,866113,1983-10-07T00:00:00Z,314.43,314.13,NA,NA,NA,NA,NA,Temporarily inaccessible,NA,NA,1,Department of Water Resources,NA,1,Department of Water Resources
20148,401076N1220630W001,866112,1983-03-21T00:00:00Z,314.43,314.13,0,73.8,240.63,73.8,73.5,NA,Unknown,Water level accuracy is unknown,1,Department of Water Resources,NA,1,Department of Water Resources
20148,401076N1220630W001,866111,1982-10-06T00:00:00Z,314.43,314.13,0,75.7,238.73,75.7,75.4,NA,Unknown,Water level accuracy is unknown,1,Department of Water Resources,NA,1,Department of Water Resources
20148,401076N1220630W001,866110,1982-03-11T00:00:00Z,314.43,314.13,0,75.2,239.23,75.2,74.9,NA,Unknown,Water level accuracy is unknown,1,Department of Water Resources,NA,1,Department of Water Resources
20148,401076N1220630W001,866109,1981-10-13T00:00:00Z,314.43,314.13,0,76.6,237.83,76.6,76.3,NA,Unknown,Water level accuracy is unknown,1,Department of Water Resources,NA,1,Department of Water Resources
20148,401076N1220630W001,866108,1981-03-13T00:00:00Z,314.43,314.13,0,75.2,239.23,75.2,74.9,NA,Unknown,Water level accuracy is unknown,1,Department of Water Resources,NA,1,Department of Water Resources
20148,401076N1220630W001,866107,1980-10-22T00:00:00Z,314.43,314.13,0,76.1,238.33,76.1,75.8,NA,Unknown,Water level accuracy is unknown,1,Department of Water Resources,NA,1,Department of Water Resources
20148,401076N1220630W001,866106,1980-03-19T00:00:00Z,314.43,314.13,0,75.7,238.73,75.7,75.4,NA,Unknown,Water level accuracy is unknown,1,Department of Water Resources,NA,1,Department of Water Resources
20148,401076N1220630W001,866105,1979-10-29T00:00:00Z,314.43,314.13,0,77,237.43,77,76.7,NA,Unknown,Water level accuracy is unknown,1,Department of Water Resources,NA,1,Department of Water Resources
20148,401076N1220630W001,866104,1979-03-19T00:00:00Z,314.43,314.13,0,75.6,238.83,75.6,75.3,NA,Unknown,Water level accuracy is unknown,1,Department of Water Resources,NA,1,Department of Water Resources
20148,401076N1220630W001,866103,1978-10-30T00:00:00Z,314.43,314.13,0,76.5,237.93,76.5,76.2,NA,Unknown,Water level accuracy is unknown,1,Department of Water Resources,NA,1,Department of Water Resources
20148,401076N1220630W001,866102,1978-03-15T00:00:00Z,314.43,314.13,0,71,243.43,71,70.7,NA,Unknown,Water level accuracy is unknown,1,Department of Water Resources,NA,1,Department of Water Resources
20148,401076N1220630W001,866101,1977-10-27T00:00:00Z,314.43,314.13,0,77,237.43,77,76.7,NA,Unknown,Water level accuracy is unknown,1,Department of Water Resources,NA,1,Department of Water Resources
20148,401076N1220630W001,866100,1977-03-11T00:00:00Z,314.43,314.13,0,77.7,236.73,77.7,77.4,NA,Unknown,Water level accuracy is unknown,1,Department of Water Resources,NA,1,Department of Water Resources
20148,401076N1220630W001,866099,1976-10-14T00:00:00Z,314.43,314.13,0,75.9,238.53,75.9,75.6,NA,Unknown,Water level accuracy is unknown,1,Department of Water Resources,NA,1,Department of Water Resources
20148,401076N1220630W001,866098,1976-03-15T00:00:00Z,314.43,314.13,0,74.3,240.13,74.3,74,NA,Unknown,Water level accuracy is unknown,1,Department of Water Resources,NA,1,Department of Water Resources
20148,401076N1220630W001,866097,1975-10-29T00:00:00Z,314.43,314.13,0,74.6,239.83,74.6,74.3,NA,Unknown,Water level accuracy is unknown,1,Department of Water Resources,NA,1,Department of Water Resources
20148,401076N1220630W001,866096,1975-04-16T00:00:00Z,314.43,314.13,0,76.5,237.93,76.5,76.2,NA,Unknown,Water level accuracy is unknown,1,Department of Water Resources,NA,1,Department of Water Resources
20148,401076N1220630W001,866095,1974-10-31T00:00:00Z,314.43,314.13,0,74,240.43,74,73.7,Other,Unknown,Water level accuracy is unknown,1,Department of Water Resources,NA,1,Department of Water Resources
20148,401076N1220630W001,866094,1974-03-05T00:00:00Z,314.43,314.13,0,74.3,240.13,74.3,74,NA,Unknown,Water level accuracy is unknown,1,Department of Water Resources,NA,1,Department of Water Resources
20148,401076N1220630W001,866093,1973-10-15T00:00:00Z,314.43,314.13,0,72.5,241.93,72.5,72.2,NA,Unknown,Water level accuracy is unknown,1,Department of Water Resources,NA,1,Department of Water Resources
20148,401076N1220630W001,866092,1973-03-13T00:00:00Z,314.43,314.13,0,74.9,239.53,74.9,74.6,NA,Unknown,Water level accuracy is unknown,1,Department of Water Resources,NA,1,Department of Water Resources
20148,401076N1220630W001,866091,1972-10-16T00:00:00Z,314.43,314.13,0,80.3,234.13,80.3,80,NA,Unknown,Water level accuracy is unknown,1,Department of Water Resources,NA,1,Department of Water Resources
20148,401076N1220630W001,866090,1972-03-07T00:00:00Z,314.43,314.13,0,74.9,239.53,74.9,74.6,NA,Unknown,Water level accuracy is unknown,1,Department of Water Resources,NA,1,Department of Water Resources
20148,401076N1220630W001,866089,1971-10-22T00:00:00Z,314.43,314.13,0,81.4,233.03,81.4,81.1,NA,Unknown,Water level accuracy is unknown,1,Department of Water Resources,NA,1,Department of Water Resources
20148,401076N1220630W001,866088,1971-10-08T00:00:00Z,314.43,314.13,NA,NA,NA,NA,NA,Special/Other,NA,NA,1,Department of Water Resources,NA,1,Department of Water Resources
20148,401076N1220630W001,866087,1971-03-04T00:00:00Z,314.43,314.13,0,80.9,233.53,80.9,80.6,NA,Unknown,Water level accuracy is unknown,1,Department of Water Resources,NA,1,Department of Water Resources
20148,401076N1220630W001,866086,1970-10-26T00:00:00Z,314.43,314.13,0,77.5,236.93,77.5,77.2,NA,Unknown,Water level accuracy is unknown,1,Department of Water Resources,NA,1,Department of Water Resources
20148,401076N1220630W001,866085,1970-03-20T00:00:00Z,314.43,314.13,0,75.2,239.23,75.2,74.9,NA,Unknown,Water level accuracy is unknown,1,Department of Water Resources,NA,1,Department of Water Resources
20148,401076N1220630W001,866084,1969-10-21T00:00:00Z,314.43,314.13,0,82.7,231.73,82.7,82.4,NA,Unknown,Water level accuracy is unknown,1,Department of Water Resources,NA,1,Department of Water Resources
20148,401076N1220630W001,866083,1969-03-24T00:00:00Z,314.43,314.13,0,75.8,238.63,75.8,75.5,NA,Unknown,Water level accuracy is unknown,1,Department of Water Resources,NA,1,Department of Water Resources
20148,401076N1220630W001,866082,1968-10-14T00:00:00Z,314.43,314.13,0,84,230.43,84,83.7,NA,Unknown,Water level accuracy is unknown,1,Department of Water Resources,NA,1,Department of Water Resources
20148,401076N1220630W001,866081,1968-03-12T00:00:00Z,314.43,314.13,0,76.5,237.93,76.5,76.2,NA,Unknown,Water level accuracy is unknown,1,Department of Water Resources,NA,1,Department of Water Resources
20148,401076N1220630W001,866080,1967-10-12T00:00:00Z,314.43,314.13,0,81,233.43,81,80.7,NA,Unknown,Water level accuracy is unknown,1,Department of Water Resources,NA,624,Bureau of Reclamation
20148,401076N1220630W001,866079,1967-03-08T00:00:00Z,314.43,314.13,0,78.4,236.03,78.4,78.1,NA,Unknown,Water level accuracy is unknown,1,Department of Water Resources,NA,624,Bureau of Reclamation
20148,401076N1220630W001,866078,1966-10-13T00:00:00Z,314.43,314.13,0,88.4,226.03,88.4,88.1,NA,Unknown,Water level accuracy is unknown,1,Department of Water Resources,NA,624,Bureau of Reclamation
20148,401076N1220630W001,866077,1966-03-09T00:00:00Z,314.43,314.13,0,78.1,236.33,78.1,77.8,NA,Unknown,Water level accuracy is unknown,1,Department of Water Resources,NA,624,Bureau of Reclamation
20148,401076N1220630W001,866076,1965-10-08T00:00:00Z,314.43,314.13,0,81.6,232.83,81.6,81.3,NA,Unknown,Water level accuracy is unknown,1,Department of Water Resources,NA,624,Bureau of Reclamation
20148,401076N1220630W001,866075,1965-03-10T00:00:00Z,314.43,314.13,0,78,236.43,78,77.7,NA,Unknown,Water level accuracy is unknown,1,Department of Water Resources,NA,624,Bureau of Reclamation
20148,401076N1220630W001,866074,1964-10-09T00:00:00Z,314.43,314.13,0,86.3,228.13,86.3,86,NA,Unknown,Water level accuracy is unknown,1,Department of Water Resources,NA,624,Bureau of Reclamation
20148,401076N1220630W001,866073,1964-03-03T00:00:00Z,314.43,314.13,0,78,236.43,78,77.7,NA,Unknown,Water level accuracy is unknown,1,Department of Water Resources,NA,624,Bureau of Reclamation
20148,401076N1220630W001,866072,1963-10-17T00:00:00Z,314.43,314.13,0,80.6,233.83,80.6,80.3,NA,Unknown,Water level accuracy is unknown,1,Department of Water Resources,NA,1,Department of Water Resources
20148,401076N1220630W001,866071,1963-03-25T00:00:00Z,314.43,314.13,0,79.3,235.13,79.3,79,NA,Unknown,Water level accuracy is unknown,1,Department of Water Resources,NA,624,Bureau of Reclamation
20148,401076N1220630W001,866070,1962-10-21T00:00:00Z,314.43,314.13,0,80.9,233.53,80.9,80.6,NA,Unknown,Water level accuracy is unknown,1,Department of Water Resources,NA,624,Bureau of Reclamation
20148,401076N1220630W001,866069,1961-09-30T00:00:00Z,314.43,314.13,0,80.5,233.93,80.5,80.2,NA,Unknown,Water level accuracy is unknown,1,Department of Water Resources,NA,624,Bureau of Reclamation
20148,401076N1220630W001,866068,1961-02-24T00:00:00Z,314.43,314.13,0,77.9,236.53,77.9,77.6,NA,Unknown,Water level accuracy is unknown,1,Department of Water Resources,NA,624,Bureau of Reclamation
20148,401076N1220630W001,866067,1960-09-28T00:00:00Z,314.43,314.13,0,81.2,233.23,81.2,80.9,NA,Unknown,Water level accuracy is unknown,1,Department of Water Resources,NA,624,Bureau of Reclamation
20148,401076N1220630W001,866066,1960-03-10T00:00:00Z,314.43,314.13,0,80.5,233.93,80.5,80.2,NA,Unknown,Water level accuracy is unknown,1,Department of Water Resources,NA,624,Bureau of Reclamation
20148,401076N1220630W001,866065,1959-09-29T00:00:00Z,314.43,314.13,0,80.8,233.63,80.8,80.5,NA,Unknown,Water level accuracy is unknown,1,Department of Water Resources,NA,624,Bureau of Reclamation
20148,401076N1220630W001,866064,1959-03-06T00:00:00Z,314.43,314.13,0,75.9,238.53,75.9,75.6,NA,Unknown,Water level accuracy is unknown,1,Department of Water Resources,NA,624,Bureau of Reclamation
20148,401076N1220630W001,866063,1958-10-07T00:00:00Z,314.43,314.13,0,80.1,234.33,80.1,79.8,Oil or foreign substance in casing,Unknown,Water level accuracy is unknown,1,Department of Water Resources,NA,624,Bureau of Reclamation
20148,401076N1220630W001,866062,1958-03-18T00:00:00Z,314.43,314.13,0,76.2,238.23,76.2,75.9,NA,Unknown,Water level accuracy is unknown,1,Department of Water Resources,NA,624,Bureau of Reclamation
20148,401076N1220630W001,866061,1957-10-02T00:00:00Z,314.43,314.13,0,79.3,235.13,79.3,79,NA,Unknown,Water level accuracy is unknown,1,Department of Water Resources,NA,1,Department of Water Resources
20148,401076N1220630W001,866060,1957-03-14T00:00:00Z,314.43,314.13,0,72,242.43,72,71.7,NA,Unknown,Water level accuracy is unknown,1,Department of Water Resources,NA,1,Department of Water Resources
20148,401076N1220630W001,866059,1956-11-01T00:00:00Z,314.43,314.13,0,77.5,236.93,77.5,77.2,NA,Unknown,Water level accuracy is unknown,1,Department of Water Resources,NA,1,Department of Water Resources
20148,401076N1220630W001,866058,1956-03-29T00:00:00Z,314.43,314.13,0,77.7,236.73,77.7,77.4,NA,Unknown,Water level accuracy is unknown,1,Department of Water Resources,NA,1,Department of Water Resources
20148,401076N1220630W001,866057,1955-10-20T00:00:00Z,314.43,314.13,0,76.8,237.63,76.8,76.5,NA,Unknown,Water level accuracy is unknown,1,Department of Water Resources,NA,1,Department of Water Resources
20148,401076N1220630W001,866056,1955-03-25T00:00:00Z,314.43,314.13,NA,NA,NA,NA,NA,Pumping,NA,NA,1,Department of Water Resources,NA,1,Department of Water Resources
20148,401076N1220630W001,866055,1954-11-26T00:00:00Z,314.43,314.13,0,75.3,239.13,75.3,75,NA,Unknown,Water level accuracy is unknown,1,Department of Water Resources,NA,1,Department of Water Resources
20148,401076N1220630W001,866054,1954-05-04T00:00:00Z,314.43,314.13,0,74.1,240.33,74.1,73.8,NA,Unknown,Water level accuracy is unknown,1,Department of Water Resources,NA,1,Department of Water Resources
20148,401076N1220630W001,866053,1953-10-28T00:00:00Z,314.43,314.13,0,74.6,239.83,74.6,74.3,NA,Unknown,Water level accuracy is unknown,1,Department of Water Resources,NA,1,Department of Water Resources
20148,401076N1220630W001,866052,1953-04-04T00:00:00Z,314.43,314.13,0,73.6,240.83,73.6,73.3,NA,Unknown,Water level accuracy is unknown,1,Department of Water Resources,NA,624,Bureau of Reclamation
20148,401076N1220630W001,866051,1952-06-27T00:00:00Z,314.43,314.13,0,74.9,239.53,74.9,74.6,NA,Unknown,Water level accuracy is unknown,1,Department of Water Resources,NA,624,Bureau of Reclamation
20148,401076N1220630W001,866050,1952-04-04T00:00:00Z,314.43,314.13,0,74.3,240.13,74.3,74,NA,Unknown,Water level accuracy is unknown,1,Department of Water Resources,NA,624,Bureau of Reclamation
20148,401076N1220630W001,866049,1951-10-30T00:00:00Z,314.43,314.13,0,75.1,239.33,75.1,74.8,NA,Unknown,Water level accuracy is unknown,1,Department of Water Resources,NA,624,Bureau of Reclamation
20148,401076N1220630W001,866048,1950-11-09T00:00:00Z,314.43,314.13,0,75.6,238.83,75.6,75.3,NA,Unknown,Water level accuracy is unknown,1,Department of Water Resources,NA,624,Bureau of Reclamation
20148,401076N1220630W001,866047,1950-04-26T00:00:00Z,314.43,314.13,0,74.4,240.03,74.4,74.1,NA,Unknown,Water level accuracy is unknown,1,Department of Water Resources,NA,624,Bureau of Reclamation
20148,401076N1220630W001,866046,1949-11-30T00:00:00Z,314.43,314.13,0,75.6,238.83,75.6,75.3,NA,Unknown,Water level accuracy is unknown,1,Department of Water Resources,NA,624,Bureau of Reclamation
20148,401076N1220630W001,866045,1948-10-26T00:00:00Z,314.43,314.13,0,77.3,237.13,77.3,77,Pumped recently,Unknown,Water level accuracy is unknown,1,Department of Water Resources,NA,624,Bureau of Reclamation
20148,401076N1220630W001,866044,1948-07-26T00:00:00Z,314.43,314.13,0,79.1,235.33,79.1,78.8,Pumped recently,Unknown,Water level accuracy is unknown,1,Department of Water Resources,NA,624,Bureau of Reclamation
20148,401076N1220630W001,866043,1948-04-12T00:00:00Z,314.43,314.13,0,78,236.43,78,77.7,NA,Unknown,Water level accuracy is unknown,1,Department of Water Resources,NA,624,Bureau of Reclamation
20148,401076N1220630W001,866042,1948-03-09T00:00:00Z,314.43,314.13,0,72.4,242.03,72.4,72.1,NA,Unknown,Water level accuracy is unknown,1,Department of Water Resources,NA,624,Bureau of Reclamation
20148,401076N1220630W001,866041,1948-02-03T00:00:00Z,314.43,314.13,0,75.2,239.23,75.2,74.9,NA,Unknown,Water level accuracy is unknown,1,Department of Water Resources,NA,624,Bureau of Reclamation
