STN_ID,SITE_CODE,WLM_ID,MSMT_DATE,WLM_RPE,WLM_GSE,RDNG_WS,RDNG_RP,WSE,RPE_WSE,GSE_WSE,WLM_QA_DESC,WLM_DESC,WLM_ACC_DESC,WLM_ORG_ID,WLM_ORG_NAME,MSMT_CMT,COOP_AGENCY_ORG_ID,COOP_ORG_NAME
20160,401310N1222368W001,1776445,1973-03-08T00:00:00Z,317.23,317.23,NA,NA,NA,NA,NA,Measurement Discontinued,NA,NA,1,Department of Water Resources,NA,1,Department of Water Resources
20160,401310N1222368W001,1776444,1972-10-18T00:00:00Z,317.23,317.23,0,68.7,248.53,68.7,68.7,NA,Unknown,Water level accuracy is unknown,1,Department of Water Resources,NA,1,Department of Water Resources
20160,401310N1222368W001,1776443,1972-03-06T00:00:00Z,317.23,317.23,0,67,250.23,67,67,NA,Unknown,Water level accuracy is unknown,1,Department of Water Resources,NA,1,Department of Water Resources
20160,401310N1222368W001,1776442,1971-10-05T00:00:00Z,317.23,317.23,0,67.2,250.03,67.2,67.2,NA,Unknown,Water level accuracy is unknown,1,Department of Water Resources,NA,1,Department of Water Resources
20160,401310N1222368W001,1776441,1971-03-01T00:00:00Z,321.43,317.23,0,24.8,296.63,24.8,20.6,NA,Unknown,Water level accuracy is unknown,1,Department of Water Resources,NA,1,Department of Water Resources
20160,401310N1222368W001,1776440,1970-10-20T00:00:00Z,321.43,317.23,0,68.9,252.53,68.9,64.7,NA,Unknown,Water level accuracy is unknown,1,Department of Water Resources,NA,1,Department of Water Resources
20160,401310N1222368W001,1776439,1970-03-24T00:00:00Z,321.43,317.23,0,11.1,310.33,11.1,6.9,NA,Unknown,Water level accuracy is unknown,1,Department of Water Resources,NA,1,Department of Water Resources
20160,401310N1222368W001,1776438,1969-10-28T00:00:00Z,321.43,317.23,0,69.7,251.73,69.7,65.5,NA,Unknown,Water level accuracy is unknown,1,Department of Water Resources,NA,1,Department of Water Resources
20160,401310N1222368W001,1776437,1969-03-24T00:00:00Z,321.43,317.23,0,12.1,309.33,12.1,7.9,NA,Unknown,Water level accuracy is unknown,1,Department of Water Resources,NA,1,Department of Water Resources
20160,401310N1222368W001,1776436,1968-10-17T00:00:00Z,321.43,317.23,0,67.5,253.93,67.5,63.3,NA,Unknown,Water level accuracy is unknown,1,Department of Water Resources,NA,1,Department of Water Resources
20160,401310N1222368W001,1776435,1968-03-15T00:00:00Z,321.43,317.23,0,16.5,304.93,16.5,12.3,NA,Unknown,Water level accuracy is unknown,1,Department of Water Resources,NA,1,Department of Water Resources
20160,401310N1222368W001,1776434,1967-10-04T00:00:00Z,321.43,317.23,0,72.6,248.83,72.6,68.4,NA,Unknown,Water level accuracy is unknown,1,Department of Water Resources,NA,1,Department of Water Resources
20160,401310N1222368W001,1776433,1967-03-10T00:00:00Z,321.43,317.23,0,24.8,296.63,24.8,20.6,NA,Unknown,Water level accuracy is unknown,1,Department of Water Resources,NA,1,Department of Water Resources
20160,401310N1222368W001,1776432,1966-10-12T00:00:00Z,321.43,317.23,0,75.8,245.63,75.8,71.6,NA,Unknown,Water level accuracy is unknown,1,Department of Water Resources,NA,1,Department of Water Resources
20160,401310N1222368W001,1776431,1966-03-10T00:00:00Z,321.43,317.23,0,21.2,300.23,21.2,17,NA,Unknown,Water level accuracy is unknown,1,Department of Water Resources,NA,1,Department of Water Resources
20160,401310N1222368W001,1776430,1965-10-07T00:00:00Z,321.43,317.23,0,71.9,249.53,71.9,67.7,NA,Unknown,Water level accuracy is unknown,1,Department of Water Resources,NA,1,Department of Water Resources
20160,401310N1222368W001,1776429,1965-03-11T00:00:00Z,321.43,317.23,0,34.5,286.93,34.5,30.3,NA,Unknown,Water level accuracy is unknown,1,Department of Water Resources,NA,1,Department of Water Resources
20160,401310N1222368W001,1776428,1964-10-09T00:00:00Z,321.43,317.23,0,78.7,242.73,78.7,74.5,NA,Unknown,Water level accuracy is unknown,1,Department of Water Resources,NA,1,Department of Water Resources
20160,401310N1222368W001,1776427,1964-03-05T00:00:00Z,321.43,317.23,0,41.4,280.03,41.4,37.2,NA,Unknown,Water level accuracy is unknown,1,Department of Water Resources,NA,1,Department of Water Resources
20160,401310N1222368W001,1776426,1963-10-18T00:00:00Z,321.43,317.23,0,70.1,251.33,70.1,65.9,NA,Unknown,Water level accuracy is unknown,1,Department of Water Resources,NA,1,Department of Water Resources
20160,401310N1222368W001,1776425,1963-03-22T00:00:00Z,321.43,317.23,0,27.1,294.33,27.1,22.9,NA,Unknown,Water level accuracy is unknown,1,Department of Water Resources,NA,1,Department of Water Resources
20160,401310N1222368W001,1776424,1962-10-08T00:00:00Z,321.43,317.23,0,75.6,245.83,75.6,71.4,NA,Unknown,Water level accuracy is unknown,1,Department of Water Resources,NA,1,Department of Water Resources
20160,401310N1222368W001,1776423,1962-04-04T00:00:00Z,321.43,317.23,0,24.3,297.13,24.3,20.1,NA,Unknown,Water level accuracy is unknown,1,Department of Water Resources,NA,1,Department of Water Resources
20160,401310N1222368W001,1776422,1962-03-08T00:00:00Z,321.43,317.23,0,5.9,315.53,5.9,1.7,NA,Unknown,Water level accuracy is unknown,1,Department of Water Resources,NA,1,Department of Water Resources
20160,401310N1222368W001,1776421,1961-09-26T00:00:00Z,321.43,317.23,0,95.1,226.33,95.1,90.9,NA,Unknown,Water level accuracy is unknown,1,Department of Water Resources,NA,1,Department of Water Resources
20160,401310N1222368W001,1776420,1961-02-24T00:00:00Z,321.43,317.23,0,14.1,307.33,14.1,9.9,NA,Unknown,Water level accuracy is unknown,1,Department of Water Resources,NA,1,Department of Water Resources
20160,401310N1222368W001,1776419,1960-09-26T00:00:00Z,321.43,317.23,0,79,242.43,79,74.8,NA,Unknown,Water level accuracy is unknown,1,Department of Water Resources,NA,1,Department of Water Resources
20160,401310N1222368W001,1776418,1960-03-09T00:00:00Z,321.43,317.23,0,27.4,294.03,27.4,23.2,NA,Unknown,Water level accuracy is unknown,1,Department of Water Resources,NA,1,Department of Water Resources
20160,401310N1222368W001,1776417,1959-09-30T00:00:00Z,321.43,317.23,0,77.1,244.33,77.1,72.9,NA,Unknown,Water level accuracy is unknown,1,Department of Water Resources,NA,1,Department of Water Resources
20160,401310N1222368W001,1776416,1959-03-09T00:00:00Z,321.43,317.23,0,18.7,302.73,18.7,14.5,NA,Unknown,Water level accuracy is unknown,1,Department of Water Resources,NA,1,Department of Water Resources
20160,401310N1222368W001,1776415,1958-10-02T00:00:00Z,321.43,317.23,0,75,246.43,75,70.8,NA,Unknown,Water level accuracy is unknown,1,Department of Water Resources,NA,1,Department of Water Resources
20160,401310N1222368W001,1776414,1958-03-19T00:00:00Z,321.43,317.23,0,14,307.43,14,9.8,NA,Unknown,Water level accuracy is unknown,1,Department of Water Resources,NA,1,Department of Water Resources
20160,401310N1222368W001,1776413,1957-11-28T00:00:00Z,321.43,317.23,0,76.4,245.03,76.4,72.2,NA,Unknown,Water level accuracy is unknown,1,Department of Water Resources,NA,1,Department of Water Resources
20160,401310N1222368W001,1776412,1954-04-06T00:00:00Z,322.03,317.23,0,68.6,253.43,68.6,63.8,NA,Unknown,Water level accuracy is unknown,1,Department of Water Resources,NA,1,Department of Water Resources
20160,401310N1222368W001,1776411,1953-10-27T00:00:00Z,322.03,317.23,0,77,245.03,77,72.2,NA,Unknown,Water level accuracy is unknown,1,Department of Water Resources,NA,1,Department of Water Resources
20160,401310N1222368W001,1776410,1953-04-08T00:00:00Z,322.03,317.23,0,69.5,252.53,69.5,64.7,NA,Unknown,Water level accuracy is unknown,1,Department of Water Resources,NA,1,Department of Water Resources
20160,401310N1222368W001,1776409,1952-09-05T00:00:00Z,322.03,317.23,0,76.3,245.73,76.3,71.5,NA,Unknown,Water level accuracy is unknown,1,Department of Water Resources,NA,1,Department of Water Resources
20160,401310N1222368W001,1776408,1952-03-31T00:00:00Z,322.03,317.23,0,68.3,253.73,68.3,63.5,NA,Unknown,Water level accuracy is unknown,1,Department of Water Resources,NA,1,Department of Water Resources
20160,401310N1222368W001,1776407,1951-10-29T00:00:00Z,322.03,317.23,0,72.6,249.43,72.6,67.8,NA,Unknown,Water level accuracy is unknown,1,Department of Water Resources,NA,1,Department of Water Resources
20160,401310N1222368W001,1776406,1951-05-29T00:00:00Z,322.03,317.23,0,71.8,250.23,71.8,67,NA,Unknown,Water level accuracy is unknown,1,Department of Water Resources,NA,1,Department of Water Resources
20160,401310N1222368W001,1776405,1951-04-16T00:00:00Z,322.03,317.23,NA,NA,NA,NA,NA,Temporarily inaccessible,NA,NA,1,Department of Water Resources,NA,1,Department of Water Resources
20160,401310N1222368W001,1776404,1950-10-18T00:00:00Z,323.43,317.23,0,78.7,244.73,78.7,72.5,NA,Unknown,Water level accuracy is unknown,1,Department of Water Resources,NA,1,Department of Water Resources
20160,401310N1222368W001,1776403,1950-08-16T00:00:00Z,323.43,317.23,0,76.7,246.73,76.7,70.5,NA,Unknown,Water level accuracy is unknown,1,Department of Water Resources,NA,1,Department of Water Resources
20160,401310N1222368W001,1776402,1950-06-19T00:00:00Z,323.43,317.23,0,74.7,248.73,74.7,68.5,NA,Unknown,Water level accuracy is unknown,1,Department of Water Resources,NA,1,Department of Water Resources
20160,401310N1222368W001,1776401,1950-05-16T00:00:00Z,323.43,317.23,0,72.1,251.33,72.1,65.9,NA,Unknown,Water level accuracy is unknown,1,Department of Water Resources,NA,1,Department of Water Resources
20160,401310N1222368W001,1776400,1950-05-11T00:00:00Z,321.43,317.23,0,70.6,250.83,70.6,66.4,NA,Unknown,Water level accuracy is unknown,1,Department of Water Resources,NA,1,Department of Water Resources
20160,401310N1222368W001,1776399,1950-04-19T00:00:00Z,321.43,317.23,0,69.6,251.83,69.6,65.4,NA,Unknown,Water level accuracy is unknown,1,Department of Water Resources,NA,1,Department of Water Resources
20160,401310N1222368W001,1776398,1949-11-28T00:00:00Z,321.43,317.23,0,73.2,248.23,73.2,69,NA,Unknown,Water level accuracy is unknown,1,Department of Water Resources,NA,1,Department of Water Resources
20160,401310N1222368W001,1776397,1949-08-05T00:00:00Z,321.43,317.23,0,72.9,248.53,72.9,68.7,NA,Unknown,Water level accuracy is unknown,1,Department of Water Resources,NA,1,Department of Water Resources
