STN_ID,SITE_CODE,WLM_ID,MSMT_DATE,WLM_RPE,WLM_GSE,RDNG_WS,RDNG_RP,WSE,RPE_WSE,GSE_WSE,WLM_QA_DESC,WLM_DESC,WLM_ACC_DESC,WLM_ORG_ID,WLM_ORG_NAME,MSMT_CMT,COOP_AGENCY_ORG_ID,COOP_ORG_NAME
20174,401075N1200140W001,2655794,2020-04-15T12:00:00Z,3990.81,3988.81,0,17.8,3973.01,17.8,15.8,NA,Electric sounder measurement,Water level accuracy to nearest hundredth of a foot,1,Department of Water Resources,NA,1,Department of Water Resources
20174,401075N1200140W001,2483076,2019-10-25T12:00:00Z,3990.81,3988.81,1.9,20,3972.71,18.1,16.1,NA,Steel tape measurement,Water level accuracy to nearest tenth of a foot,1,Department of Water Resources,NA,1,Department of Water Resources
20174,401075N1200140W001,2453024,2019-04-11T12:00:00Z,3990.81,3988.81,0.1,18,3972.91,17.9,15.9,NA,Steel tape measurement,Water level accuracy to nearest tenth of a foot,1,Department of Water Resources,NA,1,Department of Water Resources
20174,401075N1200140W001,2415489,2018-10-26T12:00:00Z,3990.81,3988.81,7.7,26,3972.51,18.3,16.3,NA,Steel tape measurement,Water level accuracy to nearest tenth of a foot,1,Department of Water Resources,NA,1,Department of Water Resources
20174,401075N1200140W001,2286026,2018-04-04T12:00:00Z,3990.81,3988.81,0.1,18,3972.91,17.9,15.9,NA,Steel tape measurement,Water level accuracy to nearest tenth of a foot,1,Department of Water Resources,NA,1,Department of Water Resources
20174,401075N1200140W001,2268039,2017-10-18T12:00:00Z,3990.81,3988.81,-0.3,18,3972.51,18.3,16.3,NA,Steel tape measurement,Water level accuracy to nearest tenth of a foot,1,Department of Water Resources,NA,1,Department of Water Resources
20174,401075N1200140W001,2244223,2017-04-05T12:00:00Z,3990.81,3988.81,2,20,3972.81,18,16,NA,Steel tape measurement,Water level accuracy to nearest tenth of a foot,1,Department of Water Resources,NA,1,Department of Water Resources
20174,401075N1200140W001,2215379,2016-10-26T12:00:00Z,3990.81,3988.81,-0.4,18,3972.41,18.4,16.4,NA,Steel tape measurement,Water level accuracy to nearest tenth of a foot,1,Department of Water Resources,NA,1,Department of Water Resources
20174,401075N1200140W001,2196483,2016-04-08T00:00:00Z,3990.81,3988.81,7,25,3972.81,18,16,NA,Steel tape measurement,Water level accuracy to nearest tenth of a foot,1,Department of Water Resources,NA,1,Department of Water Resources
20174,401075N1200140W001,2161924,2015-10-22T00:00:00Z,3990.81,3988.81,16.8,35,3972.61,18.2,16.2,NA,Steel tape measurement,Water level accuracy to nearest tenth of a foot,1,Department of Water Resources,NA,1,Department of Water Resources
20174,401075N1200140W001,2133974,2015-03-26T00:00:00Z,3990.81,3988.81,0,18,3972.81,18,16,NA,Steel tape measurement,Water level accuracy to nearest tenth of a foot,1,Department of Water Resources,NA,1,Department of Water Resources
20174,401075N1200140W001,2029321,2014-10-23T00:00:00Z,3990.81,3988.81,1.8,20,3972.61,18.2,16.2,NA,Steel tape measurement,Water level accuracy to nearest tenth of a foot,1,Department of Water Resources,NA,1,Department of Water Resources
20174,401075N1200140W001,1885434,2014-03-27T00:00:00Z,3990.81,3988.81,1,19,3972.81,18,16,NA,Steel tape measurement,Water level accuracy to nearest tenth of a foot,1,Department of Water Resources,NA,1,Department of Water Resources
20174,401075N1200140W001,1797972,2013-10-22T00:00:00Z,3990.81,3988.81,3.7,22,3972.51,18.3,16.3,NA,Steel tape measurement,Water level accuracy to nearest tenth of a foot,1,Department of Water Resources,NA,1,Department of Water Resources
20174,401075N1200140W001,1684879,2013-03-27T00:00:00Z,3990.81,3988.81,6.1,24,3972.91,17.9,15.9,NA,Steel tape measurement,Water level accuracy to nearest tenth of a foot,1,Department of Water Resources,NA,1,Department of Water Resources
20174,401075N1200140W001,70190,2012-10-30T00:00:00Z,3990.81,3988.81,6.7,25,3972.51,18.3,16.3,NA,Electric sounder measurement,Water level accuracy to nearest tenth of a foot,1,Department of Water Resources,NA,1,Department of Water Resources
20174,401075N1200140W001,57693,2012-04-09T00:00:00Z,3990.81,3988.81,0,17.8,3973.01,17.8,15.8,NA,Electric sounder measurement,Water level accuracy to nearest tenth of a foot,1,Department of Water Resources,NA,1,Department of Water Resources
20174,401075N1200140W001,41144,2011-10-19T00:00:00Z,3990.81,3988.81,0,18.1,3972.71,18.1,16.1,NA,Steel tape measurement,Water level accuracy to nearest tenth of a foot,1,Department of Water Resources,NA,1,Department of Water Resources
20174,401075N1200140W001,868924,2011-10-19T00:00:00Z,3990.81,3988.81,0,18.1,3972.71,18.1,16.1,NA,Unknown,Water level accuracy is unknown,1,Department of Water Resources,NA,1,Department of Water Resources
20174,401075N1200140W001,868923,2011-04-12T00:00:00Z,3990.81,3988.81,0,17.9,3972.91,17.9,15.9,NA,Unknown,Water level accuracy is unknown,1,Department of Water Resources,NA,1,Department of Water Resources
20174,401075N1200140W001,868922,2010-10-27T00:00:00Z,3990.81,3988.81,0,18.1,3972.71,18.1,16.1,NA,Unknown,Water level accuracy is unknown,1,Department of Water Resources,NA,1,Department of Water Resources
20174,401075N1200140W001,868921,2010-04-08T00:00:00Z,3990.81,3988.81,0,17.7,3973.11,17.7,15.7,NA,Unknown,Water level accuracy is unknown,1,Department of Water Resources,NA,1,Department of Water Resources
20174,401075N1200140W001,868920,2009-10-28T00:00:00Z,3990.81,3988.81,0,18,3972.81,18,16,NA,Unknown,Water level accuracy is unknown,1,Department of Water Resources,NA,1,Department of Water Resources
20174,401075N1200140W001,868919,2009-04-09T00:00:00Z,3990.81,3988.81,0,17.8,3973.01,17.8,15.8,NA,Unknown,Water level accuracy is unknown,1,Department of Water Resources,NA,1,Department of Water Resources
20174,401075N1200140W001,868918,2008-10-29T00:00:00Z,3990.81,3988.81,0,18.1,3972.71,18.1,16.1,NA,Unknown,Water level accuracy is unknown,1,Department of Water Resources,NA,1,Department of Water Resources
20174,401075N1200140W001,868917,2008-04-03T00:00:00Z,3990.81,3988.81,0,17.6,3973.21,17.6,15.6,NA,Unknown,Water level accuracy is unknown,1,Department of Water Resources,NA,1,Department of Water Resources
20174,401075N1200140W001,868916,2007-10-24T00:00:00Z,3990.81,3988.81,0,17.8,3973.01,17.8,15.8,NA,Unknown,Water level accuracy is unknown,1,Department of Water Resources,NA,1,Department of Water Resources
20174,401075N1200140W001,868915,2007-03-28T00:00:00Z,3990.81,3988.81,0,17.7,3973.11,17.7,15.7,NA,Unknown,Water level accuracy is unknown,1,Department of Water Resources,NA,1,Department of Water Resources
20174,401075N1200140W001,868914,2006-10-17T00:00:00Z,3990.81,3988.81,0,17.9,3972.91,17.9,15.9,NA,Unknown,Water level accuracy is unknown,1,Department of Water Resources,NA,1,Department of Water Resources
20174,401075N1200140W001,868913,2006-04-26T00:00:00Z,3990.81,3988.81,0,17.4,3973.41,17.4,15.4,NA,Unknown,Water level accuracy is unknown,1,Department of Water Resources,NA,1,Department of Water Resources
20174,401075N1200140W001,868912,2005-10-25T00:00:00Z,3990.81,3988.81,0,17.9,3972.91,17.9,15.9,NA,Unknown,Water level accuracy is unknown,1,Department of Water Resources,NA,1,Department of Water Resources
20174,401075N1200140W001,868911,2005-03-29T00:00:00Z,3990.81,3988.81,0,17.5,3973.31,17.5,15.5,NA,Unknown,Water level accuracy is unknown,1,Department of Water Resources,NA,1,Department of Water Resources
20174,401075N1200140W001,868910,2004-10-27T00:00:00Z,3990.81,3988.81,0,17.7,3973.11,17.7,15.7,NA,Unknown,Water level accuracy is unknown,1,Department of Water Resources,NA,1,Department of Water Resources
20174,401075N1200140W001,868909,2004-04-09T00:00:00Z,3990.81,3988.81,0,17.4,3973.41,17.4,15.4,NA,Unknown,Water level accuracy is unknown,1,Department of Water Resources,NA,1,Department of Water Resources
20174,401075N1200140W001,868908,2003-10-12T00:00:00Z,3990.81,3988.81,0,17.7,3973.11,17.7,15.7,NA,Unknown,Water level accuracy is unknown,1,Department of Water Resources,NA,1,Department of Water Resources
20174,401075N1200140W001,868907,2003-03-23T00:00:00Z,3990.81,3988.81,0,17.5,3973.31,17.5,15.5,NA,Unknown,Water level accuracy is unknown,1,Department of Water Resources,NA,1,Department of Water Resources
20174,401075N1200140W001,868906,2002-10-25T00:00:00Z,3990.81,3988.81,0,17.9,3972.91,17.9,15.9,NA,Unknown,Water level accuracy is unknown,1,Department of Water Resources,NA,1,Department of Water Resources
20174,401075N1200140W001,868905,2002-03-26T00:00:00Z,3990.81,3988.81,0,17.8,3973.01,17.8,15.8,NA,Unknown,Water level accuracy is unknown,1,Department of Water Resources,NA,1,Department of Water Resources
20174,401075N1200140W001,868904,2001-10-23T00:00:00Z,3990.81,3988.81,0,18,3972.81,18,16,NA,Unknown,Water level accuracy is unknown,1,Department of Water Resources,NA,1,Department of Water Resources
20174,401075N1200140W001,868903,2001-03-27T00:00:00Z,3990.81,3988.81,0,17.8,3973.01,17.8,15.8,NA,Unknown,Water level accuracy is unknown,1,Department of Water Resources,NA,1,Department of Water Resources
20174,401075N1200140W001,868902,2000-10-18T00:00:00Z,3990.81,3988.81,0,18,3972.81,18,16,NA,Unknown,Water level accuracy is unknown,1,Department of Water Resources,NA,1,Department of Water Resources
20174,401075N1200140W001,868901,2000-03-28T00:00:00Z,3990.81,3988.81,0,17.8,3973.01,17.8,15.8,NA,Unknown,Water level accuracy is unknown,1,Department of Water Resources,NA,1,Department of Water Resources
20174,401075N1200140W001,868898,1999-10-12T00:00:00Z,3990.81,3988.81,0,18,3972.81,18,16,NA,Unknown,Water level accuracy is unknown,1,Department of Water Resources,NA,1,Department of Water Resources
20174,401075N1200140W001,868900,1999-04-01T00:00:00Z,3990.81,3988.81,0,17.7,3973.11,17.7,15.7,NA,Unknown,Water level accuracy is unknown,1,Department of Water Resources,NA,1,Department of Water Resources
20174,401075N1200140W001,868897,1998-10-06T00:00:00Z,3990.81,3988.81,0,18,3972.81,18,16,NA,Unknown,Water level accuracy is unknown,1,Department of Water Resources,NA,1,Department of Water Resources
20174,401075N1200140W001,868899,1998-04-28T00:00:00Z,3990.81,3988.81,0,18,3972.81,18,16,NA,Unknown,Water level accuracy is unknown,1,Department of Water Resources,NA,1,Department of Water Resources
20174,401075N1200140W001,868896,1997-10-14T00:00:00Z,3990.81,3988.81,0,18.3,3972.51,18.3,16.3,NA,Unknown,Water level accuracy is unknown,1,Department of Water Resources,NA,1,Department of Water Resources
20174,401075N1200140W001,868895,1997-03-25T00:00:00Z,3990.81,3988.81,0,18.1,3972.71,18.1,16.1,NA,Unknown,Water level accuracy is unknown,1,Department of Water Resources,NA,1,Department of Water Resources
20174,401075N1200140W001,868894,1996-10-16T00:00:00Z,3990.81,3988.81,0,18.4,3972.41,18.4,16.4,NA,Unknown,Water level accuracy is unknown,1,Department of Water Resources,NA,1,Department of Water Resources
20174,401075N1200140W001,868893,1996-03-19T00:00:00Z,3990.81,3988.81,0,18.1,3972.71,18.1,16.1,NA,Unknown,Water level accuracy is unknown,1,Department of Water Resources,NA,1,Department of Water Resources
20174,401075N1200140W001,868892,1995-10-24T00:00:00Z,3990.81,3988.81,0,18.6,3972.21,18.6,16.6,NA,Unknown,Water level accuracy is unknown,1,Department of Water Resources,NA,1,Department of Water Resources
20174,401075N1200140W001,868891,1995-04-04T00:00:00Z,3990.81,3988.81,0,18.2,3972.61,18.2,16.2,NA,Unknown,Water level accuracy is unknown,1,Department of Water Resources,NA,1,Department of Water Resources
20174,401075N1200140W001,868890,1994-03-29T00:00:00Z,3990.81,3988.81,0,18.4,3972.41,18.4,16.4,NA,Unknown,Water level accuracy is unknown,1,Department of Water Resources,NA,1,Department of Water Resources
20174,401075N1200140W001,868889,1993-10-18T00:00:00Z,3990.81,3988.81,0,18.7,3972.11,18.7,16.7,NA,Unknown,Water level accuracy is unknown,1,Department of Water Resources,NA,1,Department of Water Resources
20174,401075N1200140W001,868888,1993-03-30T00:00:00Z,3990.81,3988.81,0,18.3,3972.51,18.3,16.3,NA,Unknown,Water level accuracy is unknown,1,Department of Water Resources,NA,1,Department of Water Resources
20174,401075N1200140W001,868887,1992-10-15T00:00:00Z,3990.81,3988.81,0,18.6,3972.21,18.6,16.6,NA,Unknown,Water level accuracy is unknown,1,Department of Water Resources,NA,1,Department of Water Resources
20174,401075N1200140W001,868886,1992-03-17T00:00:00Z,3990.81,3988.81,0,18.2,3972.61,18.2,16.2,NA,Unknown,Water level accuracy is unknown,1,Department of Water Resources,NA,1,Department of Water Resources
20174,401075N1200140W001,868885,1991-10-08T00:00:00Z,3990.81,3988.81,0,18.5,3972.31,18.5,16.5,NA,Unknown,Water level accuracy is unknown,1,Department of Water Resources,NA,1,Department of Water Resources
20174,401075N1200140W001,868884,1991-04-16T00:00:00Z,3990.81,3988.81,0,18.1,3972.71,18.1,16.1,NA,Unknown,Water level accuracy is unknown,1,Department of Water Resources,NA,1,Department of Water Resources
20174,401075N1200140W001,868883,1991-03-20T00:00:00Z,3990.81,3988.81,0,18,3972.81,18,16,NA,Unknown,Water level accuracy is unknown,1,Department of Water Resources,NA,1,Department of Water Resources
20174,401075N1200140W001,868882,1990-10-16T00:00:00Z,3990.81,3988.81,0,18.4,3972.41,18.4,16.4,NA,Unknown,Water level accuracy is unknown,1,Department of Water Resources,NA,1,Department of Water Resources
