STN_ID,SITE_CODE,WLM_ID,MSMT_DATE,WLM_RPE,WLM_GSE,RDNG_WS,RDNG_RP,WSE,RPE_WSE,GSE_WSE,WLM_QA_DESC,WLM_DESC,WLM_ACC_DESC,WLM_ORG_ID,WLM_ORG_NAME,MSMT_CMT,COOP_AGENCY_ORG_ID,COOP_ORG_NAME
20376,356616N1192621W001,882781,1958-11-13T00:00:00Z,359.14,357.64,0,162.6,196.54,162.6,161.1,NA,Unknown,Water level accuracy is unknown,1,Department of Water Resources,NA,1114,KERN COUNTY LAND COMPANY
20376,356616N1192621W001,882780,1958-01-27T00:00:00Z,359.14,357.64,0,155.3,203.84,155.3,153.8,NA,Unknown,Water level accuracy is unknown,1,Department of Water Resources,NA,1114,KERN COUNTY LAND COMPANY
20376,356616N1192621W001,882779,1957-01-29T00:00:00Z,359.14,357.64,0,157.6,201.54,157.6,156.1,NA,Unknown,Water level accuracy is unknown,1,Department of Water Resources,NA,1114,KERN COUNTY LAND COMPANY
20376,356616N1192621W001,882778,1956-01-25T00:00:00Z,359.14,357.64,0,171.2,187.94,171.2,169.7,NA,Unknown,Water level accuracy is unknown,1,Department of Water Resources,NA,1114,KERN COUNTY LAND COMPANY
20376,356616N1192621W001,882777,1955-01-31T00:00:00Z,359.14,357.64,0,161,198.14,161,159.5,NA,Unknown,Water level accuracy is unknown,1,Department of Water Resources,NA,1114,KERN COUNTY LAND COMPANY
20376,356616N1192621W001,882776,1954-11-24T00:00:00Z,359.14,357.64,0,181,178.14,181,179.5,NA,Unknown,Water level accuracy is unknown,1,Department of Water Resources,NA,1114,KERN COUNTY LAND COMPANY
20376,356616N1192621W001,882775,1954-02-24T00:00:00Z,359.14,357.64,0,164.5,194.64,164.5,163,NA,Unknown,Water level accuracy is unknown,1,Department of Water Resources,NA,1114,KERN COUNTY LAND COMPANY
20376,356616N1192621W001,882774,1953-11-30T00:00:00Z,359.14,357.64,0,180.5,178.64,180.5,179,NA,Unknown,Water level accuracy is unknown,1,Department of Water Resources,NA,1114,KERN COUNTY LAND COMPANY
20376,356616N1192621W001,882773,1953-01-28T00:00:00Z,359.14,357.64,0,164.3,194.84,164.3,162.8,NA,Unknown,Water level accuracy is unknown,1,Department of Water Resources,NA,1114,KERN COUNTY LAND COMPANY
20376,356616N1192621W001,882772,1952-12-12T00:00:00Z,359.14,357.64,0,176.5,182.64,176.5,175,NA,Unknown,Water level accuracy is unknown,1,Department of Water Resources,NA,1114,KERN COUNTY LAND COMPANY
20376,356616N1192621W001,882771,1952-02-05T00:00:00Z,359.14,357.64,0,169,190.14,169,167.5,NA,Unknown,Water level accuracy is unknown,1,Department of Water Resources,NA,1114,KERN COUNTY LAND COMPANY
20376,356616N1192621W001,882770,1951-11-27T00:00:00Z,359.14,357.64,0,186.5,172.64,186.5,185,NA,Unknown,Water level accuracy is unknown,1,Department of Water Resources,NA,1114,KERN COUNTY LAND COMPANY
20376,356616N1192621W001,882769,1951-01-30T00:00:00Z,359.14,357.64,0,160.7,198.44,160.7,159.2,NA,Unknown,Water level accuracy is unknown,1,Department of Water Resources,NA,1114,KERN COUNTY LAND COMPANY
20376,356616N1192621W001,882768,1946-11-26T00:00:00Z,359.14,357.64,0,108.5,250.64,108.5,107,NA,Unknown,Water level accuracy is unknown,1,Department of Water Resources,NA,1114,KERN COUNTY LAND COMPANY
20376,356616N1192621W001,882767,1946-02-04T00:00:00Z,359.14,357.64,0,109,250.14,109,107.5,NA,Unknown,Water level accuracy is unknown,1,Department of Water Resources,NA,1114,KERN COUNTY LAND COMPANY
20376,356616N1192621W001,882766,1945-12-03T00:00:00Z,359.14,357.64,0,106,253.14,106,104.5,NA,Unknown,Water level accuracy is unknown,1,Department of Water Resources,NA,1114,KERN COUNTY LAND COMPANY
20376,356616N1192621W001,882765,1945-02-04T00:00:00Z,359.14,357.64,0,99,260.14,99,97.5,NA,Unknown,Water level accuracy is unknown,1,Department of Water Resources,NA,1114,KERN COUNTY LAND COMPANY
20376,356616N1192621W001,882764,1944-11-27T00:00:00Z,359.14,357.64,0,105.6,253.54,105.6,104.1,NA,Unknown,Water level accuracy is unknown,1,Department of Water Resources,NA,1114,KERN COUNTY LAND COMPANY
20376,356616N1192621W001,882763,1943-12-08T00:00:00Z,359.14,357.64,0,97,262.14,97,95.5,NA,Unknown,Water level accuracy is unknown,1,Department of Water Resources,NA,1114,KERN COUNTY LAND COMPANY
20376,356616N1192621W001,882762,1943-11-05T00:00:00Z,359.14,357.64,0,103,256.14,103,101.5,NA,Unknown,Water level accuracy is unknown,1,Department of Water Resources,NA,1114,KERN COUNTY LAND COMPANY
20376,356616N1192621W001,882761,1943-03-24T00:00:00Z,359.14,357.64,0,102,257.14,102,100.5,NA,Unknown,Water level accuracy is unknown,1,Department of Water Resources,NA,1114,KERN COUNTY LAND COMPANY
20376,356616N1192621W001,882760,1943-02-15T00:00:00Z,359.14,357.64,0,102,257.14,102,100.5,NA,Unknown,Water level accuracy is unknown,1,Department of Water Resources,NA,1114,KERN COUNTY LAND COMPANY
20376,356616N1192621W001,882759,1942-12-15T00:00:00Z,359.14,357.64,0,106.4,252.74,106.4,104.9,NA,Unknown,Water level accuracy is unknown,1,Department of Water Resources,NA,1114,KERN COUNTY LAND COMPANY
20376,356616N1192621W001,882758,1942-11-23T00:00:00Z,359.14,357.64,0,108.8,250.34,108.8,107.3,NA,Unknown,Water level accuracy is unknown,1,Department of Water Resources,NA,1114,KERN COUNTY LAND COMPANY
20376,356616N1192621W001,882757,1942-03-13T00:00:00Z,359.14,357.64,0,102.2,256.94,102.2,100.7,NA,Unknown,Water level accuracy is unknown,1,Department of Water Resources,NA,1114,KERN COUNTY LAND COMPANY
20376,356616N1192621W001,882756,1942-02-19T00:00:00Z,359.14,357.64,0,102.6,256.54,102.6,101.1,NA,Unknown,Water level accuracy is unknown,1,Department of Water Resources,NA,1114,KERN COUNTY LAND COMPANY
20376,356616N1192621W001,882755,1942-01-28T00:00:00Z,359.14,357.64,0,103,256.14,103,101.5,NA,Unknown,Water level accuracy is unknown,1,Department of Water Resources,NA,1114,KERN COUNTY LAND COMPANY
20376,356616N1192621W001,882754,1941-12-15T00:00:00Z,359.14,357.64,0,107,252.14,107,105.5,NA,Unknown,Water level accuracy is unknown,1,Department of Water Resources,NA,1114,KERN COUNTY LAND COMPANY
20376,356616N1192621W001,882753,1941-11-24T00:00:00Z,359.14,357.64,0,108,251.14,108,106.5,NA,Unknown,Water level accuracy is unknown,1,Department of Water Resources,NA,1114,KERN COUNTY LAND COMPANY
20376,356616N1192621W001,882752,1941-03-11T00:00:00Z,359.14,357.64,0,104,255.14,104,102.5,NA,Unknown,Water level accuracy is unknown,1,Department of Water Resources,NA,1114,KERN COUNTY LAND COMPANY
20376,356616N1192621W001,882751,1941-01-28T00:00:00Z,359.14,357.64,0,105,254.14,105,103.5,NA,Unknown,Water level accuracy is unknown,1,Department of Water Resources,NA,1114,KERN COUNTY LAND COMPANY
20376,356616N1192621W001,882750,1940-12-02T00:00:00Z,359.14,357.64,0,109,250.14,109,107.5,NA,Unknown,Water level accuracy is unknown,1,Department of Water Resources,NA,1114,KERN COUNTY LAND COMPANY
20376,356616N1192621W001,882749,1940-02-29T00:00:00Z,359.14,357.64,0,102,257.14,102,100.5,NA,Unknown,Water level accuracy is unknown,1,Department of Water Resources,NA,1114,KERN COUNTY LAND COMPANY
20376,356616N1192621W001,882748,1939-12-04T00:00:00Z,359.14,357.64,0,108,251.14,108,106.5,NA,Unknown,Water level accuracy is unknown,1,Department of Water Resources,NA,1114,KERN COUNTY LAND COMPANY
20376,356616N1192621W001,882747,1939-10-03T00:00:00Z,359.14,357.64,0,113,246.14,113,111.5,NA,Unknown,Water level accuracy is unknown,1,Department of Water Resources,NA,1114,KERN COUNTY LAND COMPANY
20376,356616N1192621W001,882746,1939-05-11T00:00:00Z,359.14,357.64,0,118,241.14,118,116.5,NA,Unknown,Water level accuracy is unknown,1,Department of Water Resources,NA,1114,KERN COUNTY LAND COMPANY
20376,356616N1192621W001,882745,1939-01-11T00:00:00Z,359.14,357.64,0,110.3,248.84,110.3,108.8,NA,Unknown,Water level accuracy is unknown,1,Department of Water Resources,NA,1114,KERN COUNTY LAND COMPANY
20376,356616N1192621W001,882744,1938-12-02T00:00:00Z,359.14,357.64,0,121,238.14,121,119.5,NA,Unknown,Water level accuracy is unknown,1,Department of Water Resources,NA,1114,KERN COUNTY LAND COMPANY
20376,356616N1192621W001,882743,1938-11-28T00:00:00Z,359.14,357.64,NA,NA,NA,NA,NA,Special/Other,NA,NA,1,Department of Water Resources,NA,1114,KERN COUNTY LAND COMPANY
20376,356616N1192621W001,882742,1938-10-26T00:00:00Z,359.14,357.64,0,123,236.14,123,121.5,NA,Unknown,Water level accuracy is unknown,1,Department of Water Resources,NA,1114,KERN COUNTY LAND COMPANY
20376,356616N1192621W001,882741,1938-09-21T00:00:00Z,359.14,357.64,0,139,220.14,139,137.5,NA,Unknown,Water level accuracy is unknown,1,Department of Water Resources,NA,1114,KERN COUNTY LAND COMPANY
