STN_ID,SITE_CODE,WLM_ID,MSMT_DATE,WLM_RPE,WLM_GSE,RDNG_WS,RDNG_RP,WSE,RPE_WSE,GSE_WSE,WLM_QA_DESC,WLM_DESC,WLM_ACC_DESC,WLM_ORG_ID,WLM_ORG_NAME,MSMT_CMT,COOP_AGENCY_ORG_ID,COOP_ORG_NAME
20404,361664N1203716W001,936833,1967-02-09T00:00:00Z,724.63,724.13,NA,NA,NA,NA,NA,Well has been destroyed,NA,NA,1,Department of Water Resources,NA,1,Department of Water Resources
20404,361664N1203716W001,936832,1966-02-17T00:00:00Z,724.63,724.13,0,274,450.63,274,273.5,NA,Unknown,Water level accuracy is unknown,1,Department of Water Resources,NA,1,Department of Water Resources
20404,361664N1203716W001,936831,1964-12-15T00:00:00Z,724.63,724.13,0,267.1,457.53,267.1,266.6,NA,Unknown,Water level accuracy is unknown,1,Department of Water Resources,NA,1,Department of Water Resources
20404,361664N1203716W001,936830,1964-01-22T00:00:00Z,724.63,724.13,NA,NA,NA,NA,NA,Temporarily inaccessible,NA,NA,1,Department of Water Resources,NA,1,Department of Water Resources
20404,361664N1203716W001,936829,1963-01-08T00:00:00Z,724.63,724.13,NA,NA,NA,NA,NA,Pumping,NA,NA,1,Department of Water Resources,NA,1,Department of Water Resources
20404,361664N1203716W001,936828,1960-10-11T00:00:00Z,724.63,724.13,NA,NA,NA,NA,NA,Special/Other,NA,NA,1,Department of Water Resources,NA,1,Department of Water Resources
20404,361664N1203716W001,936827,1960-05-02T00:00:00Z,724.63,724.13,0,254.8,469.83,254.8,254.3,NA,Unknown,Water level accuracy is unknown,1,Department of Water Resources,NA,5167,United States Geological Survey
