STN_ID,SITE_CODE,WLM_ID,MSMT_DATE,WLM_RPE,WLM_GSE,RDNG_WS,RDNG_RP,WSE,RPE_WSE,GSE_WSE,WLM_QA_DESC,WLM_DESC,WLM_ACC_DESC,WLM_ORG_ID,WLM_ORG_NAME,MSMT_CMT,COOP_AGENCY_ORG_ID,COOP_ORG_NAME
20410,361656N1202838W001,937053,1996-01-17T00:00:00Z,606.05,604.05,NA,NA,NA,NA,NA,Measurement Discontinued,NA,NA,1,Department of Water Resources,NA,1,Department of Water Resources
20410,361656N1202838W001,937052,1994-12-27T00:00:00Z,606.05,604.05,NA,NA,NA,NA,NA,Special/Other,NA,NA,1,Department of Water Resources,NA,1,Department of Water Resources
20410,361656N1202838W001,937051,1993-12-08T00:00:00Z,606.05,604.05,NA,NA,NA,NA,NA,Pumping,NA,NA,1,Department of Water Resources,NA,1,Department of Water Resources
20410,361656N1202838W001,937050,1992-12-09T00:00:00Z,606.05,604.05,NA,NA,NA,NA,NA,Special/Other,NA,NA,1,Department of Water Resources,NA,1,Department of Water Resources
20410,361656N1202838W001,937049,1991-12-17T00:00:00Z,606.05,604.05,NA,NA,NA,NA,NA,Special/Other,NA,NA,1,Department of Water Resources,NA,1,Department of Water Resources
20410,361656N1202838W001,937048,1990-12-13T00:00:00Z,606.05,604.05,NA,NA,NA,NA,NA,Special/Other,NA,NA,1,Department of Water Resources,NA,1,Department of Water Resources
20410,361656N1202838W001,937047,1989-12-08T00:00:00Z,606.05,604.05,0,295,311.05,295,293,Acoustical sounder,Unknown,Water level accuracy is unknown,1,Department of Water Resources,NA,1,Department of Water Resources
20410,361656N1202838W001,937046,1988-12-06T00:00:00Z,606.05,604.05,0,292,314.05,292,290,Acoustical sounder,Unknown,Water level accuracy is unknown,1,Department of Water Resources,NA,1,Department of Water Resources
20410,361656N1202838W001,937045,1987-12-09T00:00:00Z,606.05,604.05,0,302,304.05,302,300,Acoustical sounder,Unknown,Water level accuracy is unknown,1,Department of Water Resources,NA,1,Department of Water Resources
20410,361656N1202838W001,937044,1987-10-26T00:00:00Z,606.05,604.05,0,289,317.05,289,287,Acoustical sounder,Unknown,Water level accuracy is unknown,1,Department of Water Resources,NA,1,Department of Water Resources
20410,361656N1202838W001,937043,1986-12-04T00:00:00Z,606.05,604.05,0,292,314.05,292,290,Acoustical sounder,Unknown,Water level accuracy is unknown,1,Department of Water Resources,NA,1,Department of Water Resources
20410,361656N1202838W001,937042,1985-12-20T00:00:00Z,606.05,604.05,0,285,321.05,285,283,Acoustical sounder,Unknown,Water level accuracy is unknown,1,Department of Water Resources,NA,1,Department of Water Resources
20410,361656N1202838W001,937041,1984-12-27T00:00:00Z,606.05,604.05,0,280,326.05,280,278,NA,Unknown,Water level accuracy is unknown,1,Department of Water Resources,NA,1,Department of Water Resources
20410,361656N1202838W001,937040,1982-12-16T00:00:00Z,606.05,604.05,0,282,324.05,282,280,Acoustical sounder,Unknown,Water level accuracy is unknown,1,Department of Water Resources,NA,1,Department of Water Resources
20410,361656N1202838W001,937039,1981-12-17T00:00:00Z,606.05,604.05,0,281,325.05,281,279,NA,Unknown,Water level accuracy is unknown,1,Department of Water Resources,NA,1,Department of Water Resources
20410,361656N1202838W001,937038,1981-01-15T00:00:00Z,606.05,604.05,0,285,321.05,285,283,NA,Unknown,Water level accuracy is unknown,1,Department of Water Resources,NA,1,Department of Water Resources
20410,361656N1202838W001,937037,1979-12-18T00:00:00Z,606.05,604.05,0,256,350.05,256,254,NA,Unknown,Water level accuracy is unknown,1,Department of Water Resources,NA,1,Department of Water Resources
20410,361656N1202838W001,937036,1979-01-03T00:00:00Z,606.05,604.05,0,260,346.05,260,258,NA,Unknown,Water level accuracy is unknown,1,Department of Water Resources,NA,1,Department of Water Resources
20410,361656N1202838W001,937035,1976-12-22T00:00:00Z,606.05,604.05,0,247,359.05,247,245,NA,Unknown,Water level accuracy is unknown,1,Department of Water Resources,NA,1,Department of Water Resources
20410,361656N1202838W001,937034,1975-12-29T00:00:00Z,606.05,604.05,0,240,366.05,240,238,NA,Unknown,Water level accuracy is unknown,1,Department of Water Resources,NA,1,Department of Water Resources
20410,361656N1202838W001,937033,1975-01-03T00:00:00Z,606.05,604.05,0,237,369.05,237,235,NA,Unknown,Water level accuracy is unknown,1,Department of Water Resources,NA,1,Department of Water Resources
20410,361656N1202838W001,937032,1974-02-28T00:00:00Z,606.05,604.05,0,230,376.05,230,228,NA,Unknown,Water level accuracy is unknown,1,Department of Water Resources,NA,1,Department of Water Resources
20410,361656N1202838W001,937031,1973-02-09T00:00:00Z,606.05,604.05,0,223,383.05,223,221,NA,Unknown,Water level accuracy is unknown,1,Department of Water Resources,NA,1,Department of Water Resources
20410,361656N1202838W001,937030,1972-01-18T00:00:00Z,606.05,604.05,0,218,388.05,218,216,NA,Unknown,Water level accuracy is unknown,1,Department of Water Resources,NA,1,Department of Water Resources
20410,361656N1202838W001,937029,1971-01-14T00:00:00Z,606.05,604.05,0,234,372.05,234,232,Pumping,Unknown,Water level accuracy is unknown,1,Department of Water Resources,NA,1,Department of Water Resources
20410,361656N1202838W001,937028,1969-12-16T00:00:00Z,606.05,604.05,0,205,401.05,205,203,NA,Unknown,Water level accuracy is unknown,1,Department of Water Resources,NA,1,Department of Water Resources
20410,361656N1202838W001,937027,1969-04-02T00:00:00Z,606.05,604.05,0,207,399.05,207,205,NA,Unknown,Water level accuracy is unknown,1,Department of Water Resources,NA,1,Department of Water Resources
20410,361656N1202838W001,937026,1968-03-05T00:00:00Z,606.05,604.05,0,200,406.05,200,198,NA,Unknown,Water level accuracy is unknown,1,Department of Water Resources,NA,1,Department of Water Resources
20410,361656N1202838W001,937025,1967-02-09T00:00:00Z,606.05,604.05,0,211,395.05,211,209,NA,Unknown,Water level accuracy is unknown,1,Department of Water Resources,NA,1,Department of Water Resources
20410,361656N1202838W001,937024,1966-02-16T00:00:00Z,606.05,604.05,0,194,412.05,194,192,NA,Unknown,Water level accuracy is unknown,1,Department of Water Resources,NA,1,Department of Water Resources
20410,361656N1202838W001,937023,1964-12-15T00:00:00Z,606.05,604.05,0,218.7,387.35,218.7,216.7,NA,Unknown,Water level accuracy is unknown,1,Department of Water Resources,NA,1,Department of Water Resources
20410,361656N1202838W001,937022,1964-01-20T00:00:00Z,606.05,604.05,0,181.7,424.35,181.7,179.7,NA,Unknown,Water level accuracy is unknown,1,Department of Water Resources,NA,1,Department of Water Resources
20410,361656N1202838W001,937021,1963-01-08T00:00:00Z,606.05,604.05,0,193.8,412.25,193.8,191.8,NA,Unknown,Water level accuracy is unknown,1,Department of Water Resources,NA,1,Department of Water Resources
20410,361656N1202838W001,937020,1962-03-22T00:00:00Z,606.05,604.05,0,178.2,427.85,178.2,176.2,NA,Unknown,Water level accuracy is unknown,1,Department of Water Resources,NA,1,Department of Water Resources
20410,361656N1202838W001,937019,1961-05-05T00:00:00Z,606.05,604.05,0,166,440.05,166,164,NA,Unknown,Water level accuracy is unknown,1,Department of Water Resources,NA,5167,United States Geological Survey
20410,361656N1202838W001,937018,1960-10-10T00:00:00Z,606.05,604.05,0,194,412.05,194,192,NA,Unknown,Water level accuracy is unknown,1,Department of Water Resources,NA,1,Department of Water Resources
20410,361656N1202838W001,937017,1960-05-03T00:00:00Z,606.05,604.05,0,154.3,451.75,154.3,152.3,NA,Unknown,Water level accuracy is unknown,1,Department of Water Resources,NA,5167,United States Geological Survey
20410,361656N1202838W001,937016,1959-10-12T00:00:00Z,606.05,604.05,0,177.7,428.35,177.7,175.7,NA,Unknown,Water level accuracy is unknown,1,Department of Water Resources,NA,5167,United States Geological Survey
20410,361656N1202838W001,937015,1958-10-21T00:00:00Z,606.05,604.05,NA,NA,NA,NA,NA,Pumping,NA,NA,1,Department of Water Resources,NA,5167,United States Geological Survey
