STN_ID,SITE_CODE,WLM_ID,MSMT_DATE,WLM_RPE,WLM_GSE,RDNG_WS,RDNG_RP,WSE,RPE_WSE,GSE_WSE,WLM_QA_DESC,WLM_DESC,WLM_ACC_DESC,WLM_ORG_ID,WLM_ORG_NAME,MSMT_CMT,COOP_AGENCY_ORG_ID,COOP_ORG_NAME
20606,364028N1202649W001,1054321,1967-12-19T00:00:00Z,306.07,305.07,NA,NA,NA,NA,NA,Well has been destroyed,NA,NA,1,Department of Water Resources,NA,1,Department of Water Resources
20606,364028N1202649W001,1054320,1966-01-03T00:00:00Z,306.07,305.07,0,513,-206.93,513,512,NA,Unknown,Water level accuracy is unknown,1,Department of Water Resources,NA,1,Department of Water Resources
20606,364028N1202649W001,1054319,1965-12-17T00:00:00Z,306.07,305.07,0,495,-188.93,495,494,NA,Unknown,Water level accuracy is unknown,1,Department of Water Resources,NA,1,Department of Water Resources
20606,364028N1202649W001,1054318,1964-12-16T00:00:00Z,306.07,305.07,0,492,-185.93,492,491,NA,Unknown,Water level accuracy is unknown,1,Department of Water Resources,NA,1,Department of Water Resources
20606,364028N1202649W001,1054317,1963-12-18T00:00:00Z,306.07,305.07,0,498,-191.93,498,497,NA,Unknown,Water level accuracy is unknown,1,Department of Water Resources,NA,1,Department of Water Resources
20606,364028N1202649W001,1054316,1960-10-11T00:00:00Z,306.07,305.07,0,468,-161.93,468,467,NA,Unknown,Water level accuracy is unknown,1,Department of Water Resources,NA,1,Department of Water Resources
20606,364028N1202649W001,1054315,1958-05-05T00:00:00Z,306.07,305.07,0,403.5,-97.43,403.5,402.5,NA,Unknown,Water level accuracy is unknown,1,Department of Water Resources,NA,5167,United States Geological Survey
