STN_ID,SITE_CODE,WLM_ID,MSMT_DATE,WLM_RPE,WLM_GSE,RDNG_WS,RDNG_RP,WSE,RPE_WSE,GSE_WSE,WLM_QA_DESC,WLM_DESC,WLM_ACC_DESC,WLM_ORG_ID,WLM_ORG_NAME,MSMT_CMT,COOP_AGENCY_ORG_ID,COOP_ORG_NAME
20821,365616N1198824W001,1881830,2014-02-12T12:00:00Z,233.65,232.65,0,182.7,50.95,182.7,181.7,NA,Unknown,Water level accuracy to nearest tenth of a foot,1,Department of Water Resources,NA,1,Department of Water Resources
20821,365616N1198824W001,1813007,2013-11-18T12:00:00Z,233.65,232.65,0,182,51.65,182,181,Acoustical sounder,Unknown,Water level accuracy to nearest tenth of a foot,1,Department of Water Resources,NA,1,Department of Water Resources
20821,365616N1198824W001,1713902,2013-02-20T12:00:00Z,233.65,232.65,0,177,56.65,177,176,Acoustical sounder,Unknown,Water level accuracy to nearest tenth of a foot,1,Department of Water Resources,NA,1,Department of Water Resources
20821,365616N1198824W001,1820866,2012-10-25T12:00:00Z,233.65,232.65,NA,NA,NA,NA,NA,Special/Other,NA,NA,1,Department of Water Resources,NA,1,Department of Water Resources
20821,365616N1198824W001,66730,2012-01-24T12:00:00Z,233.65,232.65,0,172,61.65,172,171,Acoustical sounder,Unknown,Water level accuracy to nearest tenth of a foot,1,Department of Water Resources,NA,1,Department of Water Resources
20821,365616N1198824W001,1022248,2011-10-11T00:00:00Z,233.65,232.65,0,175,58.65,175,174,Acoustical sounder,Unknown,Water level accuracy is unknown,1,Department of Water Resources,NA,1,Department of Water Resources
20821,365616N1198824W001,1022247,2011-02-08T00:00:00Z,233.65,232.65,0,170,63.65,170,169,Acoustical sounder,Unknown,Water level accuracy is unknown,1,Department of Water Resources,NA,1,Department of Water Resources
20821,365616N1198824W001,1022246,2010-10-12T00:00:00Z,233.65,232.65,0,174.7,58.95,174.7,173.7,NA,Unknown,Water level accuracy is unknown,1,Department of Water Resources,NA,1,Department of Water Resources
20821,365616N1198824W001,1022245,2010-03-29T00:00:00Z,233.65,232.65,0,169,64.65,169,168,Acoustical sounder,Unknown,Water level accuracy is unknown,1,Department of Water Resources,NA,1,Department of Water Resources
20821,365616N1198824W001,1022244,2009-10-08T00:00:00Z,233.65,232.65,0,173,60.65,173,172,Acoustical sounder,Unknown,Water level accuracy is unknown,1,Department of Water Resources,NA,1,Department of Water Resources
20821,365616N1198824W001,1022243,2009-03-09T00:00:00Z,233.65,232.65,0,167,66.65,167,166,Acoustical sounder,Unknown,Water level accuracy is unknown,1,Department of Water Resources,NA,1,Department of Water Resources
20821,365616N1198824W001,1022242,2008-10-28T00:00:00Z,233.65,232.65,0,169,64.65,169,168,Acoustical sounder,Unknown,Water level accuracy is unknown,1,Department of Water Resources,NA,1,Department of Water Resources
20821,365616N1198824W001,1022241,2008-02-19T00:00:00Z,233.65,232.65,0,161,72.65,161,160,Acoustical sounder,Unknown,Water level accuracy is unknown,1,Department of Water Resources,NA,1,Department of Water Resources
20821,365616N1198824W001,1022240,2007-02-21T00:00:00Z,233.65,232.65,0,157,76.65,157,156,Acoustical sounder,Unknown,Water level accuracy is unknown,1,Department of Water Resources,NA,1,Department of Water Resources
20821,365616N1198824W001,1022239,2006-10-11T00:00:00Z,233.65,232.65,0,162,71.65,162,161,Acoustical sounder,Unknown,Water level accuracy is unknown,1,Department of Water Resources,NA,1,Department of Water Resources
20821,365616N1198824W001,1022238,2006-02-14T00:00:00Z,233.65,232.65,0,155,78.65,155,154,Acoustical sounder,Unknown,Water level accuracy is unknown,1,Department of Water Resources,NA,1,Department of Water Resources
20821,365616N1198824W001,1022237,2005-03-14T00:00:00Z,233.65,232.65,0,152,81.65,152,151,NA,Unknown,Water level accuracy is unknown,1,Department of Water Resources,NA,1,Department of Water Resources
20821,365616N1198824W001,1022236,2004-03-08T00:00:00Z,233.65,232.65,0,150,83.65,150,149,NA,Unknown,Water level accuracy is unknown,1,Department of Water Resources,NA,1,Department of Water Resources
20821,365616N1198824W001,1022235,2003-02-24T00:00:00Z,233.65,232.65,0,144,89.65,144,143,Acoustical sounder,Unknown,Water level accuracy is unknown,1,Department of Water Resources,NA,1,Department of Water Resources
20821,365616N1198824W001,1022233,2002-02-04T00:00:00Z,233.65,232.65,0,142,91.65,142,141,Acoustical sounder,Unknown,Water level accuracy is unknown,1,Department of Water Resources,NA,1,Department of Water Resources
20821,365616N1198824W001,1022232,2001-11-13T00:00:00Z,233.65,232.65,0,146,87.65,146,145,Acoustical sounder,Unknown,Water level accuracy is unknown,1,Department of Water Resources,NA,1,Department of Water Resources
20821,365616N1198824W001,1022234,2001-02-13T00:00:00Z,233.65,232.65,0,142,91.65,142,141,Acoustical sounder,Unknown,Water level accuracy is unknown,1,Department of Water Resources,NA,1,Department of Water Resources
20821,365616N1198824W001,1022231,2000-02-07T00:00:00Z,233.65,232.65,0,143,90.65,143,142,Acoustical sounder,Unknown,Water level accuracy is unknown,1,Department of Water Resources,NA,1,Department of Water Resources
20821,365616N1198824W001,1022230,1999-10-19T00:00:00Z,233.65,232.65,0,153,80.65,153,152,Acoustical sounder,Unknown,Water level accuracy is unknown,1,Department of Water Resources,NA,1,Department of Water Resources
20821,365616N1198824W001,1022229,1999-02-05T00:00:00Z,233.65,232.65,0,146,87.65,146,145,Acoustical sounder,Unknown,Water level accuracy is unknown,1,Department of Water Resources,NA,1,Department of Water Resources
20821,365616N1198824W001,1022228,1998-10-20T00:00:00Z,233.65,232.65,0,153,80.65,153,152,Acoustical sounder,Unknown,Water level accuracy is unknown,1,Department of Water Resources,NA,1,Department of Water Resources
20821,365616N1198824W001,1022227,1998-03-26T00:00:00Z,233.65,232.65,0,150,83.65,150,149,Acoustical sounder,Unknown,Water level accuracy is unknown,1,Department of Water Resources,NA,1,Department of Water Resources
20821,365616N1198824W001,1022226,1997-10-15T00:00:00Z,233.65,232.65,NA,NA,NA,NA,NA,Pumping,NA,NA,1,Department of Water Resources,NA,1,Department of Water Resources
20821,365616N1198824W001,1022225,1997-02-18T00:00:00Z,233.65,232.65,0,151,82.65,151,150,Acoustical sounder,Unknown,Water level accuracy is unknown,1,Department of Water Resources,NA,1,Department of Water Resources
20821,365616N1198824W001,1022224,1996-10-22T00:00:00Z,233.65,232.65,0,155,78.65,155,154,Acoustical sounder,Unknown,Water level accuracy is unknown,1,Department of Water Resources,NA,1,Department of Water Resources
20821,365616N1198824W001,1022223,1996-04-16T00:00:00Z,233.65,232.65,0,151,82.65,151,150,Acoustical sounder,Unknown,Water level accuracy is unknown,1,Department of Water Resources,NA,1,Department of Water Resources
20821,365616N1198824W001,1022222,1995-10-17T00:00:00Z,233.65,232.65,NA,NA,NA,NA,NA,Pumping,NA,NA,1,Department of Water Resources,NA,1,Department of Water Resources
20821,365616N1198824W001,1022221,1995-02-22T00:00:00Z,233.65,232.65,0,147,86.65,147,146,Casing leaking or wet,Unknown,Water level accuracy is unknown,1,Department of Water Resources,NA,1,Department of Water Resources
20821,365616N1198824W001,1022220,1994-11-21T00:00:00Z,233.65,232.65,0,152,81.65,152,151,Casing leaking or wet,Unknown,Water level accuracy is unknown,1,Department of Water Resources,NA,1,Department of Water Resources
20821,365616N1198824W001,1022219,1994-02-22T00:00:00Z,233.65,232.65,0,144,89.65,144,143,Acoustical sounder,Unknown,Water level accuracy is unknown,1,Department of Water Resources,NA,1,Department of Water Resources
20821,365616N1198824W001,1022218,1993-10-25T00:00:00Z,233.65,232.65,0,152,81.65,152,151,Acoustical sounder,Unknown,Water level accuracy is unknown,1,Department of Water Resources,NA,1,Department of Water Resources
20821,365616N1198824W001,1022217,1993-02-16T00:00:00Z,233.65,232.65,0,139,94.65,139,138,Acoustical sounder,Unknown,Water level accuracy is unknown,1,Department of Water Resources,NA,1,Department of Water Resources
20821,365616N1198824W001,1022216,1992-10-16T00:00:00Z,233.65,232.65,0,147,86.65,147,146,Acoustical sounder,Unknown,Water level accuracy is unknown,1,Department of Water Resources,NA,1,Department of Water Resources
20821,365616N1198824W001,1022215,1992-01-16T00:00:00Z,233.65,232.65,0,136,97.65,136,135,Acoustical sounder,Unknown,Water level accuracy is unknown,1,Department of Water Resources,NA,1,Department of Water Resources
20821,365616N1198824W001,1022214,1991-10-21T00:00:00Z,233.65,232.65,0,140,93.65,140,139,Acoustical sounder,Unknown,Water level accuracy is unknown,1,Department of Water Resources,NA,1,Department of Water Resources
20821,365616N1198824W001,1022213,1991-01-10T00:00:00Z,233.65,232.65,0,134,99.65,134,133,Acoustical sounder,Unknown,Water level accuracy is unknown,1,Department of Water Resources,NA,1,Department of Water Resources
20821,365616N1198824W001,1022212,1990-10-11T00:00:00Z,233.65,232.65,NA,NA,NA,NA,NA,Pumping,NA,NA,1,Department of Water Resources,NA,1,Department of Water Resources
20821,365616N1198824W001,1022211,1990-01-29T00:00:00Z,233.65,232.65,0,127,106.65,127,126,Acoustical sounder,Unknown,Water level accuracy is unknown,1,Department of Water Resources,NA,1,Department of Water Resources
20821,365616N1198824W001,1022210,1989-10-10T00:00:00Z,233.65,232.65,0,133,100.65,133,132,Acoustical sounder,Unknown,Water level accuracy is unknown,1,Department of Water Resources,NA,1,Department of Water Resources
20821,365616N1198824W001,1022209,1989-02-15T00:00:00Z,233.65,232.65,0,125,108.65,125,124,Acoustical sounder,Unknown,Water level accuracy is unknown,1,Department of Water Resources,NA,1,Department of Water Resources
20821,365616N1198824W001,1022208,1988-10-12T00:00:00Z,233.65,232.65,0,132,101.65,132,131,Acoustical sounder,Unknown,Water level accuracy is unknown,1,Department of Water Resources,NA,1,Department of Water Resources
20821,365616N1198824W001,1022207,1988-02-18T00:00:00Z,233.65,232.65,0,127,106.65,127,126,Acoustical sounder,Unknown,Water level accuracy is unknown,1,Department of Water Resources,NA,1,Department of Water Resources
20821,365616N1198824W001,1022206,1987-10-14T00:00:00Z,233.65,232.65,0,147,86.65,147,146,Acoustical sounder,Unknown,Water level accuracy is unknown,1,Department of Water Resources,NA,1,Department of Water Resources
20821,365616N1198824W001,1022205,1987-02-25T00:00:00Z,233.65,232.65,0,119,114.65,119,118,Acoustical sounder,Unknown,Water level accuracy is unknown,1,Department of Water Resources,NA,1,Department of Water Resources
