STN_ID,SITE_CODE,WLM_ID,MSMT_DATE,WLM_RPE,WLM_GSE,RDNG_WS,RDNG_RP,WSE,RPE_WSE,GSE_WSE,WLM_QA_DESC,WLM_DESC,WLM_ACC_DESC,WLM_ORG_ID,WLM_ORG_NAME,MSMT_CMT,COOP_AGENCY_ORG_ID,COOP_ORG_NAME
2094,377046N1209854W001,1498534,1992-10-01T00:00:00Z,106.01,106.01,NA,NA,NA,NA,NA,Measurement Discontinued,NA,NA,1,Department of Water Resources,NA,219,Modesto Irrigation District
2094,377046N1209854W001,1498533,1992-03-01T00:00:00Z,106.01,106.01,NA,NA,NA,NA,NA,Measurement Discontinued,NA,NA,1,Department of Water Resources,NA,219,Modesto Irrigation District
2094,377046N1209854W001,1498532,1991-11-01T00:00:00Z,106.01,106.01,NA,NA,NA,NA,NA,Measurement Discontinued,NA,NA,1,Department of Water Resources,NA,219,Modesto Irrigation District
2094,377046N1209854W001,1498531,1991-02-01T00:00:00Z,106.01,106.01,NA,NA,NA,NA,NA,Measurement Discontinued,NA,NA,1,Department of Water Resources,NA,219,Modesto Irrigation District
2094,377046N1209854W001,1498530,1990-10-01T00:00:00Z,106.01,106.01,NA,NA,NA,NA,NA,Special/Other,NA,NA,1,Department of Water Resources,NA,219,Modesto Irrigation District
2094,377046N1209854W001,1498529,1989-11-01T00:00:00Z,106.01,106.01,NA,NA,NA,NA,NA,Temporarily inaccessible,NA,NA,1,Department of Water Resources,NA,219,Modesto Irrigation District
2094,377046N1209854W001,1498528,1989-03-01T00:00:00Z,106.01,106.01,NA,NA,NA,NA,NA,Can't get tape in casing,NA,NA,1,Department of Water Resources,NA,219,Modesto Irrigation District
2094,377046N1209854W001,1498527,1988-11-01T00:00:00Z,106.01,106.01,NA,NA,NA,NA,NA,Special/Other,NA,NA,1,Department of Water Resources,NA,219,Modesto Irrigation District
2094,377046N1209854W001,1498526,1988-03-01T00:00:00Z,106.01,106.01,NA,NA,NA,NA,NA,Special/Other,NA,NA,1,Department of Water Resources,NA,219,Modesto Irrigation District
2094,377046N1209854W001,1498525,1987-11-01T00:00:00Z,106.01,106.01,0,31.2,74.81,31.2,31.2,NA,Unknown,Water level accuracy is unknown,1,Department of Water Resources,NA,219,Modesto Irrigation District
2094,377046N1209854W001,1498524,1987-02-01T00:00:00Z,106.01,106.01,0,30.5,75.51,30.5,30.5,NA,Unknown,Water level accuracy is unknown,1,Department of Water Resources,NA,219,Modesto Irrigation District
2094,377046N1209854W001,1498523,1986-11-01T00:00:00Z,106.01,106.01,0,30.2,75.81,30.2,30.2,NA,Unknown,Water level accuracy is unknown,1,Department of Water Resources,NA,219,Modesto Irrigation District
2094,377046N1209854W001,1498522,1985-02-01T00:00:00Z,106.01,106.01,0,29.7,76.31,29.7,29.7,NA,Unknown,Water level accuracy is unknown,1,Department of Water Resources,NA,219,Modesto Irrigation District
2094,377046N1209854W001,1498521,1984-11-01T00:00:00Z,106.01,106.01,0,33,73.01,33,33,NA,Unknown,Water level accuracy is unknown,1,Department of Water Resources,NA,219,Modesto Irrigation District
2094,377046N1209854W001,1498520,1983-11-01T00:00:00Z,106.01,106.01,0,26.2,79.81,26.2,26.2,NA,Unknown,Water level accuracy is unknown,1,Department of Water Resources,NA,219,Modesto Irrigation District
2094,377046N1209854W001,1498519,1983-03-01T00:00:00Z,106.01,106.01,0,30.2,75.81,30.2,30.2,NA,Unknown,Water level accuracy is unknown,1,Department of Water Resources,NA,219,Modesto Irrigation District
2094,377046N1209854W001,1498518,1982-11-01T00:00:00Z,106.01,106.01,0,32,74.01,32,32,NA,Unknown,Water level accuracy is unknown,1,Department of Water Resources,NA,219,Modesto Irrigation District
2094,377046N1209854W001,1498517,1982-03-01T00:00:00Z,106.01,106.01,0,33.2,72.81,33.2,33.2,NA,Unknown,Water level accuracy is unknown,1,Department of Water Resources,NA,219,Modesto Irrigation District
2094,377046N1209854W001,1498516,1981-11-01T00:00:00Z,106.01,106.01,0,33,73.01,33,33,NA,Unknown,Water level accuracy is unknown,1,Department of Water Resources,NA,219,Modesto Irrigation District
2094,377046N1209854W001,1498515,1981-03-01T00:00:00Z,106.01,106.01,0,32,74.01,32,32,NA,Unknown,Water level accuracy is unknown,1,Department of Water Resources,NA,219,Modesto Irrigation District
2094,377046N1209854W001,1498514,1980-11-01T00:00:00Z,106.01,106.01,0,32.1,73.91,32.1,32.1,NA,Unknown,Water level accuracy is unknown,1,Department of Water Resources,NA,219,Modesto Irrigation District
2094,377046N1209854W001,1498513,1980-03-01T00:00:00Z,106.01,106.01,0,32,74.01,32,32,NA,Unknown,Water level accuracy is unknown,1,Department of Water Resources,NA,219,Modesto Irrigation District
2094,377046N1209854W001,1498512,1979-11-01T00:00:00Z,106.01,106.01,0,32.3,73.71,32.3,32.3,NA,Unknown,Water level accuracy is unknown,1,Department of Water Resources,NA,219,Modesto Irrigation District
2094,377046N1209854W001,1498511,1979-03-01T00:00:00Z,106.01,106.01,0,32,74.01,32,32,NA,Unknown,Water level accuracy is unknown,1,Department of Water Resources,NA,219,Modesto Irrigation District
2094,377046N1209854W001,1498510,1978-10-01T00:00:00Z,106.01,106.01,0,32.4,73.61,32.4,32.4,NA,Unknown,Water level accuracy is unknown,1,Department of Water Resources,NA,219,Modesto Irrigation District
2094,377046N1209854W001,1498509,1978-03-01T00:00:00Z,106.01,106.01,0,33,73.01,33,33,NA,Unknown,Water level accuracy is unknown,1,Department of Water Resources,NA,219,Modesto Irrigation District
2094,377046N1209854W001,1498508,1977-11-01T00:00:00Z,106.01,106.01,0,33,73.01,33,33,NA,Unknown,Water level accuracy is unknown,1,Department of Water Resources,NA,219,Modesto Irrigation District
2094,377046N1209854W001,1498507,1977-03-01T00:00:00Z,106.01,106.01,0,29.7,76.31,29.7,29.7,NA,Unknown,Water level accuracy is unknown,1,Department of Water Resources,NA,219,Modesto Irrigation District
2094,377046N1209854W001,1498506,1976-10-01T00:00:00Z,106.01,106.01,0,28.9,77.11,28.9,28.9,NA,Unknown,Water level accuracy is unknown,1,Department of Water Resources,NA,219,Modesto Irrigation District
2094,377046N1209854W001,1498505,1976-07-15T00:00:00Z,106.01,106.01,0,31.9,74.11,31.9,31.9,NA,Unknown,Water level accuracy is unknown,1,Department of Water Resources,NA,219,Modesto Irrigation District
2094,377046N1209854W001,1498504,1976-03-01T00:00:00Z,106.01,106.01,0,27.6,78.41,27.6,27.6,NA,Unknown,Water level accuracy is unknown,1,Department of Water Resources,NA,219,Modesto Irrigation District
2094,377046N1209854W001,1498503,1975-03-04T00:00:00Z,106.01,106.01,0,27.6,78.41,27.6,27.6,NA,Unknown,Water level accuracy is unknown,1,Department of Water Resources,NA,219,Modesto Irrigation District
2094,377046N1209854W001,1498502,1974-03-04T00:00:00Z,106.01,106.01,0,27.6,78.41,27.6,27.6,NA,Unknown,Water level accuracy is unknown,1,Department of Water Resources,NA,219,Modesto Irrigation District
2094,377046N1209854W001,1498501,1973-03-01T00:00:00Z,106.01,106.01,0,29.4,76.61,29.4,29.4,NA,Unknown,Water level accuracy is unknown,1,Department of Water Resources,NA,219,Modesto Irrigation District
2094,377046N1209854W001,1498500,1972-02-20T00:00:00Z,106.01,106.01,0,26.7,79.31,26.7,26.7,NA,Unknown,Water level accuracy is unknown,1,Department of Water Resources,NA,219,Modesto Irrigation District
2094,377046N1209854W001,1498499,1971-03-15T00:00:00Z,106.01,106.01,0,25.6,80.41,25.6,25.6,NA,Unknown,Water level accuracy is unknown,1,Department of Water Resources,NA,219,Modesto Irrigation District
2094,377046N1209854W001,1498498,1970-11-01T00:00:00Z,106.01,106.01,0,25,81.01,25,25,NA,Unknown,Water level accuracy is unknown,1,Department of Water Resources,NA,219,Modesto Irrigation District
2094,377046N1209854W001,1498497,1970-03-02T00:00:00Z,106.01,106.01,0,25.3,80.71,25.3,25.3,NA,Unknown,Water level accuracy is unknown,1,Department of Water Resources,NA,219,Modesto Irrigation District
2094,377046N1209854W001,1498496,1969-03-03T00:00:00Z,106.01,106.01,0,27.4,78.61,27.4,27.4,NA,Unknown,Water level accuracy is unknown,1,Department of Water Resources,NA,219,Modesto Irrigation District
2094,377046N1209854W001,1498495,1968-03-03T00:00:00Z,106.01,106.01,0,26,80.01,26,26,NA,Unknown,Water level accuracy is unknown,1,Department of Water Resources,NA,219,Modesto Irrigation District
2094,377046N1209854W001,1498494,1967-03-01T00:00:00Z,106.01,106.01,0,27.9,78.11,27.9,27.9,NA,Unknown,Water level accuracy is unknown,1,Department of Water Resources,NA,219,Modesto Irrigation District
2094,377046N1209854W001,1498493,1966-03-01T00:00:00Z,106.01,106.01,0,26.2,79.81,26.2,26.2,NA,Unknown,Water level accuracy is unknown,1,Department of Water Resources,NA,219,Modesto Irrigation District
2094,377046N1209854W001,1498492,1965-03-01T00:00:00Z,106.01,106.01,0,26,80.01,26,26,NA,Unknown,Water level accuracy is unknown,1,Department of Water Resources,NA,219,Modesto Irrigation District
2094,377046N1209854W001,1498491,1964-03-01T00:00:00Z,106.01,106.01,0,24.6,81.41,24.6,24.6,NA,Unknown,Water level accuracy is unknown,1,Department of Water Resources,NA,219,Modesto Irrigation District
2094,377046N1209854W001,1498490,1963-03-01T00:00:00Z,106.01,106.01,0,25.4,80.61,25.4,25.4,NA,Unknown,Water level accuracy is unknown,1,Department of Water Resources,NA,219,Modesto Irrigation District
