STN_ID,SITE_CODE,WLM_ID,MSMT_DATE,WLM_RPE,WLM_GSE,RDNG_WS,RDNG_RP,WSE,RPE_WSE,GSE_WSE,WLM_QA_DESC,WLM_DESC,WLM_ACC_DESC,WLM_ORG_ID,WLM_ORG_NAME,MSMT_CMT,COOP_AGENCY_ORG_ID,COOP_ORG_NAME
21068,356586N1191512W001,688630,2010-10-04T00:00:00Z,535.72,534.72,NA,NA,NA,NA,NA,Special/Other,NA,NA,1,Department of Water Resources,N/A,5038,Cawelo Water District
21068,356586N1191512W001,688629,2008-11-03T00:00:00Z,535.72,534.72,NA,NA,NA,NA,NA,Special/Other,NA,NA,1,Department of Water Resources,NA,5038,Cawelo Water District
21068,356586N1191512W001,688628,2008-03-03T00:00:00Z,535.72,534.72,NA,NA,NA,NA,NA,Special/Other,NA,NA,1,Department of Water Resources,NA,5038,Cawelo Water District
21068,356586N1191512W001,688627,2007-03-01T00:00:00Z,535.72,534.72,NA,NA,NA,NA,NA,Special/Other,NA,NA,1,Department of Water Resources,NA,5038,Cawelo Water District
21068,356586N1191512W001,688624,2006-11-01T00:00:00Z,535.72,534.72,0,380,155.72,380,379,NA,Unknown,Water level accuracy is unknown,1,Department of Water Resources,NA,5038,Cawelo Water District
21068,356586N1191512W001,688625,2006-03-01T00:00:00Z,535.72,534.72,NA,NA,NA,NA,NA,Special/Other,NA,NA,1,Department of Water Resources,NA,5038,Cawelo Water District
21068,356586N1191512W001,688626,2005-11-01T00:00:00Z,535.72,534.72,0,401,134.72,401,400,NA,Unknown,Water level accuracy is unknown,1,Department of Water Resources,NA,5038,Cawelo Water District
21068,356586N1191512W001,688621,2005-03-01T00:00:00Z,535.72,534.72,0,406,129.72,406,405,NA,Unknown,Water level accuracy is unknown,1,Department of Water Resources,NA,5038,Cawelo Water District
21068,356586N1191512W001,688623,2004-11-01T00:00:00Z,535.72,534.72,0,412,123.72,412,411,NA,Unknown,Water level accuracy is unknown,1,Department of Water Resources,NA,5038,Cawelo Water District
21068,356586N1191512W001,688622,2004-03-01T00:00:00Z,535.72,534.72,0,398,137.72,398,397,NA,Unknown,Water level accuracy is unknown,1,Department of Water Resources,NA,5038,Cawelo Water District
21068,356586N1191512W001,688620,2003-11-01T00:00:00Z,535.72,534.72,0,397,138.72,397,396,NA,Unknown,Water level accuracy is unknown,1,Department of Water Resources,NA,5038,Cawelo Water District
21068,356586N1191512W001,688619,2003-04-03T00:00:00Z,535.72,534.72,0,403,132.72,403,402,NA,Unknown,Water level accuracy is unknown,1,Department of Water Resources,NA,5038,Cawelo Water District
21068,356586N1191512W001,688618,2002-11-11T00:00:00Z,535.72,534.72,0,407,128.72,407,406,NA,Unknown,Water level accuracy is unknown,1,Department of Water Resources,NA,5038,Cawelo Water District
21068,356586N1191512W001,688616,2002-03-27T00:00:00Z,535.72,534.72,0,406,129.72,406,405,NA,Unknown,Water level accuracy is unknown,1,Department of Water Resources,NA,5038,Cawelo Water District
21068,356586N1191512W001,688615,2001-11-01T00:00:00Z,535.72,534.72,0,413,122.72,413,412,NA,Unknown,Water level accuracy is unknown,1,Department of Water Resources,NA,5038,Cawelo Water District
21068,356586N1191512W001,688617,2001-03-26T00:00:00Z,535.72,534.72,0,398,137.72,398,397,NA,Unknown,Water level accuracy is unknown,1,Department of Water Resources,NA,5038,Cawelo Water District
21068,356586N1191512W001,688614,2000-03-01T00:00:00Z,535.72,534.72,0,400,135.72,400,399,NA,Unknown,Water level accuracy is unknown,1,Department of Water Resources,NA,5038,Cawelo Water District
21068,356586N1191512W001,688613,1999-11-01T00:00:00Z,535.72,534.72,0,403,132.72,403,402,NA,Unknown,Water level accuracy is unknown,1,Department of Water Resources,NA,5038,Cawelo Water District
21068,356586N1191512W001,688612,1999-03-01T00:00:00Z,535.72,534.72,0,405,130.72,405,404,NA,Unknown,Water level accuracy is unknown,1,Department of Water Resources,NA,5038,Cawelo Water District
21068,356586N1191512W001,688611,1998-11-20T00:00:00Z,535.72,534.72,0,407,128.72,407,406,NA,Unknown,Water level accuracy is unknown,1,Department of Water Resources,NA,5038,Cawelo Water District
21068,356586N1191512W001,688610,1998-03-02T00:00:00Z,535.72,534.72,0,407,128.72,407,406,NA,Unknown,Water level accuracy is unknown,1,Department of Water Resources,NA,5038,Cawelo Water District
21068,356586N1191512W001,688609,1994-02-01T00:00:00Z,535.72,534.72,0,433,102.72,433,432,NA,Unknown,Water level accuracy is unknown,1,Department of Water Resources,NA,5038,Cawelo Water District
21068,356586N1191512W001,688608,1993-10-01T00:00:00Z,535.72,534.72,0,446,89.72,446,445,NA,Unknown,Water level accuracy is unknown,1,Department of Water Resources,NA,5038,Cawelo Water District
21068,356586N1191512W001,688607,1993-03-01T00:00:00Z,535.72,534.72,0,441,94.72,441,440,NA,Unknown,Water level accuracy is unknown,1,Department of Water Resources,NA,5038,Cawelo Water District
21068,356586N1191512W001,688606,1991-02-01T00:00:00Z,535.72,534.72,0,453,82.72,453,452,NA,Unknown,Water level accuracy is unknown,1,Department of Water Resources,NA,5038,Cawelo Water District
21068,356586N1191512W001,688605,1990-02-01T00:00:00Z,535.72,534.72,NA,NA,NA,NA,NA,Pumping,NA,NA,1,Department of Water Resources,NA,5038,Cawelo Water District
21068,356586N1191512W001,688604,1989-11-01T00:00:00Z,535.72,534.72,0,436,99.72,436,435,NA,Unknown,Water level accuracy is unknown,1,Department of Water Resources,NA,5038,Cawelo Water District
21068,356586N1191512W001,688603,1989-02-01T00:00:00Z,535.72,534.72,0,435,100.72,435,434,NA,Unknown,Water level accuracy is unknown,1,Department of Water Resources,NA,5038,Cawelo Water District
21068,356586N1191512W001,688602,1988-11-01T00:00:00Z,535.72,534.72,0,449,86.72,449,448,NA,Unknown,Water level accuracy is unknown,1,Department of Water Resources,NA,5038,Cawelo Water District
21068,356586N1191512W001,688601,1988-02-01T00:00:00Z,535.72,534.72,0,427,108.72,427,426,NA,Unknown,Water level accuracy is unknown,1,Department of Water Resources,NA,5038,Cawelo Water District
21068,356586N1191512W001,688600,1987-03-01T00:00:00Z,535.72,534.72,0,437,98.72,437,436,NA,Unknown,Water level accuracy is unknown,1,Department of Water Resources,NA,5038,Cawelo Water District
21068,356586N1191512W001,688599,1985-03-05T00:00:00Z,535.72,534.72,NA,NA,NA,NA,NA,Measurement Discontinued,NA,NA,1,Department of Water Resources,NA,5038,Cawelo Water District
21068,356586N1191512W001,688598,1984-10-01T00:00:00Z,535.72,534.72,NA,NA,NA,NA,NA,Measurement Discontinued,NA,NA,1,Department of Water Resources,NA,624,Bureau of Reclamation
21068,356586N1191512W001,688597,1984-02-08T00:00:00Z,535.72,534.72,0,448,87.72,448,447,NA,Unknown,Water level accuracy is unknown,1,Department of Water Resources,NA,624,Bureau of Reclamation
21068,356586N1191512W001,688596,1983-10-13T00:00:00Z,535.72,534.72,0,465.8,69.92,465.8,464.8,NA,Unknown,Water level accuracy is unknown,1,Department of Water Resources,NA,624,Bureau of Reclamation
21068,356586N1191512W001,688595,1983-04-04T00:00:00Z,535.72,534.72,0,463.8,71.92,463.8,462.8,NA,Unknown,Water level accuracy is unknown,1,Department of Water Resources,NA,5038,Cawelo Water District
21068,356586N1191512W001,688594,1982-10-12T00:00:00Z,535.72,534.72,0,497,38.72,497,496,NA,Unknown,Water level accuracy is unknown,1,Department of Water Resources,NA,5038,Cawelo Water District
21068,356586N1191512W001,688593,1982-02-08T00:00:00Z,535.72,534.72,0,498.6,37.12,498.6,497.6,NA,Unknown,Water level accuracy is unknown,1,Department of Water Resources,NA,624,Bureau of Reclamation
21068,356586N1191512W001,688592,1981-09-17T00:00:00Z,535.72,534.72,0,509.8,25.92,509.8,508.8,NA,Unknown,Water level accuracy is unknown,1,Department of Water Resources,NA,624,Bureau of Reclamation
21068,356586N1191512W001,688591,1981-02-04T00:00:00Z,535.72,534.72,NA,NA,NA,NA,NA,Measurement Discontinued,NA,NA,1,Department of Water Resources,NA,1085,KERN-TULARE WATER DISTRICT
21068,356586N1191512W001,688590,1981-01-20T00:00:00Z,535.72,534.72,0,497.2,38.52,497.2,496.2,NA,Unknown,Water level accuracy is unknown,1,Department of Water Resources,NA,5038,Cawelo Water District
21068,356586N1191512W001,688589,1980-10-09T00:00:00Z,535.72,534.72,0,499,36.72,499,498,NA,Unknown,Water level accuracy is unknown,1,Department of Water Resources,NA,5038,Cawelo Water District
21068,356586N1191512W001,688588,1980-10-06T00:00:00Z,535.72,534.72,NA,NA,NA,NA,NA,Special/Other,NA,NA,1,Department of Water Resources,NA,1085,KERN-TULARE WATER DISTRICT
21068,356586N1191512W001,688587,1980-03-01T00:00:00Z,535.72,534.72,0,496,39.72,496,495,NA,Unknown,Water level accuracy is unknown,1,Department of Water Resources,NA,5038,Cawelo Water District
21068,356586N1191512W001,688586,1980-01-23T00:00:00Z,535.72,534.72,0,498,37.72,498,497,NA,Unknown,Water level accuracy is unknown,1,Department of Water Resources,NA,1085,KERN-TULARE WATER DISTRICT
21068,356586N1191512W001,688585,1979-09-28T00:00:00Z,535.72,534.72,0,501,34.72,501,500,NA,Unknown,Water level accuracy is unknown,1,Department of Water Resources,NA,1085,KERN-TULARE WATER DISTRICT
21068,356586N1191512W001,688584,1979-09-01T00:00:00Z,535.72,534.72,0,510.1,25.62,510.1,509.1,NA,Unknown,Water level accuracy is unknown,1,Department of Water Resources,NA,5038,Cawelo Water District
21068,356586N1191512W001,688583,1979-01-25T00:00:00Z,535.72,534.72,0,509,26.72,509,508,NA,Unknown,Water level accuracy is unknown,1,Department of Water Resources,NA,1085,KERN-TULARE WATER DISTRICT
21068,356586N1191512W001,688582,1978-10-06T00:00:00Z,535.72,534.72,0,529,6.72,529,528,NA,Unknown,Water level accuracy is unknown,1,Department of Water Resources,NA,1085,KERN-TULARE WATER DISTRICT
21068,356586N1191512W001,688581,1978-01-27T00:00:00Z,535.72,534.72,0,525,10.72,525,524,NA,Unknown,Water level accuracy is unknown,1,Department of Water Resources,NA,1085,KERN-TULARE WATER DISTRICT
21068,356586N1191512W001,688580,1977-11-30T00:00:00Z,535.72,534.72,0,519,16.72,519,518,NA,Unknown,Water level accuracy is unknown,1,Department of Water Resources,NA,1,Department of Water Resources
21068,356586N1191512W001,688579,1977-03-08T00:00:00Z,535.72,534.72,0,536,-0.28,536,535,NA,Unknown,Water level accuracy is unknown,1,Department of Water Resources,NA,1,Department of Water Resources
21068,356586N1191512W001,688578,1976-11-24T00:00:00Z,535.72,534.72,0,523,12.72,523,522,NA,Unknown,Water level accuracy is unknown,1,Department of Water Resources,NA,1,Department of Water Resources
21068,356586N1191512W001,688577,1976-03-02T00:00:00Z,535.72,534.72,0,512,23.72,512,511,NA,Unknown,Water level accuracy is unknown,1,Department of Water Resources,NA,1,Department of Water Resources
21068,356586N1191512W001,688576,1975-02-25T00:00:00Z,535.72,534.72,0,494,41.72,494,493,NA,Unknown,Water level accuracy is unknown,1,Department of Water Resources,NA,1,Department of Water Resources
21068,356586N1191512W001,688575,1974-02-20T00:00:00Z,535.72,534.72,NA,NA,NA,NA,NA,Pumping,NA,NA,1,Department of Water Resources,NA,1,Department of Water Resources
21068,356586N1191512W001,688574,1973-02-07T00:00:00Z,535.72,534.72,NA,NA,NA,NA,NA,Can't get tape in casing,NA,NA,1,Department of Water Resources,NA,1,Department of Water Resources
21068,356586N1191512W001,688573,1972-02-23T00:00:00Z,535.72,534.72,NA,NA,NA,NA,NA,Tape hung up,NA,NA,1,Department of Water Resources,NA,1,Department of Water Resources
