STN_ID,SITE_CODE,WLM_ID,MSMT_DATE,WLM_RPE,WLM_GSE,RDNG_WS,RDNG_RP,WSE,RPE_WSE,GSE_WSE,WLM_QA_DESC,WLM_DESC,WLM_ACC_DESC,WLM_ORG_ID,WLM_ORG_NAME,MSMT_CMT,COOP_AGENCY_ORG_ID,COOP_ORG_NAME
21256,355589N1196004W001,706081,2009-01-05T00:00:00Z,237.31,237.31,NA,NA,NA,NA,NA,Temporarily inaccessible,NA,NA,1,Department of Water Resources,NA,863,Buena Vista Water Storage District
21256,355589N1196004W001,706080,2009-01-03T00:00:00Z,237.31,237.31,NA,NA,NA,NA,NA,Dry well,NA,NA,1,Department of Water Resources,NA,863,Buena Vista Water Storage District
21256,355589N1196004W001,706084,2008-09-08T00:00:00Z,237.31,237.31,NA,NA,NA,NA,NA,Dry well,NA,NA,1,Department of Water Resources,NA,863,Buena Vista Water Storage District
21256,355589N1196004W001,706083,2008-06-09T00:00:00Z,237.31,237.31,NA,NA,NA,NA,NA,Dry well,NA,NA,1,Department of Water Resources,NA,863,Buena Vista Water Storage District
21256,355589N1196004W001,706082,2008-03-03T00:00:00Z,237.31,237.31,NA,NA,NA,NA,NA,Dry well,NA,NA,1,Department of Water Resources,NA,863,Buena Vista Water Storage District
21256,355589N1196004W001,706079,2004-10-22T00:00:00Z,237.31,237.31,NA,NA,NA,NA,NA,Tape hung up,NA,NA,1,Department of Water Resources,NA,423,Kern County Water Agency
21256,355589N1196004W001,706077,2004-01-26T00:00:00Z,237.31,237.31,0,23.8,213.51,23.8,23.8,NA,Unknown,Water level accuracy is unknown,1,Department of Water Resources,NA,423,Kern County Water Agency
21256,355589N1196004W001,706078,2003-11-13T00:00:00Z,237.31,237.31,0,23.6,213.71,23.6,23.6,NA,Unknown,Water level accuracy is unknown,1,Department of Water Resources,NA,423,Kern County Water Agency
21256,355589N1196004W001,706075,2002-01-17T00:00:00Z,237.31,237.31,0,26.9,210.41,26.9,26.9,NA,Unknown,Water level accuracy is unknown,1,Department of Water Resources,NA,423,Kern County Water Agency
21256,355589N1196004W001,706074,2001-10-05T00:00:00Z,237.31,237.31,0,30.2,207.11,30.2,30.2,NA,Unknown,Water level accuracy is unknown,1,Department of Water Resources,NA,423,Kern County Water Agency
21256,355589N1196004W001,706076,2001-01-12T00:00:00Z,237.31,237.31,0,23.2,214.11,23.2,23.2,NA,Unknown,Water level accuracy is unknown,1,Department of Water Resources,NA,423,Kern County Water Agency
21256,355589N1196004W001,706073,2000-01-18T00:00:00Z,237.31,237.31,0,20.8,216.51,20.8,20.8,NA,Unknown,Water level accuracy is unknown,1,Department of Water Resources,NA,423,Kern County Water Agency
21256,355589N1196004W001,706072,1999-10-08T00:00:00Z,237.31,237.31,0,21.3,216.01,21.3,21.3,NA,Unknown,Water level accuracy is unknown,1,Department of Water Resources,NA,423,Kern County Water Agency
21256,355589N1196004W001,706071,1999-02-02T00:00:00Z,237.31,237.31,0,23.5,213.81,23.5,23.5,NA,Unknown,Water level accuracy is unknown,1,Department of Water Resources,NA,423,Kern County Water Agency
21256,355589N1196004W001,706070,1998-10-23T00:00:00Z,237.31,237.31,0,28.9,208.41,28.9,28.9,NA,Unknown,Water level accuracy is unknown,1,Department of Water Resources,NA,423,Kern County Water Agency
21256,355589N1196004W001,706069,1998-02-04T00:00:00Z,237.31,237.31,0,25.9,211.41,25.9,25.9,NA,Unknown,Water level accuracy is unknown,1,Department of Water Resources,NA,423,Kern County Water Agency
21256,355589N1196004W001,706068,1994-01-31T00:00:00Z,237.31,237.31,0,30,207.31,30,30,NA,Unknown,Water level accuracy is unknown,1,Department of Water Resources,NA,423,Kern County Water Agency
21256,355589N1196004W001,706067,1993-10-12T00:00:00Z,237.31,237.31,0,31.6,205.71,31.6,31.6,NA,Unknown,Water level accuracy is unknown,1,Department of Water Resources,NA,423,Kern County Water Agency
21256,355589N1196004W001,706066,1993-02-17T00:00:00Z,237.31,237.31,0,41,196.31,41,41,NA,Unknown,Water level accuracy is unknown,1,Department of Water Resources,NA,423,Kern County Water Agency
21256,355589N1196004W001,706065,1992-10-21T00:00:00Z,237.31,237.31,0,38,199.31,38,38,NA,Unknown,Water level accuracy is unknown,1,Department of Water Resources,NA,423,Kern County Water Agency
21256,355589N1196004W001,706064,1992-02-13T00:00:00Z,237.31,237.31,0,7,230.31,7,7,NA,Unknown,Water level accuracy is unknown,1,Department of Water Resources,NA,423,Kern County Water Agency
21256,355589N1196004W001,706063,1990-10-10T00:00:00Z,237.31,237.31,0,34.6,202.71,34.6,34.6,NA,Unknown,Water level accuracy is unknown,1,Department of Water Resources,NA,423,Kern County Water Agency
21256,355589N1196004W001,706062,1990-02-02T00:00:00Z,237.31,237.31,0,33,204.31,33,33,NA,Unknown,Water level accuracy is unknown,1,Department of Water Resources,NA,423,Kern County Water Agency
21256,355589N1196004W001,706061,1989-10-06T00:00:00Z,237.31,237.31,0,33,204.31,33,33,NA,Unknown,Water level accuracy is unknown,1,Department of Water Resources,NA,423,Kern County Water Agency
21256,355589N1196004W001,706060,1989-02-15T00:00:00Z,237.31,237.31,0,27,210.31,27,27,NA,Unknown,Water level accuracy is unknown,1,Department of Water Resources,NA,423,Kern County Water Agency
21256,355589N1196004W001,706059,1988-10-12T00:00:00Z,237.31,237.31,0,31,206.31,31,31,NA,Unknown,Water level accuracy is unknown,1,Department of Water Resources,NA,423,Kern County Water Agency
21256,355589N1196004W001,706058,1988-02-10T00:00:00Z,237.31,237.31,0,34,203.31,34,34,NA,Unknown,Water level accuracy is unknown,1,Department of Water Resources,NA,423,Kern County Water Agency
21256,355589N1196004W001,706057,1987-11-10T00:00:00Z,237.31,237.31,0,29,208.31,29,29,NA,Unknown,Water level accuracy is unknown,1,Department of Water Resources,NA,423,Kern County Water Agency
21256,355589N1196004W001,706056,1987-02-02T00:00:00Z,237.31,237.31,0,27,210.31,27,27,NA,Unknown,Water level accuracy is unknown,1,Department of Water Resources,NA,423,Kern County Water Agency
21256,355589N1196004W001,706055,1986-10-15T00:00:00Z,237.31,237.31,0,26,211.31,26,26,NA,Unknown,Water level accuracy is unknown,1,Department of Water Resources,NA,624,Bureau of Reclamation
21256,355589N1196004W001,706054,1986-02-06T00:00:00Z,237.31,237.31,0,34,203.31,34,34,NA,Unknown,Water level accuracy is unknown,1,Department of Water Resources,NA,624,Bureau of Reclamation
21256,355589N1196004W001,706053,1985-02-04T00:00:00Z,237.31,237.31,0,28,209.31,28,28,NA,Unknown,Water level accuracy is unknown,1,Department of Water Resources,NA,624,Bureau of Reclamation
21256,355589N1196004W001,706052,1984-11-01T00:00:00Z,237.31,237.31,0,28,209.31,28,28,NA,Unknown,Water level accuracy is unknown,1,Department of Water Resources,NA,624,Bureau of Reclamation
21256,355589N1196004W001,706051,1984-02-07T00:00:00Z,237.31,237.31,0,27,210.31,27,27,NA,Unknown,Water level accuracy is unknown,1,Department of Water Resources,NA,624,Bureau of Reclamation
21256,355589N1196004W001,706050,1983-09-27T00:00:00Z,237.31,237.31,0,28,209.31,28,28,NA,Unknown,Water level accuracy is unknown,1,Department of Water Resources,NA,624,Bureau of Reclamation
21256,355589N1196004W001,706049,1983-02-03T00:00:00Z,237.31,237.31,0,32,205.31,32,32,NA,Unknown,Water level accuracy is unknown,1,Department of Water Resources,NA,423,Kern County Water Agency
21256,355589N1196004W001,706048,1982-10-05T00:00:00Z,237.31,237.31,0,33,204.31,33,33,NA,Unknown,Water level accuracy is unknown,1,Department of Water Resources,NA,423,Kern County Water Agency
21256,355589N1196004W001,706047,1982-01-30T00:00:00Z,237.31,237.31,0,31,206.31,31,31,NA,Unknown,Water level accuracy is unknown,1,Department of Water Resources,NA,624,Bureau of Reclamation
21256,355589N1196004W001,706046,1981-09-28T00:00:00Z,237.31,237.31,0,34,203.31,34,34,NA,Unknown,Water level accuracy is unknown,1,Department of Water Resources,NA,624,Bureau of Reclamation
21256,355589N1196004W001,706045,1981-02-19T00:00:00Z,237.31,237.31,0,32,205.31,32,32,NA,Unknown,Water level accuracy is unknown,1,Department of Water Resources,NA,423,Kern County Water Agency
21256,355589N1196004W001,706044,1980-09-26T00:00:00Z,237.31,237.31,0,33,204.31,33,33,NA,Unknown,Water level accuracy is unknown,1,Department of Water Resources,NA,423,Kern County Water Agency
21256,355589N1196004W001,706043,1980-02-04T00:00:00Z,237.31,237.31,0,38,199.31,38,38,NA,Unknown,Water level accuracy is unknown,1,Department of Water Resources,NA,423,Kern County Water Agency
21256,355589N1196004W001,706042,1979-09-28T00:00:00Z,237.31,237.31,0,36,201.31,36,36,NA,Unknown,Water level accuracy is unknown,1,Department of Water Resources,NA,423,Kern County Water Agency
21256,355589N1196004W001,706041,1979-01-24T00:00:00Z,237.31,237.31,0,37,200.31,37,37,NA,Unknown,Water level accuracy is unknown,1,Department of Water Resources,NA,423,Kern County Water Agency
21256,355589N1196004W001,706040,1978-10-09T00:00:00Z,237.31,237.31,0,38,199.31,38,38,NA,Unknown,Water level accuracy is unknown,1,Department of Water Resources,NA,423,Kern County Water Agency
21256,355589N1196004W001,706039,1978-02-15T00:00:00Z,237.31,237.31,NA,NA,NA,NA,NA,Temporarily inaccessible,NA,NA,1,Department of Water Resources,NA,423,Kern County Water Agency
21256,355589N1196004W001,706038,1977-08-22T00:00:00Z,237.31,237.31,0,86,151.31,86,86,NA,Unknown,Water level accuracy is unknown,1,Department of Water Resources,NA,423,Kern County Water Agency
21256,355589N1196004W001,706037,1977-06-10T00:00:00Z,237.31,237.31,0,65,172.31,65,65,NA,Unknown,Water level accuracy is unknown,1,Department of Water Resources,NA,423,Kern County Water Agency
21256,355589N1196004W001,706036,1977-02-02T00:00:00Z,237.31,237.31,0,67,170.31,67,67,NA,Unknown,Water level accuracy is unknown,1,Department of Water Resources,NA,423,Kern County Water Agency
21256,355589N1196004W001,706035,1976-10-08T00:00:00Z,237.31,237.31,0,39,198.31,39,39,NA,Unknown,Water level accuracy is unknown,1,Department of Water Resources,NA,423,Kern County Water Agency
21256,355589N1196004W001,706034,1976-01-30T00:00:00Z,237.31,237.31,0,40,197.31,40,40,NA,Unknown,Water level accuracy is unknown,1,Department of Water Resources,NA,423,Kern County Water Agency
21256,355589N1196004W001,706033,1975-09-25T00:00:00Z,237.31,237.31,0,44,193.31,44,44,NA,Unknown,Water level accuracy is unknown,1,Department of Water Resources,NA,423,Kern County Water Agency
21256,355589N1196004W001,706032,1975-01-29T00:00:00Z,237.31,237.31,0,37,200.31,37,37,NA,Unknown,Water level accuracy is unknown,1,Department of Water Resources,NA,423,Kern County Water Agency
21256,355589N1196004W001,706031,1974-09-27T00:00:00Z,237.31,237.31,0,38,199.31,38,38,NA,Unknown,Water level accuracy is unknown,1,Department of Water Resources,NA,423,Kern County Water Agency
21256,355589N1196004W001,706030,1974-02-01T00:00:00Z,237.31,237.31,0,37,200.31,37,37,NA,Unknown,Water level accuracy is unknown,1,Department of Water Resources,NA,423,Kern County Water Agency
21256,355589N1196004W001,706029,1973-10-16T00:00:00Z,237.31,237.31,0,38,199.31,38,38,NA,Unknown,Water level accuracy is unknown,1,Department of Water Resources,NA,423,Kern County Water Agency
21256,355589N1196004W001,706028,1973-02-02T00:00:00Z,237.31,237.31,0,46,191.31,46,46,NA,Unknown,Water level accuracy is unknown,1,Department of Water Resources,NA,423,Kern County Water Agency
21256,355589N1196004W001,706027,1972-10-10T00:00:00Z,237.31,237.31,NA,NA,NA,NA,NA,Pumping,NA,NA,1,Department of Water Resources,NA,423,Kern County Water Agency
21256,355589N1196004W001,706026,1972-02-09T00:00:00Z,237.31,237.31,0,51,186.31,51,51,NA,Unknown,Water level accuracy is unknown,1,Department of Water Resources,NA,423,Kern County Water Agency
21256,355589N1196004W001,706025,1971-09-22T00:00:00Z,237.31,237.31,0,46,191.31,46,46,NA,Unknown,Water level accuracy is unknown,1,Department of Water Resources,NA,423,Kern County Water Agency
21256,355589N1196004W001,706024,1970-04-08T00:00:00Z,237.31,237.31,0,42,195.31,42,42,NA,Unknown,Water level accuracy is unknown,1,Department of Water Resources,NA,1,Department of Water Resources
