STN_ID,SITE_CODE,WLM_ID,MSMT_DATE,WLM_RPE,WLM_GSE,RDNG_WS,RDNG_RP,WSE,RPE_WSE,GSE_WSE,WLM_QA_DESC,WLM_DESC,WLM_ACC_DESC,WLM_ORG_ID,WLM_ORG_NAME,MSMT_CMT,COOP_AGENCY_ORG_ID,COOP_ORG_NAME
21295,350964N1191346W001,661594,1986-01-01T00:00:00Z,403.42,400.42,0,78,325.42,78,75,NA,Unknown,Water level accuracy is unknown,1,Department of Water Resources,NA,5042,Wheeler Ridge-Maricopa Water Storage District
21295,350964N1191346W001,661593,1982-12-01T00:00:00Z,403.42,400.42,0,105,298.42,105,102,NA,Unknown,Water level accuracy is unknown,1,Department of Water Resources,NA,5042,Wheeler Ridge-Maricopa Water Storage District
21295,350964N1191346W001,661592,1981-12-01T00:00:00Z,403.42,400.42,0,100,303.42,100,97,NA,Unknown,Water level accuracy is unknown,1,Department of Water Resources,NA,5042,Wheeler Ridge-Maricopa Water Storage District
21295,350964N1191346W001,661591,1981-09-25T00:00:00Z,403.42,400.42,0,212,191.42,212,209,Acoustical sounder,Unknown,Water level accuracy is unknown,1,Department of Water Resources,NA,1,Department of Water Resources
21295,350964N1191346W001,661590,1980-12-01T00:00:00Z,403.42,400.42,0,106.5,296.92,106.5,103.5,NA,Unknown,Water level accuracy is unknown,1,Department of Water Resources,NA,5042,Wheeler Ridge-Maricopa Water Storage District
21295,350964N1191346W001,661589,1980-02-08T00:00:00Z,403.42,400.42,0,126,277.42,126,123,NA,Unknown,Water level accuracy is unknown,1,Department of Water Resources,NA,5042,Wheeler Ridge-Maricopa Water Storage District
21295,350964N1191346W001,661588,1979-03-09T00:00:00Z,403.42,400.42,0,147,256.42,147,144,NA,Unknown,Water level accuracy is unknown,1,Department of Water Resources,NA,5042,Wheeler Ridge-Maricopa Water Storage District
21295,350964N1191346W001,661587,1975-10-01T00:00:00Z,403.42,400.42,NA,NA,NA,NA,NA,Measurement Discontinued,NA,NA,1,Department of Water Resources,NA,423,Kern County Water Agency
21295,350964N1191346W001,661586,1975-03-07T00:00:00Z,403.42,400.42,0,175,228.42,175,172,NA,Unknown,Water level accuracy is unknown,1,Department of Water Resources,NA,5042,Wheeler Ridge-Maricopa Water Storage District
21295,350964N1191346W001,661585,1974-02-07T00:00:00Z,403.42,400.42,0,160,243.42,160,157,NA,Unknown,Water level accuracy is unknown,1,Department of Water Resources,NA,423,Kern County Water Agency
21295,350964N1191346W001,661584,1974-01-23T00:00:00Z,403.42,400.42,0,164,239.42,164,161,NA,Unknown,Water level accuracy is unknown,1,Department of Water Resources,NA,5042,Wheeler Ridge-Maricopa Water Storage District
21295,350964N1191346W001,661583,1973-10-04T00:00:00Z,403.42,400.42,0,163,240.42,163,160,NA,Unknown,Water level accuracy is unknown,1,Department of Water Resources,NA,423,Kern County Water Agency
21295,350964N1191346W001,661582,1973-01-31T00:00:00Z,403.42,400.42,0,171,232.42,171,168,NA,Unknown,Water level accuracy is unknown,1,Department of Water Resources,NA,423,Kern County Water Agency
21295,350964N1191346W001,661581,1972-10-02T00:00:00Z,403.42,400.42,0,178,225.42,178,175,NA,Unknown,Water level accuracy is unknown,1,Department of Water Resources,NA,423,Kern County Water Agency
21295,350964N1191346W001,661580,1972-01-26T00:00:00Z,403.42,400.42,0,197,206.42,197,194,Nearby pump operating,Unknown,Water level accuracy is unknown,1,Department of Water Resources,NA,423,Kern County Water Agency
21295,350964N1191346W001,661579,1971-09-13T00:00:00Z,403.42,400.42,0,159.5,243.92,159.5,156.5,NA,Unknown,Water level accuracy is unknown,1,Department of Water Resources,NA,423,Kern County Water Agency
21295,350964N1191346W001,661578,1971-01-18T00:00:00Z,403.42,400.42,0,158,245.42,158,155,NA,Unknown,Water level accuracy is unknown,1,Department of Water Resources,NA,423,Kern County Water Agency
21295,350964N1191346W001,661577,1970-09-16T00:00:00Z,403.42,400.42,0,163,240.42,163,160,NA,Unknown,Water level accuracy is unknown,1,Department of Water Resources,NA,423,Kern County Water Agency
21295,350964N1191346W001,661576,1970-01-19T00:00:00Z,403.42,400.42,0,160,243.42,160,157,NA,Unknown,Water level accuracy is unknown,1,Department of Water Resources,NA,423,Kern County Water Agency
21295,350964N1191346W001,661575,1969-09-16T00:00:00Z,403.42,400.42,0,158,245.42,158,155,NA,Unknown,Water level accuracy is unknown,1,Department of Water Resources,NA,423,Kern County Water Agency
21295,350964N1191346W001,661574,1969-01-20T00:00:00Z,403.42,400.42,0,158,245.42,158,155,NA,Unknown,Water level accuracy is unknown,1,Department of Water Resources,NA,423,Kern County Water Agency
21295,350964N1191346W001,661573,1968-09-16T00:00:00Z,403.42,400.42,0,171,232.42,171,168,NA,Unknown,Water level accuracy is unknown,1,Department of Water Resources,NA,423,Kern County Water Agency
21295,350964N1191346W001,661572,1968-01-22T00:00:00Z,403.42,400.42,0,170,233.42,170,167,NA,Unknown,Water level accuracy is unknown,1,Department of Water Resources,NA,423,Kern County Water Agency
21295,350964N1191346W001,661571,1967-09-22T00:00:00Z,403.42,400.42,0,146,257.42,146,143,NA,Unknown,Water level accuracy is unknown,1,Department of Water Resources,NA,423,Kern County Water Agency
21295,350964N1191346W001,661570,1967-01-23T00:00:00Z,403.42,400.42,0,150,253.42,150,147,NA,Unknown,Water level accuracy is unknown,1,Department of Water Resources,NA,423,Kern County Water Agency
21295,350964N1191346W001,661569,1966-09-19T00:00:00Z,403.42,400.42,0,172,231.42,172,169,NA,Unknown,Water level accuracy is unknown,1,Department of Water Resources,NA,423,Kern County Water Agency
21295,350964N1191346W001,661568,1966-01-19T00:00:00Z,403.42,400.42,0,179,224.42,179,176,NA,Unknown,Water level accuracy is unknown,1,Department of Water Resources,NA,423,Kern County Water Agency
21295,350964N1191346W001,661567,1965-09-22T00:00:00Z,403.42,400.42,0,153,250.42,153,150,NA,Unknown,Water level accuracy is unknown,1,Department of Water Resources,NA,423,Kern County Water Agency
21295,350964N1191346W001,661566,1965-01-20T00:00:00Z,403.42,400.42,0,163,240.42,163,160,NA,Unknown,Water level accuracy is unknown,1,Department of Water Resources,NA,423,Kern County Water Agency
21295,350964N1191346W001,661565,1964-09-16T00:00:00Z,403.42,400.42,0,165,238.42,165,162,NA,Unknown,Water level accuracy is unknown,1,Department of Water Resources,NA,423,Kern County Water Agency
21295,350964N1191346W001,661564,1964-01-20T00:00:00Z,403.42,400.42,0,160,243.42,160,157,NA,Unknown,Water level accuracy is unknown,1,Department of Water Resources,NA,423,Kern County Water Agency
21295,350964N1191346W001,661563,1963-09-16T00:00:00Z,403.42,400.42,0,168,235.42,168,165,NA,Unknown,Water level accuracy is unknown,1,Department of Water Resources,NA,423,Kern County Water Agency
21295,350964N1191346W001,661562,1963-01-29T00:00:00Z,403.42,400.42,0,145,258.42,145,142,NA,Unknown,Water level accuracy is unknown,1,Department of Water Resources,NA,423,Kern County Water Agency
21295,350964N1191346W001,661561,1962-10-03T00:00:00Z,403.42,400.42,0,141.8,261.62,141.8,138.8,NA,Unknown,Water level accuracy is unknown,1,Department of Water Resources,NA,423,Kern County Water Agency
21295,350964N1191346W001,661560,1962-01-30T00:00:00Z,403.42,400.42,0,156.4,247.02,156.4,153.4,NA,Unknown,Water level accuracy is unknown,1,Department of Water Resources,NA,423,Kern County Water Agency
21295,350964N1191346W001,661559,1961-10-04T00:00:00Z,403.42,400.42,0,134.2,269.22,134.2,131.2,NA,Unknown,Water level accuracy is unknown,1,Department of Water Resources,NA,423,Kern County Water Agency
21295,350964N1191346W001,661558,1961-01-31T00:00:00Z,403.42,400.42,0,114.8,288.62,114.8,111.8,NA,Unknown,Water level accuracy is unknown,1,Department of Water Resources,NA,1106,JAMES IRRIGATION DISTRICT
21295,350964N1191346W001,661557,1960-09-28T00:00:00Z,403.42,400.42,0,129.4,274.02,129.4,126.4,NA,Unknown,Water level accuracy is unknown,1,Department of Water Resources,NA,1106,JAMES IRRIGATION DISTRICT
21295,350964N1191346W001,661556,1959-09-10T00:00:00Z,403.42,400.42,0,139.4,264.02,139.4,136.4,NA,Unknown,Water level accuracy is unknown,1,Department of Water Resources,NA,1,Department of Water Resources
21295,350964N1191346W001,661555,1958-12-03T00:00:00Z,403.42,400.42,0,134.9,268.52,134.9,131.9,NA,Unknown,Water level accuracy is unknown,1,Department of Water Resources,NA,1,Department of Water Resources
21295,350964N1191346W001,661554,1958-01-28T00:00:00Z,403.42,400.42,0,138.8,264.62,138.8,135.8,NA,Unknown,Water level accuracy is unknown,1,Department of Water Resources,NA,1,Department of Water Resources
21295,350964N1191346W001,661553,1957-10-10T00:00:00Z,403.42,400.42,0,127.5,275.92,127.5,124.5,NA,Unknown,Water level accuracy is unknown,1,Department of Water Resources,NA,1,Department of Water Resources
21295,350964N1191346W001,661552,1957-02-14T00:00:00Z,403.42,400.42,0,140,263.42,140,137,NA,Unknown,Water level accuracy is unknown,1,Department of Water Resources,NA,1,Department of Water Resources
