STN_ID,SITE_CODE,WLM_ID,MSMT_DATE,WLM_RPE,WLM_GSE,RDNG_WS,RDNG_RP,WSE,RPE_WSE,GSE_WSE,WLM_QA_DESC,WLM_DESC,WLM_ACC_DESC,WLM_ORG_ID,WLM_ORG_NAME,MSMT_CMT,COOP_AGENCY_ORG_ID,COOP_ORG_NAME
21524,359803N1190131W001,813644,1977-11-07T00:00:00Z,515.22,514.72,NA,NA,NA,NA,NA,Can't get tape in casing,NA,NA,1,Department of Water Resources,NA,1105,TERRA BELLA IRRIGATION DISTRICT
21524,359803N1190131W001,813643,1977-02-04T00:00:00Z,515.22,514.72,0,138.4,376.82,138.4,137.9,NA,Unknown,Water level accuracy is unknown,1,Department of Water Resources,NA,1105,TERRA BELLA IRRIGATION DISTRICT
21524,359803N1190131W001,813642,1976-10-15T00:00:00Z,515.22,514.72,0,147.8,367.42,147.8,147.3,NA,Unknown,Water level accuracy is unknown,1,Department of Water Resources,NA,1105,TERRA BELLA IRRIGATION DISTRICT
21524,359803N1190131W001,813641,1976-02-02T00:00:00Z,515.22,514.72,NA,NA,NA,NA,NA,Special/Other,NA,NA,1,Department of Water Resources,NA,1105,TERRA BELLA IRRIGATION DISTRICT
21524,359803N1190131W001,813640,1975-10-04T00:00:00Z,515.22,514.72,NA,NA,NA,NA,NA,Temporarily inaccessible,NA,NA,1,Department of Water Resources,NA,1105,TERRA BELLA IRRIGATION DISTRICT
21524,359803N1190131W001,813639,1975-02-20T00:00:00Z,515.22,514.72,NA,NA,NA,NA,NA,Can't get tape in casing,NA,NA,1,Department of Water Resources,NA,1105,TERRA BELLA IRRIGATION DISTRICT
21524,359803N1190131W001,813638,1974-09-14T00:00:00Z,515.22,514.72,NA,NA,NA,NA,NA,Can't get tape in casing,NA,NA,1,Department of Water Resources,NA,1105,TERRA BELLA IRRIGATION DISTRICT
21524,359803N1190131W001,813637,1974-02-15T00:00:00Z,515.22,514.72,0,152,363.22,152,151.5,NA,Unknown,Water level accuracy is unknown,1,Department of Water Resources,NA,1110,RAG GULCH WATER DISTRICT
