STN_ID,SITE_CODE,WLM_ID,MSMT_DATE,WLM_RPE,WLM_GSE,RDNG_WS,RDNG_RP,WSE,RPE_WSE,GSE_WSE,WLM_QA_DESC,WLM_DESC,WLM_ACC_DESC,WLM_ORG_ID,WLM_ORG_NAME,MSMT_CMT,COOP_AGENCY_ORG_ID,COOP_ORG_NAME
22005,410252N1213920W001,2619065,2020-04-14T12:00:00Z,3314.6,3314.1,NA,NA,NA,NA,NA,Special/Other,NA,NA,1,Department of Water Resources,Domestic wells not monitored during COVID-19 (Shelter in Place),1,Department of Water Resources
22005,410252N1213920W001,2480302,2019-10-23T12:00:00Z,3314.6,3314.1,13.8,50,3278.4,36.2,35.7,NA,Steel tape measurement,Water level accuracy to nearest tenth of a foot,1,Department of Water Resources,NA,1,Department of Water Resources
22005,410252N1213920W001,2452833,2019-04-11T12:00:00Z,3314.6,3314.1,15.9,50,3280.5,34.1,33.6,NA,Steel tape measurement,Water level accuracy to nearest tenth of a foot,1,Department of Water Resources,NA,1,Department of Water Resources
22005,410252N1213920W001,2413623,2018-10-24T12:00:00Z,3314.6,3314.1,8.3,50,3272.9,41.7,41.2,NA,Steel tape measurement,Water level accuracy to nearest tenth of a foot,1,Department of Water Resources,NA,1,Department of Water Resources
22005,410252N1213920W001,2286493,2018-04-05T12:00:00Z,3314.6,3314.1,17.5,55,3277.1,37.5,37,NA,Steel tape measurement,Water level accuracy to nearest tenth of a foot,1,Department of Water Resources,NA,1,Department of Water Resources
22005,410252N1213920W001,2266663,2017-10-16T12:00:00Z,3314.6,3314.1,13.9,55,3273.5,41.1,40.6,NA,Steel tape measurement,Water level accuracy to nearest tenth of a foot,1,Department of Water Resources,NA,1,Department of Water Resources
22005,410252N1213920W001,2235888,2017-03-21T12:00:00Z,3314.6,3314.1,20.4,60,3275,39.6,39.1,NA,Steel tape measurement,Water level accuracy to nearest tenth of a foot,1,Department of Water Resources,NA,1,Department of Water Resources
22005,410252N1213920W001,2214231,2016-10-26T00:00:00Z,3314.6,3314.1,16.5,65,3266.1,48.5,48,NA,Steel tape measurement,Water level accuracy to nearest tenth of a foot,1,Department of Water Resources,NA,1,Department of Water Resources
22005,410252N1213920W001,2191735,2016-04-07T00:00:00Z,3314.6,3314.1,11,55,3270.6,44,43.5,NA,Steel tape measurement,Water level accuracy to nearest tenth of a foot,1,Department of Water Resources,NA,1,Department of Water Resources
22005,410252N1213920W001,2161827,2015-10-21T00:00:00Z,3314.6,3314.1,8.1,60,3262.7,51.9,51.4,NA,Steel tape measurement,Water level accuracy to nearest tenth of a foot,1,Department of Water Resources,NA,1,Department of Water Resources
22005,410252N1213920W001,2119710,2015-03-24T00:00:00Z,3314.6,3314.1,16.5,61,3270.1,44.5,44,NA,Steel tape measurement,Water level accuracy to nearest tenth of a foot,1,Department of Water Resources,NA,1,Department of Water Resources
22005,410252N1213920W001,2029557,2014-10-22T00:00:00Z,3314.6,3314.1,16.5,55,3276.1,38.5,38,NA,Steel tape measurement,Water level accuracy to nearest tenth of a foot,1,Department of Water Resources,NA,1,Department of Water Resources
22005,410252N1213920W001,1882873,2014-03-25T00:00:00Z,3314.6,3314.1,16.5,55,3276.1,38.5,38,NA,Steel tape measurement,Water level accuracy to nearest tenth of a foot,1,Department of Water Resources,NA,1,Department of Water Resources
22005,410252N1213920W001,1797393,2013-10-22T00:00:00Z,3314.6,3314.1,2.8,50,3267.4,47.2,46.7,NA,Steel tape measurement,Water level accuracy to nearest tenth of a foot,1,Department of Water Resources,NA,1,Department of Water Resources
22005,410252N1213920W001,1797462,2013-10-22T00:00:00Z,3314.6,3314.1,2.8,50,3267.4,47.2,46.7,NA,Steel tape measurement,Water level accuracy to nearest tenth of a foot,1,Department of Water Resources,NA,1,Department of Water Resources
22005,410252N1213920W001,1684620,2013-03-26T02:00:00Z,3314.63,3314.13,11.8,55,3271.43,43.2,42.7,NA,Steel tape measurement,Water level accuracy to nearest tenth of a foot,1,Department of Water Resources,NA,1,Department of Water Resources
22005,410252N1213920W001,69475,2012-10-29T00:00:00Z,3314.63,3314.13,13.4,60,3268.03,46.6,46.1,NA,Steel tape measurement,Water level accuracy to nearest tenth of a foot,1,Department of Water Resources,NA,1,Department of Water Resources
22005,410252N1213920W001,60688,2012-04-17T00:00:00Z,3314.63,3314.13,0.3,40,3274.93,39.7,39.2,NA,Steel tape measurement,Water level accuracy to nearest tenth of a foot,1,Department of Water Resources,NA,1,Department of Water Resources
22005,410252N1213920W001,60114,2012-04-17T00:00:00Z,3314.63,3314.13,0.3,40,3274.93,39.7,39.2,NA,Steel tape measurement,Water level accuracy to nearest tenth of a foot,1,Department of Water Resources,NA,1,Department of Water Resources
22005,410252N1213920W001,41205,2011-10-19T00:00:00Z,3314.63,3314.13,0,41.8,3272.83,41.8,41.3,NA,Steel tape measurement,Water level accuracy to nearest tenth of a foot,1,Department of Water Resources,NA,1,Department of Water Resources
22005,410252N1213920W001,673083,2011-10-19T00:00:00Z,3314.6,3314.1,0,41.8,3272.8,41.8,41.3,NA,Unknown,Water level accuracy is unknown,1,Department of Water Resources,NA,1,Department of Water Resources
22005,410252N1213920W001,673082,2011-04-11T00:00:00Z,3314.6,3314.1,0,39.7,3274.9,39.7,39.2,NA,Unknown,Water level accuracy is unknown,1,Department of Water Resources,NA,1,Department of Water Resources
22005,410252N1213920W001,673081,2010-10-27T00:00:00Z,3314.6,3314.1,0,42.8,3271.8,42.8,42.3,NA,Unknown,Water level accuracy is unknown,1,Department of Water Resources,NA,1,Department of Water Resources
22005,410252N1213920W001,673080,2010-04-06T00:00:00Z,3314.6,3314.1,0,38.7,3275.9,38.7,38.2,NA,Unknown,Water level accuracy is unknown,1,Department of Water Resources,NA,1,Department of Water Resources
22005,410252N1213920W001,673079,2009-10-29T00:00:00Z,3314.6,3314.1,0,40,3274.6,40,39.5,NA,Unknown,Water level accuracy is unknown,1,Department of Water Resources,NA,1,Department of Water Resources
22005,410252N1213920W001,673078,2009-04-06T00:00:00Z,3314.6,3314.1,0,36.7,3277.9,36.7,36.2,NA,Unknown,Water level accuracy is unknown,1,Department of Water Resources,NA,1,Department of Water Resources
22005,410252N1213920W001,673076,2008-10-29T00:00:00Z,3314.6,3314.1,0,37.4,3277.2,37.4,36.9,NA,Unknown,Water level accuracy is unknown,1,Department of Water Resources,NA,1,Department of Water Resources
22005,410252N1213920W001,673075,2008-04-03T00:00:00Z,3314.6,3314.1,0,33.4,3281.2,33.4,32.9,NA,Unknown,Water level accuracy is unknown,1,Department of Water Resources,NA,1,Department of Water Resources
22005,410252N1213920W001,673074,2007-10-24T00:00:00Z,3314.6,3314.1,0,34.1,3280.5,34.1,33.6,NA,Unknown,Water level accuracy is unknown,1,Department of Water Resources,NA,1,Department of Water Resources
22005,410252N1213920W001,673073,2007-04-02T00:00:00Z,3314.6,3314.1,0,30.6,3284,30.6,30.1,NA,Unknown,Water level accuracy is unknown,1,Department of Water Resources,NA,1,Department of Water Resources
22005,410252N1213920W001,673072,2006-10-16T00:00:00Z,3314.6,3314.1,0,30.5,3284.1,30.5,30,NA,Unknown,Water level accuracy is unknown,1,Department of Water Resources,NA,1,Department of Water Resources
22005,410252N1213920W001,673071,2006-05-01T00:00:00Z,3314.6,3314.1,0,29.2,3285.4,29.2,28.7,NA,Unknown,Water level accuracy is unknown,1,Department of Water Resources,NA,1,Department of Water Resources
22005,410252N1213920W001,673070,2005-10-24T00:00:00Z,3314.6,3314.1,0,35.3,3279.3,35.3,34.8,NA,Unknown,Water level accuracy is unknown,1,Department of Water Resources,NA,1,Department of Water Resources
22005,410252N1213920W001,673069,2005-04-06T00:00:00Z,3314.6,3314.1,0,33.2,3281.4,33.2,32.7,NA,Unknown,Water level accuracy is unknown,1,Department of Water Resources,NA,1,Department of Water Resources
22005,410252N1213920W001,673068,2004-10-18T00:00:00Z,3314.6,3314.1,0,35.2,3279.4,35.2,34.7,NA,Unknown,Water level accuracy is unknown,1,Department of Water Resources,NA,1,Department of Water Resources
22005,410252N1213920W001,673067,2004-04-08T00:00:00Z,3314.6,3314.1,0,33.1,3281.5,33.1,32.6,NA,Unknown,Water level accuracy is unknown,1,Department of Water Resources,NA,1,Department of Water Resources
22005,410252N1213920W001,673066,2003-10-13T00:00:00Z,3314.6,3314.1,0,37.9,3276.7,37.9,37.4,NA,Unknown,Water level accuracy is unknown,1,Department of Water Resources,NA,1,Department of Water Resources
22005,410252N1213920W001,673077,2003-03-27T00:00:00Z,3314.6,3314.1,0,35.4,3279.2,35.4,34.9,NA,Unknown,Water level accuracy is unknown,1,Department of Water Resources,NA,1,Department of Water Resources
22005,410252N1213920W001,673064,2002-10-21T00:00:00Z,3314.6,3314.1,0,36.8,3277.8,36.8,36.3,NA,Unknown,Water level accuracy is unknown,1,Department of Water Resources,NA,1,Department of Water Resources
22005,410252N1213920W001,673065,2002-03-27T00:00:00Z,3314.6,3314.1,0,35.4,3279.2,35.4,34.9,NA,Unknown,Water level accuracy is unknown,1,Department of Water Resources,NA,1,Department of Water Resources
22005,410252N1213920W001,673063,2002-03-25T00:00:00Z,3314.6,3314.1,0,34.2,3280.4,34.2,33.7,NA,Unknown,Water level accuracy is unknown,1,Department of Water Resources,NA,1,Department of Water Resources
22005,410252N1213920W001,673062,2001-10-15T00:00:00Z,3314.6,3314.1,0,35.4,3279.2,35.4,34.9,NA,Unknown,Water level accuracy is unknown,1,Department of Water Resources,NA,1,Department of Water Resources
22005,410252N1213920W001,673061,2001-03-26T00:00:00Z,3314.6,3314.1,0,31.8,3282.8,31.8,31.3,NA,Unknown,Water level accuracy is unknown,1,Department of Water Resources,NA,1,Department of Water Resources
22005,410252N1213920W001,673060,2000-10-02T00:00:00Z,3314.6,3314.1,0,34.1,3280.5,34.1,33.6,NA,Unknown,Water level accuracy is unknown,1,Department of Water Resources,NA,1,Department of Water Resources
22005,410252N1213920W001,673059,2000-03-28T00:00:00Z,3314.6,3314.1,0,29.3,3285.3,29.3,28.8,NA,Unknown,Water level accuracy is unknown,1,Department of Water Resources,NA,1,Department of Water Resources
22005,410252N1213920W001,673057,1999-10-18T00:00:00Z,3314.6,3314.1,0,29.8,3284.8,29.8,29.3,NA,Unknown,Water level accuracy is unknown,1,Department of Water Resources,NA,1,Department of Water Resources
22005,410252N1213920W001,673058,1999-03-22T00:00:00Z,3314.6,3314.1,0,26.8,3287.8,26.8,26.3,NA,Unknown,Water level accuracy is unknown,1,Department of Water Resources,NA,1,Department of Water Resources
22005,410252N1213920W001,673056,1998-10-19T00:00:00Z,3314.6,3314.1,0,28.2,3286.4,28.2,27.7,Casing leaking or wet,Unknown,Water level accuracy is unknown,1,Department of Water Resources,NA,1,Department of Water Resources
22005,410252N1213920W001,673055,1998-04-14T00:00:00Z,3314.6,3314.1,0,27.2,3287.4,27.2,26.7,NA,Unknown,Water level accuracy is unknown,1,Department of Water Resources,NA,1,Department of Water Resources
22005,410252N1213920W001,673054,1997-10-20T00:00:00Z,3314.6,3314.1,0,30.5,3284.1,30.5,30,NA,Unknown,Water level accuracy is unknown,1,Department of Water Resources,NA,1,Department of Water Resources
22005,410252N1213920W001,673053,1997-03-24T00:00:00Z,3314.6,3314.1,0,28.7,3285.9,28.7,28.2,NA,Unknown,Water level accuracy is unknown,1,Department of Water Resources,NA,1,Department of Water Resources
22005,410252N1213920W001,673052,1996-10-21T00:00:00Z,3314.6,3314.1,NA,NA,NA,NA,NA,Temporarily inaccessible,NA,NA,1,Department of Water Resources,NA,1,Department of Water Resources
22005,410252N1213920W001,673051,1996-04-15T00:00:00Z,3314.6,3314.1,0,28.9,3285.7,28.9,28.4,NA,Unknown,Water level accuracy is unknown,1,Department of Water Resources,NA,1,Department of Water Resources
22005,410252N1213920W001,673050,1995-10-16T00:00:00Z,3314.6,3314.1,0,31.6,3283,31.6,31.1,NA,Unknown,Water level accuracy is unknown,1,Department of Water Resources,NA,1,Department of Water Resources
22005,410252N1213920W001,673049,1995-03-20T00:00:00Z,3314.6,3314.1,0,33.8,3280.8,33.8,33.3,NA,Unknown,Water level accuracy is unknown,1,Department of Water Resources,NA,1,Department of Water Resources
22005,410252N1213920W001,673048,1994-03-21T00:00:00Z,3314.6,3314.1,0,35.1,3279.5,35.1,34.6,NA,Unknown,Water level accuracy is unknown,1,Department of Water Resources,NA,1,Department of Water Resources
22005,410252N1213920W001,673047,1993-10-11T00:00:00Z,3314.6,3314.1,0,37.3,3277.3,37.3,36.8,NA,Unknown,Water level accuracy is unknown,1,Department of Water Resources,NA,1,Department of Water Resources
22005,410252N1213920W001,673046,1993-04-05T00:00:00Z,3314.6,3314.1,0,39.7,3274.9,39.7,39.2,NA,Unknown,Water level accuracy is unknown,1,Department of Water Resources,NA,1,Department of Water Resources
22005,410252N1213920W001,673045,1992-10-12T00:00:00Z,3314.6,3314.1,0,43.2,3271.4,43.2,42.7,NA,Unknown,Water level accuracy is unknown,1,Department of Water Resources,NA,1,Department of Water Resources
22005,410252N1213920W001,673044,1992-03-16T00:00:00Z,3314.6,3314.1,0,39.5,3275.1,39.5,39,NA,Unknown,Water level accuracy is unknown,1,Department of Water Resources,NA,1,Department of Water Resources
22005,410252N1213920W001,673043,1991-10-21T00:00:00Z,3314.6,3314.1,0,39.6,3275,39.6,39.1,NA,Unknown,Water level accuracy is unknown,1,Department of Water Resources,NA,1,Department of Water Resources
22005,410252N1213920W001,673042,1991-03-18T00:00:00Z,3314.6,3314.1,0,36.2,3278.4,36.2,35.7,NA,Unknown,Water level accuracy is unknown,1,Department of Water Resources,NA,1,Department of Water Resources
22005,410252N1213920W001,673041,1990-10-12T00:00:00Z,3314.6,3314.1,0,36.6,3278,36.6,36.1,NA,Unknown,Water level accuracy is unknown,1,Department of Water Resources,NA,1,Department of Water Resources
22005,410252N1213920W001,673040,1990-03-29T00:00:00Z,3314.6,3314.1,0,34.7,3279.9,34.7,34.2,NA,Unknown,Water level accuracy is unknown,1,Department of Water Resources,NA,1,Department of Water Resources
22005,410252N1213920W001,673039,1989-10-10T00:00:00Z,3314.6,3314.1,0,35.7,3278.9,35.7,35.2,NA,Unknown,Water level accuracy is unknown,1,Department of Water Resources,NA,1,Department of Water Resources
22005,410252N1213920W001,673038,1989-03-30T00:00:00Z,3314.6,3314.1,0,35.3,3279.3,35.3,34.8,NA,Unknown,Water level accuracy is unknown,1,Department of Water Resources,NA,1,Department of Water Resources
22005,410252N1213920W001,673037,1988-10-20T00:00:00Z,3314.6,3314.1,0,37,3277.6,37,36.5,NA,Unknown,Water level accuracy is unknown,1,Department of Water Resources,NA,1,Department of Water Resources
22005,410252N1213920W001,673036,1988-03-30T00:00:00Z,3314.6,3314.1,0,34.2,3280.4,34.2,33.7,NA,Unknown,Water level accuracy is unknown,1,Department of Water Resources,NA,1,Department of Water Resources
22005,410252N1213920W001,673035,1987-10-16T00:00:00Z,3314.6,3314.1,0,34.2,3280.4,34.2,33.7,NA,Unknown,Water level accuracy is unknown,1,Department of Water Resources,NA,1,Department of Water Resources
22005,410252N1213920W001,673034,1987-04-08T00:00:00Z,3314.6,3314.1,0,32.2,3282.4,32.2,31.7,NA,Unknown,Water level accuracy is unknown,1,Department of Water Resources,NA,1,Department of Water Resources
22005,410252N1213920W001,673033,1986-09-19T00:00:00Z,3314.6,3314.1,0,33.2,3281.4,33.2,32.7,NA,Unknown,Water level accuracy is unknown,1,Department of Water Resources,NA,1,Department of Water Resources
22005,410252N1213920W001,673032,1986-03-26T00:00:00Z,3314.6,3314.1,0,32.2,3282.4,32.2,31.7,NA,Unknown,Water level accuracy is unknown,1,Department of Water Resources,NA,1,Department of Water Resources
22005,410252N1213920W001,673031,1985-10-16T00:00:00Z,3314.6,3314.1,0,34,3280.6,34,33.5,NA,Unknown,Water level accuracy is unknown,1,Department of Water Resources,NA,1,Department of Water Resources
22005,410252N1213920W001,673030,1985-04-17T00:00:00Z,3314.6,3314.1,0,31.9,3282.7,31.9,31.4,NA,Unknown,Water level accuracy is unknown,1,Department of Water Resources,NA,1,Department of Water Resources
22005,410252N1213920W001,673029,1984-10-15T00:00:00Z,3314.6,3314.1,0,32.6,3282,32.6,32.1,NA,Unknown,Water level accuracy is unknown,1,Department of Water Resources,NA,1,Department of Water Resources
22005,410252N1213920W001,673028,1984-04-13T00:00:00Z,3314.6,3314.1,0,30.5,3284.1,30.5,30,NA,Unknown,Water level accuracy is unknown,1,Department of Water Resources,NA,1,Department of Water Resources
22005,410252N1213920W001,673027,1983-10-14T00:00:00Z,3314.6,3314.1,0,32,3282.6,32,31.5,NA,Unknown,Water level accuracy is unknown,1,Department of Water Resources,NA,1,Department of Water Resources
22005,410252N1213920W001,673026,1983-04-13T00:00:00Z,3314.6,3314.1,0,30.1,3284.5,30.1,29.6,NA,Unknown,Water level accuracy is unknown,1,Department of Water Resources,NA,1,Department of Water Resources
22005,410252N1213920W001,673025,1982-10-08T00:00:00Z,3314.6,3314.1,0,32.4,3282.2,32.4,31.9,NA,Unknown,Water level accuracy is unknown,1,Department of Water Resources,NA,1,Department of Water Resources
22005,410252N1213920W001,673024,1982-04-26T00:00:00Z,3314.6,3314.1,0,31.2,3283.4,31.2,30.7,NA,Unknown,Water level accuracy is unknown,1,Department of Water Resources,NA,1,Department of Water Resources
22005,410252N1213920W001,673023,1981-10-09T00:00:00Z,3314.6,3314.1,0,37.2,3277.4,37.2,36.7,NA,Unknown,Water level accuracy is unknown,1,Department of Water Resources,NA,1,Department of Water Resources
22005,410252N1213920W001,673022,1981-03-30T00:00:00Z,3314.6,3314.1,0,34.1,3280.5,34.1,33.6,NA,Unknown,Water level accuracy is unknown,1,Department of Water Resources,NA,1,Department of Water Resources
22005,410252N1213920W001,673021,1980-10-08T00:00:00Z,3314.6,3314.1,0,36,3278.6,36,35.5,NA,Unknown,Water level accuracy is unknown,1,Department of Water Resources,NA,1,Department of Water Resources
22005,410252N1213920W001,673020,1980-04-04T00:00:00Z,3314.6,3314.1,0,34,3280.6,34,33.5,NA,Unknown,Water level accuracy is unknown,1,Department of Water Resources,NA,1,Department of Water Resources
22005,410252N1213920W001,673019,1979-10-30T00:00:00Z,3314.6,3314.1,0,39.1,3275.5,39.1,38.6,NA,Unknown,Water level accuracy is unknown,1,Department of Water Resources,NA,1,Department of Water Resources
22005,410252N1213920W001,673018,1979-03-29T00:00:00Z,3314.6,3314.1,0,36.5,3278.1,36.5,36,NA,Unknown,Water level accuracy is unknown,1,Department of Water Resources,NA,1,Department of Water Resources
22005,410252N1213920W001,673017,1978-10-12T00:00:00Z,3314.6,3314.1,0,40.3,3274.3,40.3,39.8,NA,Unknown,Water level accuracy is unknown,1,Department of Water Resources,NA,1,Department of Water Resources
22005,410252N1213920W001,673016,1978-05-30T00:00:00Z,3314.6,3314.1,0,38.3,3276.3,38.3,37.8,NA,Unknown,Water level accuracy is unknown,1,Department of Water Resources,NA,1,Department of Water Resources
22005,410252N1213920W001,2001815,1965-03-30T00:00:00Z,3314.6,3314.1,NA,NA,NA,NA,NA,Special/Other,NA,NA,1,Department of Water Resources,Not measured again until 5/30/1978.,1,Department of Water Resources
22005,410252N1213920W001,673015,1965-03-29T00:00:00Z,3314.6,3314.1,0,43.1,3271.5,43.1,42.6,NA,Unknown,Water level accuracy is unknown,1,Department of Water Resources,NA,1,Department of Water Resources
22005,410252N1213920W001,2001814,1961-03-02T00:00:00Z,3314.6,3314.1,NA,NA,NA,NA,NA,Special/Other,NA,NA,1,Department of Water Resources,Not measured again until 3/29/1965.,1,Department of Water Resources
22005,410252N1213920W001,673014,1961-03-01T00:00:00Z,3314.6,3314.1,0,46.2,3268.4,46.2,45.7,NA,Unknown,Water level accuracy is unknown,1,Department of Water Resources,NA,1,Department of Water Resources
22005,410252N1213920W001,673013,1960-09-01T00:00:00Z,3314.6,3314.1,0,45.4,3269.2,45.4,44.9,NA,Unknown,Water level accuracy is unknown,1,Department of Water Resources,NA,1,Department of Water Resources
22005,410252N1213920W001,673012,1960-04-05T00:00:00Z,3314.6,3314.1,0,48.4,3266.2,48.4,47.9,NA,Unknown,Water level accuracy is unknown,1,Department of Water Resources,NA,1,Department of Water Resources
22005,410252N1213920W001,673011,1959-09-16T00:00:00Z,3314.6,3314.1,0,45,3269.6,45,44.5,NA,Unknown,Water level accuracy is unknown,1,Department of Water Resources,NA,1,Department of Water Resources
22005,410252N1213920W001,673010,1959-04-13T00:00:00Z,3314.6,3314.1,0,44.7,3269.9,44.7,44.2,NA,Unknown,Water level accuracy is unknown,1,Department of Water Resources,NA,1,Department of Water Resources
22005,410252N1213920W001,673009,1958-09-16T00:00:00Z,3314.6,3314.1,0,44.8,3269.8,44.8,44.3,NA,Unknown,Water level accuracy is unknown,1,Department of Water Resources,NA,1,Department of Water Resources
22005,410252N1213920W001,673008,1958-04-01T00:00:00Z,3314.6,3314.1,0,44.5,3270.1,44.5,44,NA,Unknown,Water level accuracy is unknown,1,Department of Water Resources,NA,1,Department of Water Resources
22005,410252N1213920W001,673007,1957-10-25T00:00:00Z,3314.6,3314.1,0,45,3269.6,45,44.5,NA,Unknown,Water level accuracy is unknown,1,Department of Water Resources,NA,1,Department of Water Resources
