STN_ID,SITE_CODE,WLM_ID,MSMT_DATE,WLM_RPE,WLM_GSE,RDNG_WS,RDNG_RP,WSE,RPE_WSE,GSE_WSE,WLM_QA_DESC,WLM_DESC,WLM_ACC_DESC,WLM_ORG_ID,WLM_ORG_NAME,MSMT_CMT,COOP_AGENCY_ORG_ID,COOP_ORG_NAME
22011,352169N1193803W001,773168,1986-01-01T00:00:00Z,348.06,347.56,0,113,235.06,113,112.5,NA,Unknown,Water level accuracy is unknown,1,Department of Water Resources,NA,5042,Wheeler Ridge-Maricopa Water Storage District
22011,352169N1193803W001,773167,1982-12-01T00:00:00Z,348.06,347.56,0,110,238.06,110,109.5,NA,Unknown,Water level accuracy is unknown,1,Department of Water Resources,NA,5042,Wheeler Ridge-Maricopa Water Storage District
22011,352169N1193803W001,773166,1981-12-01T00:00:00Z,348.06,347.56,0,103,245.06,103,102.5,NA,Unknown,Water level accuracy is unknown,1,Department of Water Resources,NA,5042,Wheeler Ridge-Maricopa Water Storage District
22011,352169N1193803W001,773165,1980-12-01T00:00:00Z,348.06,347.56,0,99,249.06,99,98.5,NA,Unknown,Water level accuracy is unknown,1,Department of Water Resources,NA,5042,Wheeler Ridge-Maricopa Water Storage District
22011,352169N1193803W001,773164,1980-02-07T00:00:00Z,348.06,347.56,0,96,252.06,96,95.5,NA,Unknown,Water level accuracy is unknown,1,Department of Water Resources,NA,5042,Wheeler Ridge-Maricopa Water Storage District
22011,352169N1193803W001,773163,1979-04-05T00:00:00Z,348.06,347.56,0,95,253.06,95,94.5,NA,Unknown,Water level accuracy is unknown,1,Department of Water Resources,NA,5042,Wheeler Ridge-Maricopa Water Storage District
22011,352169N1193803W001,773162,1978-01-25T00:00:00Z,348.06,347.56,0,95,253.06,95,94.5,NA,Unknown,Water level accuracy is unknown,1,Department of Water Resources,NA,5042,Wheeler Ridge-Maricopa Water Storage District
22011,352169N1193803W001,773161,1976-12-29T00:00:00Z,348.06,347.56,0,91,257.06,91,90.5,NA,Unknown,Water level accuracy is unknown,1,Department of Water Resources,NA,5042,Wheeler Ridge-Maricopa Water Storage District
22011,352169N1193803W001,773160,1976-01-30T00:00:00Z,348.06,347.56,0,92,256.06,92,91.5,NA,Unknown,Water level accuracy is unknown,1,Department of Water Resources,NA,5042,Wheeler Ridge-Maricopa Water Storage District
22011,352169N1193803W001,773159,1975-09-29T00:00:00Z,348.06,347.56,NA,NA,NA,NA,NA,Measurement Discontinued,NA,NA,1,Department of Water Resources,NA,423,Kern County Water Agency
22011,352169N1193803W001,773158,1975-03-18T00:00:00Z,348.06,347.56,0,92,256.06,92,91.5,NA,Unknown,Water level accuracy is unknown,1,Department of Water Resources,NA,5042,Wheeler Ridge-Maricopa Water Storage District
22011,352169N1193803W001,773157,1974-09-25T00:00:00Z,348.06,347.56,0,98,250.06,98,97.5,NA,Unknown,Water level accuracy is unknown,1,Department of Water Resources,NA,5042,Wheeler Ridge-Maricopa Water Storage District
22011,352169N1193803W001,773156,1974-02-07T00:00:00Z,348.06,347.56,0,87.5,260.56,87.5,87,NA,Unknown,Water level accuracy is unknown,1,Department of Water Resources,NA,423,Kern County Water Agency
22011,352169N1193803W001,773155,1973-10-05T00:00:00Z,348.06,347.56,0,62.5,285.56,62.5,62,NA,Unknown,Water level accuracy is unknown,1,Department of Water Resources,NA,423,Kern County Water Agency
22011,352169N1193803W001,773154,1973-01-31T00:00:00Z,348.06,347.56,0,110,238.06,110,109.5,NA,Unknown,Water level accuracy is unknown,1,Department of Water Resources,NA,423,Kern County Water Agency
22011,352169N1193803W001,773153,1972-10-02T00:00:00Z,348.06,347.56,0,114,234.06,114,113.5,NA,Unknown,Water level accuracy is unknown,1,Department of Water Resources,NA,423,Kern County Water Agency
22011,352169N1193803W001,773152,1972-01-26T00:00:00Z,348.06,347.56,0,99,249.06,99,98.5,NA,Unknown,Water level accuracy is unknown,1,Department of Water Resources,NA,423,Kern County Water Agency
22011,352169N1193803W001,773151,1971-09-15T00:00:00Z,348.06,347.56,NA,NA,NA,NA,NA,Pumping,NA,NA,1,Department of Water Resources,NA,423,Kern County Water Agency
22011,352169N1193803W001,773150,1971-01-19T00:00:00Z,348.06,347.56,0,103,245.06,103,102.5,NA,Unknown,Water level accuracy is unknown,1,Department of Water Resources,NA,423,Kern County Water Agency
22011,352169N1193803W001,773149,1970-09-15T00:00:00Z,348.06,347.56,0,101,247.06,101,100.5,NA,Unknown,Water level accuracy is unknown,1,Department of Water Resources,NA,423,Kern County Water Agency
22011,352169N1193803W001,773148,1970-01-19T00:00:00Z,348.06,347.56,0,83,265.06,83,82.5,NA,Unknown,Water level accuracy is unknown,1,Department of Water Resources,NA,423,Kern County Water Agency
22011,352169N1193803W001,773147,1969-09-19T00:00:00Z,348.06,347.56,0,101,247.06,101,100.5,NA,Unknown,Water level accuracy is unknown,1,Department of Water Resources,NA,423,Kern County Water Agency
22011,352169N1193803W001,773146,1969-03-31T00:00:00Z,348.06,347.56,0,92,256.06,92,91.5,NA,Unknown,Water level accuracy is unknown,1,Department of Water Resources,NA,423,Kern County Water Agency
22011,352169N1193803W001,773145,1968-09-20T00:00:00Z,348.06,347.56,0,91,257.06,91,90.5,NA,Unknown,Water level accuracy is unknown,1,Department of Water Resources,NA,423,Kern County Water Agency
22011,352169N1193803W001,773144,1968-01-23T00:00:00Z,348.06,347.56,0,89,259.06,89,88.5,NA,Unknown,Water level accuracy is unknown,1,Department of Water Resources,NA,423,Kern County Water Agency
22011,352169N1193803W001,773143,1967-09-25T00:00:00Z,348.06,347.56,0,89,259.06,89,88.5,NA,Unknown,Water level accuracy is unknown,1,Department of Water Resources,NA,423,Kern County Water Agency
22011,352169N1193803W001,773142,1967-02-01T00:00:00Z,348.06,347.56,0,78.8,269.26,78.8,78.3,NA,Unknown,Water level accuracy is unknown,1,Department of Water Resources,NA,1,Department of Water Resources
22011,352169N1193803W001,773141,1966-10-05T00:00:00Z,348.06,347.56,0,85.5,262.56,85.5,85,NA,Unknown,Water level accuracy is unknown,1,Department of Water Resources,NA,1,Department of Water Resources
22011,352169N1193803W001,773140,1966-01-28T00:00:00Z,348.06,347.56,0,75,273.06,75,74.5,NA,Unknown,Water level accuracy is unknown,1,Department of Water Resources,NA,1,Department of Water Resources
22011,352169N1193803W001,773139,1965-10-13T00:00:00Z,348.06,347.56,0,79.2,268.86,79.2,78.7,NA,Unknown,Water level accuracy is unknown,1,Department of Water Resources,NA,1,Department of Water Resources
22011,352169N1193803W001,773138,1965-01-27T00:00:00Z,348.06,347.56,0,74,274.06,74,73.5,NA,Unknown,Water level accuracy is unknown,1,Department of Water Resources,NA,1,Department of Water Resources
