STN_ID,SITE_CODE,WLM_ID,MSMT_DATE,WLM_RPE,WLM_GSE,RDNG_WS,RDNG_RP,WSE,RPE_WSE,GSE_WSE,WLM_QA_DESC,WLM_DESC,WLM_ACC_DESC,WLM_ORG_ID,WLM_ORG_NAME,MSMT_CMT,COOP_AGENCY_ORG_ID,COOP_ORG_NAME
22039,419172N1241698W001,2620057,2020-04-17T12:00:00Z,19.9,18.4,1,10,10.9,9,7.5,NA,Steel tape measurement,Water level accuracy to nearest tenth of a foot,1,Department of Water Resources,NA,1,Department of Water Resources
22039,419172N1241698W001,2484099,2019-10-21T12:00:00Z,19.9,18.4,5.6,15,10.5,9.4,7.9,NA,Steel tape measurement,Water level accuracy to nearest tenth of a foot,1,Department of Water Resources,NA,1,Department of Water Resources
22039,419172N1241698W001,2452913,2019-04-03T12:00:00Z,19.9,18.4,9.3,17,12.2,7.7,6.2,NA,Steel tape measurement,Water level accuracy to nearest tenth of a foot,1,Department of Water Resources,NA,1,Department of Water Resources
22039,419172N1241698W001,2415549,2018-10-30T12:00:00Z,19.9,18.4,6.2,18,8.1,11.8,10.3,NA,Steel tape measurement,Water level accuracy to nearest tenth of a foot,1,Department of Water Resources,NA,1,Department of Water Resources
22039,419172N1241698W001,2286074,2018-03-26T12:00:00Z,19.9,18.4,5,10,14.9,5,3.5,NA,Steel tape measurement,Water level accuracy to nearest tenth of a foot,1,Department of Water Resources,NA,1,Department of Water Resources
22039,419172N1241698W001,2267940,2017-10-23T12:00:00Z,19.9,18.4,2.1,12,10,9.9,8.4,NA,Steel tape measurement,Water level accuracy to nearest tenth of a foot,1,Department of Water Resources,NA,1,Department of Water Resources
22039,419172N1241698W001,2235675,2017-03-28T12:00:00Z,19.9,18.4,4.2,10,14.1,5.8,4.3,NA,Steel tape measurement,Water level accuracy to nearest tenth of a foot,1,Department of Water Resources,NA,1,Department of Water Resources
22039,419172N1241698W001,2213588,2016-10-19T00:00:00Z,19.9,18.4,0,4.11,15.79,4.11,2.61,NA,Steel tape measurement,Water level accuracy to nearest tenth of a foot,1,Department of Water Resources,NA,1,Department of Water Resources
22039,419172N1241698W001,2185438,2016-03-30T22:00:00Z,19.9,18.4,0,7.84,12.06,7.84,6.34,NA,Electric sounder measurement,Water level accuracy to nearest hundredth of a foot,1,Department of Water Resources,NA,1,Department of Water Resources
22039,419172N1241698W001,2158281,2015-10-23T00:00:00Z,19.9,18.4,0,11.51,8.39,11.51,10.01,NA,Steel tape measurement,Water level accuracy to nearest tenth of a foot,1,Department of Water Resources,NA,1,Department of Water Resources
22039,419172N1241698W001,2133127,2015-04-01T00:00:00Z,19.9,18.4,1.7,10,11.6,8.3,6.8,NA,Steel tape measurement,Water level accuracy to nearest tenth of a foot,1,Department of Water Resources,NA,1,Department of Water Resources
22039,419172N1241698W001,2029920,2014-10-28T00:00:00Z,19.9,18.4,12,20,11.9,8,6.5,NA,Steel tape measurement,Water level accuracy to nearest tenth of a foot,1,Department of Water Resources,NA,1,Department of Water Resources
22039,419172N1241698W001,1882684,2014-03-24T00:00:00Z,19.9,18.4,1.1,10,11,8.9,7.4,NA,Steel tape measurement,Water level accuracy to nearest tenth of a foot,1,Department of Water Resources,NA,1,Department of Water Resources
22039,419172N1241698W001,1797503,2013-10-29T00:00:00Z,19.9,18.4,13.6,24,9.5,10.4,8.9,NA,Steel tape measurement,Water level accuracy to nearest tenth of a foot,1,Department of Water Resources,NA,1,Department of Water Resources
22039,419172N1241698W001,1684488,2013-03-26T00:00:00Z,19.9,18.4,0.1,9,11,8.9,7.4,NA,Steel tape measurement,Water level accuracy to nearest tenth of a foot,1,Department of Water Resources,NA,1,Department of Water Resources
22039,419172N1241698W001,70438,2012-10-30T00:00:00Z,19.9,18.4,1,10,10.9,9,7.5,NA,Steel tape measurement,Water level accuracy to nearest tenth of a foot,1,Department of Water Resources,NA,1,Department of Water Resources
22039,419172N1241698W001,57903,2012-04-19T00:00:00Z,19.9,18.4,0.8,6,14.7,5.2,3.7,NA,Electric sounder measurement,Water level accuracy to nearest hundredth of a foot,1,Department of Water Resources,NA,1,Department of Water Resources
22039,419172N1241698W001,41376,2011-10-19T00:00:00Z,19.9,18.4,0,10.1,9.8,10.1,8.6,NA,Steel tape measurement,Water level accuracy to nearest tenth of a foot,1,Department of Water Resources,NA,1,Department of Water Resources
22039,419172N1241698W001,1080874,2011-04-13T00:00:00Z,19.9,18.4,0,8.2,11.7,8.2,6.7,NA,Unknown,Water level accuracy is unknown,1,Department of Water Resources,NA,1,Department of Water Resources
22039,419172N1241698W001,1080873,2010-10-26T00:00:00Z,19.9,18.4,0,9.3,10.6,9.3,7.8,NA,Unknown,Water level accuracy is unknown,1,Department of Water Resources,NA,1,Department of Water Resources
22039,419172N1241698W001,1080872,2010-03-29T00:00:00Z,19.9,18.4,0,6.1,13.8,6.1,4.6,NA,Unknown,Water level accuracy is unknown,1,Department of Water Resources,NA,1,Department of Water Resources
22039,419172N1241698W001,1080871,2009-10-27T00:00:00Z,19.9,18.4,0,10.8,9.1,10.8,9.3,NA,Unknown,Water level accuracy is unknown,1,Department of Water Resources,NA,1,Department of Water Resources
22039,419172N1241698W001,1080870,2009-04-09T00:00:00Z,19.9,18.4,0,9.3,10.6,9.3,7.8,NA,Unknown,Water level accuracy is unknown,1,Department of Water Resources,NA,1,Department of Water Resources
22039,419172N1241698W001,1080869,2008-10-23T00:00:00Z,19.9,18.4,0,11.1,8.8,11.1,9.6,NA,Unknown,Water level accuracy is unknown,1,Department of Water Resources,NA,1,Department of Water Resources
22039,419172N1241698W001,1080868,2008-04-01T00:00:00Z,19.9,18.4,0,9.1,10.8,9.1,7.6,Pumping,Unknown,Water level accuracy is unknown,1,Department of Water Resources,NA,1,Department of Water Resources
22039,419172N1241698W001,1080867,2007-10-23T00:00:00Z,19.9,18.4,0,7.5,12.4,7.5,6,NA,Unknown,Water level accuracy is unknown,1,Department of Water Resources,NA,1,Department of Water Resources
22039,419172N1241698W001,1080866,2007-03-28T00:00:00Z,19.9,18.4,0,7.6,12.3,7.6,6.1,NA,Unknown,Water level accuracy is unknown,1,Department of Water Resources,NA,1,Department of Water Resources
22039,419172N1241698W001,1080865,2006-10-12T00:00:00Z,19.9,18.4,0,11.3,8.6,11.3,9.8,NA,Unknown,Water level accuracy is unknown,1,Department of Water Resources,NA,1,Department of Water Resources
22039,419172N1241698W001,1080864,2006-05-03T00:00:00Z,19.9,18.4,0,9.2,10.7,9.2,7.7,NA,Unknown,Water level accuracy is unknown,1,Department of Water Resources,NA,1,Department of Water Resources
22039,419172N1241698W001,1080863,2005-10-13T00:00:00Z,19.9,18.4,0,10.8,9.1,10.8,9.3,NA,Unknown,Water level accuracy is unknown,1,Department of Water Resources,NA,1,Department of Water Resources
22039,419172N1241698W001,1080862,2005-04-06T00:00:00Z,19.9,18.4,0,6.7,13.2,6.7,5.2,NA,Unknown,Water level accuracy is unknown,1,Department of Water Resources,NA,1,Department of Water Resources
22039,419172N1241698W001,1080861,2004-10-13T00:00:00Z,19.9,18.4,0,10.7,9.2,10.7,9.2,NA,Unknown,Water level accuracy is unknown,1,Department of Water Resources,NA,1,Department of Water Resources
22039,419172N1241698W001,1080860,2004-04-07T00:00:00Z,19.9,18.4,0,9.2,10.7,9.2,7.7,NA,Unknown,Water level accuracy is unknown,1,Department of Water Resources,NA,1,Department of Water Resources
22039,419172N1241698W001,1080859,2003-10-28T00:00:00Z,19.9,18.4,0,14.2,5.7,14.2,12.7,Pumping,Unknown,Water level accuracy is unknown,1,Department of Water Resources,NA,1,Department of Water Resources
22039,419172N1241698W001,1080858,2003-03-18T00:00:00Z,19.9,18.4,0,7.1,12.8,7.1,5.6,NA,Unknown,Water level accuracy is unknown,1,Department of Water Resources,NA,1,Department of Water Resources
22039,419172N1241698W001,1080857,2002-10-22T00:00:00Z,19.9,18.4,0,12.9,7,12.9,11.4,NA,Unknown,Water level accuracy is unknown,1,Department of Water Resources,NA,1,Department of Water Resources
22039,419172N1241698W001,1080856,2002-03-27T00:00:00Z,19.9,18.4,0,9.8,10.1,9.8,8.3,Pumping,Unknown,Water level accuracy is unknown,1,Department of Water Resources,NA,1,Department of Water Resources
22039,419172N1241698W001,1080855,2001-10-24T00:00:00Z,19.9,18.4,0,11,8.9,11,9.5,NA,Unknown,Water level accuracy is unknown,1,Department of Water Resources,NA,1,Department of Water Resources
22039,419172N1241698W001,1080854,2001-03-29T00:00:00Z,19.9,18.4,0,8.8,11.1,8.8,7.3,NA,Unknown,Water level accuracy is unknown,1,Department of Water Resources,NA,1,Department of Water Resources
22039,419172N1241698W001,1080853,2000-10-11T00:00:00Z,19.9,18.4,0,10.9,9,10.9,9.4,NA,Unknown,Water level accuracy is unknown,1,Department of Water Resources,NA,1,Department of Water Resources
22039,419172N1241698W001,1080852,2000-03-16T00:00:00Z,19.9,18.4,0,7.5,12.4,7.5,6,NA,Unknown,Water level accuracy is unknown,1,Department of Water Resources,NA,1,Department of Water Resources
22039,419172N1241698W001,1080850,1999-10-28T00:00:00Z,19.9,18.4,0,11.2,8.7,11.2,9.7,NA,Unknown,Water level accuracy is unknown,1,Department of Water Resources,NA,1,Department of Water Resources
22039,419172N1241698W001,1080851,1999-03-18T00:00:00Z,19.9,18.4,0,7.6,12.3,7.6,6.1,Pumping,Unknown,Water level accuracy is unknown,1,Department of Water Resources,NA,1,Department of Water Resources
22039,419172N1241698W001,1080849,1998-10-28T00:00:00Z,19.9,18.4,0,10.6,9.3,10.6,9.1,NA,Unknown,Water level accuracy is unknown,1,Department of Water Resources,NA,1,Department of Water Resources
22039,419172N1241698W001,1080848,1998-03-20T00:00:00Z,19.9,18.4,0,8.7,11.2,8.7,7.2,Pumping,Unknown,Water level accuracy is unknown,1,Department of Water Resources,NA,1,Department of Water Resources
22039,419172N1241698W001,1080847,1997-10-29T00:00:00Z,19.9,18.4,0,9.9,10,9.9,8.4,Pumping,Unknown,Water level accuracy is unknown,1,Department of Water Resources,NA,1,Department of Water Resources
22039,419172N1241698W001,1080846,1997-03-20T00:00:00Z,19.9,18.4,0,8.4,11.5,8.4,6.9,NA,Unknown,Water level accuracy is unknown,1,Department of Water Resources,NA,1,Department of Water Resources
22039,419172N1241698W001,1080845,1996-11-07T00:00:00Z,19.9,18.4,0,9.7,10.2,9.7,8.2,NA,Unknown,Water level accuracy is unknown,1,Department of Water Resources,NA,1,Department of Water Resources
22039,419172N1241698W001,1080844,1996-03-20T00:00:00Z,19.9,18.4,0,8.4,11.5,8.4,6.9,NA,Unknown,Water level accuracy is unknown,1,Department of Water Resources,NA,1,Department of Water Resources
22039,419172N1241698W001,1080843,1995-10-26T00:00:00Z,19.9,18.4,0,11.2,8.7,11.2,9.7,NA,Unknown,Water level accuracy is unknown,1,Department of Water Resources,NA,1,Department of Water Resources
22039,419172N1241698W001,2217684,1995-10-15T00:00:00Z,19.9,18.4,NA,NA,NA,NA,NA,Special/Other,NA,NA,1,Department of Water Resources,Not measured again until 04/06/1995.,1,Department of Water Resources
22039,419172N1241698W001,1080842,1995-04-06T00:00:00Z,19.9,18.4,0,8.9,11,8.9,7.4,NA,Unknown,Water level accuracy is unknown,1,Department of Water Resources,NA,1,Department of Water Resources
22039,419172N1241698W001,1080841,1994-03-30T00:00:00Z,19.9,18.4,0,9.4,10.5,9.4,7.9,NA,Unknown,Water level accuracy is unknown,1,Department of Water Resources,NA,1,Department of Water Resources
22039,419172N1241698W001,1080840,1993-10-28T00:00:00Z,19.9,18.4,0,11.1,8.8,11.1,9.6,NA,Unknown,Water level accuracy is unknown,1,Department of Water Resources,NA,1,Department of Water Resources
22039,419172N1241698W001,1080839,1993-03-31T00:00:00Z,19.9,18.4,0,7.7,12.2,7.7,6.2,NA,Unknown,Water level accuracy is unknown,1,Department of Water Resources,NA,1,Department of Water Resources
22039,419172N1241698W001,1080838,1992-10-22T00:00:00Z,19.9,18.4,0,10,9.9,10,8.5,NA,Unknown,Water level accuracy is unknown,1,Department of Water Resources,NA,1,Department of Water Resources
22039,419172N1241698W001,1080837,1992-03-26T00:00:00Z,19.9,18.4,0,8.9,11,8.9,7.4,NA,Unknown,Water level accuracy is unknown,1,Department of Water Resources,NA,1,Department of Water Resources
22039,419172N1241698W001,1080836,1991-10-29T00:00:00Z,19.9,18.4,0,10.8,9.1,10.8,9.3,NA,Unknown,Water level accuracy is unknown,1,Department of Water Resources,NA,1,Department of Water Resources
22039,419172N1241698W001,1080835,1991-03-27T00:00:00Z,19.9,18.4,0,7.3,12.6,7.3,5.8,NA,Unknown,Water level accuracy is unknown,1,Department of Water Resources,NA,1,Department of Water Resources
22039,419172N1241698W001,1080834,1990-10-26T00:00:00Z,19.9,18.4,0,12,7.9,12,10.5,NA,Unknown,Water level accuracy is unknown,1,Department of Water Resources,NA,1,Department of Water Resources
22039,419172N1241698W001,1080833,1990-03-15T00:00:00Z,19.9,18.4,0,7.3,12.6,7.3,5.8,NA,Unknown,Water level accuracy is unknown,1,Department of Water Resources,NA,1,Department of Water Resources
22039,419172N1241698W001,1080832,1989-10-27T00:00:00Z,19.9,18.4,0,7.8,12.1,7.8,6.3,NA,Unknown,Water level accuracy is unknown,1,Department of Water Resources,NA,1,Department of Water Resources
22039,419172N1241698W001,1080831,1989-03-17T00:00:00Z,19.9,18.4,0,5.4,14.5,5.4,3.9,NA,Unknown,Water level accuracy is unknown,1,Department of Water Resources,NA,1,Department of Water Resources
22039,419172N1241698W001,1080830,1988-11-04T00:00:00Z,19.9,18.4,0,9.8,10.1,9.8,8.3,NA,Unknown,Water level accuracy is unknown,1,Department of Water Resources,NA,1,Department of Water Resources
22039,419172N1241698W001,1080829,1988-03-18T00:00:00Z,19.9,18.4,0,8.6,11.3,8.6,7.1,NA,Unknown,Water level accuracy is unknown,1,Department of Water Resources,NA,1,Department of Water Resources
22039,419172N1241698W001,1080828,1987-10-30T00:00:00Z,19.9,18.4,0,12.8,7.1,12.8,11.3,NA,Unknown,Water level accuracy is unknown,1,Department of Water Resources,NA,1,Department of Water Resources
22039,419172N1241698W001,1080827,1987-04-03T00:00:00Z,19.9,18.4,0,8.1,11.8,8.1,6.6,NA,Unknown,Water level accuracy is unknown,1,Department of Water Resources,NA,1,Department of Water Resources
22039,419172N1241698W001,1080826,1986-10-23T00:00:00Z,19.9,18.4,0,9.3,10.6,9.3,7.8,NA,Unknown,Water level accuracy is unknown,1,Department of Water Resources,NA,1,Department of Water Resources
22039,419172N1241698W001,2176055,1978-04-05T00:00:00Z,19.9,18.4,NA,NA,NA,NA,NA,Special/Other,NA,NA,1,Department of Water Resources,Not measured again until 10/23/1986.,1,Department of Water Resources
22039,419172N1241698W001,1080825,1978-04-04T00:00:00Z,19.9,18.4,0,6.3,13.6,6.3,4.8,NA,Unknown,Water level accuracy is unknown,1,Department of Water Resources,NA,1,Department of Water Resources
22039,419172N1241698W001,1080824,1977-11-01T00:00:00Z,19.9,18.4,0,6.8,13.1,6.8,5.3,NA,Unknown,Water level accuracy is unknown,1,Department of Water Resources,NA,1,Department of Water Resources
22039,419172N1241698W001,1080823,1977-04-05T00:00:00Z,19.9,18.4,0,7.5,12.4,7.5,6,NA,Unknown,Water level accuracy is unknown,1,Department of Water Resources,NA,1,Department of Water Resources
22039,419172N1241698W001,1080822,1976-10-25T00:00:00Z,19.9,18.4,0,10.5,9.4,10.5,9,NA,Unknown,Water level accuracy is unknown,1,Department of Water Resources,NA,1,Department of Water Resources
22039,419172N1241698W001,1080821,1976-04-06T00:00:00Z,19.9,18.4,0,6.8,13.1,6.8,5.3,NA,Unknown,Water level accuracy is unknown,1,Department of Water Resources,NA,1,Department of Water Resources
22039,419172N1241698W001,1080820,1975-10-13T00:00:00Z,19.9,18.4,0,8.7,11.2,8.7,7.2,NA,Unknown,Water level accuracy is unknown,1,Department of Water Resources,NA,1,Department of Water Resources
22039,419172N1241698W001,1080819,1975-04-28T00:00:00Z,19.9,18.4,0,6.8,13.1,6.8,5.3,NA,Unknown,Water level accuracy is unknown,1,Department of Water Resources,NA,1,Department of Water Resources
22039,419172N1241698W001,1080818,1974-11-19T00:00:00Z,19.9,18.4,0,9.8,10.1,9.8,8.3,NA,Unknown,Water level accuracy is unknown,1,Department of Water Resources,NA,1,Department of Water Resources
22039,419172N1241698W001,1080817,1974-04-17T00:00:00Z,19.9,18.4,0,6.7,13.2,6.7,5.2,NA,Unknown,Water level accuracy is unknown,1,Department of Water Resources,NA,1,Department of Water Resources
22039,419172N1241698W001,1080816,1973-09-24T00:00:00Z,19.9,18.4,0,8,11.9,8,6.5,NA,Unknown,Water level accuracy is unknown,1,Department of Water Resources,NA,1,Department of Water Resources
22039,419172N1241698W001,1080815,1973-04-10T00:00:00Z,19.9,18.4,0,7.1,12.8,7.1,5.6,NA,Unknown,Water level accuracy is unknown,1,Department of Water Resources,NA,1,Department of Water Resources
