STN_ID,SITE_CODE,WLM_ID,MSMT_DATE,WLM_RPE,WLM_GSE,RDNG_WS,RDNG_RP,WSE,RPE_WSE,GSE_WSE,WLM_QA_DESC,WLM_DESC,WLM_ACC_DESC,WLM_ORG_ID,WLM_ORG_NAME,MSMT_CMT,COOP_AGENCY_ORG_ID,COOP_ORG_NAME
22213,405078N1222375W001,771463,2008-08-07T00:00:00Z,419.59,418.99,NA,NA,NA,NA,NA,Measurement Discontinued,NA,NA,1,Department of Water Resources,NA,1,Department of Water Resources
22213,405078N1222375W001,771462,2008-03-14T00:00:00Z,419.59,418.99,NA,NA,NA,NA,NA,Dry well,NA,NA,1,Department of Water Resources,NA,1,Department of Water Resources
22213,405078N1222375W001,771460,2007-10-23T00:00:00Z,419.59,418.99,NA,NA,NA,NA,NA,Measurement Discontinued,NA,NA,1,Department of Water Resources,NEW PROP OWNER WONT GIVE PERMISSION,1,Department of Water Resources
22213,405078N1222375W001,771459,2007-08-10T00:00:00Z,419.59,418.99,NA,NA,NA,NA,NA,Measurement Discontinued,NA,NA,1,Department of Water Resources,NA,1,Department of Water Resources
22213,405078N1222375W001,771458,2007-03-22T00:00:00Z,419.59,418.99,NA,NA,NA,NA,NA,Temporarily inaccessible,NA,NA,1,Department of Water Resources,NA,1,Department of Water Resources
22213,405078N1222375W001,771457,2006-10-20T00:00:00Z,419.59,418.99,NA,NA,NA,NA,NA,Temporarily inaccessible,NA,NA,1,Department of Water Resources,NA,1,Department of Water Resources
22213,405078N1222375W001,771456,2006-08-03T00:00:00Z,419.59,418.99,NA,NA,NA,NA,NA,Special/Other,NA,NA,1,Department of Water Resources,NEW HOUSE KNOCKED ON DOOR TO GET PERMISSION CHILD ANSWERED SAID PARENT WAS ASLEEP,1,Department of Water Resources
22213,405078N1222375W001,771455,2006-03-31T00:00:00Z,419.59,418.99,NA,NA,NA,NA,NA,Special/Other,NA,NA,1,Department of Water Resources,NA,1,Department of Water Resources
22213,405078N1222375W001,771454,2005-10-21T00:00:00Z,419.59,418.99,NA,NA,NA,NA,NA,Temporarily inaccessible,NA,NA,1,Department of Water Resources,NA,1,Department of Water Resources
22213,405078N1222375W001,771461,2005-08-02T00:00:00Z,419.59,418.99,0,29.5,390.09,29.5,28.9,NA,Unknown,Water level accuracy is unknown,1,Department of Water Resources,NA,1,Department of Water Resources
22213,405078N1222375W001,771453,2005-04-05T00:00:00Z,419.59,418.99,0,23.5,396.09,23.5,22.9,NA,Unknown,Water level accuracy is unknown,1,Department of Water Resources,NA,1,Department of Water Resources
22213,405078N1222375W001,771452,2004-10-21T00:00:00Z,419.59,418.99,0,26.9,392.69,26.9,26.3,NA,Unknown,Water level accuracy is unknown,1,Department of Water Resources,NA,1,Department of Water Resources
22213,405078N1222375W001,771451,2004-07-28T00:00:00Z,419.59,418.99,0,29.7,389.89,29.7,29.1,NA,Unknown,Water level accuracy is unknown,1,Department of Water Resources,NA,1,Department of Water Resources
22213,405078N1222375W001,771450,2004-04-06T00:00:00Z,419.59,418.99,0,22.8,396.79,22.8,22.2,NA,Unknown,Water level accuracy is unknown,1,Department of Water Resources,NA,1,Department of Water Resources
22213,405078N1222375W001,771449,2003-10-16T00:00:00Z,419.59,418.99,0,29.1,390.49,29.1,28.5,NA,Unknown,Water level accuracy is unknown,1,Department of Water Resources,NA,1,Department of Water Resources
22213,405078N1222375W001,771448,2003-07-31T00:00:00Z,419.59,418.99,0,28.2,391.39,28.2,27.6,NA,Unknown,Water level accuracy is unknown,1,Department of Water Resources,NA,1,Department of Water Resources
22213,405078N1222375W001,771447,2003-03-14T00:00:00Z,419.59,418.99,0,24,395.59,24,23.4,NA,Unknown,Water level accuracy is unknown,1,Department of Water Resources,NA,1,Department of Water Resources
22213,405078N1222375W001,771446,2002-10-21T00:00:00Z,419.59,418.99,0,28.3,391.29,28.3,27.7,NA,Unknown,Water level accuracy is unknown,1,Department of Water Resources,NA,1,Department of Water Resources
22213,405078N1222375W001,771445,2002-03-22T00:00:00Z,419.59,418.99,0,18.9,400.69,18.9,18.3,NA,Unknown,Water level accuracy is unknown,1,Department of Water Resources,NA,1,Department of Water Resources
22213,405078N1222375W001,771444,2001-10-03T00:00:00Z,419.59,418.99,0,28.8,390.79,28.8,28.2,NA,Unknown,Water level accuracy is unknown,1,Department of Water Resources,NA,1,Department of Water Resources
22213,405078N1222375W001,771443,2001-03-26T00:00:00Z,419.59,418.99,0,23.8,395.79,23.8,23.2,NA,Unknown,Water level accuracy is unknown,1,Department of Water Resources,NA,1,Department of Water Resources
22213,405078N1222375W001,771442,2000-10-17T00:00:00Z,419.59,418.99,0,27.3,392.29,27.3,26.7,NA,Unknown,Water level accuracy is unknown,1,Department of Water Resources,NA,1,Department of Water Resources
22213,405078N1222375W001,771441,2000-03-20T00:00:00Z,419.59,418.99,0,21.6,397.99,21.6,21,NA,Unknown,Water level accuracy is unknown,1,Department of Water Resources,NA,1,Department of Water Resources
22213,405078N1222375W001,771439,1999-10-04T00:00:00Z,419.59,418.99,0,28,391.59,28,27.4,NA,Unknown,Water level accuracy is unknown,1,Department of Water Resources,NA,1,Department of Water Resources
22213,405078N1222375W001,771440,1999-03-09T00:00:00Z,419.59,418.99,0,20.9,398.69,20.9,20.3,NA,Unknown,Water level accuracy is unknown,1,Department of Water Resources,NA,1,Department of Water Resources
22213,405078N1222375W001,771438,1998-10-02T00:00:00Z,419.59,418.99,0,25.8,393.79,25.8,25.2,NA,Unknown,Water level accuracy is unknown,1,Department of Water Resources,NA,1,Department of Water Resources
22213,405078N1222375W001,771437,1998-03-10T00:00:00Z,419.59,418.99,0,21.3,398.29,21.3,20.7,NA,Unknown,Water level accuracy is unknown,1,Department of Water Resources,NA,1,Department of Water Resources
22213,405078N1222375W001,771436,1997-10-08T00:00:00Z,419.59,418.99,0,27.2,392.39,27.2,26.6,NA,Unknown,Water level accuracy is unknown,1,Department of Water Resources,NA,1,Department of Water Resources
22213,405078N1222375W001,771435,1997-03-07T00:00:00Z,419.59,418.99,0,23.6,395.99,23.6,23,NA,Unknown,Water level accuracy is unknown,1,Department of Water Resources,NA,1,Department of Water Resources
22213,405078N1222375W001,771434,1996-10-08T00:00:00Z,419.59,418.99,0,27.6,391.99,27.6,27,NA,Unknown,Water level accuracy is unknown,1,Department of Water Resources,NA,1,Department of Water Resources
22213,405078N1222375W001,771433,1996-03-20T00:00:00Z,419.59,418.99,0,21.5,398.09,21.5,20.9,NA,Unknown,Water level accuracy is unknown,1,Department of Water Resources,NA,1,Department of Water Resources
22213,405078N1222375W001,771432,1995-10-02T00:00:00Z,419.59,418.99,0,27.3,392.29,27.3,26.7,NA,Unknown,Water level accuracy is unknown,1,Department of Water Resources,NA,1,Department of Water Resources
22213,405078N1222375W001,771431,1995-04-19T00:00:00Z,419.59,418.99,0,22.2,397.39,22.2,21.6,NA,Unknown,Water level accuracy is unknown,1,Department of Water Resources,NA,1,Department of Water Resources
22213,405078N1222375W001,771430,1995-03-03T00:00:00Z,419.59,418.99,0,22,397.59,22,21.4,NA,Unknown,Water level accuracy is unknown,1,Department of Water Resources,NA,1,Department of Water Resources
22213,405078N1222375W001,771429,1994-10-19T00:00:00Z,419.59,418.99,0,28.3,391.29,28.3,27.7,NA,Unknown,Water level accuracy is unknown,1,Department of Water Resources,NA,1,Department of Water Resources
22213,405078N1222375W001,771428,1994-03-15T00:00:00Z,419.59,418.99,0,23.8,395.79,23.8,23.2,NA,Unknown,Water level accuracy is unknown,1,Department of Water Resources,NA,1,Department of Water Resources
22213,405078N1222375W001,771427,1993-10-05T00:00:00Z,419.59,418.99,0,26.8,392.79,26.8,26.2,NA,Unknown,Water level accuracy is unknown,1,Department of Water Resources,NA,1,Department of Water Resources
22213,405078N1222375W001,771426,1993-03-19T00:00:00Z,419.59,418.99,0,23.2,396.39,23.2,22.6,NA,Unknown,Water level accuracy is unknown,1,Department of Water Resources,NA,1,Department of Water Resources
22213,405078N1222375W001,771425,1992-10-09T00:00:00Z,419.59,418.99,0,29.9,389.69,29.9,29.3,NA,Unknown,Water level accuracy is unknown,1,Department of Water Resources,NA,1,Department of Water Resources
22213,405078N1222375W001,771424,1992-03-17T00:00:00Z,419.59,418.99,0,24.5,395.09,24.5,23.9,NA,Unknown,Water level accuracy is unknown,1,Department of Water Resources,NA,1,Department of Water Resources
22213,405078N1222375W001,771423,1991-10-11T00:00:00Z,419.59,418.99,0,30.5,389.09,30.5,29.9,NA,Unknown,Water level accuracy is unknown,1,Department of Water Resources,NA,1,Department of Water Resources
22213,405078N1222375W001,771422,1991-03-11T00:00:00Z,419.59,418.99,0,26.6,392.99,26.6,26,NA,Unknown,Water level accuracy is unknown,1,Department of Water Resources,NA,1,Department of Water Resources
22213,405078N1222375W001,771421,1990-10-03T00:00:00Z,419.59,418.99,0,28.3,391.29,28.3,27.7,NA,Unknown,Water level accuracy is unknown,1,Department of Water Resources,NA,1,Department of Water Resources
22213,405078N1222375W001,771420,1990-03-13T00:00:00Z,419.59,418.99,0,24.3,395.29,24.3,23.7,NA,Unknown,Water level accuracy is unknown,1,Department of Water Resources,NA,1,Department of Water Resources
22213,405078N1222375W001,771419,1989-10-10T00:00:00Z,419.59,418.99,0,26.5,393.09,26.5,25.9,NA,Unknown,Water level accuracy is unknown,1,Department of Water Resources,NA,1,Department of Water Resources
22213,405078N1222375W001,771418,1989-03-16T00:00:00Z,419.59,418.99,0,22.4,397.19,22.4,21.8,NA,Unknown,Water level accuracy is unknown,1,Department of Water Resources,NA,1,Department of Water Resources
22213,405078N1222375W001,771417,1988-10-27T00:00:00Z,419.59,418.99,0,28.1,391.49,28.1,27.5,NA,Unknown,Water level accuracy is unknown,1,Department of Water Resources,NA,1,Department of Water Resources
22213,405078N1222375W001,771416,1988-03-08T00:00:00Z,419.59,418.99,0,23.8,395.79,23.8,23.2,NA,Unknown,Water level accuracy is unknown,1,Department of Water Resources,NA,1,Department of Water Resources
22213,405078N1222375W001,771415,1987-10-09T00:00:00Z,419.59,418.99,0,27.4,392.19,27.4,26.8,NA,Unknown,Water level accuracy is unknown,1,Department of Water Resources,NA,1,Department of Water Resources
22213,405078N1222375W001,771414,1987-03-24T00:00:00Z,419.59,418.99,0,22.8,396.79,22.8,22.2,NA,Unknown,Water level accuracy is unknown,1,Department of Water Resources,NA,1,Department of Water Resources
22213,405078N1222375W001,771413,1986-10-15T00:00:00Z,419.59,418.99,0,25.4,394.19,25.4,24.8,NA,Unknown,Water level accuracy is unknown,1,Department of Water Resources,NA,1,Department of Water Resources
22213,405078N1222375W001,771412,1986-03-12T00:00:00Z,419.59,418.99,0,19.3,400.29,19.3,18.7,Other,Unknown,Water level accuracy is unknown,1,Department of Water Resources,NA,1,Department of Water Resources
22213,405078N1222375W001,771411,1985-10-18T00:00:00Z,419.59,418.99,0,26.2,393.39,26.2,25.6,NA,Unknown,Water level accuracy is unknown,1,Department of Water Resources,NA,1,Department of Water Resources
22213,405078N1222375W001,771410,1985-03-28T00:00:00Z,419.59,418.99,0,24.8,394.79,24.8,24.2,NA,Unknown,Water level accuracy is unknown,1,Department of Water Resources,NA,1,Department of Water Resources
22213,405078N1222375W001,771409,1984-11-02T00:00:00Z,419.59,418.99,0,26.1,393.49,26.1,25.5,NA,Unknown,Water level accuracy is unknown,1,Department of Water Resources,NA,1,Department of Water Resources
22213,405078N1222375W001,771408,1984-03-16T00:00:00Z,419.59,418.99,0,21.5,398.09,21.5,20.9,NA,Unknown,Water level accuracy is unknown,1,Department of Water Resources,NA,1,Department of Water Resources
22213,405078N1222375W001,771407,1983-10-11T00:00:00Z,419.59,418.99,0,24.8,394.79,24.8,24.2,NA,Unknown,Water level accuracy is unknown,1,Department of Water Resources,NA,1,Department of Water Resources
22213,405078N1222375W001,771406,1983-03-28T00:00:00Z,419.59,418.99,0,19.1,400.49,19.1,18.5,NA,Unknown,Water level accuracy is unknown,1,Department of Water Resources,NA,1,Department of Water Resources
22213,405078N1222375W001,771405,1982-10-12T00:00:00Z,419.59,418.99,0,25.7,393.89,25.7,25.1,NA,Unknown,Water level accuracy is unknown,1,Department of Water Resources,NA,1,Department of Water Resources
22213,405078N1222375W001,771404,1982-03-25T00:00:00Z,419.59,418.99,0,21.3,398.29,21.3,20.7,NA,Unknown,Water level accuracy is unknown,1,Department of Water Resources,NA,1,Department of Water Resources
22213,405078N1222375W001,771403,1981-10-16T00:00:00Z,419.59,418.99,0,26.2,393.39,26.2,25.6,NA,Unknown,Water level accuracy is unknown,1,Department of Water Resources,NA,1,Department of Water Resources
22213,405078N1222375W001,771402,1981-03-10T00:00:00Z,419.59,418.99,0,23.9,395.69,23.9,23.3,NA,Unknown,Water level accuracy is unknown,1,Department of Water Resources,NA,1,Department of Water Resources
22213,405078N1222375W001,771401,1980-10-17T00:00:00Z,419.59,418.99,0,26.8,392.79,26.8,26.2,NA,Unknown,Water level accuracy is unknown,1,Department of Water Resources,NA,1,Department of Water Resources
22213,405078N1222375W001,771400,1980-03-31T00:00:00Z,419.59,418.99,0,22.5,397.09,22.5,21.9,NA,Unknown,Water level accuracy is unknown,1,Department of Water Resources,NA,1,Department of Water Resources
22213,405078N1222375W001,771399,1979-10-23T00:00:00Z,419.59,418.99,0,27.3,392.29,27.3,26.7,NA,Unknown,Water level accuracy is unknown,1,Department of Water Resources,NA,1,Department of Water Resources
22213,405078N1222375W001,771398,1979-08-23T00:00:00Z,419.59,418.99,0,28.4,391.19,28.4,27.8,NA,Unknown,Water level accuracy is unknown,1,Department of Water Resources,NA,1,Department of Water Resources
22213,405078N1222375W001,771397,1979-04-20T00:00:00Z,419.59,418.99,0,24,395.59,24,23.4,NA,Unknown,Water level accuracy is unknown,1,Department of Water Resources,NA,1,Department of Water Resources
22213,405078N1222375W001,771396,1979-03-09T00:00:00Z,419.59,418.99,0,24,395.59,24,23.4,NA,Unknown,Water level accuracy is unknown,1,Department of Water Resources,NA,1,Department of Water Resources
22213,405078N1222375W001,771395,1979-02-23T00:00:00Z,419.59,418.99,0,23.5,396.09,23.5,22.9,NA,Unknown,Water level accuracy is unknown,1,Department of Water Resources,NA,1,Department of Water Resources
22213,405078N1222375W001,771394,1979-01-18T00:00:00Z,419.59,418.99,0,27.2,392.39,27.2,26.6,NA,Unknown,Water level accuracy is unknown,1,Department of Water Resources,NA,1,Department of Water Resources
22213,405078N1222375W001,771393,1978-12-20T00:00:00Z,419.59,418.99,0,26.8,392.79,26.8,26.2,NA,Unknown,Water level accuracy is unknown,1,Department of Water Resources,NA,1,Department of Water Resources
22213,405078N1222375W001,771392,1978-11-14T00:00:00Z,419.59,418.99,0,27,392.59,27,26.4,NA,Unknown,Water level accuracy is unknown,1,Department of Water Resources,NA,1,Department of Water Resources
22213,405078N1222375W001,771391,1978-10-17T00:00:00Z,419.59,418.99,0,32.9,386.69,32.9,32.3,NA,Unknown,Water level accuracy is unknown,1,Department of Water Resources,NA,1,Department of Water Resources
22213,405078N1222375W001,771390,1978-09-21T00:00:00Z,419.59,418.99,0,27.3,392.29,27.3,26.7,NA,Unknown,Water level accuracy is unknown,1,Department of Water Resources,NA,1,Department of Water Resources
22213,405078N1222375W001,771389,1978-08-24T00:00:00Z,419.59,418.99,0,28.4,391.19,28.4,27.8,NA,Unknown,Water level accuracy is unknown,1,Department of Water Resources,NA,1,Department of Water Resources
22213,405078N1222375W001,771388,1978-07-20T00:00:00Z,419.59,418.99,0,28,391.59,28,27.4,NA,Unknown,Water level accuracy is unknown,1,Department of Water Resources,NA,1,Department of Water Resources
22213,405078N1222375W001,771387,1978-06-21T00:00:00Z,419.59,418.99,0,30.6,388.99,30.6,30,NA,Unknown,Water level accuracy is unknown,1,Department of Water Resources,NA,1,Department of Water Resources
22213,405078N1222375W001,771386,1978-05-25T00:00:00Z,419.59,418.99,0,26.3,393.29,26.3,25.7,NA,Unknown,Water level accuracy is unknown,1,Department of Water Resources,NA,1,Department of Water Resources
22213,405078N1222375W001,771385,1978-04-20T00:00:00Z,419.59,418.99,0,21.9,397.69,21.9,21.3,NA,Unknown,Water level accuracy is unknown,1,Department of Water Resources,NA,1,Department of Water Resources
22213,405078N1222375W001,771384,1978-03-20T00:00:00Z,419.59,418.99,0,24.2,395.39,24.2,23.6,NA,Unknown,Water level accuracy is unknown,1,Department of Water Resources,NA,1,Department of Water Resources
22213,405078N1222375W001,771383,1978-02-16T00:00:00Z,419.59,418.99,0,23.2,396.39,23.2,22.6,NA,Unknown,Water level accuracy is unknown,1,Department of Water Resources,NA,1,Department of Water Resources
22213,405078N1222375W001,771382,1978-01-23T00:00:00Z,419.59,418.99,0,24.2,395.39,24.2,23.6,NA,Unknown,Water level accuracy is unknown,1,Department of Water Resources,NA,1,Department of Water Resources
22213,405078N1222375W001,771381,1977-12-22T00:00:00Z,419.59,418.99,0,26.2,393.39,26.2,25.6,NA,Unknown,Water level accuracy is unknown,1,Department of Water Resources,NA,1,Department of Water Resources
22213,405078N1222375W001,771380,1977-11-18T00:00:00Z,419.59,418.99,0,27.6,391.99,27.6,27,NA,Unknown,Water level accuracy is unknown,1,Department of Water Resources,NA,1,Department of Water Resources
22213,405078N1222375W001,771379,1977-10-27T00:00:00Z,419.59,418.99,0,34.2,385.39,34.2,33.6,NA,Unknown,Water level accuracy is unknown,1,Department of Water Resources,NA,1,Department of Water Resources
22213,405078N1222375W001,771378,1977-09-22T00:00:00Z,419.59,418.99,0,28.2,391.39,28.2,27.6,NA,Unknown,Water level accuracy is unknown,1,Department of Water Resources,NA,1,Department of Water Resources
22213,405078N1222375W001,771377,1977-08-15T00:00:00Z,419.59,418.99,0,33.4,386.19,33.4,32.8,NA,Unknown,Water level accuracy is unknown,1,Department of Water Resources,NA,1,Department of Water Resources
22213,405078N1222375W001,771376,1977-07-18T00:00:00Z,419.59,418.99,NA,NA,NA,NA,NA,Pumping,NA,NA,1,Department of Water Resources,NA,1,Department of Water Resources
22213,405078N1222375W001,771375,1977-06-29T00:00:00Z,419.59,418.99,0,30.6,388.99,30.6,30,NA,Unknown,Water level accuracy is unknown,1,Department of Water Resources,NA,1,Department of Water Resources
22213,405078N1222375W001,771374,1977-05-20T00:00:00Z,419.59,418.99,0,28.3,391.29,28.3,27.7,NA,Unknown,Water level accuracy is unknown,1,Department of Water Resources,NA,1,Department of Water Resources
22213,405078N1222375W001,771373,1977-04-28T00:00:00Z,419.59,418.99,0,30.9,388.69,30.9,30.3,NA,Unknown,Water level accuracy is unknown,1,Department of Water Resources,NA,1,Department of Water Resources
22213,405078N1222375W001,771372,1977-03-30T00:00:00Z,419.59,418.99,0,27,392.59,27,26.4,NA,Unknown,Water level accuracy is unknown,1,Department of Water Resources,NA,1,Department of Water Resources
22213,405078N1222375W001,771371,1977-03-22T00:00:00Z,419.59,418.99,0,28.2,391.39,28.2,27.6,NA,Unknown,Water level accuracy is unknown,1,Department of Water Resources,NA,1,Department of Water Resources
22213,405078N1222375W001,771370,1977-02-23T00:00:00Z,419.59,418.99,0,26.5,393.09,26.5,25.9,NA,Unknown,Water level accuracy is unknown,1,Department of Water Resources,NA,1,Department of Water Resources
22213,405078N1222375W001,771369,1977-01-28T00:00:00Z,419.59,418.99,0,27,392.59,27,26.4,NA,Unknown,Water level accuracy is unknown,1,Department of Water Resources,NA,1,Department of Water Resources
22213,405078N1222375W001,771368,1976-10-19T00:00:00Z,419.59,418.99,0,28.3,391.29,28.3,27.7,NA,Unknown,Water level accuracy is unknown,1,Department of Water Resources,NA,1,Department of Water Resources
22213,405078N1222375W001,771367,1976-03-22T00:00:00Z,419.59,418.99,0,25.5,394.09,25.5,24.9,NA,Unknown,Water level accuracy is unknown,1,Department of Water Resources,NA,1,Department of Water Resources
22213,405078N1222375W001,771366,1975-10-06T00:00:00Z,419.59,418.99,0,27.4,392.19,27.4,26.8,NA,Unknown,Water level accuracy is unknown,1,Department of Water Resources,NA,1,Department of Water Resources
22213,405078N1222375W001,771365,1975-03-28T00:00:00Z,419.59,418.99,0,21.8,397.79,21.8,21.2,NA,Unknown,Water level accuracy is unknown,1,Department of Water Resources,NA,1,Department of Water Resources
22213,405078N1222375W001,771364,1974-10-16T00:00:00Z,419.59,418.99,0,28,391.59,28,27.4,NA,Unknown,Water level accuracy is unknown,1,Department of Water Resources,NA,1,Department of Water Resources
22213,405078N1222375W001,771363,1974-03-08T00:00:00Z,419.59,418.99,0,20.5,399.09,20.5,19.9,NA,Unknown,Water level accuracy is unknown,1,Department of Water Resources,NA,1,Department of Water Resources
22213,405078N1222375W001,771362,1973-10-04T00:00:00Z,419.59,418.99,0,27,392.59,27,26.4,NA,Unknown,Water level accuracy is unknown,1,Department of Water Resources,NA,1,Department of Water Resources
22213,405078N1222375W001,771361,1973-03-22T00:00:00Z,419.59,418.99,0,20.9,398.69,20.9,20.3,NA,Unknown,Water level accuracy is unknown,1,Department of Water Resources,NA,1,Department of Water Resources
22213,405078N1222375W001,771360,1973-02-21T00:00:00Z,419.59,418.99,0,21.3,398.29,21.3,20.7,NA,Unknown,Water level accuracy is unknown,1,Department of Water Resources,NA,1,Department of Water Resources
22213,405078N1222375W001,771359,1973-01-24T00:00:00Z,419.59,418.99,0,22,397.59,22,21.4,NA,Unknown,Water level accuracy is unknown,1,Department of Water Resources,NA,1,Department of Water Resources
22213,405078N1222375W001,771358,1972-12-20T00:00:00Z,419.59,418.99,0,23.4,396.19,23.4,22.8,NA,Unknown,Water level accuracy is unknown,1,Department of Water Resources,NA,1,Department of Water Resources
22213,405078N1222375W001,771357,1972-11-22T00:00:00Z,419.59,418.99,0,23.8,395.79,23.8,23.2,NA,Unknown,Water level accuracy is unknown,1,Department of Water Resources,NA,1,Department of Water Resources
22213,405078N1222375W001,771356,1972-10-16T00:00:00Z,419.59,418.99,0,25.2,394.39,25.2,24.6,NA,Unknown,Water level accuracy is unknown,1,Department of Water Resources,NA,1,Department of Water Resources
22213,405078N1222375W001,771355,1972-09-22T00:00:00Z,419.59,418.99,0,26.9,392.69,26.9,26.3,NA,Unknown,Water level accuracy is unknown,1,Department of Water Resources,NA,1,Department of Water Resources
22213,405078N1222375W001,771354,1972-08-24T00:00:00Z,419.59,418.99,0,30.3,389.29,30.3,29.7,NA,Unknown,Water level accuracy is unknown,1,Department of Water Resources,NA,1,Department of Water Resources
22213,405078N1222375W001,771353,1972-07-20T00:00:00Z,419.59,418.99,0,30.1,389.49,30.1,29.5,NA,Unknown,Water level accuracy is unknown,1,Department of Water Resources,NA,1,Department of Water Resources
22213,405078N1222375W001,771352,1972-06-23T00:00:00Z,419.59,418.99,0,27.8,391.79,27.8,27.2,NA,Unknown,Water level accuracy is unknown,1,Department of Water Resources,NA,1,Department of Water Resources
22213,405078N1222375W001,771351,1972-05-25T00:00:00Z,419.59,418.99,0,25,394.59,25,24.4,NA,Unknown,Water level accuracy is unknown,1,Department of Water Resources,NA,1,Department of Water Resources
22213,405078N1222375W001,771350,1972-04-27T00:00:00Z,419.59,418.99,0,24.2,395.39,24.2,23.6,NA,Unknown,Water level accuracy is unknown,1,Department of Water Resources,NA,1,Department of Water Resources
22213,405078N1222375W001,771349,1972-03-23T00:00:00Z,419.59,418.99,0,23.2,396.39,23.2,22.6,NA,Unknown,Water level accuracy is unknown,1,Department of Water Resources,NA,1,Department of Water Resources
22213,405078N1222375W001,771348,1972-02-24T00:00:00Z,419.59,418.99,0,23,396.59,23,22.4,NA,Unknown,Water level accuracy is unknown,1,Department of Water Resources,NA,1,Department of Water Resources
22213,405078N1222375W001,771347,1972-01-19T00:00:00Z,419.59,418.99,0,24.4,395.19,24.4,23.8,NA,Unknown,Water level accuracy is unknown,1,Department of Water Resources,NA,1,Department of Water Resources
22213,405078N1222375W001,771346,1971-12-23T00:00:00Z,419.59,418.99,0,24,395.59,24,23.4,NA,Unknown,Water level accuracy is unknown,1,Department of Water Resources,NA,1,Department of Water Resources
22213,405078N1222375W001,771345,1971-11-26T00:00:00Z,419.59,418.99,0,25,394.59,25,24.4,NA,Unknown,Water level accuracy is unknown,1,Department of Water Resources,NA,1,Department of Water Resources
22213,405078N1222375W001,771344,1971-10-21T00:00:00Z,419.59,418.99,0,25,394.59,25,24.4,NA,Unknown,Water level accuracy is unknown,1,Department of Water Resources,NA,1,Department of Water Resources
22213,405078N1222375W001,771343,1971-09-24T00:00:00Z,419.59,418.99,0,27.1,392.49,27.1,26.5,NA,Unknown,Water level accuracy is unknown,1,Department of Water Resources,NA,1,Department of Water Resources
22213,405078N1222375W001,771342,1971-08-20T00:00:00Z,419.59,418.99,0,27,392.59,27,26.4,NA,Unknown,Water level accuracy is unknown,1,Department of Water Resources,NA,1,Department of Water Resources
22213,405078N1222375W001,771341,1971-07-19T00:00:00Z,419.59,418.99,0,29.2,390.39,29.2,28.6,NA,Unknown,Water level accuracy is unknown,1,Department of Water Resources,NA,1,Department of Water Resources
22213,405078N1222375W001,771340,1971-06-15T00:00:00Z,419.59,418.99,0,25.1,394.49,25.1,24.5,NA,Unknown,Water level accuracy is unknown,1,Department of Water Resources,NA,1,Department of Water Resources
22213,405078N1222375W001,771339,1971-05-18T00:00:00Z,419.59,418.99,0,22.2,397.39,22.2,21.6,NA,Unknown,Water level accuracy is unknown,1,Department of Water Resources,NA,1,Department of Water Resources
22213,405078N1222375W001,771338,1971-04-20T00:00:00Z,419.59,418.99,0,20.7,398.89,20.7,20.1,NA,Unknown,Water level accuracy is unknown,1,Department of Water Resources,NA,1,Department of Water Resources
22213,405078N1222375W001,771337,1971-03-17T00:00:00Z,419.59,418.99,0,21.7,397.89,21.7,21.1,NA,Unknown,Water level accuracy is unknown,1,Department of Water Resources,NA,1,Department of Water Resources
22213,405078N1222375W001,771336,1971-02-18T00:00:00Z,419.59,418.99,0,22,397.59,22,21.4,NA,Unknown,Water level accuracy is unknown,1,Department of Water Resources,NA,1,Department of Water Resources
22213,405078N1222375W001,771335,1971-01-19T00:00:00Z,419.59,418.99,0,20.4,399.19,20.4,19.8,NA,Unknown,Water level accuracy is unknown,1,Department of Water Resources,NA,1,Department of Water Resources
22213,405078N1222375W001,771334,1970-12-17T00:00:00Z,419.59,418.99,0,21.5,398.09,21.5,20.9,NA,Unknown,Water level accuracy is unknown,1,Department of Water Resources,NA,1,Department of Water Resources
22213,405078N1222375W001,771333,1970-11-19T00:00:00Z,419.59,418.99,0,24.2,395.39,24.2,23.6,NA,Unknown,Water level accuracy is unknown,1,Department of Water Resources,NA,1,Department of Water Resources
22213,405078N1222375W001,771332,1970-10-19T00:00:00Z,419.59,418.99,0,24.9,394.69,24.9,24.3,NA,Unknown,Water level accuracy is unknown,1,Department of Water Resources,NA,1,Department of Water Resources
22213,405078N1222375W001,771331,1970-09-18T00:00:00Z,419.59,418.99,0,26.8,392.79,26.8,26.2,NA,Unknown,Water level accuracy is unknown,1,Department of Water Resources,NA,1,Department of Water Resources
22213,405078N1222375W001,771330,1970-08-18T00:00:00Z,419.59,418.99,0,28.1,391.49,28.1,27.5,Nearby pump operating,Unknown,Water level accuracy is unknown,1,Department of Water Resources,NA,1,Department of Water Resources
22213,405078N1222375W001,771329,1970-07-20T00:00:00Z,419.59,418.99,0,25.6,393.99,25.6,25,NA,Unknown,Water level accuracy is unknown,1,Department of Water Resources,NA,1,Department of Water Resources
22213,405078N1222375W001,771328,1970-06-16T00:00:00Z,419.59,418.99,0,25,394.59,25,24.4,NA,Unknown,Water level accuracy is unknown,1,Department of Water Resources,NA,1,Department of Water Resources
22213,405078N1222375W001,771327,1970-05-19T00:00:00Z,419.59,418.99,0,24.8,394.79,24.8,24.2,NA,Unknown,Water level accuracy is unknown,1,Department of Water Resources,NA,1,Department of Water Resources
22213,405078N1222375W001,771326,1970-04-20T00:00:00Z,419.59,418.99,0,23,396.59,23,22.4,NA,Unknown,Water level accuracy is unknown,1,Department of Water Resources,NA,1,Department of Water Resources
22213,405078N1222375W001,771325,1970-03-17T00:00:00Z,419.59,418.99,0,21,398.59,21,20.4,NA,Unknown,Water level accuracy is unknown,1,Department of Water Resources,NA,1,Department of Water Resources
22213,405078N1222375W001,771324,1970-02-17T00:00:00Z,419.59,418.99,0,20.2,399.39,20.2,19.6,NA,Unknown,Water level accuracy is unknown,1,Department of Water Resources,NA,1,Department of Water Resources
22213,405078N1222375W001,771323,1970-01-27T00:00:00Z,419.59,418.99,0,19.3,400.29,19.3,18.7,NA,Unknown,Water level accuracy is unknown,1,Department of Water Resources,NA,1,Department of Water Resources
22213,405078N1222375W001,771322,1970-01-20T00:00:00Z,419.59,418.99,NA,NA,NA,NA,NA,Special/Other,NA,NA,1,Department of Water Resources,NA,1,Department of Water Resources
22213,405078N1222375W001,771321,1969-12-18T00:00:00Z,419.59,418.99,0,24.1,395.49,24.1,23.5,NA,Unknown,Water level accuracy is unknown,1,Department of Water Resources,NA,1,Department of Water Resources
22213,405078N1222375W001,771320,1969-11-17T00:00:00Z,419.59,418.99,0,24.8,394.79,24.8,24.2,NA,Unknown,Water level accuracy is unknown,1,Department of Water Resources,NA,1,Department of Water Resources
22213,405078N1222375W001,771319,1969-10-17T00:00:00Z,419.59,418.99,0,24.5,395.09,24.5,23.9,NA,Unknown,Water level accuracy is unknown,1,Department of Water Resources,NA,1,Department of Water Resources
22213,405078N1222375W001,771318,1969-09-17T00:00:00Z,419.59,418.99,0,26,393.59,26,25.4,NA,Unknown,Water level accuracy is unknown,1,Department of Water Resources,NA,1,Department of Water Resources
22213,405078N1222375W001,771317,1969-08-18T00:00:00Z,419.59,418.99,0,27.9,391.69,27.9,27.3,NA,Unknown,Water level accuracy is unknown,1,Department of Water Resources,NA,1,Department of Water Resources
22213,405078N1222375W001,771316,1969-07-17T00:00:00Z,419.59,418.99,0,28.1,391.49,28.1,27.5,NA,Unknown,Water level accuracy is unknown,1,Department of Water Resources,NA,1,Department of Water Resources
22213,405078N1222375W001,771315,1969-06-18T00:00:00Z,419.59,418.99,0,26.4,393.19,26.4,25.8,NA,Unknown,Water level accuracy is unknown,1,Department of Water Resources,NA,1,Department of Water Resources
22213,405078N1222375W001,771314,1969-05-16T00:00:00Z,419.59,418.99,0,25,394.59,25,24.4,NA,Unknown,Water level accuracy is unknown,1,Department of Water Resources,NA,1,Department of Water Resources
22213,405078N1222375W001,771313,1969-04-18T00:00:00Z,419.59,418.99,0,19,400.59,19,18.4,NA,Unknown,Water level accuracy is unknown,1,Department of Water Resources,NA,1,Department of Water Resources
22213,405078N1222375W001,771312,1969-03-20T00:00:00Z,419.59,418.99,0,19.5,400.09,19.5,18.9,NA,Unknown,Water level accuracy is unknown,1,Department of Water Resources,NA,1,Department of Water Resources
22213,405078N1222375W001,771311,1969-02-20T00:00:00Z,419.59,418.99,0,18.5,401.09,18.5,17.9,NA,Unknown,Water level accuracy is unknown,1,Department of Water Resources,NA,1,Department of Water Resources
22213,405078N1222375W001,771310,1969-01-16T00:00:00Z,419.59,418.99,0,20,399.59,20,19.4,NA,Unknown,Water level accuracy is unknown,1,Department of Water Resources,NA,1,Department of Water Resources
22213,405078N1222375W001,771309,1968-12-16T00:00:00Z,419.59,418.99,0,22.4,397.19,22.4,21.8,NA,Unknown,Water level accuracy is unknown,1,Department of Water Resources,NA,1,Department of Water Resources
22213,405078N1222375W001,771308,1968-11-21T00:00:00Z,419.59,418.99,0,23,396.59,23,22.4,NA,Unknown,Water level accuracy is unknown,1,Department of Water Resources,NA,1,Department of Water Resources
22213,405078N1222375W001,771307,1968-10-22T00:00:00Z,419.59,418.99,0,24.9,394.69,24.9,24.3,NA,Unknown,Water level accuracy is unknown,1,Department of Water Resources,NA,1,Department of Water Resources
22213,405078N1222375W001,771306,1968-09-17T00:00:00Z,419.59,418.99,0,25.2,394.39,25.2,24.6,NA,Unknown,Water level accuracy is unknown,1,Department of Water Resources,NA,1,Department of Water Resources
22213,405078N1222375W001,771305,1968-08-22T00:00:00Z,419.59,418.99,0,24.1,395.49,24.1,23.5,NA,Unknown,Water level accuracy is unknown,1,Department of Water Resources,NA,1,Department of Water Resources
22213,405078N1222375W001,771304,1968-07-26T00:00:00Z,419.59,418.99,0,25.8,393.79,25.8,25.2,NA,Unknown,Water level accuracy is unknown,1,Department of Water Resources,NA,1,Department of Water Resources
22213,405078N1222375W001,771303,1968-06-18T00:00:00Z,419.59,418.99,0,25.8,393.79,25.8,25.2,NA,Unknown,Water level accuracy is unknown,1,Department of Water Resources,NA,1,Department of Water Resources
22213,405078N1222375W001,771302,1968-05-20T00:00:00Z,419.59,418.99,0,24.1,395.49,24.1,23.5,NA,Unknown,Water level accuracy is unknown,1,Department of Water Resources,NA,1,Department of Water Resources
22213,405078N1222375W001,771301,1968-04-16T00:00:00Z,419.59,418.99,0,23,396.59,23,22.4,NA,Unknown,Water level accuracy is unknown,1,Department of Water Resources,NA,1,Department of Water Resources
22213,405078N1222375W001,771300,1968-03-20T00:00:00Z,419.59,418.99,0,19.4,400.19,19.4,18.8,NA,Unknown,Water level accuracy is unknown,1,Department of Water Resources,NA,1,Department of Water Resources
22213,405078N1222375W001,771299,1968-02-20T00:00:00Z,419.59,418.99,0,20.2,399.39,20.2,19.6,NA,Unknown,Water level accuracy is unknown,1,Department of Water Resources,NA,1,Department of Water Resources
22213,405078N1222375W001,771298,1968-01-12T00:00:00Z,419.59,418.99,0,23,396.59,23,22.4,NA,Unknown,Water level accuracy is unknown,1,Department of Water Resources,NA,1,Department of Water Resources
22213,405078N1222375W001,771297,1967-12-18T00:00:00Z,419.59,418.99,0,23,396.59,23,22.4,NA,Unknown,Water level accuracy is unknown,1,Department of Water Resources,NA,1,Department of Water Resources
22213,405078N1222375W001,771296,1967-11-22T00:00:00Z,419.59,418.99,0,24.3,395.29,24.3,23.7,NA,Unknown,Water level accuracy is unknown,1,Department of Water Resources,NA,1,Department of Water Resources
22213,405078N1222375W001,771295,1967-10-17T00:00:00Z,419.59,418.99,0,24.3,395.29,24.3,23.7,NA,Unknown,Water level accuracy is unknown,1,Department of Water Resources,NA,1,Department of Water Resources
22213,405078N1222375W001,771294,1967-09-21T00:00:00Z,419.59,418.99,0,24.7,394.89,24.7,24.1,NA,Unknown,Water level accuracy is unknown,1,Department of Water Resources,NA,1,Department of Water Resources
22213,405078N1222375W001,771293,1967-08-24T00:00:00Z,419.59,418.99,0,27,392.59,27,26.4,NA,Unknown,Water level accuracy is unknown,1,Department of Water Resources,NA,1,Department of Water Resources
22213,405078N1222375W001,771292,1967-07-24T00:00:00Z,419.59,418.99,0,25,394.59,25,24.4,NA,Unknown,Water level accuracy is unknown,1,Department of Water Resources,NA,1,Department of Water Resources
22213,405078N1222375W001,771291,1967-06-19T00:00:00Z,419.59,418.99,0,24.5,395.09,24.5,23.9,NA,Unknown,Water level accuracy is unknown,1,Department of Water Resources,NA,1,Department of Water Resources
22213,405078N1222375W001,771290,1967-05-17T00:00:00Z,419.59,418.99,0,20.3,399.29,20.3,19.7,NA,Unknown,Water level accuracy is unknown,1,Department of Water Resources,NA,1,Department of Water Resources
22213,405078N1222375W001,771289,1967-04-20T00:00:00Z,419.59,418.99,0,19.8,399.79,19.8,19.2,NA,Unknown,Water level accuracy is unknown,1,Department of Water Resources,NA,1,Department of Water Resources
22213,405078N1222375W001,771288,1967-03-21T00:00:00Z,419.59,418.99,0,21.5,398.09,21.5,20.9,NA,Unknown,Water level accuracy is unknown,1,Department of Water Resources,NA,1,Department of Water Resources
22213,405078N1222375W001,771287,1967-02-21T00:00:00Z,419.59,418.99,0,21.2,398.39,21.2,20.6,NA,Unknown,Water level accuracy is unknown,1,Department of Water Resources,NA,1,Department of Water Resources
22213,405078N1222375W001,771286,1967-01-19T00:00:00Z,419.59,418.99,0,22.4,397.19,22.4,21.8,NA,Unknown,Water level accuracy is unknown,1,Department of Water Resources,NA,1,Department of Water Resources
22213,405078N1222375W001,771285,1966-12-16T00:00:00Z,419.59,418.99,0,22.9,396.69,22.9,22.3,NA,Unknown,Water level accuracy is unknown,1,Department of Water Resources,NA,1,Department of Water Resources
22213,405078N1222375W001,771284,1966-11-18T00:00:00Z,419.59,418.99,0,23.2,396.39,23.2,22.6,NA,Unknown,Water level accuracy is unknown,1,Department of Water Resources,NA,1,Department of Water Resources
22213,405078N1222375W001,771283,1966-10-20T00:00:00Z,419.59,418.99,0,24.4,395.19,24.4,23.8,NA,Unknown,Water level accuracy is unknown,1,Department of Water Resources,NA,1,Department of Water Resources
22213,405078N1222375W001,771282,1966-09-22T00:00:00Z,419.59,418.99,0,26,393.59,26,25.4,NA,Unknown,Water level accuracy is unknown,1,Department of Water Resources,NA,1,Department of Water Resources
22213,405078N1222375W001,771281,1966-08-16T00:00:00Z,419.59,418.99,0,27.2,392.39,27.2,26.6,NA,Unknown,Water level accuracy is unknown,1,Department of Water Resources,NA,1,Department of Water Resources
22213,405078N1222375W001,771280,1966-07-22T00:00:00Z,419.59,418.99,0,26.3,393.29,26.3,25.7,NA,Unknown,Water level accuracy is unknown,1,Department of Water Resources,NA,1,Department of Water Resources
22213,405078N1222375W001,771279,1966-06-20T00:00:00Z,419.59,418.99,0,24.5,395.09,24.5,23.9,NA,Unknown,Water level accuracy is unknown,1,Department of Water Resources,NA,1,Department of Water Resources
22213,405078N1222375W001,771278,1966-05-18T00:00:00Z,419.59,418.99,0,24.8,394.79,24.8,24.2,NA,Unknown,Water level accuracy is unknown,1,Department of Water Resources,NA,1,Department of Water Resources
22213,405078N1222375W001,771277,1966-04-21T00:00:00Z,419.59,418.99,0,21.9,397.69,21.9,21.3,NA,Unknown,Water level accuracy is unknown,1,Department of Water Resources,NA,1,Department of Water Resources
22213,405078N1222375W001,771276,1966-03-21T00:00:00Z,419.59,418.99,0,20.3,399.29,20.3,19.7,NA,Unknown,Water level accuracy is unknown,1,Department of Water Resources,NA,1,Department of Water Resources
22213,405078N1222375W001,771275,1966-02-23T00:00:00Z,419.59,418.99,0,19.8,399.79,19.8,19.2,NA,Unknown,Water level accuracy is unknown,1,Department of Water Resources,NA,1,Department of Water Resources
22213,405078N1222375W001,771274,1966-01-20T00:00:00Z,419.59,418.99,0,18.3,401.29,18.3,17.7,NA,Unknown,Water level accuracy is unknown,1,Department of Water Resources,NA,1,Department of Water Resources
22213,405078N1222375W001,771273,1965-12-16T00:00:00Z,419.59,418.99,0,22.3,397.29,22.3,21.7,NA,Unknown,Water level accuracy is unknown,1,Department of Water Resources,NA,1,Department of Water Resources
22213,405078N1222375W001,771272,1965-11-15T00:00:00Z,419.59,418.99,0,21.9,397.69,21.9,21.3,NA,Unknown,Water level accuracy is unknown,1,Department of Water Resources,NA,1,Department of Water Resources
22213,405078N1222375W001,771271,1965-10-21T00:00:00Z,419.59,418.99,0,22.9,396.69,22.9,22.3,NA,Unknown,Water level accuracy is unknown,1,Department of Water Resources,NA,1,Department of Water Resources
22213,405078N1222375W001,771270,1965-09-23T00:00:00Z,419.59,418.99,0,24.8,394.79,24.8,24.2,NA,Unknown,Water level accuracy is unknown,1,Department of Water Resources,NA,1,Department of Water Resources
22213,405078N1222375W001,771269,1965-08-16T00:00:00Z,419.59,418.99,0,25.9,393.69,25.9,25.3,NA,Unknown,Water level accuracy is unknown,1,Department of Water Resources,NA,1,Department of Water Resources
22213,405078N1222375W001,771268,1965-07-19T00:00:00Z,419.59,418.99,0,24,395.59,24,23.4,NA,Unknown,Water level accuracy is unknown,1,Department of Water Resources,NA,1,Department of Water Resources
22213,405078N1222375W001,771267,1965-06-15T00:00:00Z,419.59,418.99,NA,NA,NA,NA,NA,Special/Other,NA,NA,1,Department of Water Resources,NA,1,Department of Water Resources
22213,405078N1222375W001,771266,1965-05-17T00:00:00Z,419.59,418.99,0,21.3,398.29,21.3,20.7,NA,Unknown,Water level accuracy is unknown,1,Department of Water Resources,NA,1,Department of Water Resources
22213,405078N1222375W001,771265,1965-04-19T00:00:00Z,419.59,418.99,0,18.5,401.09,18.5,17.9,NA,Unknown,Water level accuracy is unknown,1,Department of Water Resources,NA,1,Department of Water Resources
22213,405078N1222375W001,771264,1965-03-15T00:00:00Z,419.59,418.99,0,20.5,399.09,20.5,19.9,NA,Unknown,Water level accuracy is unknown,1,Department of Water Resources,NA,1,Department of Water Resources
22213,405078N1222375W001,771263,1965-02-16T00:00:00Z,419.59,418.99,0,19.9,399.69,19.9,19.3,NA,Unknown,Water level accuracy is unknown,1,Department of Water Resources,NA,1,Department of Water Resources
22213,405078N1222375W001,771262,1965-01-21T00:00:00Z,419.59,418.99,0,19.3,400.29,19.3,18.7,NA,Unknown,Water level accuracy is unknown,1,Department of Water Resources,NA,1,Department of Water Resources
22213,405078N1222375W001,771261,1964-12-16T00:00:00Z,419.59,418.99,0,21.6,397.99,21.6,21,NA,Unknown,Water level accuracy is unknown,1,Department of Water Resources,NA,1,Department of Water Resources
22213,405078N1222375W001,771260,1964-11-18T00:00:00Z,419.59,418.99,0,22,397.59,22,21.4,NA,Unknown,Water level accuracy is unknown,1,Department of Water Resources,NA,1,Department of Water Resources
22213,405078N1222375W001,771259,1964-10-21T00:00:00Z,419.59,418.99,0,23,396.59,23,22.4,NA,Unknown,Water level accuracy is unknown,1,Department of Water Resources,NA,1,Department of Water Resources
22213,405078N1222375W001,771258,1964-09-17T00:00:00Z,419.59,418.99,0,23.9,395.69,23.9,23.3,NA,Unknown,Water level accuracy is unknown,1,Department of Water Resources,NA,1,Department of Water Resources
22213,405078N1222375W001,771257,1964-08-20T00:00:00Z,419.59,418.99,0,24.2,395.39,24.2,23.6,NA,Unknown,Water level accuracy is unknown,1,Department of Water Resources,NA,1,Department of Water Resources
22213,405078N1222375W001,771256,1964-07-23T00:00:00Z,419.59,418.99,0,24.5,395.09,24.5,23.9,NA,Unknown,Water level accuracy is unknown,1,Department of Water Resources,NA,1,Department of Water Resources
22213,405078N1222375W001,771255,1964-06-17T00:00:00Z,419.59,418.99,0,24.3,395.29,24.3,23.7,NA,Unknown,Water level accuracy is unknown,1,Department of Water Resources,NA,1,Department of Water Resources
22213,405078N1222375W001,771254,1964-05-21T00:00:00Z,419.59,418.99,0,22.7,396.89,22.7,22.1,NA,Unknown,Water level accuracy is unknown,1,Department of Water Resources,NA,1,Department of Water Resources
22213,405078N1222375W001,771253,1964-04-17T00:00:00Z,419.59,418.99,0,22,397.59,22,21.4,NA,Unknown,Water level accuracy is unknown,1,Department of Water Resources,NA,1,Department of Water Resources
22213,405078N1222375W001,771252,1964-03-19T00:00:00Z,419.59,418.99,0,21.5,398.09,21.5,20.9,NA,Unknown,Water level accuracy is unknown,1,Department of Water Resources,NA,1,Department of Water Resources
22213,405078N1222375W001,771251,1964-02-18T00:00:00Z,419.59,418.99,0,20,399.59,20,19.4,NA,Unknown,Water level accuracy is unknown,1,Department of Water Resources,NA,1,Department of Water Resources
22213,405078N1222375W001,771250,1964-01-21T00:00:00Z,419.59,418.99,0,19.8,399.79,19.8,19.2,NA,Unknown,Water level accuracy is unknown,1,Department of Water Resources,NA,1,Department of Water Resources
22213,405078N1222375W001,771249,1963-12-20T00:00:00Z,419.59,418.99,0,21,398.59,21,20.4,NA,Unknown,Water level accuracy is unknown,1,Department of Water Resources,NA,1,Department of Water Resources
22213,405078N1222375W001,771248,1963-11-21T00:00:00Z,419.59,418.99,0,21.4,398.19,21.4,20.8,NA,Unknown,Water level accuracy is unknown,1,Department of Water Resources,NA,1,Department of Water Resources
22213,405078N1222375W001,771247,1963-10-18T00:00:00Z,419.59,418.99,0,25.2,394.39,25.2,24.6,NA,Unknown,Water level accuracy is unknown,1,Department of Water Resources,NA,1,Department of Water Resources
22213,405078N1222375W001,771246,1963-09-17T00:00:00Z,419.59,418.99,0,24.8,394.79,24.8,24.2,NA,Unknown,Water level accuracy is unknown,1,Department of Water Resources,NA,1,Department of Water Resources
22213,405078N1222375W001,771245,1963-08-19T00:00:00Z,419.59,418.99,0,23.6,395.99,23.6,23,NA,Unknown,Water level accuracy is unknown,1,Department of Water Resources,NA,1,Department of Water Resources
22213,405078N1222375W001,771244,1963-07-19T00:00:00Z,419.59,418.99,0,24,395.59,24,23.4,NA,Unknown,Water level accuracy is unknown,1,Department of Water Resources,NA,1,Department of Water Resources
22213,405078N1222375W001,771243,1963-06-20T00:00:00Z,419.59,418.99,0,22.8,396.79,22.8,22.2,NA,Unknown,Water level accuracy is unknown,1,Department of Water Resources,NA,1,Department of Water Resources
22213,405078N1222375W001,771242,1963-05-15T00:00:00Z,419.59,418.99,0,15.1,404.49,15.1,14.5,NA,Unknown,Water level accuracy is unknown,1,Department of Water Resources,NA,1,Department of Water Resources
22213,405078N1222375W001,771241,1963-04-17T00:00:00Z,419.59,418.99,0,18.5,401.09,18.5,17.9,NA,Unknown,Water level accuracy is unknown,1,Department of Water Resources,NA,1,Department of Water Resources
22213,405078N1222375W001,771240,1963-03-20T00:00:00Z,419.59,418.99,0,19.4,400.19,19.4,18.8,NA,Unknown,Water level accuracy is unknown,1,Department of Water Resources,NA,1,Department of Water Resources
22213,405078N1222375W001,771239,1963-02-21T00:00:00Z,419.59,418.99,0,17,402.59,17,16.4,NA,Unknown,Water level accuracy is unknown,1,Department of Water Resources,NA,1,Department of Water Resources
22213,405078N1222375W001,771238,1963-01-23T00:00:00Z,419.59,418.99,0,21.4,398.19,21.4,20.8,NA,Unknown,Water level accuracy is unknown,1,Department of Water Resources,NA,1,Department of Water Resources
22213,405078N1222375W001,771237,1962-12-20T00:00:00Z,419.59,418.99,0,20.7,398.89,20.7,20.1,NA,Unknown,Water level accuracy is unknown,1,Department of Water Resources,NA,1,Department of Water Resources
22213,405078N1222375W001,771236,1962-11-16T00:00:00Z,419.59,418.99,0,21.5,398.09,21.5,20.9,NA,Unknown,Water level accuracy is unknown,1,Department of Water Resources,NA,1,Department of Water Resources
22213,405078N1222375W001,771235,1962-10-17T00:00:00Z,419.59,418.99,0,21,398.59,21,20.4,NA,Unknown,Water level accuracy is unknown,1,Department of Water Resources,NA,1,Department of Water Resources
22213,405078N1222375W001,771234,1962-09-19T00:00:00Z,419.59,418.99,0,25.3,394.29,25.3,24.7,NA,Unknown,Water level accuracy is unknown,1,Department of Water Resources,NA,1,Department of Water Resources
22213,405078N1222375W001,771233,1962-08-20T00:00:00Z,419.59,418.99,0,24.3,395.29,24.3,23.7,NA,Unknown,Water level accuracy is unknown,1,Department of Water Resources,NA,1,Department of Water Resources
22213,405078N1222375W001,771232,1962-07-16T00:00:00Z,419.59,418.99,0,23.8,395.79,23.8,23.2,NA,Unknown,Water level accuracy is unknown,1,Department of Water Resources,NA,1,Department of Water Resources
22213,405078N1222375W001,771231,1962-06-20T00:00:00Z,419.59,418.99,0,22.9,396.69,22.9,22.3,NA,Unknown,Water level accuracy is unknown,1,Department of Water Resources,NA,1,Department of Water Resources
22213,405078N1222375W001,771230,1962-05-21T00:00:00Z,419.59,418.99,0,23.2,396.39,23.2,22.6,NA,Unknown,Water level accuracy is unknown,1,Department of Water Resources,NA,1,Department of Water Resources
22213,405078N1222375W001,771229,1962-04-23T00:00:00Z,419.59,418.99,0,20,399.59,20,19.4,NA,Unknown,Water level accuracy is unknown,1,Department of Water Resources,NA,1,Department of Water Resources
22213,405078N1222375W001,771228,1962-03-19T00:00:00Z,419.59,418.99,0,18.8,400.79,18.8,18.2,NA,Unknown,Water level accuracy is unknown,1,Department of Water Resources,NA,1,Department of Water Resources
22213,405078N1222375W001,771227,1962-02-27T00:00:00Z,419.59,418.99,0,19.3,400.29,19.3,18.7,NA,Unknown,Water level accuracy is unknown,1,Department of Water Resources,NA,1,Department of Water Resources
22213,405078N1222375W001,771226,1962-01-17T00:00:00Z,419.59,418.99,0,20.8,398.79,20.8,20.2,NA,Unknown,Water level accuracy is unknown,1,Department of Water Resources,NA,1,Department of Water Resources
22213,405078N1222375W001,771225,1961-12-13T00:00:00Z,419.59,418.99,0,21,398.59,21,20.4,NA,Unknown,Water level accuracy is unknown,1,Department of Water Resources,NA,1,Department of Water Resources
22213,405078N1222375W001,771224,1961-11-15T00:00:00Z,419.59,418.99,0,20.2,399.39,20.2,19.6,NA,Unknown,Water level accuracy is unknown,1,Department of Water Resources,NA,1,Department of Water Resources
22213,405078N1222375W001,771223,1961-10-18T00:00:00Z,419.59,418.99,0,22.4,397.19,22.4,21.8,NA,Unknown,Water level accuracy is unknown,1,Department of Water Resources,NA,1,Department of Water Resources
22213,405078N1222375W001,771222,1961-09-26T00:00:00Z,419.59,418.99,0,23.5,396.09,23.5,22.9,NA,Unknown,Water level accuracy is unknown,1,Department of Water Resources,NA,1,Department of Water Resources
22213,405078N1222375W001,771221,1961-08-17T00:00:00Z,419.59,418.99,0,23.6,395.99,23.6,23,NA,Unknown,Water level accuracy is unknown,1,Department of Water Resources,NA,1,Department of Water Resources
22213,405078N1222375W001,771220,1961-07-25T00:00:00Z,419.59,418.99,0,23.4,396.19,23.4,22.8,NA,Unknown,Water level accuracy is unknown,1,Department of Water Resources,NA,1,Department of Water Resources
22213,405078N1222375W001,771219,1961-06-19T00:00:00Z,419.59,418.99,0,22.9,396.69,22.9,22.3,NA,Unknown,Water level accuracy is unknown,1,Department of Water Resources,NA,1,Department of Water Resources
22213,405078N1222375W001,771218,1961-05-16T00:00:00Z,419.59,418.99,0,21.8,397.79,21.8,21.2,NA,Unknown,Water level accuracy is unknown,1,Department of Water Resources,NA,1,Department of Water Resources
22213,405078N1222375W001,771217,1961-04-18T00:00:00Z,419.59,418.99,0,20.6,398.99,20.6,20,NA,Unknown,Water level accuracy is unknown,1,Department of Water Resources,NA,1,Department of Water Resources
22213,405078N1222375W001,771216,1961-03-21T00:00:00Z,419.59,418.99,0,18.9,400.69,18.9,18.3,NA,Unknown,Water level accuracy is unknown,1,Department of Water Resources,NA,1,Department of Water Resources
22213,405078N1222375W001,771215,1961-02-23T00:00:00Z,419.59,418.99,0,19.9,399.69,19.9,19.3,NA,Unknown,Water level accuracy is unknown,1,Department of Water Resources,NA,1,Department of Water Resources
22213,405078N1222375W001,771214,1961-01-17T00:00:00Z,419.59,418.99,0,21.2,398.39,21.2,20.6,NA,Unknown,Water level accuracy is unknown,1,Department of Water Resources,NA,1,Department of Water Resources
22213,405078N1222375W001,771213,1960-12-14T00:00:00Z,419.59,418.99,0,21,398.59,21,20.4,NA,Unknown,Water level accuracy is unknown,1,Department of Water Resources,NA,1,Department of Water Resources
22213,405078N1222375W001,771212,1960-11-30T00:00:00Z,419.59,418.99,0,21.3,398.29,21.3,20.7,NA,Unknown,Water level accuracy is unknown,1,Department of Water Resources,NA,1,Department of Water Resources
22213,405078N1222375W001,771211,1960-10-26T00:00:00Z,419.59,418.99,0,23.1,396.49,23.1,22.5,NA,Unknown,Water level accuracy is unknown,1,Department of Water Resources,NA,1,Department of Water Resources
22213,405078N1222375W001,771210,1960-10-04T00:00:00Z,419.59,418.99,NA,NA,NA,NA,NA,Special/Other,NA,NA,1,Department of Water Resources,NA,1,Department of Water Resources
22213,405078N1222375W001,771209,1960-09-27T00:00:00Z,419.59,418.99,0,22.5,397.09,22.5,21.9,NA,Unknown,Water level accuracy is unknown,1,Department of Water Resources,NA,1,Department of Water Resources
22213,405078N1222375W001,771208,1960-08-23T00:00:00Z,419.59,418.99,0,24.8,394.79,24.8,24.2,NA,Unknown,Water level accuracy is unknown,1,Department of Water Resources,NA,1,Department of Water Resources
22213,405078N1222375W001,771207,1960-07-28T00:00:00Z,419.59,418.99,0,21.9,397.69,21.9,21.3,NA,Unknown,Water level accuracy is unknown,1,Department of Water Resources,NA,1,Department of Water Resources
22213,405078N1222375W001,771206,1960-06-28T00:00:00Z,419.59,418.99,0,22.7,396.89,22.7,22.1,NA,Unknown,Water level accuracy is unknown,1,Department of Water Resources,NA,1,Department of Water Resources
22213,405078N1222375W001,771205,1960-05-24T00:00:00Z,419.59,418.99,0,20.7,398.89,20.7,20.1,NA,Unknown,Water level accuracy is unknown,1,Department of Water Resources,NA,1,Department of Water Resources
22213,405078N1222375W001,771204,1960-05-02T00:00:00Z,419.59,418.99,0,20.7,398.89,20.7,20.1,NA,Unknown,Water level accuracy is unknown,1,Department of Water Resources,NA,1,Department of Water Resources
22213,405078N1222375W001,771203,1960-03-29T00:00:00Z,419.59,418.99,0,19.9,399.69,19.9,19.3,NA,Unknown,Water level accuracy is unknown,1,Department of Water Resources,NA,1,Department of Water Resources
22213,405078N1222375W001,771202,1960-03-08T00:00:00Z,419.59,418.99,0,18.7,400.89,18.7,18.1,NA,Unknown,Water level accuracy is unknown,1,Department of Water Resources,NA,1,Department of Water Resources
22213,405078N1222375W001,771201,1960-01-26T00:00:00Z,419.59,418.99,0,21.2,398.39,21.2,20.6,NA,Unknown,Water level accuracy is unknown,1,Department of Water Resources,NA,1,Department of Water Resources
22213,405078N1222375W001,771200,1959-12-30T00:00:00Z,419.59,418.99,0,21.8,397.79,21.8,21.2,NA,Unknown,Water level accuracy is unknown,1,Department of Water Resources,NA,1,Department of Water Resources
22213,405078N1222375W001,771199,1959-11-30T00:00:00Z,419.59,418.99,0,22.3,397.29,22.3,21.7,NA,Unknown,Water level accuracy is unknown,1,Department of Water Resources,NA,1,Department of Water Resources
22213,405078N1222375W001,771198,1959-10-08T00:00:00Z,419.59,418.99,0,22.6,396.99,22.6,22,NA,Unknown,Water level accuracy is unknown,1,Department of Water Resources,NA,1,Department of Water Resources
22213,405078N1222375W001,771197,1959-09-03T00:00:00Z,419.59,418.99,0,22,397.59,22,21.4,NA,Unknown,Water level accuracy is unknown,1,Department of Water Resources,NA,1,Department of Water Resources
22213,405078N1222375W001,771196,1959-08-04T00:00:00Z,419.59,418.99,0,22.8,396.79,22.8,22.2,NA,Unknown,Water level accuracy is unknown,1,Department of Water Resources,NA,1,Department of Water Resources
22213,405078N1222375W001,771195,1959-07-02T00:00:00Z,419.59,418.99,0,22.7,396.89,22.7,22.1,NA,Unknown,Water level accuracy is unknown,1,Department of Water Resources,NA,1,Department of Water Resources
22213,405078N1222375W001,771194,1959-06-03T00:00:00Z,419.59,418.99,0,22,397.59,22,21.4,NA,Unknown,Water level accuracy is unknown,1,Department of Water Resources,NA,1,Department of Water Resources
22213,405078N1222375W001,771193,1959-05-05T00:00:00Z,419.59,418.99,0,21.2,398.39,21.2,20.6,NA,Unknown,Water level accuracy is unknown,1,Department of Water Resources,NA,1,Department of Water Resources
22213,405078N1222375W001,771192,1959-04-07T00:00:00Z,419.59,418.99,0,20.3,399.29,20.3,19.7,NA,Unknown,Water level accuracy is unknown,1,Department of Water Resources,NA,1,Department of Water Resources
22213,405078N1222375W001,771191,1959-03-04T00:00:00Z,419.59,418.99,0,20,399.59,20,19.4,NA,Unknown,Water level accuracy is unknown,1,Department of Water Resources,NA,1,Department of Water Resources
22213,405078N1222375W001,771190,1959-02-05T00:00:00Z,419.59,418.99,0,21,398.59,21,20.4,NA,Unknown,Water level accuracy is unknown,1,Department of Water Resources,NA,1,Department of Water Resources
22213,405078N1222375W001,771189,1959-01-15T00:00:00Z,419.59,418.99,0,18.9,400.69,18.9,18.3,NA,Unknown,Water level accuracy is unknown,1,Department of Water Resources,NA,1,Department of Water Resources
22213,405078N1222375W001,771188,1958-12-10T00:00:00Z,419.59,418.99,0,20.8,398.79,20.8,20.2,NA,Unknown,Water level accuracy is unknown,1,Department of Water Resources,NA,1,Department of Water Resources
22213,405078N1222375W001,771187,1958-11-07T00:00:00Z,419.59,418.99,0,21.1,398.49,21.1,20.5,NA,Unknown,Water level accuracy is unknown,1,Department of Water Resources,NA,1,Department of Water Resources
22213,405078N1222375W001,771186,1958-09-11T00:00:00Z,419.59,418.99,0,21.7,397.89,21.7,21.1,NA,Unknown,Water level accuracy is unknown,1,Department of Water Resources,NA,1,Department of Water Resources
22213,405078N1222375W001,771185,1958-04-10T00:00:00Z,419.59,418.99,0,17,402.59,17,16.4,Oil or foreign substance in casing,Unknown,Water level accuracy is unknown,1,Department of Water Resources,NA,1,Department of Water Resources
22213,405078N1222375W001,771184,1957-10-14T00:00:00Z,419.59,418.99,0,20.5,399.09,20.5,19.9,NA,Unknown,Water level accuracy is unknown,1,Department of Water Resources,NA,1,Department of Water Resources
22213,405078N1222375W001,771183,1957-04-09T00:00:00Z,419.59,418.99,0,21.6,397.99,21.6,21,NA,Unknown,Water level accuracy is unknown,1,Department of Water Resources,NA,1,Department of Water Resources
22213,405078N1222375W001,771182,1956-10-23T00:00:00Z,419.59,418.99,0,21.4,398.19,21.4,20.8,NA,Unknown,Water level accuracy is unknown,1,Department of Water Resources,NA,1,Department of Water Resources
22213,405078N1222375W001,771181,1956-04-05T00:00:00Z,419.59,418.99,0,19.2,400.39,19.2,18.6,NA,Unknown,Water level accuracy is unknown,1,Department of Water Resources,NA,1,Department of Water Resources
22213,405078N1222375W001,771180,1955-11-21T00:00:00Z,419.59,418.99,0,20.5,399.09,20.5,19.9,NA,Unknown,Water level accuracy is unknown,1,Department of Water Resources,NA,1,Department of Water Resources
22213,405078N1222375W001,771179,1955-11-15T00:00:00Z,419.59,418.99,0,21.4,398.19,21.4,20.8,NA,Unknown,Water level accuracy is unknown,1,Department of Water Resources,NA,1,Department of Water Resources
