STN_ID,SITE_CODE,WLM_ID,MSMT_DATE,WLM_RPE,WLM_GSE,RDNG_WS,RDNG_RP,WSE,RPE_WSE,GSE_WSE,WLM_QA_DESC,WLM_DESC,WLM_ACC_DESC,WLM_ORG_ID,WLM_ORG_NAME,MSMT_CMT,COOP_AGENCY_ORG_ID,COOP_ORG_NAME
22549,360936N1199499W001,2492354,2019-11-12T12:42:00Z,225.8,225.8,0,454.8,-229,454.8,454.8,Other,Acoustic or sonic sounder,Water level accuracy to nearest tenth of a foot,5100,Westlands Water District,Reading looks wrong,5100,Westlands Water District
22549,360936N1199499W001,2472138,2019-06-06T10:34:00Z,225.8,225.8,0,257,-31.2,257,257,NA,Acoustic or sonic sounder,Water level accuracy to nearest tenth of a foot,5100,Westlands Water District,NA,5100,Westlands Water District
22549,360936N1199499W001,2439125,2018-12-11T00:00:00Z,225.8,225.8,0,370.69,-144.89,370.69,370.69,NA,Acoustic or sonic sounder,Water level accuracy to nearest tenth of a foot,5100,Westlands Water District,NA,5100,Westlands Water District
22549,360936N1199499W001,2305459,2018-06-11T00:00:00Z,225.8,225.8,0,336.98,-111.18,336.98,336.98,NA,Acoustic or sonic sounder,Water level accuracy to nearest tenth of a foot,5100,Westlands Water District,NA,5100,Westlands Water District
22549,360936N1199499W001,2264060,2017-10-04T10:36:00Z,225.8,225.8,0,237.5,-11.7,237.5,237.5,NA,Acoustic or sonic sounder,Water level accuracy to nearest tenth of a foot,5100,Westlands Water District,NA,5100,Westlands Water District
22549,360936N1199499W001,2224012,2016-12-12T13:00:00Z,225.8,225.8,0,319,-93.2,319,319,NA,Acoustic or sonic sounder,Water level accuracy to nearest tenth of a foot,5100,Westlands Water District,NA,5100,Westlands Water District
22549,360936N1199499W001,2182136,2015-11-19T00:00:00Z,225.8,225.8,0,330,-104.2,330,330,NA,Acoustic or sonic sounder,Water level accuracy to nearest foot,5100,Westlands Water District,NA,5100,Westlands Water District
22549,360936N1199499W001,2115966,2015-01-23T11:45:00Z,225.8,225.8,0,299,-73.2,299,299,NA,Acoustic or sonic sounder,Water level accuracy to nearest foot,5100,Westlands Water District,NA,5100,Westlands Water District
22549,360936N1199499W001,1883285,2014-01-06T09:39:00Z,225.8,225.8,0,286,-60.2,286,286,NA,Acoustic or sonic sounder,Water level accuracy to nearest foot,5100,Westlands Water District,NA,5100,Westlands Water District
22549,360936N1199499W001,93091,2012-12-20T09:17:00Z,225.8,225.8,0,266,-40.2,266,266,NA,Acoustic or sonic sounder,Water level accuracy to nearest foot,5100,Westlands Water District,NA,5100,Westlands Water District
22549,360936N1199499W001,37231,2011-12-22T00:00:00Z,225.8,225.8,0,182,43.8,182,182,NA,Acoustic or sonic sounder,Water level accuracy to nearest foot,5100,Westlands Water District,NA,5100,Westlands Water District
22549,360936N1199499W001,2001769,2010-12-13T00:00:00Z,225.8,225.8,0,240,-14.2,240,240,NA,Acoustic or sonic sounder,Water level accuracy to nearest foot,5100,Westlands Water District,NA,5100,Westlands Water District
22549,360936N1199499W001,2001770,2009-12-10T00:00:00Z,225.8,225.8,0,296,-70.2,296,296,NA,Acoustic or sonic sounder,Water level accuracy to nearest foot,5100,Westlands Water District,NA,5100,Westlands Water District
22549,360936N1199499W001,2001771,2008-11-24T00:00:00Z,225.8,225.8,0,267,-41.2,267,267,NA,Acoustic or sonic sounder,Water level accuracy to nearest foot,5100,Westlands Water District,NA,5100,Westlands Water District
22549,360936N1199499W001,2182135,2007-12-17T00:00:00Z,225.8,225.8,0,252,-26.2,252,252,NA,Acoustic or sonic sounder,Water level accuracy to nearest foot,5100,Westlands Water District,NA,5100,Westlands Water District
22549,360936N1199499W001,2182137,2006-12-04T00:00:00Z,225.8,225.8,NA,NA,NA,NA,NA,Special/Other,NA,NA,5100,Westlands Water District,No access,5100,Westlands Water District
