STN_ID,SITE_CODE,WLM_ID,MSMT_DATE,WLM_RPE,WLM_GSE,RDNG_WS,RDNG_RP,WSE,RPE_WSE,GSE_WSE,WLM_QA_DESC,WLM_DESC,WLM_ACC_DESC,WLM_ORG_ID,WLM_ORG_NAME,MSMT_CMT,COOP_AGENCY_ORG_ID,COOP_ORG_NAME
22575,359464N1198949W001,819934,1979-01-16T00:00:00Z,224.97,222.97,NA,NA,NA,NA,NA,Well has been destroyed,NA,NA,1,Department of Water Resources,NA,1,Department of Water Resources
22575,359464N1198949W001,819933,1976-09-13T00:00:00Z,224.97,222.97,NA,NA,NA,NA,NA,Well has been destroyed,NA,NA,1,Department of Water Resources,NA,1,Department of Water Resources
22575,359464N1198949W001,819932,1976-06-07T00:00:00Z,224.97,222.97,NA,NA,NA,NA,NA,Well has been destroyed,NA,NA,1,Department of Water Resources,NA,1,Department of Water Resources
22575,359464N1198949W001,819931,1976-03-29T00:00:00Z,224.97,222.97,0,32.8,192.17,32.8,30.8,NA,Unknown,Water level accuracy is unknown,1,Department of Water Resources,NA,1,Department of Water Resources
22575,359464N1198949W001,819930,1976-01-05T00:00:00Z,224.97,222.97,0,33.6,191.37,33.6,31.6,NA,Unknown,Water level accuracy is unknown,1,Department of Water Resources,NA,1,Department of Water Resources
22575,359464N1198949W001,819929,1975-09-02T00:00:00Z,224.97,222.97,0,33.7,191.27,33.7,31.7,NA,Unknown,Water level accuracy is unknown,1,Department of Water Resources,NA,1,Department of Water Resources
22575,359464N1198949W001,819928,1975-06-02T00:00:00Z,224.97,222.97,0,34,190.97,34,32,NA,Unknown,Water level accuracy is unknown,1,Department of Water Resources,NA,1,Department of Water Resources
22575,359464N1198949W001,819927,1975-03-17T00:00:00Z,224.97,222.97,NA,NA,NA,NA,NA,Temporarily inaccessible,NA,NA,1,Department of Water Resources,NA,1,Department of Water Resources
22575,359464N1198949W001,819926,1974-11-18T00:00:00Z,224.97,222.97,0,34.8,190.17,34.8,32.8,NA,Unknown,Water level accuracy is unknown,1,Department of Water Resources,NA,1,Department of Water Resources
22575,359464N1198949W001,819925,1974-08-26T00:00:00Z,224.97,222.97,0,35,189.97,35,33,NA,Unknown,Water level accuracy is unknown,1,Department of Water Resources,NA,1,Department of Water Resources
22575,359464N1198949W001,819924,1974-05-20T00:00:00Z,224.97,222.97,0,35.4,189.57,35.4,33.4,NA,Unknown,Water level accuracy is unknown,1,Department of Water Resources,NA,1,Department of Water Resources
22575,359464N1198949W001,819923,1974-02-19T00:00:00Z,224.97,222.97,NA,NA,NA,NA,NA,Temporarily inaccessible,NA,NA,1,Department of Water Resources,NA,1,Department of Water Resources
22575,359464N1198949W001,819922,1973-10-29T00:00:00Z,224.97,222.97,0,36,188.97,36,34,NA,Unknown,Water level accuracy is unknown,1,Department of Water Resources,NA,1,Department of Water Resources
22575,359464N1198949W001,819921,1973-07-23T00:00:00Z,224.97,222.97,NA,NA,NA,NA,NA,Tape hung up,NA,NA,1,Department of Water Resources,NA,1,Department of Water Resources
22575,359464N1198949W001,819920,1973-04-16T00:00:00Z,224.97,222.97,NA,NA,NA,NA,NA,Temporarily inaccessible,NA,NA,1,Department of Water Resources,NA,1,Department of Water Resources
22575,359464N1198949W001,819919,1973-01-19T00:00:00Z,224.97,222.97,NA,NA,NA,NA,NA,Temporarily inaccessible,NA,NA,1,Department of Water Resources,NA,1,Department of Water Resources
22575,359464N1198949W001,819918,1972-10-30T00:00:00Z,224.97,222.97,NA,NA,NA,NA,NA,Tape hung up,NA,NA,1,Department of Water Resources,NA,1,Department of Water Resources
22575,359464N1198949W001,819917,1972-08-21T00:00:00Z,224.97,222.97,NA,NA,NA,NA,NA,Can't get tape in casing,NA,NA,1,Department of Water Resources,NA,1,Department of Water Resources
22575,359464N1198949W001,819916,1972-04-17T00:00:00Z,224.97,222.97,NA,NA,NA,NA,NA,Can't get tape in casing,NA,NA,1,Department of Water Resources,NA,1,Department of Water Resources
22575,359464N1198949W001,819915,1972-01-17T00:00:00Z,224.97,222.97,NA,NA,NA,NA,NA,Can't get tape in casing,NA,NA,1,Department of Water Resources,NA,1,Department of Water Resources
22575,359464N1198949W001,819914,1971-10-18T00:00:00Z,224.97,222.97,NA,NA,NA,NA,NA,Temporarily inaccessible,NA,NA,1,Department of Water Resources,NA,1,Department of Water Resources
22575,359464N1198949W001,819913,1964-12-14T00:00:00Z,224.97,222.97,0,36,188.97,36,34,NA,Unknown,Water level accuracy is unknown,1,Department of Water Resources,NA,1,Department of Water Resources
22575,359464N1198949W001,819912,1961-03-07T00:00:00Z,224.97,222.97,NA,NA,NA,NA,NA,Pump house locked,NA,NA,1,Department of Water Resources,NA,1,Department of Water Resources
