STN_ID,SITE_CODE,WLM_ID,MSMT_DATE,WLM_RPE,WLM_GSE,RDNG_WS,RDNG_RP,WSE,RPE_WSE,GSE_WSE,WLM_QA_DESC,WLM_DESC,WLM_ACC_DESC,WLM_ORG_ID,WLM_ORG_NAME,MSMT_CMT,COOP_AGENCY_ORG_ID,COOP_ORG_NAME
2269,381981N1210663W001,1809769,2013-10-04T12:00:00Z,151.9,150,0,160.7,-8.8,160.7,158.8,NA,Electric sounder measurement,Water level accuracy to nearest foot,5022,San Joaquin County Flood Control and Water Conservation District,NA,5022,San Joaquin County Flood Control and Water Conservation District
2269,381981N1210663W001,1817553,2013-03-28T12:00:00Z,151.9,150,0,155,-3.1,155,153.1,NA,Electric sounder measurement,Water level accuracy to nearest foot,5022,San Joaquin County Flood Control and Water Conservation District,NA,5022,San Joaquin County Flood Control and Water Conservation District
2269,381981N1210663W001,89431,2012-11-06T12:00:00Z,151.9,150,20.5,180,-7.6,159.5,157.6,NA,Steel tape measurement,Water level accuracy to nearest tenth of a foot,5022,San Joaquin County Flood Control and Water Conservation District,NA,5022,San Joaquin County Flood Control and Water Conservation District
2269,381981N1210663W001,57292,2012-03-07T12:00:00Z,151.9,150,0,153,-1.1,153,151.1,NA,Electric sounder measurement,Water level accuracy to nearest tenth of a foot,5022,San Joaquin County Flood Control and Water Conservation District,NA,5022,San Joaquin County Flood Control and Water Conservation District
2269,381981N1210663W001,31102,2011-11-08T00:00:00Z,151.9,150,0,155.4,-3.5,155.4,153.5,NA,Electric sounder measurement,Water level accuracy to nearest tenth of a foot,5022,San Joaquin County Flood Control and Water Conservation District,NA,5022,San Joaquin County Flood Control and Water Conservation District
2269,381981N1210663W001,2439581,2010-03-19T00:00:00Z,154.23,152.33,0,152,2.23,152,150.1,NA,Unknown,Water level accuracy is unknown,1,Department of Water Resources,NA,5022,San Joaquin County Flood Control and Water Conservation District
2269,381981N1210663W001,2439582,2009-10-20T00:00:00Z,154.23,152.33,0,156,-1.77,156,154.1,NA,Unknown,Water level accuracy is unknown,1,Department of Water Resources,NA,5022,San Joaquin County Flood Control and Water Conservation District
2269,381981N1210663W001,2439567,2009-03-27T00:00:00Z,154.23,152.33,0,151,3.23,151,149.1,NA,Unknown,Water level accuracy is unknown,1,Department of Water Resources,NA,5022,San Joaquin County Flood Control and Water Conservation District
2269,381981N1210663W001,2439580,2008-10-30T00:00:00Z,154.23,152.33,0,155,-0.77,155,153.1,NA,Unknown,Water level accuracy is unknown,1,Department of Water Resources,NA,5022,San Joaquin County Flood Control and Water Conservation District
2269,381981N1210663W001,2439570,2008-03-13T00:00:00Z,154.23,152.33,0,149,5.23,149,147.1,NA,Unknown,Water level accuracy is unknown,1,Department of Water Resources,NA,5022,San Joaquin County Flood Control and Water Conservation District
2269,381981N1210663W001,2439574,2007-10-17T00:00:00Z,154.23,152.33,0,152.8,1.43,152.8,150.9,NA,Unknown,Water level accuracy is unknown,1,Department of Water Resources,NA,5022,San Joaquin County Flood Control and Water Conservation District
2269,381981N1210663W001,2439573,2007-03-16T00:00:00Z,154.23,152.33,0,164.7,-10.47,164.7,162.8,NA,Unknown,Water level accuracy is unknown,1,Department of Water Resources,NA,5022,San Joaquin County Flood Control and Water Conservation District
2269,381981N1210663W001,2439575,2006-10-09T00:00:00Z,154.23,152.33,0,151.5,2.73,151.5,149.6,NA,Unknown,Water level accuracy is unknown,1,Department of Water Resources,NA,5022,San Joaquin County Flood Control and Water Conservation District
2269,381981N1210663W001,2439571,2006-03-15T00:00:00Z,154.23,152.33,NA,NA,NA,NA,NA,Temporarily inaccessible,NA,NA,1,Department of Water Resources,NA,5022,San Joaquin County Flood Control and Water Conservation District
2269,381981N1210663W001,2439577,2005-10-17T00:00:00Z,154.23,152.33,0,151.8,2.43,151.8,149.9,NA,Unknown,Water level accuracy is unknown,1,Department of Water Resources,NA,5022,San Joaquin County Flood Control and Water Conservation District
2269,381981N1210663W001,2439576,2005-03-16T00:00:00Z,154.23,152.33,0,146.5,7.73,146.5,144.6,NA,Unknown,Water level accuracy is unknown,1,Department of Water Resources,NA,5022,San Joaquin County Flood Control and Water Conservation District
2269,381981N1210663W001,2439578,2004-10-07T00:00:00Z,154.23,152.33,0,151,3.23,151,149.1,NA,Unknown,Water level accuracy is unknown,1,Department of Water Resources,NA,5022,San Joaquin County Flood Control and Water Conservation District
2269,381981N1210663W001,2439579,2004-03-10T00:00:00Z,154.23,152.33,0,145,9.23,145,143.1,NA,Unknown,Water level accuracy is unknown,1,Department of Water Resources,NA,5022,San Joaquin County Flood Control and Water Conservation District
2269,381981N1210663W001,2439572,2003-10-14T00:00:00Z,154.23,152.33,0,149.3,4.93,149.3,147.4,NA,Unknown,Water level accuracy is unknown,1,Department of Water Resources,NA,5022,San Joaquin County Flood Control and Water Conservation District
2269,381981N1210663W001,2439488,2003-03-04T00:00:00Z,154.23,152.33,0,144.3,9.93,144.3,142.4,NA,Unknown,Water level accuracy is unknown,1,Department of Water Resources,NA,5022,San Joaquin County Flood Control and Water Conservation District
2269,381981N1210663W001,2439487,2002-10-10T00:00:00Z,154.23,152.33,0,148.3,5.93,148.3,146.4,NA,Unknown,Water level accuracy is unknown,1,Department of Water Resources,NA,5022,San Joaquin County Flood Control and Water Conservation District
2269,381981N1210663W001,2439486,2002-03-21T00:00:00Z,154.23,152.33,0,142.7,11.53,142.7,140.8,NA,Unknown,Water level accuracy is unknown,1,Department of Water Resources,NA,5022,San Joaquin County Flood Control and Water Conservation District
2269,381981N1210663W001,2439492,2001-10-18T00:00:00Z,154.23,152.33,0,146,8.23,146,144.1,NA,Unknown,Water level accuracy is unknown,1,Department of Water Resources,NA,5022,San Joaquin County Flood Control and Water Conservation District
2269,381981N1210663W001,2439491,2001-03-23T00:00:00Z,154.23,152.33,0,141.6,12.63,141.6,139.7,NA,Unknown,Water level accuracy is unknown,1,Department of Water Resources,NA,5022,San Joaquin County Flood Control and Water Conservation District
2269,381981N1210663W001,2439569,2000-10-06T00:00:00Z,154.23,152.33,0,145.8,8.43,145.8,143.9,NA,Unknown,Water level accuracy is unknown,1,Department of Water Resources,NA,5022,San Joaquin County Flood Control and Water Conservation District
2269,381981N1210663W001,2439568,2000-03-24T00:00:00Z,154.23,152.33,0,140.8,13.43,140.8,138.9,NA,Unknown,Water level accuracy is unknown,1,Department of Water Resources,NA,5022,San Joaquin County Flood Control and Water Conservation District
2269,381981N1210663W001,2439493,1997-09-30T00:00:00Z,154.23,152.33,0,148,6.23,148,146.1,NA,Unknown,Water level accuracy is unknown,1,Department of Water Resources,NA,5022,San Joaquin County Flood Control and Water Conservation District
2269,381981N1210663W001,2439489,1997-03-25T00:00:00Z,154.23,152.33,0,140,14.23,140,138.1,NA,Unknown,Water level accuracy is unknown,1,Department of Water Resources,NA,5022,San Joaquin County Flood Control and Water Conservation District
2269,381981N1210663W001,2439490,1996-10-11T00:00:00Z,154.23,152.33,0,143,11.23,143,141.1,NA,Unknown,Water level accuracy is unknown,1,Department of Water Resources,NA,5022,San Joaquin County Flood Control and Water Conservation District
2269,381981N1210663W001,2439515,1996-03-18T00:00:00Z,154.23,152.33,0,132,22.23,132,130.1,NA,Unknown,Water level accuracy is unknown,1,Department of Water Resources,NA,5022,San Joaquin County Flood Control and Water Conservation District
2269,381981N1210663W001,2439516,1995-10-06T00:00:00Z,154.23,152.33,0,141,13.23,141,139.1,NA,Unknown,Water level accuracy is unknown,1,Department of Water Resources,NA,5022,San Joaquin County Flood Control and Water Conservation District
2269,381981N1210663W001,2439517,1995-03-17T00:00:00Z,154.23,152.33,0,135,19.23,135,133.1,NA,Unknown,Water level accuracy is unknown,1,Department of Water Resources,NA,5022,San Joaquin County Flood Control and Water Conservation District
2269,381981N1210663W001,2439518,1994-10-13T00:00:00Z,154.23,152.33,0,139,15.23,139,137.1,NA,Unknown,Water level accuracy is unknown,1,Department of Water Resources,NA,5022,San Joaquin County Flood Control and Water Conservation District
2269,381981N1210663W001,2439519,1994-03-08T00:00:00Z,154.23,152.33,0,137,17.23,137,135.1,NA,Unknown,Water level accuracy is unknown,1,Department of Water Resources,NA,5022,San Joaquin County Flood Control and Water Conservation District
2269,381981N1210663W001,2439530,1993-10-11T00:00:00Z,154.23,152.33,0,140,14.23,140,138.1,NA,Unknown,Water level accuracy is unknown,1,Department of Water Resources,NA,5022,San Joaquin County Flood Control and Water Conservation District
2269,381981N1210663W001,2439521,1993-03-15T00:00:00Z,154.23,152.33,0,137,17.23,137,135.1,NA,Unknown,Water level accuracy is unknown,1,Department of Water Resources,NA,5022,San Joaquin County Flood Control and Water Conservation District
2269,381981N1210663W001,2439540,1992-10-13T00:00:00Z,154.23,152.33,0,142,12.23,142,140.1,NA,Unknown,Water level accuracy is unknown,1,Department of Water Resources,NA,5022,San Joaquin County Flood Control and Water Conservation District
2269,381981N1210663W001,2439531,1992-03-16T00:00:00Z,154.23,152.33,0,134,20.23,134,132.1,NA,Unknown,Water level accuracy is unknown,1,Department of Water Resources,NA,5022,San Joaquin County Flood Control and Water Conservation District
2269,381981N1210663W001,2439544,1991-10-25T00:00:00Z,154.23,152.33,0,138,16.23,138,136.1,NA,Unknown,Water level accuracy is unknown,1,Department of Water Resources,NA,5022,San Joaquin County Flood Control and Water Conservation District
2269,381981N1210663W001,2439542,1991-03-11T00:00:00Z,154.23,152.33,0,134,20.23,134,132.1,NA,Unknown,Water level accuracy is unknown,1,Department of Water Resources,NA,5022,San Joaquin County Flood Control and Water Conservation District
2269,381981N1210663W001,2439546,1990-10-16T00:00:00Z,154.23,152.33,0,133,21.23,133,131.1,NA,Unknown,Water level accuracy is unknown,1,Department of Water Resources,NA,5022,San Joaquin County Flood Control and Water Conservation District
2269,381981N1210663W001,2439538,1990-03-22T00:00:00Z,154.23,152.33,0,134,20.23,134,132.1,NA,Unknown,Water level accuracy is unknown,1,Department of Water Resources,NA,5022,San Joaquin County Flood Control and Water Conservation District
2269,381981N1210663W001,2439545,1989-10-13T00:00:00Z,154.23,152.33,0,137,17.23,137,135.1,NA,Unknown,Water level accuracy is unknown,1,Department of Water Resources,NA,5022,San Joaquin County Flood Control and Water Conservation District
2269,381981N1210663W001,2439543,1989-03-22T00:00:00Z,154.23,152.33,0,130,24.23,130,128.1,NA,Unknown,Water level accuracy is unknown,1,Department of Water Resources,NA,5022,San Joaquin County Flood Control and Water Conservation District
2269,381981N1210663W001,2439512,1988-10-13T00:00:00Z,153.93,152.33,0,137,16.93,137,135.4,NA,Unknown,Water level accuracy is unknown,1,Department of Water Resources,NA,5022,San Joaquin County Flood Control and Water Conservation District
2269,381981N1210663W001,2439523,1988-03-10T00:00:00Z,153.93,152.33,0,130,23.93,130,128.4,NA,Unknown,Water level accuracy is unknown,1,Department of Water Resources,NA,5022,San Joaquin County Flood Control and Water Conservation District
2269,381981N1210663W001,2439524,1987-10-28T00:00:00Z,153.93,152.33,0,132,21.93,132,130.4,NA,Unknown,Water level accuracy is unknown,1,Department of Water Resources,NA,5022,San Joaquin County Flood Control and Water Conservation District
2269,381981N1210663W001,2439525,1987-04-02T00:00:00Z,153.93,152.33,0,127,26.93,127,125.4,Pumped recently,Unknown,Water level accuracy is unknown,1,Department of Water Resources,NA,5022,San Joaquin County Flood Control and Water Conservation District
2269,381981N1210663W001,2439526,1986-10-06T00:00:00Z,153.93,152.33,0,129,24.93,129,127.4,Pumped recently,Unknown,Water level accuracy is unknown,1,Department of Water Resources,NA,5022,San Joaquin County Flood Control and Water Conservation District
2269,381981N1210663W001,2439505,1986-04-08T00:00:00Z,153.93,152.33,0,128,25.93,128,126.4,NA,Unknown,Water level accuracy is unknown,1,Department of Water Resources,NA,5022,San Joaquin County Flood Control and Water Conservation District
2269,381981N1210663W001,2439527,1985-10-02T00:00:00Z,153.93,152.33,NA,NA,NA,NA,NA,Pumping,NA,NA,1,Department of Water Resources,NA,5022,San Joaquin County Flood Control and Water Conservation District
2269,381981N1210663W001,2439520,1985-03-12T00:00:00Z,153.93,152.33,0,127.5,26.43,127.5,125.9,NA,Unknown,Water level accuracy is unknown,1,Department of Water Resources,NA,5022,San Joaquin County Flood Control and Water Conservation District
2269,381981N1210663W001,2439528,1984-10-15T00:00:00Z,153.93,152.33,0,132,21.93,132,130.4,NA,Unknown,Water level accuracy is unknown,1,Department of Water Resources,NA,5022,San Joaquin County Flood Control and Water Conservation District
2269,381981N1210663W001,2439529,1984-03-12T00:00:00Z,153.93,152.33,0,127,26.93,127,125.4,NA,Unknown,Water level accuracy is unknown,1,Department of Water Resources,NA,5022,San Joaquin County Flood Control and Water Conservation District
2269,381981N1210663W001,2439522,1983-10-12T00:00:00Z,153.93,152.33,0,124,29.93,124,122.4,NA,Unknown,Water level accuracy is unknown,1,Department of Water Resources,NA,5022,San Joaquin County Flood Control and Water Conservation District
2269,381981N1210663W001,2439503,1983-03-21T00:00:00Z,153.93,152.33,0,127.5,26.43,127.5,125.9,NA,Unknown,Water level accuracy is unknown,1,Department of Water Resources,NA,5022,San Joaquin County Flood Control and Water Conservation District
2269,381981N1210663W001,2439496,1982-10-01T00:00:00Z,153.93,152.33,0,131,22.93,131,129.4,NA,Unknown,Water level accuracy is unknown,1,Department of Water Resources,NA,5022,San Joaquin County Flood Control and Water Conservation District
2269,381981N1210663W001,2439501,1982-05-05T00:00:00Z,153.93,152.33,0,130,23.93,130,128.4,NA,Unknown,Water level accuracy is unknown,1,Department of Water Resources,NA,5022,San Joaquin County Flood Control and Water Conservation District
2269,381981N1210663W001,2439497,1981-10-14T00:00:00Z,153.93,152.33,0,132.5,21.43,132.5,130.9,NA,Unknown,Water level accuracy is unknown,1,Department of Water Resources,NA,5022,San Joaquin County Flood Control and Water Conservation District
2269,381981N1210663W001,2439498,1981-03-23T00:00:00Z,153.93,152.33,0,128,25.93,128,126.4,NA,Unknown,Water level accuracy is unknown,1,Department of Water Resources,NA,5022,San Joaquin County Flood Control and Water Conservation District
2269,381981N1210663W001,2439499,1980-10-02T00:00:00Z,153.93,152.33,0,136,17.93,136,134.4,NA,Unknown,Water level accuracy is unknown,1,Department of Water Resources,NA,5022,San Joaquin County Flood Control and Water Conservation District
2269,381981N1210663W001,2439500,1980-03-17T00:00:00Z,153.93,152.33,0,131.5,22.43,131.5,129.9,NA,Unknown,Water level accuracy is unknown,1,Department of Water Resources,NA,5022,San Joaquin County Flood Control and Water Conservation District
2269,381981N1210663W001,2439495,1979-10-11T00:00:00Z,153.93,152.33,0,133,20.93,133,131.4,NA,Unknown,Water level accuracy is unknown,1,Department of Water Resources,NA,5022,San Joaquin County Flood Control and Water Conservation District
2269,381981N1210663W001,2439502,1979-03-20T00:00:00Z,153.93,152.33,0,126,27.93,126,124.4,NA,Unknown,Water level accuracy is unknown,1,Department of Water Resources,NA,5022,San Joaquin County Flood Control and Water Conservation District
2269,381981N1210663W001,2439511,1978-10-11T00:00:00Z,153.93,152.33,0,134,19.93,134,132.4,NA,Unknown,Water level accuracy is unknown,1,Department of Water Resources,NA,5022,San Joaquin County Flood Control and Water Conservation District
2269,381981N1210663W001,2439504,1978-03-20T00:00:00Z,153.93,152.33,0,130,23.93,130,128.4,NA,Unknown,Water level accuracy is unknown,1,Department of Water Resources,NA,5022,San Joaquin County Flood Control and Water Conservation District
2269,381981N1210663W001,2439494,1977-10-03T00:00:00Z,153.93,152.33,0,135,18.93,135,133.4,NA,Unknown,Water level accuracy is unknown,1,Department of Water Resources,NA,5022,San Joaquin County Flood Control and Water Conservation District
2269,381981N1210663W001,2439506,1977-03-04T00:00:00Z,153.93,152.33,0,134,19.93,134,132.4,NA,Unknown,Water level accuracy is unknown,1,Department of Water Resources,NA,5022,San Joaquin County Flood Control and Water Conservation District
2269,381981N1210663W001,2439507,1976-10-12T00:00:00Z,153.93,152.33,0,129,24.93,129,127.4,NA,Unknown,Water level accuracy is unknown,1,Department of Water Resources,NA,5022,San Joaquin County Flood Control and Water Conservation District
2269,381981N1210663W001,2439508,1976-03-11T00:00:00Z,153.93,152.33,0,121,32.93,121,119.4,NA,Unknown,Water level accuracy is unknown,1,Department of Water Resources,NA,5022,San Joaquin County Flood Control and Water Conservation District
2269,381981N1210663W001,2439509,1975-10-23T00:00:00Z,153.93,152.33,0,130.5,23.43,130.5,128.9,NA,Unknown,Water level accuracy is unknown,1,Department of Water Resources,NA,5022,San Joaquin County Flood Control and Water Conservation District
2269,381981N1210663W001,2439510,1975-03-31T00:00:00Z,153.93,152.33,NA,NA,NA,NA,NA,Pumping,NA,NA,1,Department of Water Resources,NA,5022,San Joaquin County Flood Control and Water Conservation District
2269,381981N1210663W001,2439513,1974-09-30T00:00:00Z,153.93,152.33,0,126,27.93,126,124.4,NA,Unknown,Water level accuracy is unknown,1,Department of Water Resources,NA,5022,San Joaquin County Flood Control and Water Conservation District
2269,381981N1210663W001,2439547,1974-03-14T00:00:00Z,153.93,152.33,0,118,35.93,118,116.4,NA,Unknown,Water level accuracy is unknown,1,Department of Water Resources,NA,5022,San Joaquin County Flood Control and Water Conservation District
2269,381981N1210663W001,2439551,1973-10-01T00:00:00Z,153.93,152.33,0,122.5,31.43,122.5,120.9,NA,Unknown,Water level accuracy is unknown,1,Department of Water Resources,NA,5022,San Joaquin County Flood Control and Water Conservation District
2269,381981N1210663W001,2439553,1973-03-20T00:00:00Z,153.93,152.33,0,119,34.93,119,117.4,NA,Unknown,Water level accuracy is unknown,1,Department of Water Resources,NA,5022,San Joaquin County Flood Control and Water Conservation District
2269,381981N1210663W001,2439550,1972-10-05T00:00:00Z,153.93,152.33,0,120.2,33.73,120.2,118.6,NA,Unknown,Water level accuracy is unknown,1,Department of Water Resources,NA,5022,San Joaquin County Flood Control and Water Conservation District
2269,381981N1210663W001,2439555,1972-03-14T00:00:00Z,153.93,152.33,0,118,35.93,118,116.4,NA,Unknown,Water level accuracy is unknown,1,Department of Water Resources,NA,5022,San Joaquin County Flood Control and Water Conservation District
2269,381981N1210663W001,2439556,1971-10-18T00:00:00Z,153.93,152.33,0,118.4,35.53,118.4,116.8,NA,Unknown,Water level accuracy is unknown,1,Department of Water Resources,NA,5022,San Joaquin County Flood Control and Water Conservation District
2269,381981N1210663W001,2439548,1971-03-11T00:00:00Z,153.93,152.33,NA,NA,NA,NA,NA,Pumping,NA,NA,1,Department of Water Resources,NA,5022,San Joaquin County Flood Control and Water Conservation District
2269,381981N1210663W001,2439557,1970-10-19T00:00:00Z,153.93,152.33,0,117.8,36.13,117.8,116.2,NA,Unknown,Water level accuracy is unknown,1,Department of Water Resources,NA,5022,San Joaquin County Flood Control and Water Conservation District
2269,381981N1210663W001,2439514,1970-03-20T00:00:00Z,153.93,152.33,0,112,41.93,112,110.4,NA,Unknown,Water level accuracy is unknown,1,Department of Water Resources,NA,5022,San Joaquin County Flood Control and Water Conservation District
2269,381981N1210663W001,2439558,1969-10-24T00:00:00Z,153.93,152.33,0,114.5,39.43,114.5,112.9,NA,Unknown,Water level accuracy is unknown,1,Department of Water Resources,NA,5022,San Joaquin County Flood Control and Water Conservation District
2269,381981N1210663W001,2439565,1969-04-08T00:00:00Z,153.93,152.33,0,112,41.93,112,110.4,NA,Unknown,Water level accuracy is unknown,1,Department of Water Resources,NA,5022,San Joaquin County Flood Control and Water Conservation District
2269,381981N1210663W001,2439564,1968-10-11T00:00:00Z,153.93,152.33,0,114.5,39.43,114.5,112.9,NA,Unknown,Water level accuracy is unknown,1,Department of Water Resources,NA,5022,San Joaquin County Flood Control and Water Conservation District
2269,381981N1210663W001,2439563,1968-03-20T00:00:00Z,153.93,152.33,0,113,40.93,113,111.4,NA,Unknown,Water level accuracy is unknown,1,Department of Water Resources,NA,5022,San Joaquin County Flood Control and Water Conservation District
2269,381981N1210663W001,2439562,1967-10-24T00:00:00Z,153.93,152.33,0,115,38.93,115,113.4,NA,Unknown,Water level accuracy is unknown,1,Department of Water Resources,NA,5022,San Joaquin County Flood Control and Water Conservation District
2269,381981N1210663W001,2439559,1967-03-09T00:00:00Z,153.93,152.33,0,110.3,43.63,110.3,108.7,NA,Unknown,Water level accuracy is unknown,1,Department of Water Resources,NA,5022,San Joaquin County Flood Control and Water Conservation District
2269,381981N1210663W001,2439561,1966-10-06T00:00:00Z,153.93,152.33,0,114.7,39.23,114.7,113.1,NA,Unknown,Water level accuracy is unknown,1,Department of Water Resources,NA,5022,San Joaquin County Flood Control and Water Conservation District
2269,381981N1210663W001,2439566,1966-03-11T00:00:00Z,153.93,152.33,0,108,45.93,108,106.4,NA,Unknown,Water level accuracy is unknown,1,Department of Water Resources,NA,5022,San Joaquin County Flood Control and Water Conservation District
2269,381981N1210663W001,2439560,1965-10-21T00:00:00Z,153.93,152.33,0,111.8,42.13,111.8,110.2,Pumped recently,Unknown,Water level accuracy is unknown,1,Department of Water Resources,NA,5022,San Joaquin County Flood Control and Water Conservation District
2269,381981N1210663W001,2439554,1965-03-16T00:00:00Z,153.93,152.33,0,107.5,46.43,107.5,105.9,NA,Unknown,Water level accuracy is unknown,1,Department of Water Resources,NA,5022,San Joaquin County Flood Control and Water Conservation District
2269,381981N1210663W001,2439539,1964-10-12T00:00:00Z,153.93,152.33,0,114,39.93,114,112.4,Pumped recently,Unknown,Water level accuracy is unknown,1,Department of Water Resources,NA,5022,San Joaquin County Flood Control and Water Conservation District
2269,381981N1210663W001,2439532,1964-03-19T00:00:00Z,153.93,152.33,NA,NA,NA,NA,NA,Pumping,NA,NA,1,Department of Water Resources,NA,5022,San Joaquin County Flood Control and Water Conservation District
2269,381981N1210663W001,2439533,1963-10-22T00:00:00Z,153.93,152.33,0,107,46.93,107,105.4,NA,Unknown,Water level accuracy is unknown,1,Department of Water Resources,NA,5022,San Joaquin County Flood Control and Water Conservation District
2269,381981N1210663W001,2439534,1963-03-22T00:00:00Z,153.93,152.33,0,104,49.93,104,102.4,NA,Unknown,Water level accuracy is unknown,1,Department of Water Resources,NA,5022,San Joaquin County Flood Control and Water Conservation District
2269,381981N1210663W001,2439535,1962-10-10T00:00:00Z,153.93,152.33,0,108,45.93,108,106.4,NA,Unknown,Water level accuracy is unknown,1,Department of Water Resources,NA,5022,San Joaquin County Flood Control and Water Conservation District
2269,381981N1210663W001,2439536,1962-03-09T00:00:00Z,153.93,152.33,0,102.5,51.43,102.5,100.9,NA,Unknown,Water level accuracy is unknown,1,Department of Water Resources,NA,5022,San Joaquin County Flood Control and Water Conservation District
2269,381981N1210663W001,2439537,1961-10-09T00:00:00Z,153.93,152.33,NA,NA,NA,NA,NA,Pumping,NA,NA,1,Department of Water Resources,NA,5022,San Joaquin County Flood Control and Water Conservation District
2269,381981N1210663W001,2439541,1961-03-07T00:00:00Z,153.93,152.33,0,108.9,45.03,108.9,107.3,NA,Unknown,Water level accuracy is unknown,1,Department of Water Resources,NA,5022,San Joaquin County Flood Control and Water Conservation District
2269,381981N1210663W001,2439549,1960-10-11T00:00:00Z,153.93,152.33,NA,NA,NA,NA,NA,Pumping,NA,NA,1,Department of Water Resources,NA,5022,San Joaquin County Flood Control and Water Conservation District
2269,381981N1210663W001,2439552,1960-03-08T00:00:00Z,153.93,152.33,0,98.8,55.13,98.8,97.2,NA,Unknown,Water level accuracy is unknown,1,Department of Water Resources,NA,5022,San Joaquin County Flood Control and Water Conservation District
