STN_ID,SITE_CODE,WLM_ID,MSMT_DATE,WLM_RPE,WLM_GSE,RDNG_WS,RDNG_RP,WSE,RPE_WSE,GSE_WSE,WLM_QA_DESC,WLM_DESC,WLM_ACC_DESC,WLM_ORG_ID,WLM_ORG_NAME,MSMT_CMT,COOP_AGENCY_ORG_ID,COOP_ORG_NAME
22777,357597N1190993W001,863891,1990-10-04T00:00:00Z,549.72,549.72,NA,NA,NA,NA,NA,Well has been destroyed,NA,NA,1,Department of Water Resources,NA,1,Department of Water Resources
22777,357597N1190993W001,863890,1990-01-30T00:00:00Z,549.72,549.72,NA,NA,NA,NA,NA,Measurement Discontinued,NA,NA,1,Department of Water Resources,NA,1,Department of Water Resources
22777,357597N1190993W001,863889,1990-01-25T00:00:00Z,549.72,549.72,0,417,132.72,417,417,Acoustical sounder,Unknown,Water level accuracy is unknown,1,Department of Water Resources,NA,1,Department of Water Resources
22777,357597N1190993W001,863888,1989-10-05T00:00:00Z,549.72,549.72,0,440,109.72,440,440,Acoustical sounder,Unknown,Water level accuracy is unknown,1,Department of Water Resources,NA,1,Department of Water Resources
22777,357597N1190993W001,863887,1989-02-22T00:00:00Z,549.72,549.72,NA,NA,NA,NA,NA,Special/Other,NA,NA,1,Department of Water Resources,NA,1,Department of Water Resources
22777,357597N1190993W001,863886,1989-01-27T00:00:00Z,549.72,549.72,0,422,127.72,422,422,Acoustical sounder,Unknown,Water level accuracy is unknown,1,Department of Water Resources,NA,1,Department of Water Resources
22777,357597N1190993W001,863885,1988-10-07T00:00:00Z,549.72,549.72,0,451,98.72,451,451,Acoustical sounder,Unknown,Water level accuracy is unknown,1,Department of Water Resources,NA,1,Department of Water Resources
22777,357597N1190993W001,863884,1988-10-03T00:00:00Z,549.72,549.72,NA,NA,NA,NA,NA,Special/Other,NA,NA,1,Department of Water Resources,NA,1,Department of Water Resources
22777,357597N1190993W001,863883,1988-02-11T00:00:00Z,549.72,549.72,NA,NA,NA,NA,NA,Special/Other,NA,NA,1,Department of Water Resources,NA,1,Department of Water Resources
22777,357597N1190993W001,863882,1988-01-29T00:00:00Z,549.72,549.72,0,422,127.72,422,422,Acoustical sounder,Unknown,Water level accuracy is unknown,1,Department of Water Resources,NA,1,Department of Water Resources
22777,357597N1190993W001,863881,1987-10-05T00:00:00Z,549.72,549.72,NA,NA,NA,NA,NA,Special/Other,NA,NA,1,Department of Water Resources,NA,1,Department of Water Resources
22777,357597N1190993W001,863880,1987-02-06T00:00:00Z,549.72,549.72,NA,NA,NA,NA,NA,Special/Other,NA,NA,1,Department of Water Resources,NA,1,Department of Water Resources
22777,357597N1190993W001,863879,1986-10-08T00:00:00Z,549.72,549.72,NA,NA,NA,NA,NA,Special/Other,NA,NA,1,Department of Water Resources,NA,624,Bureau of Reclamation
22777,357597N1190993W001,863878,1986-02-06T00:00:00Z,549.72,549.72,NA,NA,NA,NA,NA,Special/Other,NA,NA,1,Department of Water Resources,NA,624,Bureau of Reclamation
22777,357597N1190993W001,863877,1985-10-04T00:00:00Z,549.72,549.72,0,475,74.72,475,475,NA,Unknown,Water level accuracy is unknown,1,Department of Water Resources,NA,624,Bureau of Reclamation
22777,357597N1190993W001,863876,1985-02-01T00:00:00Z,549.72,549.72,0,449,100.72,449,449,Acoustical sounder,Unknown,Water level accuracy is unknown,1,Department of Water Resources,NA,1,Department of Water Resources
22777,357597N1190993W001,863875,1984-10-01T00:00:00Z,549.72,549.72,NA,NA,NA,NA,NA,Special/Other,NA,NA,1,Department of Water Resources,NA,624,Bureau of Reclamation
22777,357597N1190993W001,863874,1984-02-02T00:00:00Z,549.72,549.72,0,441,108.72,441,441,Acoustical sounder,Unknown,Water level accuracy is unknown,1,Department of Water Resources,NA,624,Bureau of Reclamation
22777,357597N1190993W001,863873,1983-09-26T00:00:00Z,549.72,549.72,NA,NA,NA,NA,NA,Special/Other,NA,NA,1,Department of Water Resources,NA,624,Bureau of Reclamation
22777,357597N1190993W001,863872,1983-02-17T00:00:00Z,549.72,549.72,0,441,108.72,441,441,Acoustical sounder,Unknown,Water level accuracy is unknown,1,Department of Water Resources,NA,1,Department of Water Resources
22777,357597N1190993W001,863871,1982-09-30T00:00:00Z,549.72,549.72,0,489,60.72,489,489,NA,Unknown,Water level accuracy is unknown,1,Department of Water Resources,NA,1,Department of Water Resources
22777,357597N1190993W001,863870,1982-01-29T00:00:00Z,549.72,549.72,0,462,87.72,462,462,NA,Unknown,Water level accuracy is unknown,1,Department of Water Resources,NA,624,Bureau of Reclamation
22777,357597N1190993W001,863869,1981-09-21T00:00:00Z,549.72,549.72,0,511,38.72,511,511,NA,Unknown,Water level accuracy is unknown,1,Department of Water Resources,NA,624,Bureau of Reclamation
22777,357597N1190993W001,863868,1981-01-26T00:00:00Z,549.72,549.72,0,471,78.72,471,471,NA,Unknown,Water level accuracy is unknown,1,Department of Water Resources,NA,1110,RAG GULCH WATER DISTRICT
22777,357597N1190993W001,863867,1980-09-22T00:00:00Z,549.72,549.72,0,509,40.72,509,509,NA,Unknown,Water level accuracy is unknown,1,Department of Water Resources,NA,1110,RAG GULCH WATER DISTRICT
22777,357597N1190993W001,863866,1980-02-20T00:00:00Z,549.72,549.72,NA,NA,NA,NA,NA,Measurement Discontinued,NA,NA,1,Department of Water Resources,NA,1110,RAG GULCH WATER DISTRICT
22777,357597N1190993W001,863865,1979-10-02T00:00:00Z,549.72,549.72,NA,NA,NA,NA,NA,Special/Other,NA,NA,1,Department of Water Resources,NA,1110,RAG GULCH WATER DISTRICT
22777,357597N1190993W001,863864,1979-02-07T00:00:00Z,549.72,549.72,0,519,30.72,519,519,NA,Unknown,Water level accuracy is unknown,1,Department of Water Resources,NA,1110,RAG GULCH WATER DISTRICT
22777,357597N1190993W001,863863,1978-10-19T00:00:00Z,549.72,549.72,0,542,7.72,542,542,Air or pressure gauge measurement,Unknown,Water level accuracy is unknown,1,Department of Water Resources,NA,1110,RAG GULCH WATER DISTRICT
22777,357597N1190993W001,863862,1978-03-01T00:00:00Z,549.72,549.72,0,526,23.72,526,526,Air or pressure gauge measurement,Unknown,Water level accuracy is unknown,1,Department of Water Resources,NA,1110,RAG GULCH WATER DISTRICT
22777,357597N1190993W001,863861,1977-11-16T00:00:00Z,549.72,549.72,0,574,-24.28,574,574,Air or pressure gauge measurement,Unknown,Water level accuracy is unknown,1,Department of Water Resources,NA,1110,RAG GULCH WATER DISTRICT
22777,357597N1190993W001,863860,1976-10-01T00:00:00Z,549.72,549.72,NA,NA,NA,NA,NA,Special/Other,NA,NA,1,Department of Water Resources,NA,1110,RAG GULCH WATER DISTRICT
22777,357597N1190993W001,863859,1976-02-02T00:00:00Z,549.72,549.72,NA,NA,NA,NA,NA,Special/Other,NA,NA,1,Department of Water Resources,NA,1110,RAG GULCH WATER DISTRICT
22777,357597N1190993W001,863858,1975-10-04T00:00:00Z,549.72,549.72,NA,NA,NA,NA,NA,Pumping,NA,NA,1,Department of Water Resources,NA,1110,RAG GULCH WATER DISTRICT
22777,357597N1190993W001,863857,1975-02-15T00:00:00Z,549.72,549.72,0,470,79.72,470,470,NA,Unknown,Water level accuracy is unknown,1,Department of Water Resources,NA,1110,RAG GULCH WATER DISTRICT
22777,357597N1190993W001,863856,1974-10-01T00:00:00Z,549.72,549.72,NA,NA,NA,NA,NA,Special/Other,NA,NA,1,Department of Water Resources,NA,1110,RAG GULCH WATER DISTRICT
22777,357597N1190993W001,863855,1974-02-09T00:00:00Z,549.72,549.72,NA,NA,NA,NA,NA,Pumping,NA,NA,1,Department of Water Resources,NA,1110,RAG GULCH WATER DISTRICT
22777,357597N1190993W001,863854,1973-10-02T00:00:00Z,549.72,549.72,0,544,5.72,544,544,NA,Unknown,Water level accuracy is unknown,1,Department of Water Resources,NA,1110,RAG GULCH WATER DISTRICT
22777,357597N1190993W001,863853,1973-02-03T00:00:00Z,549.72,549.72,0,473,76.72,473,473,NA,Unknown,Water level accuracy is unknown,1,Department of Water Resources,NA,1110,RAG GULCH WATER DISTRICT
22777,357597N1190993W001,863852,1972-09-30T00:00:00Z,549.72,549.72,0,500,49.72,500,500,NA,Unknown,Water level accuracy is unknown,1,Department of Water Resources,NA,1110,RAG GULCH WATER DISTRICT
22777,357597N1190993W001,863851,1972-01-24T00:00:00Z,549.72,549.72,0,482,67.72,482,482,NA,Unknown,Water level accuracy is unknown,1,Department of Water Resources,NA,1110,RAG GULCH WATER DISTRICT
22777,357597N1190993W001,863850,1970-09-29T00:00:00Z,549.72,549.72,0,543,6.72,543,543,NA,Unknown,Water level accuracy is unknown,1,Department of Water Resources,NA,1110,RAG GULCH WATER DISTRICT
22777,357597N1190993W001,863849,1970-01-28T00:00:00Z,549.72,549.72,0,431,118.72,431,431,NA,Unknown,Water level accuracy is unknown,1,Department of Water Resources,NA,624,Bureau of Reclamation
22777,357597N1190993W001,863848,1969-09-27T00:00:00Z,549.72,549.72,0,485,64.72,485,485,NA,Unknown,Water level accuracy is unknown,1,Department of Water Resources,NA,624,Bureau of Reclamation
22777,357597N1190993W001,863847,1969-02-03T00:00:00Z,549.72,549.72,0,435,114.72,435,435,NA,Unknown,Water level accuracy is unknown,1,Department of Water Resources,NA,624,Bureau of Reclamation
22777,357597N1190993W001,863846,1968-09-27T00:00:00Z,549.72,549.72,0,508,41.72,508,508,NA,Unknown,Water level accuracy is unknown,1,Department of Water Resources,NA,624,Bureau of Reclamation
22777,357597N1190993W001,863845,1968-02-03T00:00:00Z,549.72,549.72,0,417,132.72,417,417,NA,Unknown,Water level accuracy is unknown,1,Department of Water Resources,NA,624,Bureau of Reclamation
22777,357597N1190993W001,863844,1967-10-02T00:00:00Z,549.72,549.72,0,469,80.72,469,469,NA,Unknown,Water level accuracy is unknown,1,Department of Water Resources,NA,624,Bureau of Reclamation
22777,357597N1190993W001,863843,1967-01-30T00:00:00Z,549.72,549.72,0,421,128.72,421,421,NA,Unknown,Water level accuracy is unknown,1,Department of Water Resources,NA,5195,Delano Earlimart ID
22777,357597N1190993W001,863842,1966-09-28T00:00:00Z,549.72,549.72,0,506,43.72,506,506,NA,Unknown,Water level accuracy is unknown,1,Department of Water Resources,NA,5195,Delano Earlimart ID
22777,357597N1190993W001,863841,1966-01-25T00:00:00Z,549.72,549.72,NA,NA,NA,NA,NA,Special/Other,NA,NA,1,Department of Water Resources,NA,5195,Delano Earlimart ID
22777,357597N1190993W001,863840,1965-02-06T00:00:00Z,549.72,549.72,0,390,159.72,390,390,NA,Unknown,Water level accuracy is unknown,1,Department of Water Resources,NA,5195,Delano Earlimart ID
22777,357597N1190993W001,863839,1964-10-02T00:00:00Z,549.72,549.72,0,495,54.72,495,495,NA,Unknown,Water level accuracy is unknown,1,Department of Water Resources,NA,5195,Delano Earlimart ID
22777,357597N1190993W001,863838,1964-01-25T00:00:00Z,549.72,549.72,0,395,154.72,395,395,NA,Unknown,Water level accuracy is unknown,1,Department of Water Resources,NA,5195,Delano Earlimart ID
22777,357597N1190993W001,863837,1963-09-19T00:00:00Z,549.72,549.72,0,477,72.72,477,477,NA,Unknown,Water level accuracy is unknown,1,Department of Water Resources,NA,624,Bureau of Reclamation
22777,357597N1190993W001,863836,1963-02-01T00:00:00Z,549.72,549.72,0,409.5,140.22,409.5,409.5,NA,Unknown,Water level accuracy is unknown,1,Department of Water Resources,NA,624,Bureau of Reclamation
22777,357597N1190993W001,863835,1962-10-05T00:00:00Z,549.72,549.72,0,448,101.72,448,448,NA,Unknown,Water level accuracy is unknown,1,Department of Water Resources,NA,624,Bureau of Reclamation
22777,357597N1190993W001,863834,1962-02-05T00:00:00Z,549.72,549.72,0,379.5,170.22,379.5,379.5,NA,Unknown,Water level accuracy is unknown,1,Department of Water Resources,NA,624,Bureau of Reclamation
22777,357597N1190993W001,863833,1961-10-10T00:00:00Z,549.72,549.72,0,459.1,90.62,459.1,459.1,NA,Unknown,Water level accuracy is unknown,1,Department of Water Resources,NA,624,Bureau of Reclamation
22777,357597N1190993W001,863832,1961-02-08T00:00:00Z,549.72,549.72,0,376,173.72,376,376,NA,Unknown,Water level accuracy is unknown,1,Department of Water Resources,NA,624,Bureau of Reclamation
22777,357597N1190993W001,863831,1960-10-07T00:00:00Z,549.72,549.72,0,431,118.72,431,431,NA,Unknown,Water level accuracy is unknown,1,Department of Water Resources,NA,624,Bureau of Reclamation
22777,357597N1190993W001,863830,1960-02-11T00:00:00Z,549.72,549.72,0,385,164.72,385,385,NA,Unknown,Water level accuracy is unknown,1,Department of Water Resources,NA,1,Department of Water Resources
22777,357597N1190993W001,863829,1959-10-05T00:00:00Z,549.72,549.72,0,413,136.72,413,413,NA,Unknown,Water level accuracy is unknown,1,Department of Water Resources,NA,1,Department of Water Resources
22777,357597N1190993W001,863828,1955-10-01T00:00:00Z,549.72,549.72,0,319,230.72,319,319,NA,Unknown,Water level accuracy is unknown,1,Department of Water Resources,NA,1,Department of Water Resources
