STN_ID,SITE_CODE,WLM_ID,MSMT_DATE,WLM_RPE,WLM_GSE,RDNG_WS,RDNG_RP,WSE,RPE_WSE,GSE_WSE,WLM_QA_DESC,WLM_DESC,WLM_ACC_DESC,WLM_ORG_ID,WLM_ORG_NAME,MSMT_CMT,COOP_AGENCY_ORG_ID,COOP_ORG_NAME
2282,344408N1178335W001,1524516,1962-03-20T00:00:00Z,3848.2,3848.2,0,60.4,3787.8,60.4,60.4,Other,Unknown,Water level accuracy is unknown,1,Department of Water Resources,NA,5167,United States Geological Survey
2282,344408N1178335W001,1524515,1962-02-27T00:00:00Z,3848.2,3848.2,0,62.8,3785.4,62.8,62.8,Other,Unknown,Water level accuracy is unknown,1,Department of Water Resources,NA,5167,United States Geological Survey
2282,344408N1178335W001,1524514,1962-01-29T00:00:00Z,3848.2,3848.2,0,63.4,3784.8,63.4,63.4,Other,Unknown,Water level accuracy is unknown,1,Department of Water Resources,NA,5167,United States Geological Survey
2282,344408N1178335W001,1524513,1961-11-16T00:00:00Z,3848.2,3848.2,0,79.8,3768.4,79.8,79.8,Other,Unknown,Water level accuracy is unknown,1,Department of Water Resources,NA,5167,United States Geological Survey
2282,344408N1178335W001,1524512,1961-10-24T00:00:00Z,3848.2,3848.2,0,121.3,3726.9,121.3,121.3,Other,Unknown,Water level accuracy is unknown,1,Department of Water Resources,NA,5167,United States Geological Survey
2282,344408N1178335W001,1524511,1961-09-26T00:00:00Z,3848.2,3848.2,0,86,3762.2,86,86,Other,Unknown,Water level accuracy is unknown,1,Department of Water Resources,NA,5167,United States Geological Survey
2282,344408N1178335W001,1524510,1961-08-22T00:00:00Z,3848.2,3848.2,0,88,3760.2,88,88,Pumping,Unknown,Water level accuracy is unknown,1,Department of Water Resources,NA,5167,United States Geological Survey
2282,344408N1178335W001,1524509,1961-07-26T00:00:00Z,3848.2,3848.2,0,73.4,3774.8,73.4,73.4,Other,Unknown,Water level accuracy is unknown,1,Department of Water Resources,NA,5167,United States Geological Survey
2282,344408N1178335W001,1524508,1961-06-21T00:00:00Z,3848.2,3848.2,0,87,3761.2,87,87,Pumping,Unknown,Water level accuracy is unknown,1,Department of Water Resources,NA,5167,United States Geological Survey
2282,344408N1178335W001,1524507,1961-05-23T00:00:00Z,3848.2,3848.2,0,81.5,3766.7,81.5,81.5,Pumping,Unknown,Water level accuracy is unknown,1,Department of Water Resources,NA,5167,United States Geological Survey
2282,344408N1178335W001,1524506,1961-04-25T00:00:00Z,3848.2,3848.2,0,69.6,3778.6,69.6,69.6,Other,Unknown,Water level accuracy is unknown,1,Department of Water Resources,NA,5167,United States Geological Survey
2282,344408N1178335W001,1524505,1961-03-21T00:00:00Z,3848.2,3848.2,0,65.8,3782.4,65.8,65.8,Other,Unknown,Water level accuracy is unknown,1,Department of Water Resources,NA,5167,United States Geological Survey
2282,344408N1178335W001,1524504,1961-03-01T00:00:00Z,3848.2,3848.2,0,69.9,3778.3,69.9,69.9,Other,Unknown,Water level accuracy is unknown,1,Department of Water Resources,NA,5167,United States Geological Survey
2282,344408N1178335W001,1524503,1961-02-21T00:00:00Z,3848.2,3848.2,0,68.2,3780,68.2,68.2,Other,Unknown,Water level accuracy is unknown,1,Department of Water Resources,NA,5167,United States Geological Survey
2282,344408N1178335W001,1524502,1961-01-23T00:00:00Z,3848.2,3848.2,0,67.2,3781,67.2,67.2,Other,Unknown,Water level accuracy is unknown,1,Department of Water Resources,NA,5167,United States Geological Survey
2282,344408N1178335W001,1524501,1960-12-20T00:00:00Z,3848.2,3848.2,0,65.9,3782.3,65.9,65.9,Other,Unknown,Water level accuracy is unknown,1,Department of Water Resources,NA,5167,United States Geological Survey
2282,344408N1178335W001,1524500,1960-11-23T00:00:00Z,3848.2,3848.2,0,109,3739.2,109,109,Pumping,Unknown,Water level accuracy is unknown,1,Department of Water Resources,NA,5167,United States Geological Survey
2282,344408N1178335W001,1524499,1960-10-25T00:00:00Z,3848.2,3848.2,0,111,3737.2,111,111,Pumping,Unknown,Water level accuracy is unknown,1,Department of Water Resources,NA,5167,United States Geological Survey
2282,344408N1178335W001,1524498,1960-09-27T00:00:00Z,3848.2,3848.2,0,113,3735.2,113,113,Pumping,Unknown,Water level accuracy is unknown,1,Department of Water Resources,NA,5167,United States Geological Survey
2282,344408N1178335W001,1524497,1960-08-23T00:00:00Z,3848.2,3848.2,0,112,3736.2,112,112,Pumping,Unknown,Water level accuracy is unknown,1,Department of Water Resources,NA,5167,United States Geological Survey
2282,344408N1178335W001,1524496,1960-07-26T00:00:00Z,3848.2,3848.2,0,112,3736.2,112,112,Pumping,Unknown,Water level accuracy is unknown,1,Department of Water Resources,NA,5167,United States Geological Survey
2282,344408N1178335W001,1524495,1960-06-29T00:00:00Z,3848.2,3848.2,0,77.6,3770.6,77.6,77.6,Pumping,Unknown,Water level accuracy is unknown,1,Department of Water Resources,NA,5167,United States Geological Survey
2282,344408N1178335W001,1524494,1960-05-24T00:00:00Z,3848.2,3848.2,0,68.8,3779.4,68.8,68.8,Other,Unknown,Water level accuracy is unknown,1,Department of Water Resources,NA,5167,United States Geological Survey
2282,344408N1178335W001,1524493,1960-04-19T00:00:00Z,3848.2,3848.2,0,68.5,3779.7,68.5,68.5,Other,Unknown,Water level accuracy is unknown,1,Department of Water Resources,NA,5167,United States Geological Survey
2282,344408N1178335W001,1524492,1960-03-22T00:00:00Z,3848.2,3848.2,0,66.5,3781.7,66.5,66.5,Other,Unknown,Water level accuracy is unknown,1,Department of Water Resources,NA,5167,United States Geological Survey
2282,344408N1178335W001,1524491,1960-02-23T00:00:00Z,3848.2,3848.2,0,65.6,3782.6,65.6,65.6,Other,Unknown,Water level accuracy is unknown,1,Department of Water Resources,NA,5167,United States Geological Survey
2282,344408N1178335W001,1524490,1960-01-25T00:00:00Z,3848.2,3848.2,0,65.7,3782.5,65.7,65.7,Other,Unknown,Water level accuracy is unknown,1,Department of Water Resources,NA,5167,United States Geological Survey
2282,344408N1178335W001,1524489,1959-12-14T00:00:00Z,3848.2,3848.2,0,70,3778.2,70,70,Other,Unknown,Water level accuracy is unknown,1,Department of Water Resources,NA,5167,United States Geological Survey
2282,344408N1178335W001,1524488,1959-11-24T00:00:00Z,3848.2,3848.2,0,70.2,3778,70.2,70.2,Other,Unknown,Water level accuracy is unknown,1,Department of Water Resources,NA,5167,United States Geological Survey
2282,344408N1178335W001,1524487,1959-09-30T00:00:00Z,3848.2,3848.2,0,72.3,3775.9,72.3,72.3,Other,Unknown,Water level accuracy is unknown,1,Department of Water Resources,NA,5167,United States Geological Survey
2282,344408N1178335W001,1524486,1959-08-24T00:00:00Z,3848.2,3848.2,0,79.5,3768.7,79.5,79.5,Other,Unknown,Water level accuracy is unknown,1,Department of Water Resources,NA,5167,United States Geological Survey
2282,344408N1178335W001,1524485,1959-08-19T00:00:00Z,3848.2,3848.2,0,72.2,3776,72.2,72.2,Other,Unknown,Water level accuracy is unknown,1,Department of Water Resources,NA,5167,United States Geological Survey
2282,344408N1178335W001,1524484,1959-08-05T00:00:00Z,3848.2,3848.2,0,71,3777.2,71,71,Other,Unknown,Water level accuracy is unknown,1,Department of Water Resources,NA,5167,United States Geological Survey
2282,344408N1178335W001,1524483,1959-07-21T00:00:00Z,3848.2,3848.2,0,91.3,3756.9,91.3,91.3,Pumping,Unknown,Water level accuracy is unknown,1,Department of Water Resources,NA,5167,United States Geological Survey
2282,344408N1178335W001,1524482,1959-06-16T00:00:00Z,3848.2,3848.2,0,67.6,3780.6,67.6,67.6,Other,Unknown,Water level accuracy is unknown,1,Department of Water Resources,NA,5167,United States Geological Survey
2282,344408N1178335W001,1524481,1959-05-26T00:00:00Z,3848.2,3848.2,0,64.4,3783.8,64.4,64.4,Other,Unknown,Water level accuracy is unknown,1,Department of Water Resources,NA,5167,United States Geological Survey
2282,344408N1178335W001,1524480,1959-04-28T00:00:00Z,3848.2,3848.2,0,63.6,3784.6,63.6,63.6,Other,Unknown,Water level accuracy is unknown,1,Department of Water Resources,NA,5167,United States Geological Survey
2282,344408N1178335W001,1524479,1959-04-22T00:00:00Z,3848.2,3848.2,0,62.1,3786.1,62.1,62.1,Other,Unknown,Water level accuracy is unknown,1,Department of Water Resources,NA,5167,United States Geological Survey
2282,344408N1178335W001,1524478,1959-03-24T00:00:00Z,3848.2,3848.2,0,62.5,3785.7,62.5,62.5,Other,Unknown,Water level accuracy is unknown,1,Department of Water Resources,NA,5167,United States Geological Survey
2282,344408N1178335W001,1524477,1959-02-24T00:00:00Z,3848.2,3848.2,0,64.3,3783.9,64.3,64.3,Other,Unknown,Water level accuracy is unknown,1,Department of Water Resources,NA,5167,United States Geological Survey
2282,344408N1178335W001,1524476,1959-01-27T00:00:00Z,3848.2,3848.2,0,64,3784.2,64,64,Other,Unknown,Water level accuracy is unknown,1,Department of Water Resources,NA,5167,United States Geological Survey
2282,344408N1178335W001,1524475,1958-12-16T00:00:00Z,3848.2,3848.2,0,63.3,3784.9,63.3,63.3,Other,Unknown,Water level accuracy is unknown,1,Department of Water Resources,NA,5167,United States Geological Survey
2282,344408N1178335W001,1524474,1958-11-17T00:00:00Z,3848.2,3848.2,0,64.9,3783.3,64.9,64.9,Other,Unknown,Water level accuracy is unknown,1,Department of Water Resources,NA,5167,United States Geological Survey
2282,344408N1178335W001,1524473,1958-10-22T00:00:00Z,3848.2,3848.2,0,64.5,3783.7,64.5,64.5,Other,Unknown,Water level accuracy is unknown,1,Department of Water Resources,NA,5167,United States Geological Survey
2282,344408N1178335W001,1524472,1958-10-01T00:00:00Z,3848.2,3848.2,0,64,3784.2,64,64,Other,Unknown,Water level accuracy is unknown,1,Department of Water Resources,NA,5167,United States Geological Survey
2282,344408N1178335W001,1524471,1958-09-17T00:00:00Z,3848.2,3848.2,0,65,3783.2,65,65,Other,Unknown,Water level accuracy is unknown,1,Department of Water Resources,NA,5167,United States Geological Survey
2282,344408N1178335W001,1524470,1958-08-26T00:00:00Z,3848.2,3848.2,0,64,3784.2,64,64,Other,Unknown,Water level accuracy is unknown,1,Department of Water Resources,NA,5167,United States Geological Survey
2282,344408N1178335W001,1524469,1958-08-13T00:00:00Z,3848.2,3848.2,0,64.3,3783.9,64.3,64.3,Other,Unknown,Water level accuracy is unknown,1,Department of Water Resources,NA,5167,United States Geological Survey
2282,344408N1178335W001,1524468,1958-07-29T00:00:00Z,3848.2,3848.2,0,64.1,3784.1,64.1,64.1,Other,Unknown,Water level accuracy is unknown,1,Department of Water Resources,NA,5167,United States Geological Survey
2282,344408N1178335W001,1524467,1958-07-16T00:00:00Z,3848.2,3848.2,0,63.2,3785,63.2,63.2,Other,Unknown,Water level accuracy is unknown,1,Department of Water Resources,NA,5167,United States Geological Survey
2282,344408N1178335W001,1524466,1958-06-24T00:00:00Z,3848.2,3848.2,0,64.6,3783.6,64.6,64.6,Other,Unknown,Water level accuracy is unknown,1,Department of Water Resources,NA,5167,United States Geological Survey
2282,344408N1178335W001,1524465,1958-05-20T00:00:00Z,3848.2,3848.2,0,72.1,3776.1,72.1,72.1,Other,Unknown,Water level accuracy is unknown,1,Department of Water Resources,NA,5167,United States Geological Survey
2282,344408N1178335W001,1524464,1958-04-22T00:00:00Z,3848.2,3848.2,0,69,3779.2,69,69,Other,Unknown,Water level accuracy is unknown,1,Department of Water Resources,NA,5167,United States Geological Survey
2282,344408N1178335W001,1524463,1958-03-31T00:00:00Z,3848.2,3848.2,0,59.5,3788.7,59.5,59.5,Other,Unknown,Water level accuracy is unknown,1,Department of Water Resources,NA,5167,United States Geological Survey
2282,344408N1178335W001,1524462,1958-02-26T00:00:00Z,3848.2,3848.2,0,57.9,3790.3,57.9,57.9,Other,Unknown,Water level accuracy is unknown,1,Department of Water Resources,NA,5167,United States Geological Survey
2282,344408N1178335W001,1524461,1958-01-28T00:00:00Z,3848.2,3848.2,0,60.1,3788.1,60.1,60.1,Other,Unknown,Water level accuracy is unknown,1,Department of Water Resources,NA,5167,United States Geological Survey
2282,344408N1178335W001,1524460,1958-01-06T00:00:00Z,3848.2,3848.2,0,59.5,3788.7,59.5,59.5,Other,Unknown,Water level accuracy is unknown,1,Department of Water Resources,NA,5167,United States Geological Survey
2282,344408N1178335W001,1524459,1957-12-02T00:00:00Z,3848.2,3848.2,0,65.7,3782.5,65.7,65.7,Other,Unknown,Water level accuracy is unknown,1,Department of Water Resources,NA,5167,United States Geological Survey
2282,344408N1178335W001,1524458,1957-10-28T00:00:00Z,3848.2,3848.2,0,67.63,3780.57,67.63,67.63,Other,Unknown,Water level accuracy is unknown,1,Department of Water Resources,NA,5167,United States Geological Survey
2282,344408N1178335W001,1524457,1957-09-24T00:00:00Z,3848.2,3848.2,0,88,3760.2,88,88,Pumping,Unknown,Water level accuracy is unknown,1,Department of Water Resources,NA,5167,United States Geological Survey
2282,344408N1178335W001,1524456,1957-08-28T00:00:00Z,3848.2,3848.2,0,88.2,3760,88.2,88.2,Pumping,Unknown,Water level accuracy is unknown,1,Department of Water Resources,NA,5167,United States Geological Survey
2282,344408N1178335W001,1524455,1957-08-21T00:00:00Z,3848.2,3848.2,0,89,3759.2,89,89,Pumping,Unknown,Water level accuracy is unknown,1,Department of Water Resources,NA,5167,United States Geological Survey
2282,344408N1178335W001,1524454,1957-08-13T00:00:00Z,3848.2,3848.2,0,88,3760.2,88,88,Pumping,Unknown,Water level accuracy is unknown,1,Department of Water Resources,NA,5167,United States Geological Survey
2282,344408N1178335W001,1524453,1957-07-16T00:00:00Z,3848.2,3848.2,0,84.4,3763.8,84.4,84.4,Pumping,Unknown,Water level accuracy is unknown,1,Department of Water Resources,NA,5167,United States Geological Survey
2282,344408N1178335W001,1524452,1957-06-18T00:00:00Z,3848.2,3848.2,0,65.5,3782.7,65.5,65.5,Other,Unknown,Water level accuracy is unknown,1,Department of Water Resources,NA,5167,United States Geological Survey
2282,344408N1178335W001,1524451,1957-05-27T00:00:00Z,3848.2,3848.2,0,64.85,3783.35,64.85,64.85,Other,Unknown,Water level accuracy is unknown,1,Department of Water Resources,NA,5167,United States Geological Survey
2282,344408N1178335W001,1524450,1957-04-22T00:00:00Z,3848.2,3848.2,0,65.3,3782.9,65.3,65.3,Other,Unknown,Water level accuracy is unknown,1,Department of Water Resources,NA,5167,United States Geological Survey
2282,344408N1178335W001,1524449,1957-04-09T00:00:00Z,3848.2,3848.2,0,64.3,3783.9,64.3,64.3,Other,Unknown,Water level accuracy is unknown,1,Department of Water Resources,NA,5167,United States Geological Survey
2282,344408N1178335W001,1524448,1957-03-26T00:00:00Z,3848.2,3848.2,0,62.9,3785.3,62.9,62.9,Other,Unknown,Water level accuracy is unknown,1,Department of Water Resources,NA,5167,United States Geological Survey
2282,344408N1178335W001,1524447,1957-03-05T00:00:00Z,3848.2,3848.2,0,61.9,3786.3,61.9,61.9,Other,Unknown,Water level accuracy is unknown,1,Department of Water Resources,NA,5167,United States Geological Survey
2282,344408N1178335W001,1524446,1957-02-18T00:00:00Z,3848.2,3848.2,0,62.4,3785.8,62.4,62.4,Other,Unknown,Water level accuracy is unknown,1,Department of Water Resources,NA,5167,United States Geological Survey
2282,344408N1178335W001,1524445,1957-01-22T00:00:00Z,3848.2,3848.2,0,65.5,3782.7,65.5,65.5,Other,Unknown,Water level accuracy is unknown,1,Department of Water Resources,NA,5167,United States Geological Survey
2282,344408N1178335W001,1524444,1956-12-19T00:00:00Z,3848.2,3848.2,0,68.2,3780,68.2,68.2,Pumping,Unknown,Water level accuracy is unknown,1,Department of Water Resources,NA,5167,United States Geological Survey
2282,344408N1178335W001,1524443,1956-11-20T00:00:00Z,3848.2,3848.2,0,87.1,3761.1,87.1,87.1,Pumping,Unknown,Water level accuracy is unknown,1,Department of Water Resources,NA,5167,United States Geological Survey
2282,344408N1178335W001,1524442,1956-10-16T00:00:00Z,3848.2,3848.2,0,88,3760.2,88,88,Pumping,Unknown,Water level accuracy is unknown,1,Department of Water Resources,NA,5167,United States Geological Survey
2282,344408N1178335W001,1524441,1956-09-18T00:00:00Z,3848.2,3848.2,0,89.1,3759.1,89.1,89.1,Pumping,Unknown,Water level accuracy is unknown,1,Department of Water Resources,NA,5167,United States Geological Survey
2282,344408N1178335W001,1524440,1956-08-21T00:00:00Z,3848.2,3848.2,0,88.6,3759.6,88.6,88.6,Pumping,Unknown,Water level accuracy is unknown,1,Department of Water Resources,NA,5167,United States Geological Survey
2282,344408N1178335W001,1524439,1956-07-23T00:00:00Z,3848.2,3848.2,0,65.8,3782.4,65.8,65.8,Other,Unknown,Water level accuracy is unknown,1,Department of Water Resources,NA,5167,United States Geological Survey
2282,344408N1178335W001,1524438,1956-06-12T00:00:00Z,3848.2,3848.2,0,62.3,3785.9,62.3,62.3,Other,Unknown,Water level accuracy is unknown,1,Department of Water Resources,NA,5167,United States Geological Survey
2282,344408N1178335W001,1524437,1956-05-23T00:00:00Z,3848.2,3848.2,0,64.7,3783.5,64.7,64.7,Other,Unknown,Water level accuracy is unknown,1,Department of Water Resources,NA,5167,United States Geological Survey
2282,344408N1178335W001,1524436,1956-04-24T00:00:00Z,3848.2,3848.2,0,65.65,3782.55,65.65,65.65,Other,Unknown,Water level accuracy is unknown,1,Department of Water Resources,NA,5167,United States Geological Survey
2282,344408N1178335W001,1524435,1956-03-19T00:00:00Z,3848.2,3848.2,0,65.1,3783.1,65.1,65.1,Other,Unknown,Water level accuracy is unknown,1,Department of Water Resources,NA,5167,United States Geological Survey
2282,344408N1178335W001,1524434,1956-02-20T00:00:00Z,3848.2,3848.2,0,63.2,3785,63.2,63.2,Other,Unknown,Water level accuracy is unknown,1,Department of Water Resources,NA,5167,United States Geological Survey
2282,344408N1178335W001,1524433,1956-01-17T00:00:00Z,3848.2,3848.2,0,70.1,3778.1,70.1,70.1,Other,Unknown,Water level accuracy is unknown,1,Department of Water Resources,NA,5167,United States Geological Survey
2282,344408N1178335W001,1524432,1955-12-20T00:00:00Z,3848.2,3848.2,0,72.55,3775.65,72.55,72.55,Other,Unknown,Water level accuracy is unknown,1,Department of Water Resources,NA,5167,United States Geological Survey
2282,344408N1178335W001,1524431,1955-11-30T00:00:00Z,3848.2,3848.2,0,69.8,3778.4,69.8,69.8,Other,Unknown,Water level accuracy is unknown,1,Department of Water Resources,NA,5167,United States Geological Survey
2282,344408N1178335W001,1524430,1955-11-01T00:00:00Z,3848.2,3848.2,0,71.5,3776.7,71.5,71.5,Pumping,Unknown,Water level accuracy is unknown,1,Department of Water Resources,NA,5167,United States Geological Survey
2282,344408N1178335W001,1524429,1955-09-21T00:00:00Z,3848.2,3848.2,0,70.9,3777.3,70.9,70.9,Pumping,Unknown,Water level accuracy is unknown,1,Department of Water Resources,NA,5167,United States Geological Survey
2282,344408N1178335W001,1524428,1955-08-24T00:00:00Z,3848.2,3848.2,0,66.85,3781.35,66.85,66.85,Other,Unknown,Water level accuracy is unknown,1,Department of Water Resources,NA,5167,United States Geological Survey
2282,344408N1178335W001,1524427,1955-07-26T00:00:00Z,3848.2,3848.2,0,64.5,3783.7,64.5,64.5,Other,Unknown,Water level accuracy is unknown,1,Department of Water Resources,NA,5167,United States Geological Survey
2282,344408N1178335W001,1524426,1955-06-15T00:00:00Z,3848.2,3848.2,0,64.4,3783.8,64.4,64.4,Other,Unknown,Water level accuracy is unknown,1,Department of Water Resources,NA,5167,United States Geological Survey
2282,344408N1178335W001,1524425,1955-05-09T00:00:00Z,3848.2,3848.2,0,65.9,3782.3,65.9,65.9,Other,Unknown,Water level accuracy is unknown,1,Department of Water Resources,NA,5167,United States Geological Survey
2282,344408N1178335W001,1524424,1955-04-11T00:00:00Z,3848.2,3848.2,0,75.7,3772.5,75.7,75.7,NA,Unknown,Water level accuracy is unknown,1,Department of Water Resources,NA,5167,United States Geological Survey
2282,344408N1178335W001,1524423,1955-03-21T00:00:00Z,3848.2,3848.2,0,76.2,3772,76.2,76.2,NA,Unknown,Water level accuracy is unknown,1,Department of Water Resources,NA,5167,United States Geological Survey
2282,344408N1178335W001,1524422,1951-01-01T00:00:00Z,3848.2,3848.2,0,78.3,3769.9,78.3,78.3,NA,Unknown,Water level accuracy is unknown,1,Department of Water Resources,NA,5167,United States Geological Survey
2282,344408N1178335W001,1524421,1950-01-01T00:00:00Z,3848.2,3848.2,0,64.6,3783.6,64.6,64.6,NA,Unknown,Water level accuracy is unknown,1,Department of Water Resources,NA,5167,United States Geological Survey
2282,344408N1178335W001,1524420,1946-08-17T00:00:00Z,3848.2,3848.2,0,60,3788.2,60,60,Other,Unknown,Water level accuracy is unknown,1,Department of Water Resources,NA,5167,United States Geological Survey
