STN_ID,SITE_CODE,WLM_ID,MSMT_DATE,WLM_RPE,WLM_GSE,RDNG_WS,RDNG_RP,WSE,RPE_WSE,GSE_WSE,WLM_QA_DESC,WLM_DESC,WLM_ACC_DESC,WLM_ORG_ID,WLM_ORG_NAME,MSMT_CMT,COOP_AGENCY_ORG_ID,COOP_ORG_NAME
22944,355753N1210340W001,703862,1989-04-17T00:00:00Z,171.93,171.93,0,12.66,159.27,12.66,12.66,NA,Unknown,Water level accuracy is unknown,1,Department of Water Resources,NA,5167,United States Geological Survey
22944,355753N1210340W001,703861,1989-02-22T00:00:00Z,171.93,171.93,0,12.16,159.77,12.16,12.16,NA,Unknown,Water level accuracy is unknown,1,Department of Water Resources,NA,5167,United States Geological Survey
22944,355753N1210340W001,703860,1989-01-18T00:00:00Z,171.93,171.93,0,12.09,159.84,12.09,12.09,NA,Unknown,Water level accuracy is unknown,1,Department of Water Resources,NA,5167,United States Geological Survey
22944,355753N1210340W001,703859,1989-01-07T00:00:00Z,171.93,171.93,0,11.9,160.03,11.9,11.9,NA,Unknown,Water level accuracy is unknown,1,Department of Water Resources,NA,5167,United States Geological Survey
22944,355753N1210340W001,703858,1988-12-26T00:00:00Z,171.93,171.93,0,12.16,159.77,12.16,12.16,NA,Unknown,Water level accuracy is unknown,1,Department of Water Resources,NA,5167,United States Geological Survey
22944,355753N1210340W001,703857,1988-12-21T00:00:00Z,171.93,171.93,0,12.58,159.35,12.58,12.58,NA,Unknown,Water level accuracy is unknown,1,Department of Water Resources,NA,5167,United States Geological Survey
22944,355753N1210340W001,703856,1988-12-12T00:00:00Z,171.93,171.93,0,12.59,159.34,12.59,12.59,NA,Unknown,Water level accuracy is unknown,1,Department of Water Resources,NA,5167,United States Geological Survey
22944,355753N1210340W001,703855,1988-11-18T00:00:00Z,171.93,171.93,0,12.55,159.38,12.55,12.55,NA,Unknown,Water level accuracy is unknown,1,Department of Water Resources,NA,5167,United States Geological Survey
22944,355753N1210340W001,703854,1988-10-18T00:00:00Z,171.93,171.93,0,12.6,159.33,12.6,12.6,NA,Unknown,Water level accuracy is unknown,1,Department of Water Resources,NA,5167,United States Geological Survey
22944,355753N1210340W001,703853,1988-09-14T00:00:00Z,171.93,171.93,0,12.54,159.39,12.54,12.54,NA,Unknown,Water level accuracy is unknown,1,Department of Water Resources,NA,5167,United States Geological Survey
22944,355753N1210340W001,703852,1988-08-14T00:00:00Z,171.93,171.93,0,12.35,159.58,12.35,12.35,NA,Unknown,Water level accuracy is unknown,1,Department of Water Resources,NA,5167,United States Geological Survey
22944,355753N1210340W001,703851,1988-07-14T00:00:00Z,171.93,171.93,0,12.25,159.68,12.25,12.25,NA,Unknown,Water level accuracy is unknown,1,Department of Water Resources,NA,5167,United States Geological Survey
22944,355753N1210340W001,703850,1988-06-21T00:00:00Z,171.93,171.93,0,12.13,159.8,12.13,12.13,NA,Unknown,Water level accuracy is unknown,1,Department of Water Resources,NA,5167,United States Geological Survey
22944,355753N1210340W001,703849,1988-05-10T00:00:00Z,171.93,171.93,0,11.99,159.94,11.99,11.99,NA,Unknown,Water level accuracy is unknown,1,Department of Water Resources,NA,5167,United States Geological Survey
22944,355753N1210340W001,703848,1988-04-26T00:00:00Z,171.93,171.93,0,11.93,160,11.93,11.93,NA,Unknown,Water level accuracy is unknown,1,Department of Water Resources,NA,5167,United States Geological Survey
22944,355753N1210340W001,703847,1988-03-23T00:00:00Z,171.93,171.93,0,12,159.93,12,12,NA,Unknown,Water level accuracy is unknown,1,Department of Water Resources,NA,5167,United States Geological Survey
22944,355753N1210340W001,703846,1987-11-25T00:00:00Z,171.93,171.93,0,12.3,159.63,12.3,12.3,NA,Unknown,Water level accuracy is unknown,1,Department of Water Resources,NA,5167,United States Geological Survey
