STN_ID,SITE_CODE,WLM_ID,MSMT_DATE,WLM_RPE,WLM_GSE,RDNG_WS,RDNG_RP,WSE,RPE_WSE,GSE_WSE,WLM_QA_DESC,WLM_DESC,WLM_ACC_DESC,WLM_ORG_ID,WLM_ORG_NAME,MSMT_CMT,COOP_AGENCY_ORG_ID,COOP_ORG_NAME
2296,344075N1187740W001,2625757,2020-03-09T00:00:00Z,679.16,678.72,NA,NA,NA,NA,NA,Special/Other,NA,NA,5029,"County of Ventura, Watershed Protection District",locked - no key,5029,"County of Ventura, Watershed Protection District"
2296,344075N1187740W001,2625772,2019-12-24T00:00:00Z,679.16,678.72,NA,NA,NA,NA,NA,Temporarily inaccessible,NA,NA,5029,"County of Ventura, Watershed Protection District",locked - no key,5029,"County of Ventura, Watershed Protection District"
2296,344075N1187740W001,2485386,2019-10-15T00:00:00Z,679.16,678.72,NA,NA,NA,NA,NA,Temporarily inaccessible,NA,NA,5029,"County of Ventura, Watershed Protection District",locked - no key,5029,"County of Ventura, Watershed Protection District"
2296,344075N1187740W001,2485380,2019-06-03T00:00:00Z,679.16,678.72,NA,NA,NA,NA,NA,Temporarily inaccessible,NA,NA,5029,"County of Ventura, Watershed Protection District",locked - no key,5029,"County of Ventura, Watershed Protection District"
2296,344075N1187740W001,2458039,2019-03-11T00:00:00Z,679.16,678.72,NA,NA,NA,NA,NA,Special/Other,NA,NA,5029,"County of Ventura, Watershed Protection District",locked - no key,5029,"County of Ventura, Watershed Protection District"
2296,344075N1187740W001,2458023,2018-12-31T00:00:00Z,679.16,678.72,NA,NA,NA,NA,NA,Special/Other,NA,NA,5029,"County of Ventura, Watershed Protection District",Could not measure due to insufficient staff.,5029,"County of Ventura, Watershed Protection District"
2296,344075N1187740W001,2417749,2018-10-22T00:00:00Z,679.16,678.72,NA,NA,NA,NA,NA,Special/Other,NA,NA,5029,"County of Ventura, Watershed Protection District",Could not measure this time.,5029,"County of Ventura, Watershed Protection District"
2296,344075N1187740W001,2417776,2018-06-04T00:00:00Z,679.16,678.72,NA,NA,NA,NA,NA,Pumping,NA,NA,5029,"County of Ventura, Watershed Protection District",NA,5029,"County of Ventura, Watershed Protection District"
2296,344075N1187740W001,2288503,2018-03-19T00:00:00Z,679.16,678.72,NA,NA,NA,NA,NA,Special/Other,NA,NA,5029,"County of Ventura, Watershed Protection District",can't get tape in casing,5029,"County of Ventura, Watershed Protection District"
2296,344075N1187740W001,2288471,2017-12-04T00:00:00Z,679.16,678.72,NA,NA,NA,NA,NA,Can't get tape in casing,NA,NA,5029,"County of Ventura, Watershed Protection District",can't get tape in casing,5029,"County of Ventura, Watershed Protection District"
2296,344075N1187740W001,2269742,2017-09-18T00:00:00Z,679.16,678.72,NA,NA,NA,NA,NA,Can't get tape in casing,NA,NA,5029,"County of Ventura, Watershed Protection District",can't get tape in casing,5029,"County of Ventura, Watershed Protection District"
2296,344075N1187740W001,2269741,2017-06-19T00:00:00Z,679.16,678.72,NA,NA,NA,NA,NA,Can't get tape in casing,NA,NA,5029,"County of Ventura, Watershed Protection District",NA,5029,"County of Ventura, Watershed Protection District"
2296,344075N1187740W001,2242546,2017-03-15T00:00:00Z,679.16,678.72,NA,NA,NA,NA,NA,Pump house locked,NA,NA,5029,"County of Ventura, Watershed Protection District",locked - no key,5029,"County of Ventura, Watershed Protection District"
2296,344075N1187740W001,2242350,2016-12-19T00:00:00Z,679.16,678.72,8.8,198,489.96,189.2,188.76,NA,Steel tape measurement,Water level accuracy to nearest hundredth of a foot,5029,"County of Ventura, Watershed Protection District",NA,5029,"County of Ventura, Watershed Protection District"
2296,344075N1187740W001,2217920,2016-09-21T00:00:00Z,679.16,678.72,11,200,490.16,189,188.56,Oil or foreign substance in casing,Steel tape measurement,Water level accuracy to nearest hundredth of a foot,5029,"County of Ventura, Watershed Protection District",NA,5029,"County of Ventura, Watershed Protection District"
2296,344075N1187740W001,2217966,2016-06-06T00:00:00Z,679.16,678.72,NA,NA,NA,NA,NA,Pumping,NA,NA,5029,"County of Ventura, Watershed Protection District",NA,5029,"County of Ventura, Watershed Protection District"
2296,344075N1187740W001,2190433,2016-03-21T00:00:00Z,679.16,678.72,7.25,185,501.41,177.75,177.31,NA,Steel tape measurement,Water level accuracy to nearest hundredth of a foot,5029,"County of Ventura, Watershed Protection District",NA,5029,"County of Ventura, Watershed Protection District"
2296,344075N1187740W001,2190188,2015-12-02T00:00:00Z,679.16,678.72,6.9,184,502.06,177.1,176.66,NA,Steel tape measurement,Water level accuracy to nearest hundredth of a foot,5029,"County of Ventura, Watershed Protection District",NA,5029,"County of Ventura, Watershed Protection District"
2296,344075N1187740W001,2169123,2015-10-12T00:00:00Z,679.16,678.72,NA,NA,NA,NA,NA,Pumping,NA,NA,5029,"County of Ventura, Watershed Protection District",NA,5029,"County of Ventura, Watershed Protection District"
2296,344075N1187740W001,2169103,2015-06-15T00:00:00Z,679.16,678.72,NA,NA,NA,NA,NA,Pumping,NA,NA,5029,"County of Ventura, Watershed Protection District",NA,5029,"County of Ventura, Watershed Protection District"
2296,344075N1187740W001,2164539,2015-03-16T00:00:00Z,679.16,678.72,NA,NA,NA,NA,NA,Pumping,NA,NA,5029,"County of Ventura, Watershed Protection District",NA,5029,"County of Ventura, Watershed Protection District"
2296,344075N1187740W001,2164538,2014-09-02T00:00:00Z,679.16,678.72,NA,NA,NA,NA,NA,Pumping,NA,NA,5029,"County of Ventura, Watershed Protection District",NA,5029,"County of Ventura, Watershed Protection District"
2296,344075N1187740W001,1994598,2014-06-16T00:00:00Z,679.16,678.72,NA,NA,NA,NA,NA,Pumping,NA,NA,5029,"County of Ventura, Watershed Protection District",NA,5029,"County of Ventura, Watershed Protection District"
2296,344075N1187740W001,1821565,2013-12-02T00:00:00Z,679.16,678.72,NA,NA,NA,NA,NA,Pumping,NA,NA,5029,"County of Ventura, Watershed Protection District",NA,5029,"County of Ventura, Watershed Protection District"
2296,344075N1187740W001,1817064,2013-10-14T00:00:00Z,679.16,678.72,NA,NA,NA,NA,NA,Pumping,NA,NA,5029,"County of Ventura, Watershed Protection District",NA,5029,"County of Ventura, Watershed Protection District"
2296,344075N1187740W001,1733527,2013-06-03T00:00:00Z,679.16,678.72,NA,NA,NA,NA,NA,Pumping,NA,NA,5029,"County of Ventura, Watershed Protection District",NA,5029,"County of Ventura, Watershed Protection District"
2296,344075N1187740W001,1733350,2013-03-04T00:00:00Z,679.16,678.72,NA,NA,NA,NA,NA,Special/Other,NA,NA,5029,"County of Ventura, Watershed Protection District",NA,5029,"County of Ventura, Watershed Protection District"
2296,344075N1187740W001,91124,2012-12-10T00:00:00Z,679.16,678.72,NA,NA,NA,NA,NA,Pumping,NA,NA,5029,"County of Ventura, Watershed Protection District",NA,5029,"County of Ventura, Watershed Protection District"
2296,344075N1187740W001,91123,2012-09-13T00:00:00Z,679.16,678.72,0.2,110,569.36,109.8,109.36,NA,Steel tape measurement,Water level accuracy to nearest hundredth of a foot,5029,"County of Ventura, Watershed Protection District",NA,5029,"County of Ventura, Watershed Protection District"
2296,344075N1187740W001,91122,2012-06-18T00:00:00Z,679.16,678.72,NA,NA,NA,NA,NA,Pumping,NA,NA,5029,"County of Ventura, Watershed Protection District",NA,5029,"County of Ventura, Watershed Protection District"
2296,344075N1187740W001,58004,2012-03-05T00:00:00Z,679.16,678.72,-0.69,90,588.47,90.69,90.25,NA,Steel tape measurement,Water level accuracy to nearest hundredth of a foot,5029,"County of Ventura, Watershed Protection District",NA,5029,"County of Ventura, Watershed Protection District"
2296,344075N1187740W001,28132,2011-12-05T00:00:00Z,679.16,678.72,0,86.8,592.36,86.8,86.36,NA,Steel tape measurement,Water level accuracy to nearest hundredth of a foot,5029,"County of Ventura, Watershed Protection District",NA,5029,"County of Ventura, Watershed Protection District"
2296,344075N1187740W001,28133,2011-09-07T00:00:00Z,679.16,678.72,NA,NA,NA,NA,NA,Pumping,NA,NA,5029,"County of Ventura, Watershed Protection District",NA,5029,"County of Ventura, Watershed Protection District"
2296,344075N1187740W001,28134,2011-06-07T00:00:00Z,679.16,678.72,NA,NA,NA,NA,NA,Pumping,NA,NA,5029,"County of Ventura, Watershed Protection District",NA,5029,"County of Ventura, Watershed Protection District"
2296,344075N1187740W001,28135,2011-03-09T00:00:00Z,679.16,678.72,0,85.83,593.33,85.83,85.39,NA,Steel tape measurement,Water level accuracy to nearest hundredth of a foot,5029,"County of Ventura, Watershed Protection District",NA,5029,"County of Ventura, Watershed Protection District"
