STN_ID,SITE_CODE,WLM_ID,MSMT_DATE,WLM_RPE,WLM_GSE,RDNG_WS,RDNG_RP,WSE,RPE_WSE,GSE_WSE,WLM_QA_DESC,WLM_DESC,WLM_ACC_DESC,WLM_ORG_ID,WLM_ORG_NAME,MSMT_CMT,COOP_AGENCY_ORG_ID,COOP_ORG_NAME
22987,352811N1191106W001,762691,2004-01-16T00:00:00Z,349.45,347.45,0,144.2,205.25,144.2,142.2,NA,Unknown,Water level accuracy is unknown,1,Department of Water Resources,NA,423,Kern County Water Agency
22987,352811N1191106W001,762692,2003-11-13T00:00:00Z,349.45,347.45,0,157.4,192.05,157.4,155.4,Oil or foreign substance in casing,Unknown,Water level accuracy is unknown,1,Department of Water Resources,NA,423,Kern County Water Agency
22987,352811N1191106W001,762689,2002-01-14T00:00:00Z,349.45,347.45,0,138.1,211.35,138.1,136.1,NA,Unknown,Water level accuracy is unknown,1,Department of Water Resources,NA,423,Kern County Water Agency
22987,352811N1191106W001,762688,2001-10-24T00:00:00Z,349.45,347.45,0,150,199.45,150,148,NA,Unknown,Water level accuracy is unknown,1,Department of Water Resources,NA,423,Kern County Water Agency
22987,352811N1191106W001,762690,2001-01-09T00:00:00Z,349.45,347.45,0,134,215.45,134,132,NA,Unknown,Water level accuracy is unknown,1,Department of Water Resources,NA,423,Kern County Water Agency
22987,352811N1191106W001,762687,2000-01-06T00:00:00Z,349.45,347.45,0,136.5,212.95,136.5,134.5,NA,Unknown,Water level accuracy is unknown,1,Department of Water Resources,NA,423,Kern County Water Agency
22987,352811N1191106W001,762686,1999-10-05T00:00:00Z,349.45,347.45,NA,NA,NA,NA,NA,Pumping,NA,NA,1,Department of Water Resources,NA,423,Kern County Water Agency
22987,352811N1191106W001,762685,1999-01-21T00:00:00Z,349.45,347.45,0,139.7,209.75,139.7,137.7,NA,Unknown,Water level accuracy is unknown,1,Department of Water Resources,NA,423,Kern County Water Agency
22987,352811N1191106W001,762684,1998-10-20T00:00:00Z,349.45,347.45,0,143.5,205.95,143.5,141.5,NA,Unknown,Water level accuracy is unknown,1,Department of Water Resources,NA,423,Kern County Water Agency
22987,352811N1191106W001,762683,1998-01-28T00:00:00Z,349.45,347.45,0,146.7,202.75,146.7,144.7,NA,Unknown,Water level accuracy is unknown,1,Department of Water Resources,NA,423,Kern County Water Agency
22987,352811N1191106W001,762682,1997-10-02T00:00:00Z,349.45,347.45,0,160.1,189.35,160.1,158.1,NA,Unknown,Water level accuracy is unknown,1,Department of Water Resources,NA,1082,VENTURA COUNTY FLOOD CONTROL DISTRICT
22987,352811N1191106W001,762681,1997-01-10T00:00:00Z,349.45,347.45,0,151.7,197.75,151.7,149.7,NA,Unknown,Water level accuracy is unknown,1,Department of Water Resources,NA,1082,VENTURA COUNTY FLOOD CONTROL DISTRICT
22987,352811N1191106W001,762680,1996-10-16T00:00:00Z,349.45,347.45,0,168.7,180.75,168.7,166.7,NA,Unknown,Water level accuracy is unknown,1,Department of Water Resources,NA,423,Kern County Water Agency
22987,352811N1191106W001,762679,1996-01-16T00:00:00Z,349.45,347.45,0,158.8,190.65,158.8,156.8,NA,Unknown,Water level accuracy is unknown,1,Department of Water Resources,NA,423,Kern County Water Agency
22987,352811N1191106W001,762678,1995-11-20T00:00:00Z,349.45,347.45,0,165.9,183.55,165.9,163.9,NA,Unknown,Water level accuracy is unknown,1,Department of Water Resources,NA,423,Kern County Water Agency
22987,352811N1191106W001,762677,1995-03-08T00:00:00Z,349.45,347.45,0,165.2,184.25,165.2,163.2,NA,Unknown,Water level accuracy is unknown,1,Department of Water Resources,NA,423,Kern County Water Agency
22987,352811N1191106W001,762676,1994-09-27T00:00:00Z,349.45,347.45,0,162,187.45,162,160,NA,Unknown,Water level accuracy is unknown,1,Department of Water Resources,NA,423,Kern County Water Agency
22987,352811N1191106W001,762675,1994-01-27T00:00:00Z,349.45,347.45,0,159.5,189.95,159.5,157.5,NA,Unknown,Water level accuracy is unknown,1,Department of Water Resources,NA,423,Kern County Water Agency
22987,352811N1191106W001,762674,1993-10-04T00:00:00Z,349.45,347.45,0,160.6,188.85,160.6,158.6,NA,Unknown,Water level accuracy is unknown,1,Department of Water Resources,NA,423,Kern County Water Agency
22987,352811N1191106W001,762673,1993-02-08T00:00:00Z,349.45,347.45,0,157.6,191.85,157.6,155.6,NA,Unknown,Water level accuracy is unknown,1,Department of Water Resources,NA,423,Kern County Water Agency
22987,352811N1191106W001,762672,1992-10-07T00:00:00Z,349.45,347.45,0,160.1,189.35,160.1,158.1,NA,Unknown,Water level accuracy is unknown,1,Department of Water Resources,NA,423,Kern County Water Agency
22987,352811N1191106W001,762671,1992-01-30T00:00:00Z,349.45,347.45,0,148.8,200.65,148.8,146.8,NA,Unknown,Water level accuracy is unknown,1,Department of Water Resources,NA,423,Kern County Water Agency
22987,352811N1191106W001,762670,1991-10-03T00:00:00Z,349.45,347.45,0,161.4,188.05,161.4,159.4,NA,Unknown,Water level accuracy is unknown,1,Department of Water Resources,NA,423,Kern County Water Agency
22987,352811N1191106W001,762669,1991-01-25T00:00:00Z,349.45,347.45,0,142,207.45,142,140,NA,Unknown,Water level accuracy is unknown,1,Department of Water Resources,NA,423,Kern County Water Agency
22987,352811N1191106W001,762668,1990-10-05T00:00:00Z,349.45,347.45,0,151,198.45,151,149,NA,Unknown,Water level accuracy is unknown,1,Department of Water Resources,NA,423,Kern County Water Agency
22987,352811N1191106W001,762667,1990-01-24T00:00:00Z,349.45,347.45,0,126.6,222.85,126.6,124.6,NA,Unknown,Water level accuracy is unknown,1,Department of Water Resources,NA,423,Kern County Water Agency
22987,352811N1191106W001,762666,1989-10-03T00:00:00Z,349.45,347.45,0,139,210.45,139,137,NA,Unknown,Water level accuracy is unknown,1,Department of Water Resources,NA,423,Kern County Water Agency
22987,352811N1191106W001,762665,1989-02-17T00:00:00Z,349.45,347.45,0,127,222.45,127,125,NA,Unknown,Water level accuracy is unknown,1,Department of Water Resources,NA,423,Kern County Water Agency
22987,352811N1191106W001,762664,1988-10-05T00:00:00Z,349.45,347.45,0,135,214.45,135,133,NA,Unknown,Water level accuracy is unknown,1,Department of Water Resources,NA,423,Kern County Water Agency
22987,352811N1191106W001,762663,1988-02-03T00:00:00Z,349.45,347.45,0,110,239.45,110,108,NA,Unknown,Water level accuracy is unknown,1,Department of Water Resources,NA,423,Kern County Water Agency
22987,352811N1191106W001,762662,1987-11-03T00:00:00Z,349.45,347.45,0,134,215.45,134,132,NA,Unknown,Water level accuracy is unknown,1,Department of Water Resources,NA,423,Kern County Water Agency
22987,352811N1191106W001,762661,1987-01-29T00:00:00Z,349.45,347.45,0,121,228.45,121,119,NA,Unknown,Water level accuracy is unknown,1,Department of Water Resources,NA,423,Kern County Water Agency
22987,352811N1191106W001,762660,1986-10-15T00:00:00Z,349.45,347.45,0,123,226.45,123,121,NA,Unknown,Water level accuracy is unknown,1,Department of Water Resources,NA,624,Bureau of Reclamation
22987,352811N1191106W001,762659,1986-02-03T00:00:00Z,349.45,347.45,0,130,219.45,130,128,NA,Unknown,Water level accuracy is unknown,1,Department of Water Resources,NA,624,Bureau of Reclamation
22987,352811N1191106W001,762658,1985-10-04T00:00:00Z,349.45,347.45,0,135,214.45,135,133,NA,Unknown,Water level accuracy is unknown,1,Department of Water Resources,NA,624,Bureau of Reclamation
22987,352811N1191106W001,762657,1985-01-29T00:00:00Z,349.45,347.45,0,122,227.45,122,120,NA,Unknown,Water level accuracy is unknown,1,Department of Water Resources,NA,624,Bureau of Reclamation
22987,352811N1191106W001,762656,1984-10-01T00:00:00Z,349.45,347.45,0,134,215.45,134,132,NA,Unknown,Water level accuracy is unknown,1,Department of Water Resources,NA,624,Bureau of Reclamation
22987,352811N1191106W001,762655,1984-01-20T00:00:00Z,349.45,347.45,0,122,227.45,122,120,NA,Unknown,Water level accuracy is unknown,1,Department of Water Resources,NA,624,Bureau of Reclamation
22987,352811N1191106W001,762654,1983-10-06T00:00:00Z,349.45,347.45,0,133,216.45,133,131,Oil or foreign substance in casing,Unknown,Water level accuracy is unknown,1,Department of Water Resources,NA,624,Bureau of Reclamation
22987,352811N1191106W001,762653,1983-02-07T00:00:00Z,349.45,347.45,NA,NA,NA,NA,NA,Pumping,NA,NA,1,Department of Water Resources,NA,624,Bureau of Reclamation
22987,352811N1191106W001,762652,1982-10-12T00:00:00Z,349.45,347.45,NA,NA,NA,NA,NA,Pumping,NA,NA,1,Department of Water Resources,NA,624,Bureau of Reclamation
22987,352811N1191106W001,762651,1982-02-03T00:00:00Z,349.45,347.45,NA,NA,NA,NA,NA,Pumping,NA,NA,1,Department of Water Resources,NA,624,Bureau of Reclamation
22987,352811N1191106W001,762650,1981-10-01T00:00:00Z,349.45,347.45,0,162,187.45,162,160,NA,Unknown,Water level accuracy is unknown,1,Department of Water Resources,NA,624,Bureau of Reclamation
22987,352811N1191106W001,762649,1981-02-09T00:00:00Z,349.45,347.45,0,157,192.45,157,155,Oil or foreign substance in casing,Unknown,Water level accuracy is unknown,1,Department of Water Resources,NA,423,Kern County Water Agency
22987,352811N1191106W001,762648,1980-10-06T00:00:00Z,349.45,347.45,0,159,190.45,159,157,NA,Unknown,Water level accuracy is unknown,1,Department of Water Resources,NA,423,Kern County Water Agency
22987,352811N1191106W001,762647,1980-01-30T00:00:00Z,349.45,347.45,0,163,186.45,163,161,NA,Unknown,Water level accuracy is unknown,1,Department of Water Resources,NA,423,Kern County Water Agency
22987,352811N1191106W001,762646,1979-10-03T00:00:00Z,349.45,347.45,NA,NA,NA,NA,NA,Pumping,NA,NA,1,Department of Water Resources,NA,423,Kern County Water Agency
22987,352811N1191106W001,762645,1979-01-26T00:00:00Z,349.45,347.45,0,169,180.45,169,167,Other,Unknown,Water level accuracy is unknown,1,Department of Water Resources,NA,423,Kern County Water Agency
22987,352811N1191106W001,762644,1978-10-12T00:00:00Z,349.45,347.45,0,167,182.45,167,165,NA,Unknown,Water level accuracy is unknown,1,Department of Water Resources,NA,423,Kern County Water Agency
22987,352811N1191106W001,762643,1978-02-22T00:00:00Z,349.45,347.45,0,158,191.45,158,156,NA,Unknown,Water level accuracy is unknown,1,Department of Water Resources,NA,423,Kern County Water Agency
22987,352811N1191106W001,762642,1977-10-14T00:00:00Z,349.45,347.45,0,171,178.45,171,169,NA,Unknown,Water level accuracy is unknown,1,Department of Water Resources,NA,423,Kern County Water Agency
22987,352811N1191106W001,762641,1976-10-12T00:00:00Z,349.45,347.45,NA,NA,NA,NA,NA,Pumping,NA,NA,1,Department of Water Resources,NA,423,Kern County Water Agency
22987,352811N1191106W001,762640,1976-07-23T00:00:00Z,349.45,347.45,0,158,191.45,158,156,NA,Unknown,Water level accuracy is unknown,1,Department of Water Resources,NA,423,Kern County Water Agency
22987,352811N1191106W001,762639,1976-02-05T00:00:00Z,349.45,347.45,0,152,197.45,152,150,Casing leaking or wet,Unknown,Water level accuracy is unknown,1,Department of Water Resources,NA,423,Kern County Water Agency
22987,352811N1191106W001,762638,1975-10-01T00:00:00Z,349.45,347.45,0,161,188.45,161,159,NA,Unknown,Water level accuracy is unknown,1,Department of Water Resources,NA,423,Kern County Water Agency
22987,352811N1191106W001,762637,1975-02-04T00:00:00Z,349.45,347.45,0,142,207.45,142,140,NA,Unknown,Water level accuracy is unknown,1,Department of Water Resources,NA,423,Kern County Water Agency
22987,352811N1191106W001,762636,1974-10-01T00:00:00Z,349.45,347.45,0,159,190.45,159,157,NA,Unknown,Water level accuracy is unknown,1,Department of Water Resources,NA,423,Kern County Water Agency
22987,352811N1191106W001,762635,1974-02-11T00:00:00Z,349.45,347.45,0,140,209.45,140,138,NA,Unknown,Water level accuracy is unknown,1,Department of Water Resources,NA,423,Kern County Water Agency
22987,352811N1191106W001,762634,1973-01-29T00:00:00Z,349.45,347.45,0,131,218.45,131,129,NA,Unknown,Water level accuracy is unknown,1,Department of Water Resources,NA,423,Kern County Water Agency
22987,352811N1191106W001,762633,1972-10-04T00:00:00Z,349.45,347.45,0,162,187.45,162,160,NA,Unknown,Water level accuracy is unknown,1,Department of Water Resources,NA,423,Kern County Water Agency
22987,352811N1191106W001,762632,1972-01-27T00:00:00Z,349.45,347.45,0,124,225.45,124,122,NA,Unknown,Water level accuracy is unknown,1,Department of Water Resources,NA,423,Kern County Water Agency
22987,352811N1191106W001,762631,1971-09-15T00:00:00Z,349.45,347.45,0,169,180.45,169,167,NA,Unknown,Water level accuracy is unknown,1,Department of Water Resources,NA,423,Kern County Water Agency
22987,352811N1191106W001,762630,1970-09-14T00:00:00Z,349.45,347.45,0,141,208.45,141,139,NA,Unknown,Water level accuracy is unknown,1,Department of Water Resources,NA,423,Kern County Water Agency
22987,352811N1191106W001,762629,1970-01-21T00:00:00Z,349.45,347.45,0,128,221.45,128,126,NA,Unknown,Water level accuracy is unknown,1,Department of Water Resources,NA,423,Kern County Water Agency
22987,352811N1191106W001,762628,1969-09-19T00:00:00Z,349.45,347.45,0,167,182.45,167,165,NA,Unknown,Water level accuracy is unknown,1,Department of Water Resources,NA,423,Kern County Water Agency
22987,352811N1191106W001,762627,1969-01-21T00:00:00Z,349.45,347.45,0,120,229.45,120,118,NA,Unknown,Water level accuracy is unknown,1,Department of Water Resources,NA,423,Kern County Water Agency
22987,352811N1191106W001,762626,1968-09-25T00:00:00Z,349.45,347.45,NA,NA,NA,NA,NA,Pumping,NA,NA,1,Department of Water Resources,NA,1,Department of Water Resources
22987,352811N1191106W001,762625,1968-01-31T00:00:00Z,349.45,347.45,0,126,223.45,126,124,NA,Unknown,Water level accuracy is unknown,1,Department of Water Resources,NA,1,Department of Water Resources
22987,352811N1191106W001,762624,1967-09-29T00:00:00Z,349.45,347.45,NA,NA,NA,NA,NA,Pumping,NA,NA,1,Department of Water Resources,NA,1,Department of Water Resources
22987,352811N1191106W001,762623,1967-02-02T00:00:00Z,349.45,347.45,0,116,233.45,116,114,NA,Unknown,Water level accuracy is unknown,1,Department of Water Resources,NA,1,Department of Water Resources
22987,352811N1191106W001,762622,1966-09-28T00:00:00Z,349.45,347.45,0,130,219.45,130,128,NA,Unknown,Water level accuracy is unknown,1,Department of Water Resources,NA,1,Department of Water Resources
22987,352811N1191106W001,762621,1966-01-27T00:00:00Z,349.45,347.45,0,110,239.45,110,108,NA,Unknown,Water level accuracy is unknown,1,Department of Water Resources,NA,1,Department of Water Resources
22987,352811N1191106W001,762620,1965-10-15T00:00:00Z,349.45,347.45,0,114.9,234.55,114.9,112.9,NA,Unknown,Water level accuracy is unknown,1,Department of Water Resources,NA,1,Department of Water Resources
22987,352811N1191106W001,762619,1965-01-28T00:00:00Z,349.45,347.45,0,102.2,247.25,102.2,100.2,NA,Unknown,Water level accuracy is unknown,1,Department of Water Resources,NA,1,Department of Water Resources
