STN_ID,SITE_CODE,WLM_ID,MSMT_DATE,WLM_RPE,WLM_GSE,RDNG_WS,RDNG_RP,WSE,RPE_WSE,GSE_WSE,WLM_QA_DESC,WLM_DESC,WLM_ACC_DESC,WLM_ORG_ID,WLM_ORG_NAME,MSMT_CMT,COOP_AGENCY_ORG_ID,COOP_ORG_NAME
22993,351436N1188618W001,669072,1963-09-16T00:00:00Z,454.01,453.51,NA,NA,NA,NA,NA,Well has been destroyed,NA,NA,1,Department of Water Resources,NA,624,Bureau of Reclamation
22993,351436N1188618W001,669071,1963-01-29T00:00:00Z,454.01,453.51,0,297.5,156.51,297.5,297,NA,Unknown,Water level accuracy is unknown,1,Department of Water Resources,NA,624,Bureau of Reclamation
22993,351436N1188618W001,669070,1962-10-03T00:00:00Z,454.01,453.51,NA,NA,NA,NA,NA,Can't get tape in casing,NA,NA,1,Department of Water Resources,NA,624,Bureau of Reclamation
22993,351436N1188618W001,669069,1962-01-31T00:00:00Z,454.01,453.51,0,290.9,163.11,290.9,290.4,NA,Unknown,Water level accuracy is unknown,1,Department of Water Resources,NA,624,Bureau of Reclamation
22993,351436N1188618W001,669068,1961-02-07T00:00:00Z,454.01,453.51,0,282,172.01,282,281.5,NA,Unknown,Water level accuracy is unknown,1,Department of Water Resources,NA,624,Bureau of Reclamation
22993,351436N1188618W001,669067,1960-09-28T00:00:00Z,454.01,453.51,0,310,144.01,310,309.5,NA,Unknown,Water level accuracy is unknown,1,Department of Water Resources,NA,624,Bureau of Reclamation
22993,351436N1188618W001,669066,1960-02-05T00:00:00Z,454.01,453.51,0,275,179.01,275,274.5,NA,Unknown,Water level accuracy is unknown,1,Department of Water Resources,NA,624,Bureau of Reclamation
22993,351436N1188618W001,669065,1959-09-29T00:00:00Z,454.01,453.51,0,300,154.01,300,299.5,NA,Unknown,Water level accuracy is unknown,1,Department of Water Resources,NA,624,Bureau of Reclamation
22993,351436N1188618W001,669064,1958-01-28T00:00:00Z,454.01,453.51,0,257.9,196.11,257.9,257.4,NA,Unknown,Water level accuracy is unknown,1,Department of Water Resources,NA,5167,United States Geological Survey
