STN_ID,SITE_CODE,WLM_ID,MSMT_DATE,WLM_RPE,WLM_GSE,RDNG_WS,RDNG_RP,WSE,RPE_WSE,GSE_WSE,WLM_QA_DESC,WLM_DESC,WLM_ACC_DESC,WLM_ORG_ID,WLM_ORG_NAME,MSMT_CMT,COOP_AGENCY_ORG_ID,COOP_ORG_NAME
23119,360794N1196357W001,979771,1972-02-16T00:00:00Z,191.81,190.81,NA,NA,NA,NA,NA,Well has been destroyed,NA,NA,1,Department of Water Resources,NA,1,Department of Water Resources
23119,360794N1196357W001,979770,1969-03-19T00:00:00Z,191.81,190.81,NA,NA,NA,NA,NA,Temporarily inaccessible,NA,NA,1,Department of Water Resources,NA,1,Department of Water Resources
23119,360794N1196357W001,979769,1968-03-04T00:00:00Z,191.81,190.81,0,125.4,66.41,125.4,124.4,NA,Unknown,Water level accuracy is unknown,1,Department of Water Resources,NA,1,Department of Water Resources
23119,360794N1196357W001,979768,1967-02-28T00:00:00Z,191.81,190.81,0,195,-3.19,195,194,NA,Unknown,Water level accuracy is unknown,1,Department of Water Resources,NA,1,Department of Water Resources
23119,360794N1196357W001,979767,1966-02-15T00:00:00Z,191.81,190.81,0,154,37.81,154,153,NA,Unknown,Water level accuracy is unknown,1,Department of Water Resources,NA,1,Department of Water Resources
23119,360794N1196357W001,979766,1965-02-03T00:00:00Z,191.81,190.81,NA,NA,NA,NA,NA,Tape hung up,NA,NA,1,Department of Water Resources,NA,1,Department of Water Resources
23119,360794N1196357W001,979765,1964-02-06T00:00:00Z,191.81,190.81,NA,NA,NA,NA,NA,Tape hung up,NA,NA,1,Department of Water Resources,NA,1,Department of Water Resources
