STN_ID,SITE_CODE,WLM_ID,MSMT_DATE,WLM_RPE,WLM_GSE,RDNG_WS,RDNG_RP,WSE,RPE_WSE,GSE_WSE,WLM_QA_DESC,WLM_DESC,WLM_ACC_DESC,WLM_ORG_ID,WLM_ORG_NAME,MSMT_CMT,COOP_AGENCY_ORG_ID,COOP_ORG_NAME
23496,351180N1206056W001,657221,1980-05-06T00:00:00Z,84.23,84.23,0,70.4,13.83,70.4,70.4,NA,Unknown,Water level accuracy is unknown,1,Department of Water Resources,NA,5167,United States Geological Survey
23496,351180N1206056W001,657220,1979-10-31T00:00:00Z,84.23,84.23,0,73.2,11.03,73.2,73.2,NA,Unknown,Water level accuracy is unknown,1,Department of Water Resources,NA,5167,United States Geological Survey
23496,351180N1206056W001,657219,1979-04-11T00:00:00Z,84.23,84.23,0,70.4,13.83,70.4,70.4,NA,Unknown,Water level accuracy is unknown,1,Department of Water Resources,NA,5167,United States Geological Survey
23496,351180N1206056W001,657218,1978-12-04T00:00:00Z,84.23,84.23,0,70.8,13.43,70.8,70.8,NA,Unknown,Water level accuracy is unknown,1,Department of Water Resources,NA,5167,United States Geological Survey
23496,351180N1206056W001,657217,1978-05-02T00:00:00Z,84.23,84.23,0,82.4,1.83,82.4,82.4,Pumping,Unknown,Water level accuracy is unknown,1,Department of Water Resources,NA,5167,United States Geological Survey
23496,351180N1206056W001,657216,1977-10-19T00:00:00Z,84.23,84.23,0,76.6,7.63,76.6,76.6,NA,Unknown,Water level accuracy is unknown,1,Department of Water Resources,NA,5167,United States Geological Survey
23496,351180N1206056W001,657215,1977-08-10T00:00:00Z,84.23,84.23,0,76.9,7.33,76.9,76.9,NA,Unknown,Water level accuracy is unknown,1,Department of Water Resources,NA,5167,United States Geological Survey
23496,351180N1206056W001,657214,1977-04-18T00:00:00Z,84.23,84.23,0,76.2,8.03,76.2,76.2,NA,Unknown,Water level accuracy is unknown,1,Department of Water Resources,NA,5167,United States Geological Survey
23496,351180N1206056W001,657213,1976-09-27T00:00:00Z,84.23,84.23,0,76.1,8.13,76.1,76.1,NA,Unknown,Water level accuracy is unknown,1,Department of Water Resources,NA,5167,United States Geological Survey
23496,351180N1206056W001,657212,1976-04-20T00:00:00Z,84.23,84.23,0,74.9,9.33,74.9,74.9,NA,Unknown,Water level accuracy is unknown,1,Department of Water Resources,NA,5167,United States Geological Survey
23496,351180N1206056W001,657211,1974-11-07T00:00:00Z,84.23,84.23,0,71.1,13.13,71.1,71.1,NA,Unknown,Water level accuracy is unknown,1,Department of Water Resources,NA,5167,United States Geological Survey
23496,351180N1206056W001,657210,1974-05-08T00:00:00Z,84.23,84.23,0,85.4,-1.17,85.4,85.4,Pumping,Unknown,Water level accuracy is unknown,1,Department of Water Resources,NA,5167,United States Geological Survey
23496,351180N1206056W001,657209,1973-11-05T00:00:00Z,84.23,84.23,0,73.2,11.03,73.2,73.2,NA,Unknown,Water level accuracy is unknown,1,Department of Water Resources,NA,5167,United States Geological Survey
23496,351180N1206056W001,657208,1973-05-08T00:00:00Z,84.23,84.23,0,83.8,0.43,83.8,83.8,Pumping,Unknown,Water level accuracy is unknown,1,Department of Water Resources,NA,5167,United States Geological Survey
23496,351180N1206056W001,657207,1972-10-18T00:00:00Z,84.23,84.23,0,75.2,9.03,75.2,75.2,NA,Unknown,Water level accuracy is unknown,1,Department of Water Resources,NA,5167,United States Geological Survey
23496,351180N1206056W001,657206,1972-04-27T00:00:00Z,84.23,84.23,0,87,-2.77,87,87,Pumping,Unknown,Water level accuracy is unknown,1,Department of Water Resources,NA,5167,United States Geological Survey
23496,351180N1206056W001,657205,1971-10-22T00:00:00Z,84.23,84.23,0,75.2,9.03,75.2,75.2,NA,Unknown,Water level accuracy is unknown,1,Department of Water Resources,NA,5167,United States Geological Survey
23496,351180N1206056W001,657204,1970-04-01T00:00:00Z,84.23,84.23,0,92.8,-8.57,92.8,92.8,Pumping,Unknown,Water level accuracy is unknown,1,Department of Water Resources,NA,5167,United States Geological Survey
23496,351180N1206056W001,657203,1969-10-07T00:00:00Z,84.23,84.23,0,96.4,-12.17,96.4,96.4,Pumping,Unknown,Water level accuracy is unknown,1,Department of Water Resources,NA,5167,United States Geological Survey
23496,351180N1206056W001,657202,1969-05-13T00:00:00Z,84.23,84.23,0,88.7,-4.47,88.7,88.7,Pumping,Unknown,Water level accuracy is unknown,1,Department of Water Resources,NA,5167,United States Geological Survey
23496,351180N1206056W001,657201,1969-03-19T00:00:00Z,84.23,84.23,0,76,8.23,76,76,NA,Unknown,Water level accuracy is unknown,1,Department of Water Resources,NA,5167,United States Geological Survey
23496,351180N1206056W001,657200,1968-10-01T00:00:00Z,84.23,84.23,0,90,-5.77,90,90,Pumping,Unknown,Water level accuracy is unknown,1,Department of Water Resources,NA,5167,United States Geological Survey
23496,351180N1206056W001,657199,1968-04-18T00:00:00Z,84.23,84.23,0,97.5,-13.27,97.5,97.5,Pumping,Unknown,Water level accuracy is unknown,1,Department of Water Resources,NA,5167,United States Geological Survey
23496,351180N1206056W001,657198,1967-10-04T00:00:00Z,84.23,84.23,0,96.4,-12.17,96.4,96.4,Pumping,Unknown,Water level accuracy is unknown,1,Department of Water Resources,NA,5167,United States Geological Survey
23496,351180N1206056W001,657197,1967-03-27T00:00:00Z,84.23,84.23,0,77.2,7.03,77.2,77.2,NA,Unknown,Water level accuracy is unknown,1,Department of Water Resources,NA,5167,United States Geological Survey
23496,351180N1206056W001,657196,1966-10-21T00:00:00Z,84.23,84.23,0,83.2,1.03,83.2,83.2,Pumping,Unknown,Water level accuracy is unknown,1,Department of Water Resources,NA,5167,United States Geological Survey
23496,351180N1206056W001,657195,1966-04-12T00:00:00Z,84.23,84.23,0,78.5,5.73,78.5,78.5,NA,Unknown,Water level accuracy is unknown,1,Department of Water Resources,NA,5167,United States Geological Survey
23496,351180N1206056W001,657194,1965-10-13T00:00:00Z,84.23,84.23,0,97.5,-13.27,97.5,97.5,Pumping,Unknown,Water level accuracy is unknown,1,Department of Water Resources,NA,5167,United States Geological Survey
23496,351180N1206056W001,657193,1965-04-28T00:00:00Z,84.23,84.23,0,75.4,8.83,75.4,75.4,NA,Unknown,Water level accuracy is unknown,1,Department of Water Resources,NA,5167,United States Geological Survey
