STN_ID,SITE_CODE,WLM_ID,MSMT_DATE,WLM_RPE,WLM_GSE,RDNG_WS,RDNG_RP,WSE,RPE_WSE,GSE_WSE,WLM_QA_DESC,WLM_DESC,WLM_ACC_DESC,WLM_ORG_ID,WLM_ORG_NAME,MSMT_CMT,COOP_AGENCY_ORG_ID,COOP_ORG_NAME
24474,390291N1219319W001,2662349,2020-08-03T12:00:00Z,32.62,32.42,3.6,50,-13.78,46.4,46.2,NA,Steel tape measurement,Water level accuracy to nearest tenth of a foot,1,Department of Water Resources,NA,1,Department of Water Resources
24474,390291N1219319W001,2539766,2020-03-09T12:00:00Z,32.62,32.42,4.9,20,17.52,15.1,14.9,NA,Steel tape measurement,Water level accuracy to nearest tenth of a foot,1,Department of Water Resources,NA,1,Department of Water Resources
24474,390291N1219319W001,2480446,2019-10-15T12:00:00Z,32.62,32.42,9,35,6.62,26,25.8,NA,Steel tape measurement,Water level accuracy to nearest tenth of a foot,1,Department of Water Resources,NA,1,Department of Water Resources
24474,390291N1219319W001,2473588,2019-07-30T12:00:00Z,32.62,32.42,8.9,50,-8.48,41.1,40.9,NA,Steel tape measurement,Water level accuracy to nearest tenth of a foot,1,Department of Water Resources,NA,1,Department of Water Resources
24474,390291N1219319W001,2451994,2019-03-18T12:00:00Z,32.62,32.42,18.9,29,22.52,10.1,9.9,NA,Steel tape measurement,Water level accuracy to nearest tenth of a foot,1,Department of Water Resources,NA,1,Department of Water Resources
24474,390291N1219319W001,2413236,2018-10-15T12:00:00Z,32.62,32.42,13.7,40,6.32,26.3,26.1,NA,Steel tape measurement,Water level accuracy to nearest tenth of a foot,1,Department of Water Resources,NA,1,Department of Water Resources
24474,390291N1219319W001,2308250,2018-08-06T12:00:00Z,32.62,32.42,12.4,55,-9.98,42.6,42.4,NA,Steel tape measurement,Water level accuracy to nearest tenth of a foot,1,Department of Water Resources,NA,1,Department of Water Resources
24474,390291N1219319W001,2285504,2018-03-19T12:00:00Z,32.62,32.42,24.9,40,17.52,15.1,14.9,NA,Steel tape measurement,Water level accuracy to nearest tenth of a foot,1,Department of Water Resources,NA,1,Department of Water Resources
24474,390291N1219319W001,2266520,2017-10-10T12:00:00Z,32.62,32.42,9.3,35,6.92,25.7,25.5,NA,Steel tape measurement,Water level accuracy to nearest tenth of a foot,1,Department of Water Resources,NA,1,Department of Water Resources
24474,390291N1219319W001,2260418,2017-08-01T12:00:00Z,32.62,32.42,2.2,50,-15.18,47.8,47.6,NA,Steel tape measurement,Water level accuracy to nearest tenth of a foot,1,Department of Water Resources,NA,1,Department of Water Resources
24474,390291N1219319W001,2234961,2017-03-14T12:00:00Z,32.62,32.42,15.3,25,22.92,9.7,9.5,NA,Steel tape measurement,Water level accuracy to nearest tenth of a foot,1,Department of Water Resources,NA,1,Department of Water Resources
24474,390291N1219319W001,2214568,2016-10-11T12:00:00Z,32.62,32.42,7,35,4.62,28,27.8,NA,Steel tape measurement,Water level accuracy to nearest tenth of a foot,1,Department of Water Resources,NA,1,Department of Water Resources
24474,390291N1219319W001,2204941,2016-08-01T12:00:00Z,32.62,32.42,11.2,59,-15.18,47.8,47.6,NA,Steel tape measurement,Water level accuracy to nearest tenth of a foot,1,Department of Water Resources,NA,1,Department of Water Resources
24474,390291N1219319W001,2198551,2016-06-07T12:00:00Z,32.62,32.42,12.1,55,-10.28,42.9,42.7,NA,Steel tape measurement,Water level accuracy to nearest tenth of a foot,1,Department of Water Resources,NA,1,Department of Water Resources
24474,390291N1219319W001,2183836,2016-03-14T00:00:00Z,32.62,32.42,9.6,25,17.22,15.4,15.2,NA,Steel tape measurement,Water level accuracy to nearest tenth of a foot,1,Department of Water Resources,NA,1,Department of Water Resources
24474,390291N1219319W001,2158299,2015-10-12T00:00:00Z,32.62,32.42,19.4,50,2.02,30.6,30.4,NA,Steel tape measurement,Water level accuracy to nearest tenth of a foot,1,Department of Water Resources,NA,1,Department of Water Resources
24474,390291N1219319W001,2149937,2015-08-03T00:00:00Z,32.62,32.42,5.3,56,-18.08,50.7,50.5,NA,Steel tape measurement,Water level accuracy to nearest tenth of a foot,1,Department of Water Resources,NA,1,Department of Water Resources
24474,390291N1219319W001,2140993,2015-06-02T00:00:00Z,32.62,32.42,3.8,50,-13.58,46.2,46,NA,Steel tape measurement,Water level accuracy to nearest tenth of a foot,1,Department of Water Resources,NA,1,Department of Water Resources
24474,390291N1219319W001,2130396,2015-03-18T00:00:00Z,32.62,32.42,0.8,20,13.42,19.2,19,NA,Steel tape measurement,Water level accuracy to nearest tenth of a foot,1,Department of Water Resources,NA,1,Department of Water Resources
24474,390291N1219319W001,2028990,2014-10-14T00:00:00Z,32.62,32.42,6.9,40,-0.48,33.1,32.9,NA,Steel tape measurement,Water level accuracy to nearest tenth of a foot,1,Department of Water Resources,NA,1,Department of Water Resources
24474,390291N1219319W001,1994885,2014-08-05T00:00:00Z,32.62,32.42,6.2,53,-14.18,46.8,46.6,NA,Steel tape measurement,Water level accuracy to nearest tenth of a foot,1,Department of Water Resources,NA,1,Department of Water Resources
24474,390291N1219319W001,1885254,2014-03-18T00:00:00Z,32.62,32.42,20.1,35,17.72,14.9,14.7,NA,Steel tape measurement,Water level accuracy to nearest tenth of a foot,1,Department of Water Resources,NA,1,Department of Water Resources
24474,390291N1219319W001,1797188,2013-10-15T00:00:00Z,32.62,32.42,1.7,25,9.32,23.3,23.1,NA,Steel tape measurement,Water level accuracy to nearest tenth of a foot,1,Department of Water Resources,NA,1,Department of Water Resources
24474,390291N1219319W001,1739094,2013-07-30T00:00:00Z,32.62,32.42,4.8,50,-12.58,45.2,45,NA,Steel tape measurement,Water level accuracy to nearest tenth of a foot,1,Department of Water Resources,NA,1,Department of Water Resources
24474,390291N1219319W001,1684971,2013-03-19T00:00:00Z,32.62,32.42,-0.9,16,15.72,16.9,16.7,NA,Steel tape measurement,Water level accuracy to nearest tenth of a foot,1,Department of Water Resources,NA,1,Department of Water Resources
24474,390291N1219319W001,69909,2012-10-17T00:00:00Z,32.62,32.42,0.2,23,9.82,22.8,22.6,NA,Steel tape measurement,Water level accuracy to nearest tenth of a foot,1,Department of Water Resources,NA,1,Department of Water Resources
24474,390291N1219319W001,69975,2012-10-17T00:00:00Z,32.62,32.42,0.2,23,9.82,22.8,22.6,NA,Steel tape measurement,Water level accuracy to nearest tenth of a foot,1,Department of Water Resources,NA,1,Department of Water Resources
24474,390291N1219319W001,70109,2012-10-17T00:00:00Z,32.62,32.42,0.2,23,9.82,22.8,22.6,NA,Steel tape measurement,Water level accuracy to nearest tenth of a foot,1,Department of Water Resources,NA,1,Department of Water Resources
24474,390291N1219319W001,70042,2012-10-17T00:00:00Z,32.62,32.42,0.2,23,9.82,22.8,22.6,NA,Steel tape measurement,Water level accuracy to nearest tenth of a foot,1,Department of Water Resources,NA,1,Department of Water Resources
24474,390291N1219319W001,69843,2012-10-17T00:00:00Z,32.62,32.42,0.2,23,9.82,22.8,22.6,NA,Steel tape measurement,Water level accuracy to nearest tenth of a foot,1,Department of Water Resources,NA,1,Department of Water Resources
24474,390291N1219319W001,62963,2012-08-01T00:00:00Z,32.62,32.42,5.8,45,-6.58,39.2,39,NA,Steel tape measurement,Water level accuracy to nearest tenth of a foot,1,Department of Water Resources,NA,1,Department of Water Resources
24474,390291N1219319W001,55028,2012-03-29T00:00:00Z,32.62,32.42,0,12.37,20.25,12.37,12.17,NA,Electric sounder measurement,Water level accuracy to nearest hundredth of a foot,1,Department of Water Resources,NA,1,Department of Water Resources
24474,390291N1219319W001,41008,2011-10-12T00:00:00Z,32.62,32.42,0,20.19,12.43,20.19,19.99,NA,Electric sounder measurement,Water level accuracy to nearest hundredth of a foot,1,Department of Water Resources,NA,1,Department of Water Resources
24474,390291N1219319W001,1155396,2011-10-12T00:00:00Z,32.62,32.42,0,20.19,12.43,20.19,19.99,NA,Unknown,Water level accuracy is unknown,1,Department of Water Resources,NA,1,Department of Water Resources
24474,390291N1219319W001,1155395,2011-08-02T00:00:00Z,32.62,32.42,0,35,-2.38,35,34.8,NA,Unknown,Water level accuracy is unknown,1,Department of Water Resources,NA,1,Department of Water Resources
24474,390291N1219319W001,1155394,2011-04-08T00:00:00Z,32.62,32.42,0,5.9,26.72,5.9,5.7,NA,Unknown,Water level accuracy is unknown,1,Department of Water Resources,NA,1,Department of Water Resources
24474,390291N1219319W001,1155393,2010-10-20T00:00:00Z,32.62,32.42,0,19,13.62,19,18.8,NA,Unknown,Water level accuracy is unknown,1,Department of Water Resources,NA,1,Department of Water Resources
24474,390291N1219319W001,1155392,2010-08-03T00:00:00Z,32.62,32.42,0,38.2,-5.58,38.2,38,NA,Unknown,Water level accuracy is unknown,1,Department of Water Resources,NA,1,Department of Water Resources
24474,390291N1219319W001,1155391,2010-03-25T00:00:00Z,32.62,32.42,0,7,25.62,7,6.8,NA,Unknown,Water level accuracy is unknown,1,Department of Water Resources,NA,1,Department of Water Resources
24474,390291N1219319W001,1155390,2009-10-22T00:00:00Z,32.62,32.42,0,20.8,11.82,20.8,20.6,NA,Unknown,Water level accuracy is unknown,1,Department of Water Resources,NA,1,Department of Water Resources
24474,390291N1219319W001,1155389,2009-09-16T00:00:00Z,32.62,32.42,NA,NA,NA,NA,NA,Special/Other,NA,NA,1,Department of Water Resources,SKIPPED,1,Department of Water Resources
24474,390291N1219319W001,1155388,2009-08-03T00:00:00Z,32.62,32.42,0,41.7,-9.08,41.7,41.5,NA,Unknown,Water level accuracy is unknown,1,Department of Water Resources,NA,1,Department of Water Resources
24474,390291N1219319W001,1155376,2009-06-17T00:00:00Z,32.62,32.42,0,35.6,-2.98,35.6,35.4,NA,Unknown,Water level accuracy is unknown,1,Department of Water Resources,NA,1,Department of Water Resources
24474,390291N1219319W001,1155387,2004-03-11T00:00:00Z,32.62,32.42,0,4.66,27.96,4.66,4.46,NA,Unknown,Water level accuracy is unknown,1,Department of Water Resources,NA,1,Department of Water Resources
24474,390291N1219319W001,1155386,2004-02-10T00:00:00Z,32.62,32.42,0,6.04,26.58,6.04,5.84,NA,Unknown,Water level accuracy is unknown,1,Department of Water Resources,NA,1,Department of Water Resources
24474,390291N1219319W001,1155385,2004-01-21T00:00:00Z,32.62,32.42,0,7.91,24.71,7.91,7.71,NA,Unknown,Water level accuracy is unknown,1,Department of Water Resources,NA,1,Department of Water Resources
24474,390291N1219319W001,1155384,2003-11-19T00:00:00Z,32.62,32.42,0,13.96,18.66,13.96,13.76,NA,Unknown,Water level accuracy is unknown,1,Department of Water Resources,NA,1,Department of Water Resources
24474,390291N1219319W001,1155383,2003-10-22T00:00:00Z,32.62,32.42,0,18.4,14.22,18.4,18.2,NA,Unknown,Water level accuracy is unknown,1,Department of Water Resources,NA,1,Department of Water Resources
24474,390291N1219319W001,1155382,2003-09-22T00:00:00Z,32.62,32.42,0,22.64,9.98,22.64,22.44,NA,Unknown,Water level accuracy is unknown,1,Department of Water Resources,NA,1,Department of Water Resources
24474,390291N1219319W001,1155381,2003-08-21T00:00:00Z,32.62,32.42,0,31.68,0.94,31.68,31.48,NA,Unknown,Water level accuracy is unknown,1,Department of Water Resources,NA,1,Department of Water Resources
24474,390291N1219319W001,1155380,2003-07-18T00:00:00Z,32.62,32.42,0,32.67,-0.05,32.67,32.47,NA,Unknown,Water level accuracy is unknown,1,Department of Water Resources,NA,1,Department of Water Resources
24474,390291N1219319W001,1155379,2003-06-25T00:00:00Z,32.62,32.42,0,24.3,8.32,24.3,24.1,NA,Unknown,Water level accuracy is unknown,1,Department of Water Resources,NA,1,Department of Water Resources
24474,390291N1219319W001,1155378,2003-05-23T00:00:00Z,32.62,32.42,0,9.2,23.42,9.2,9,NA,Unknown,Water level accuracy is unknown,1,Department of Water Resources,NA,1,Department of Water Resources
24474,390291N1219319W001,1155377,2003-04-23T00:00:00Z,32.62,32.42,0,10.5,22.12,10.5,10.3,NA,Unknown,Water level accuracy is unknown,1,Department of Water Resources,NA,1,Department of Water Resources
