STN_ID,SITE_CODE,WLM_ID,MSMT_DATE,WLM_RPE,WLM_GSE,RDNG_WS,RDNG_RP,WSE,RPE_WSE,GSE_WSE,WLM_QA_DESC,WLM_DESC,WLM_ACC_DESC,WLM_ORG_ID,WLM_ORG_NAME,MSMT_CMT,COOP_AGENCY_ORG_ID,COOP_ORG_NAME
24662,403929N1222945W001,2662701,2020-09-16T00:00:00Z,460.33,457.84,0,74.31,386.02,74.31,71.82,NA,Electric sounder measurement,Water level accuracy to nearest hundredth of a foot,1,Department of Water Resources,WTM,1,Department of Water Resources
24662,403929N1222945W001,2662688,2020-09-09T00:00:00Z,460.33,457.84,0,74.04,386.29,74.04,71.55,NA,Electric sounder measurement,Water level accuracy to nearest hundredth of a foot,1,Department of Water Resources,WTM,1,Department of Water Resources
24662,403929N1222945W001,2662052,2020-09-02T00:00:00Z,460.33,457.84,0,73.94,386.39,73.94,71.45,NA,Electric sounder measurement,Water level accuracy to nearest hundredth of a foot,1,Department of Water Resources,WTM,1,Department of Water Resources
24662,403929N1222945W001,2661711,2020-08-26T00:00:00Z,460.33,457.84,0,73.69,386.64,73.69,71.2,NA,Electric sounder measurement,Water level accuracy to nearest hundredth of a foot,1,Department of Water Resources,WTM,1,Department of Water Resources
24662,403929N1222945W001,2661698,2020-08-19T00:00:00Z,460.33,457.84,0,73.39,386.94,73.39,70.9,NA,Electric sounder measurement,Water level accuracy to nearest hundredth of a foot,1,Department of Water Resources,WTM,1,Department of Water Resources
24662,403929N1222945W001,2661685,2020-08-11T00:00:00Z,460.33,457.84,0,72.92,387.41,72.92,70.43,NA,Electric sounder measurement,Water level accuracy to nearest hundredth of a foot,1,Department of Water Resources,WTM,1,Department of Water Resources
24662,403929N1222945W001,2660860,2020-08-04T12:00:00Z,460.33,457.84,0,73,387.33,73,70.51,NA,Electric sounder measurement,Water level accuracy to nearest hundredth of a foot,1,Department of Water Resources,NA,1,Department of Water Resources
24662,403929N1222945W001,2661672,2020-07-29T00:00:00Z,460.33,457.84,0,72.68,387.65,72.68,70.19,NA,Electric sounder measurement,Water level accuracy to nearest hundredth of a foot,1,Department of Water Resources,WTM,1,Department of Water Resources
24662,403929N1222945W001,2661659,2020-07-22T00:00:00Z,460.33,457.84,0,72.04,388.29,72.04,69.55,NA,Electric sounder measurement,Water level accuracy to nearest hundredth of a foot,1,Department of Water Resources,WTM,1,Department of Water Resources
24662,403929N1222945W001,2661646,2020-07-15T00:00:00Z,460.33,457.84,0,71.48,388.85,71.48,68.99,NA,Electric sounder measurement,Water level accuracy to nearest hundredth of a foot,1,Department of Water Resources,WTM,1,Department of Water Resources
24662,403929N1222945W001,2538918,2020-03-13T12:00:00Z,460.33,457.84,0,67.17,393.16,67.17,64.68,NA,Electric sounder measurement,Water level accuracy to nearest hundredth of a foot,1,Department of Water Resources,NA,1,Department of Water Resources
24662,403929N1222945W001,2480134,2019-10-18T12:00:00Z,460.33,457.84,0,65.95,394.38,65.95,63.46,NA,Electric sounder measurement,Water level accuracy to nearest hundredth of a foot,1,Department of Water Resources,NA,1,Department of Water Resources
24662,403929N1222945W001,2473657,2019-07-29T12:00:00Z,460.33,457.84,0,69.4,390.93,69.4,66.91,NA,Electric sounder measurement,Water level accuracy to nearest hundredth of a foot,1,Department of Water Resources,NA,1,Department of Water Resources
24662,403929N1222945W001,2451448,2019-03-22T12:00:00Z,460.33,457.84,0,65.95,394.38,65.95,63.46,NA,Electric sounder measurement,Water level accuracy to nearest tenth of a foot,1,Department of Water Resources,NA,1,Department of Water Resources
24662,403929N1222945W001,2413665,2018-10-17T12:00:00Z,460.33,457.84,0,70.3,390.03,70.3,67.81,NA,Electric sounder measurement,Water level accuracy to nearest tenth of a foot,1,Department of Water Resources,NA,1,Department of Water Resources
24662,403929N1222945W001,2308458,2018-08-07T12:00:00Z,460.33,457.84,0,70.3,390.03,70.3,67.81,NA,Electric sounder measurement,Water level accuracy to nearest tenth of a foot,1,Department of Water Resources,NA,1,Department of Water Resources
24662,403929N1222945W001,2286560,2018-03-19T12:00:00Z,460.33,457.84,0,67.38,392.95,67.38,64.89,NA,Electric sounder measurement,Water level accuracy to nearest tenth of a foot,1,Department of Water Resources,NA,1,Department of Water Resources
24662,403929N1222945W001,2266674,2017-10-12T12:00:00Z,460.33,457.84,0,70.45,389.88,70.45,67.96,NA,Electric sounder measurement,Water level accuracy to nearest tenth of a foot,1,Department of Water Resources,NA,1,Department of Water Resources
24662,403929N1222945W001,2260638,2017-08-01T12:00:00Z,460.33,457.84,0,69.8,390.53,69.8,67.31,NA,Electric sounder measurement,Water level accuracy to nearest tenth of a foot,1,Department of Water Resources,NA,1,Department of Water Resources
24662,403929N1222945W001,2237204,2017-03-13T12:00:00Z,460.33,457.84,0,65.5,394.83,65.5,63.01,NA,Electric sounder measurement,Water level accuracy to nearest tenth of a foot,1,Department of Water Resources,NA,1,Department of Water Resources
24662,403929N1222945W001,2215586,2016-10-10T12:00:00Z,460.33,457.84,0,70.55,389.78,70.55,68.06,NA,Electric sounder measurement,Water level accuracy to nearest tenth of a foot,1,Department of Water Resources,NA,1,Department of Water Resources
24662,403929N1222945W001,2206264,2016-08-01T12:00:00Z,460.33,457.84,0,70.7,389.63,70.7,68.21,NA,Electric sounder measurement,Water level accuracy to nearest tenth of a foot,1,Department of Water Resources,NA,1,Department of Water Resources
24662,403929N1222945W001,2197699,2016-06-07T12:00:00Z,460.33,457.84,0,68.9,391.43,68.9,66.41,NA,Electric sounder measurement,Water level accuracy to nearest tenth of a foot,1,Department of Water Resources,NA,1,Department of Water Resources
24662,403929N1222945W001,2184245,2016-03-16T05:00:00Z,460.331,457.841,0,68.55,391.781,68.55,66.06,NA,Electric sounder measurement,Water level accuracy to nearest tenth of a foot,1,Department of Water Resources,NA,1,Department of Water Resources
24662,403929N1222945W001,2182436,2016-02-19T00:00:00Z,460.331,457.841,0,69.05,391.281,69.05,66.56,NA,Electric sounder measurement,Water level accuracy to nearest tenth of a foot,1,Department of Water Resources,NA,1,Department of Water Resources
24662,403929N1222945W001,2180837,2016-01-21T00:00:00Z,460.331,457.841,0,69.95,390.381,69.95,67.46,NA,Electric sounder measurement,Water level accuracy to nearest tenth of a foot,1,Department of Water Resources,NA,1,Department of Water Resources
24662,403929N1222945W001,2177493,2015-12-17T00:00:00Z,460.331,457.841,0,71.4,388.931,71.4,68.91,NA,Electric sounder measurement,Water level accuracy to nearest tenth of a foot,1,Department of Water Resources,NA,1,Department of Water Resources
24662,403929N1222945W001,2175568,2015-11-19T00:00:00Z,460.331,457.841,0,72.35,387.981,72.35,69.86,NA,Electric sounder measurement,Water level accuracy to nearest tenth of a foot,1,Department of Water Resources,NA,1,Department of Water Resources
24662,403929N1222945W001,2164204,2015-10-29T00:00:00Z,460.331,457.841,0,73.3,387.031,73.3,70.81,NA,Electric sounder measurement,Water level accuracy to nearest tenth of a foot,1,Department of Water Resources,NA,1,Department of Water Resources
24662,403929N1222945W001,2164191,2015-10-21T00:00:00Z,460.331,457.841,0,73.95,386.381,73.95,71.46,NA,Electric sounder measurement,Water level accuracy to nearest tenth of a foot,1,Department of Water Resources,NA,1,Department of Water Resources
24662,403929N1222945W001,2161958,2015-10-14T05:00:00Z,460.331,457.841,0,74.35,385.981,74.35,71.86,NA,Electric sounder measurement,Water level accuracy to nearest tenth of a foot,1,Department of Water Resources,NA,1,Department of Water Resources
24662,403929N1222945W001,2156619,2015-10-08T00:00:00Z,460.331,457.841,0,74.7,385.631,74.7,72.21,NA,Electric sounder measurement,Water level accuracy to nearest tenth of a foot,1,Department of Water Resources,NA,1,Department of Water Resources
24662,403929N1222945W001,2156428,2015-10-01T00:00:00Z,460.331,457.841,0,75.9,384.431,75.9,73.41,NA,Electric sounder measurement,Water level accuracy to nearest tenth of a foot,1,Department of Water Resources,NA,1,Department of Water Resources
24662,403929N1222945W001,2156415,2015-09-24T00:00:00Z,460.331,457.841,0,75.75,384.581,75.75,73.26,Nearby pump operating,Electric sounder measurement,Water level accuracy to nearest tenth of a foot,1,Department of Water Resources,NA,1,Department of Water Resources
24662,403929N1222945W001,2156402,2015-09-18T00:00:00Z,460.331,457.841,0,75.95,384.381,75.95,73.46,Nearby pump operating,Electric sounder measurement,Water level accuracy to nearest tenth of a foot,1,Department of Water Resources,NA,1,Department of Water Resources
24662,403929N1222945W001,2151706,2015-09-10T00:00:00Z,460.331,457.841,0,76.05,384.281,76.05,73.56,Nearby pump operating,Electric sounder measurement,Water level accuracy to nearest tenth of a foot,1,Department of Water Resources,NA,1,Department of Water Resources
24662,403929N1222945W001,2151693,2015-09-03T00:00:00Z,460.331,457.841,0,76.2,384.131,76.2,73.71,Nearby pump operating,Electric sounder measurement,Water level accuracy to nearest tenth of a foot,1,Department of Water Resources,NA,1,Department of Water Resources
24662,403929N1222945W001,2151678,2015-08-28T00:00:00Z,460.331,457.841,0,76.2,384.131,76.2,73.71,Nearby pump operating,Electric sounder measurement,Water level accuracy to nearest tenth of a foot,1,Department of Water Resources,NA,1,Department of Water Resources
24662,403929N1222945W001,2151664,2015-08-21T00:00:00Z,460.331,457.841,NA,NA,NA,NA,NA,Temporarily inaccessible,NA,NA,1,Department of Water Resources,NA,1,Department of Water Resources
24662,403929N1222945W001,2149855,2015-08-04T05:00:00Z,460.331,457.841,0,75.8,384.531,75.8,73.31,Nearby pump operating,Electric sounder measurement,Water level accuracy to nearest tenth of a foot,1,Department of Water Resources,NA,1,Department of Water Resources
24662,403929N1222945W001,2151637,2015-07-31T00:00:00Z,460.331,457.841,0,75.85,384.481,75.85,73.36,Nearby pump operating,Electric sounder measurement,Water level accuracy to nearest tenth of a foot,1,Department of Water Resources,NA,1,Department of Water Resources
24662,403929N1222945W001,2151651,2015-07-31T00:00:00Z,460.331,457.841,0,75.85,384.481,75.85,73.36,Nearby pump operating,Electric sounder measurement,Water level accuracy to nearest tenth of a foot,1,Department of Water Resources,NA,1,Department of Water Resources
24662,403929N1222945W001,2151624,2015-07-24T00:00:00Z,460.331,457.841,0,75.5,384.831,75.5,73.01,Nearby pump operating,Electric sounder measurement,Water level accuracy to nearest tenth of a foot,1,Department of Water Resources,NA,1,Department of Water Resources
24662,403929N1222945W001,2151610,2015-07-17T00:00:00Z,460.331,457.841,0,75.1,385.231,75.1,72.61,Nearby pump operating,Electric sounder measurement,Water level accuracy to nearest tenth of a foot,1,Department of Water Resources,NA,1,Department of Water Resources
24662,403929N1222945W001,2151596,2015-07-09T00:00:00Z,460.331,457.841,0,74.9,385.431,74.9,72.41,Nearby pump operating,Electric sounder measurement,Water level accuracy to nearest tenth of a foot,1,Department of Water Resources,NA,1,Department of Water Resources
24662,403929N1222945W001,2143588,2015-07-02T00:00:00Z,460.331,457.841,0,74.75,385.581,74.75,72.26,Nearby pump operating,Electric sounder measurement,Water level accuracy to nearest tenth of a foot,1,Department of Water Resources,NA,1,Department of Water Resources
24662,403929N1222945W001,2143035,2015-06-26T00:00:00Z,460.331,457.841,0,74.6,385.731,74.6,72.11,Nearby pump operating,Electric sounder measurement,Water level accuracy to nearest tenth of a foot,1,Department of Water Resources,NA,1,Department of Water Resources
24662,403929N1222945W001,2142602,2015-06-19T00:00:00Z,460.331,457.841,0,73.8,386.531,73.8,71.31,Nearby pump operating,Electric sounder measurement,Water level accuracy to nearest tenth of a foot,1,Department of Water Resources,NA,1,Department of Water Resources
24662,403929N1222945W001,2141551,2015-06-09T00:00:00Z,460.331,457.841,0,73.6,386.731,73.6,71.11,Nearby pump operating,Electric sounder measurement,Water level accuracy to nearest tenth of a foot,1,Department of Water Resources,NA,1,Department of Water Resources
24662,403929N1222945W001,2141567,2015-06-01T05:00:00Z,460.331,457.841,0,73.2,387.131,73.2,70.71,Nearby pump operating,Electric sounder measurement,Water level accuracy to nearest tenth of a foot,1,Department of Water Resources,NA,1,Department of Water Resources
24662,403929N1222945W001,2141538,2015-05-29T00:00:00Z,460.331,457.841,0,72.9,387.431,72.9,70.41,Nearby pump operating,Electric sounder measurement,Water level accuracy to nearest tenth of a foot,1,Department of Water Resources,NA,1,Department of Water Resources
24662,403929N1222945W001,2139385,2015-05-22T00:00:00Z,460.331,457.841,0,72.3,388.031,72.3,69.81,Nearby pump operating,Electric sounder measurement,Water level accuracy to nearest tenth of a foot,1,Department of Water Resources,NA,1,Department of Water Resources
24662,403929N1222945W001,2137818,2015-05-14T00:00:00Z,460.331,457.841,0,71.55,388.781,71.55,69.06,Nearby pump operating,Electric sounder measurement,Water level accuracy to nearest tenth of a foot,1,Department of Water Resources,NA,1,Department of Water Resources
24662,403929N1222945W001,2137805,2015-05-05T00:00:00Z,460.331,457.841,0,70.05,390.281,70.05,67.56,NA,Electric sounder measurement,Water level accuracy to nearest tenth of a foot,1,Department of Water Resources,NA,1,Department of Water Resources
24662,403929N1222945W001,2135717,2015-04-17T00:00:00Z,460.331,457.841,0,69.45,390.881,69.45,66.96,NA,Electric sounder measurement,Water level accuracy to nearest tenth of a foot,1,Department of Water Resources,NA,1,Department of Water Resources
24662,403929N1222945W001,2119107,2015-03-18T05:00:00Z,460.331,457.841,0,69.1,391.231,69.1,66.61,NA,Electric sounder measurement,Water level accuracy to nearest tenth of a foot,1,Department of Water Resources,NA,1,Department of Water Resources
24662,403929N1222945W001,2115060,2015-02-20T00:00:00Z,460.331,457.841,0,69,391.331,69,66.51,NA,Electric sounder measurement,Water level accuracy to nearest tenth of a foot,1,Department of Water Resources,NA,1,Department of Water Resources
24662,403929N1222945W001,2113189,2015-01-23T00:00:00Z,460.331,457.841,0,69.7,390.631,69.7,67.21,NA,Electric sounder measurement,Water level accuracy to nearest tenth of a foot,1,Department of Water Resources,NA,1,Department of Water Resources
24662,403929N1222945W001,2109203,2014-12-18T00:00:00Z,460.331,457.841,0,70.6,389.731,70.6,68.11,NA,Electric sounder measurement,Water level accuracy to nearest tenth of a foot,1,Department of Water Resources,NA,1,Department of Water Resources
24662,403929N1222945W001,2107031,2014-11-20T00:00:00Z,460.331,457.841,0,72,388.331,72,69.51,NA,Electric sounder measurement,Water level accuracy to nearest tenth of a foot,1,Department of Water Resources,NA,1,Department of Water Resources
24662,403929N1222945W001,2029698,2014-10-30T00:00:00Z,460.331,457.841,0,72.9,387.431,72.9,70.41,NA,Electric sounder measurement,Water level accuracy to nearest tenth of a foot,1,Department of Water Resources,NA,1,Department of Water Resources
24662,403929N1222945W001,2026924,2014-10-24T00:00:00Z,460.331,457.841,0,73.3,387.031,73.3,70.81,NA,Electric sounder measurement,Water level accuracy to nearest tenth of a foot,1,Department of Water Resources,NA,1,Department of Water Resources
24662,403929N1222945W001,2027167,2014-10-13T05:00:00Z,460.331,457.841,0,74.2,386.131,74.2,71.71,NA,Electric sounder measurement,Water level accuracy to nearest tenth of a foot,1,Department of Water Resources,NA,1,Department of Water Resources
24662,403929N1222945W001,2021988,2014-10-10T00:00:00Z,460.331,457.841,0,74.4,385.931,74.4,71.91,NA,Electric sounder measurement,Water level accuracy to nearest tenth of a foot,1,Department of Water Resources,NA,1,Department of Water Resources
24662,403929N1222945W001,2015964,2014-10-03T00:00:00Z,460.331,457.841,0,75.3,385.031,75.3,72.81,NA,Electric sounder measurement,Water level accuracy to nearest tenth of a foot,1,Department of Water Resources,NA,1,Department of Water Resources
24662,403929N1222945W001,2002666,2014-09-25T00:00:00Z,460.331,457.841,0,76.5,383.831,76.5,74.01,Nearby pump operating,Electric sounder measurement,Water level accuracy to nearest tenth of a foot,1,Department of Water Resources,NA,1,Department of Water Resources
24662,403929N1222945W001,2002361,2014-09-18T00:00:00Z,460.331,457.841,0,76.5,383.831,76.5,74.01,Nearby pump operating,Electric sounder measurement,Water level accuracy to nearest tenth of a foot,1,Department of Water Resources,NA,1,Department of Water Resources
24662,403929N1222945W001,2001902,2014-09-11T00:00:00Z,460.331,457.841,0,76.5,383.831,76.5,74.01,Nearby pump operating,Electric sounder measurement,Water level accuracy to nearest tenth of a foot,1,Department of Water Resources,NA,1,Department of Water Resources
24662,403929N1222945W001,2001283,2014-09-04T00:00:00Z,460.331,457.841,0,76,384.331,76,73.51,Nearby pump operating,Electric sounder measurement,Water level accuracy to nearest tenth of a foot,1,Department of Water Resources,NA,1,Department of Water Resources
24662,403929N1222945W001,1997940,2014-08-27T00:00:00Z,460.331,457.841,0,76.3,384.031,76.3,73.81,Nearby pump operating,Electric sounder measurement,Water level accuracy to nearest tenth of a foot,1,Department of Water Resources,NA,1,Department of Water Resources
24662,403929N1222945W001,1995532,2014-08-20T00:00:00Z,460.331,457.841,0,76.2,384.131,76.2,73.71,Nearby pump operating,Electric sounder measurement,Water level accuracy to nearest tenth of a foot,1,Department of Water Resources,NA,1,Department of Water Resources
24662,403929N1222945W001,1995273,2014-08-13T00:00:00Z,460.331,457.841,0,76,384.331,76,73.51,Nearby pump operating,Electric sounder measurement,Water level accuracy to nearest tenth of a foot,1,Department of Water Resources,NA,1,Department of Water Resources
24662,403929N1222945W001,1995222,2014-08-05T00:00:00Z,460.331,457.841,0,76.25,384.081,76.25,73.76,NA,Electric sounder measurement,Water level accuracy to nearest tenth of a foot,1,Department of Water Resources,NA,1,Department of Water Resources
24662,403929N1222945W001,1993043,2014-07-29T00:00:00Z,460.331,457.841,0,76,384.331,76,73.51,Nearby pump operating,Electric sounder measurement,Water level accuracy to nearest tenth of a foot,1,Department of Water Resources,NA,1,Department of Water Resources
24662,403929N1222945W001,1992717,2014-07-23T00:00:00Z,460.331,457.841,0,75.7,384.631,75.7,73.21,Nearby pump operating,Electric sounder measurement,Water level accuracy to nearest tenth of a foot,1,Department of Water Resources,NA,1,Department of Water Resources
24662,403929N1222945W001,1992403,2014-07-17T00:00:00Z,460.331,457.841,0,75.6,384.731,75.6,73.11,Nearby pump operating,Electric sounder measurement,Water level accuracy to nearest tenth of a foot,1,Department of Water Resources,NA,1,Department of Water Resources
24662,403929N1222945W001,1992374,2014-07-10T00:00:00Z,460.331,457.841,0,75.15,385.181,75.15,72.66,Nearby pump operating,Electric sounder measurement,Water level accuracy to nearest tenth of a foot,1,Department of Water Resources,NA,1,Department of Water Resources
24662,403929N1222945W001,1992361,2014-07-02T00:00:00Z,460.331,457.841,0,74.5,385.831,74.5,72.01,Nearby pump operating,Electric sounder measurement,Water level accuracy to nearest tenth of a foot,1,Department of Water Resources,NA,1,Department of Water Resources
24662,403929N1222945W001,1992348,2014-06-25T00:00:00Z,460.331,457.841,0,74.3,386.031,74.3,71.81,Nearby pump operating,Electric sounder measurement,Water level accuracy to nearest tenth of a foot,1,Department of Water Resources,NA,1,Department of Water Resources
24662,403929N1222945W001,1990427,2014-06-18T00:00:00Z,460.331,457.841,0,74.1,386.231,74.1,71.61,Nearby pump operating,Electric sounder measurement,Water level accuracy to nearest tenth of a foot,1,Department of Water Resources,NA,1,Department of Water Resources
24662,403929N1222945W001,1990351,2014-06-11T00:00:00Z,460.331,457.841,0,73.5,386.831,73.5,71.01,Nearby pump operating,Electric sounder measurement,Water level accuracy to nearest tenth of a foot,1,Department of Water Resources,NA,1,Department of Water Resources
24662,403929N1222945W001,1990315,2014-06-05T00:00:00Z,460.331,457.841,0,72.85,387.481,72.85,70.36,Nearby pump operating,Electric sounder measurement,Water level accuracy to nearest tenth of a foot,1,Department of Water Resources,NA,1,Department of Water Resources
24662,403929N1222945W001,1976012,2014-04-15T00:00:00Z,460.331,457.841,0,69.1,391.231,69.1,66.61,NA,Electric sounder measurement,Water level accuracy to nearest tenth of a foot,1,Department of Water Resources,NA,1,Department of Water Resources
24662,403929N1222945W001,1879836,2014-03-17T00:00:00Z,460.331,457.841,0,69.25,391.081,69.25,66.76,NA,Electric sounder measurement,Water level accuracy to nearest tenth of a foot,1,Department of Water Resources,NA,1,Department of Water Resources
24662,403929N1222945W001,1875632,2014-02-20T00:00:00Z,460.331,457.841,0,69.8,390.531,69.8,67.31,NA,Electric sounder measurement,Water level accuracy to nearest tenth of a foot,1,Department of Water Resources,NA,1,Department of Water Resources
24662,403929N1222945W001,1823368,2014-01-15T00:00:00Z,460.331,457.841,0,70.3,390.031,70.3,67.81,NA,Electric sounder measurement,Water level accuracy to nearest tenth of a foot,1,Department of Water Resources,NA,1,Department of Water Resources
24662,403929N1222945W001,1809882,2013-12-17T00:00:00Z,460.331,457.841,0,70.4,389.931,70.4,67.91,NA,Electric sounder measurement,Water level accuracy to nearest tenth of a foot,1,Department of Water Resources,NA,1,Department of Water Resources
24662,403929N1222945W001,1807750,2013-11-21T00:00:00Z,460.331,457.841,0,71.2,389.131,71.2,68.71,NA,Electric sounder measurement,Water level accuracy to nearest tenth of a foot,1,Department of Water Resources,NA,1,Department of Water Resources
24662,403929N1222945W001,1796977,2013-10-23T00:00:00Z,460.331,457.841,0,72.1,388.231,72.1,69.61,NA,Electric sounder measurement,Water level accuracy to nearest tenth of a foot,1,Department of Water Resources,NA,1,Department of Water Resources
24662,403929N1222945W001,1796420,2013-10-16T00:00:00Z,460.331,457.841,0,72.65,387.681,72.65,70.16,NA,Electric sounder measurement,Water level accuracy to nearest tenth of a foot,1,Department of Water Resources,NA,1,Department of Water Resources
24662,403929N1222945W001,1796037,2013-10-09T00:00:00Z,460.331,457.841,0,72.85,387.481,72.85,70.36,NA,Electric sounder measurement,Water level accuracy to nearest tenth of a foot,1,Department of Water Resources,NA,1,Department of Water Resources
24662,403929N1222945W001,1795823,2013-10-02T00:00:00Z,460.331,457.841,0,73.3,387.031,73.3,70.81,NA,Electric sounder measurement,Water level accuracy to nearest tenth of a foot,1,Department of Water Resources,NA,1,Department of Water Resources
24662,403929N1222945W001,1795039,2013-09-25T00:00:00Z,460.331,457.841,0,74.5,385.831,74.5,72.01,Nearby pump operating,Electric sounder measurement,Water level accuracy to nearest tenth of a foot,1,Department of Water Resources,NA,1,Department of Water Resources
24662,403929N1222945W001,1795619,2013-09-25T00:00:00Z,460.331,457.841,0,74.5,385.831,74.5,72.01,Nearby pump operating,Electric sounder measurement,Water level accuracy to nearest tenth of a foot,1,Department of Water Resources,NA,1,Department of Water Resources
24662,403929N1222945W001,1757326,2013-09-18T00:00:00Z,460.331,457.841,0,75.15,385.181,75.15,72.66,Nearby pump operating,Electric sounder measurement,Water level accuracy to nearest tenth of a foot,1,Department of Water Resources,NA,1,Department of Water Resources
24662,403929N1222945W001,1745321,2013-09-11T00:00:00Z,460.331,457.841,0,74.9,385.431,74.9,72.41,Nearby pump operating,Electric sounder measurement,Water level accuracy to nearest tenth of a foot,1,Department of Water Resources,NA,1,Department of Water Resources
24662,403929N1222945W001,1744961,2013-09-04T00:00:00Z,460.331,457.841,0,74.75,385.581,74.75,72.26,Nearby pump operating,Electric sounder measurement,Water level accuracy to nearest tenth of a foot,1,Department of Water Resources,NA,1,Department of Water Resources
24662,403929N1222945W001,1744650,2013-08-28T00:00:00Z,460.331,457.841,0,74.65,385.681,74.65,72.16,Nearby pump operating,Electric sounder measurement,Water level accuracy to nearest tenth of a foot,1,Department of Water Resources,NA,1,Department of Water Resources
24662,403929N1222945W001,1744636,2013-08-21T00:00:00Z,460.331,457.841,0,74.4,385.931,74.4,71.91,Nearby pump operating,Electric sounder measurement,Water level accuracy to nearest tenth of a foot,1,Department of Water Resources,NA,1,Department of Water Resources
24662,403929N1222945W001,1744622,2013-08-14T00:00:00Z,460.331,457.841,0,74.25,386.081,74.25,71.76,Nearby pump operating,Electric sounder measurement,Water level accuracy to nearest tenth of a foot,1,Department of Water Resources,NA,1,Department of Water Resources
24662,403929N1222945W001,1744608,2013-08-06T00:00:00Z,460.331,457.841,0,73.9,386.431,73.9,71.41,Nearby pump operating,Electric sounder measurement,Water level accuracy to nearest tenth of a foot,1,Department of Water Resources,NA,1,Department of Water Resources
24662,403929N1222945W001,1738220,2013-07-30T00:00:00Z,460.331,457.841,0,73.75,386.581,73.75,71.26,Nearby pump operating,Electric sounder measurement,Water level accuracy to nearest tenth of a foot,1,Department of Water Resources,NA,1,Department of Water Resources
24662,403929N1222945W001,1738400,2013-07-23T00:00:00Z,460.331,457.841,0,73.3,387.031,73.3,70.81,Nearby pump operating,Electric sounder measurement,Water level accuracy to nearest tenth of a foot,1,Department of Water Resources,NA,1,Department of Water Resources
24662,403929N1222945W001,1738386,2013-07-17T00:00:00Z,460.331,457.841,0,72.85,387.481,72.85,70.36,Nearby pump operating,Electric sounder measurement,Water level accuracy to nearest tenth of a foot,1,Department of Water Resources,NA,1,Department of Water Resources
24662,403929N1222945W001,1736222,2013-07-10T00:00:00Z,460.331,457.841,0,72,388.331,72,69.51,Nearby pump operating,Electric sounder measurement,Water level accuracy to nearest tenth of a foot,1,Department of Water Resources,NA,1,Department of Water Resources
24662,403929N1222945W001,1736026,2013-07-03T00:00:00Z,460.331,457.841,0,70.9,389.431,70.9,68.41,Nearby pump operating,Electric sounder measurement,Water level accuracy to nearest tenth of a foot,1,Department of Water Resources,NA,1,Department of Water Resources
24662,403929N1222945W001,1732968,2013-06-26T00:00:00Z,460.331,457.841,0,70,390.331,70,67.51,NA,Electric sounder measurement,Water level accuracy to nearest tenth of a foot,1,Department of Water Resources,NA,1,Department of Water Resources
24662,403929N1222945W001,1725127,2013-05-23T00:00:00Z,460.331,457.841,0,69.8,390.531,69.8,67.31,NA,Electric sounder measurement,Water level accuracy to nearest tenth of a foot,1,Department of Water Resources,NA,1,Department of Water Resources
24662,403929N1222945W001,1684935,2013-03-18T00:00:00Z,460.331,457.841,0,68.9,391.431,68.9,66.41,NA,Electric sounder measurement,Water level accuracy to nearest tenth of a foot,1,Department of Water Resources,NA,1,Department of Water Resources
24662,403929N1222945W001,69597,2012-10-15T00:00:00Z,460.331,457.841,0,72.2,388.131,72.2,69.71,NA,Electric sounder measurement,Water level accuracy to nearest tenth of a foot,1,Department of Water Resources,NA,1,Department of Water Resources
24662,403929N1222945W001,63024,2012-07-30T00:00:00Z,460.331,457.841,0,72.1,388.231,72.1,69.61,NA,Electric sounder measurement,Water level accuracy to nearest tenth of a foot,1,Department of Water Resources,NA,1,Department of Water Resources
24662,403929N1222945W001,68716,2012-03-28T00:00:00Z,460.331,457.841,0,67.85,392.481,67.85,65.36,NA,Electric sounder measurement,Water level accuracy to nearest tenth of a foot,1,Department of Water Resources,NA,1,Department of Water Resources
24662,403929N1222945W001,40917,2011-10-14T00:00:00Z,460.331,457.841,0,69.65,390.681,69.65,67.16,NA,Electric sounder measurement,Water level accuracy to nearest hundredth of a foot,1,Department of Water Resources,NA,1,Department of Water Resources
24662,403929N1222945W001,1695611,2011-08-01T00:00:00Z,460.331,457.841,0,70.1,390.231,70.1,67.61,NA,Unknown,Water level accuracy is unknown,1,Department of Water Resources,NA,1,Department of Water Resources
24662,403929N1222945W001,1695610,2011-04-08T00:00:00Z,460.331,457.841,0,66,394.331,66,63.51,NA,Unknown,Water level accuracy is unknown,1,Department of Water Resources,NA,1,Department of Water Resources
24662,403929N1222945W001,1695609,2010-10-21T00:00:00Z,460.331,457.841,0,71.8,388.531,71.8,69.31,NA,Unknown,Water level accuracy is unknown,1,Department of Water Resources,NA,1,Department of Water Resources
24662,403929N1222945W001,1695608,2010-08-04T00:00:00Z,460.331,457.841,0,71.6,388.731,71.6,69.11,NA,Unknown,Water level accuracy is unknown,1,Department of Water Resources,NA,1,Department of Water Resources
24662,403929N1222945W001,1695607,2010-06-30T00:00:00Z,460.331,457.841,0,70.07,390.261,70.07,67.58,NA,Unknown,Water level accuracy is unknown,1,Department of Water Resources,NA,1,Department of Water Resources
