STN_ID,SITE_CODE,WLM_ID,MSMT_DATE,WLM_RPE,WLM_GSE,RDNG_WS,RDNG_RP,WSE,RPE_WSE,GSE_WSE,WLM_QA_DESC,WLM_DESC,WLM_ACC_DESC,WLM_ORG_ID,WLM_ORG_NAME,MSMT_CMT,COOP_AGENCY_ORG_ID,COOP_ORG_NAME
24845,350946N1192357W001,659447,2009-07-30T00:00:00Z,433.56,432.56,NA,NA,NA,NA,NA,Dry well,NA,NA,1,Department of Water Resources,NA,423,Kern County Water Agency
24845,350946N1192357W001,659448,2008-08-18T00:00:00Z,433.56,432.56,NA,NA,NA,NA,NA,Dry well,NA,NA,1,Department of Water Resources,NA,423,Kern County Water Agency
24845,350946N1192357W001,659446,2007-07-01T00:00:00Z,433.56,432.56,NA,NA,NA,NA,NA,Dry well,NA,NA,1,Department of Water Resources,NA,423,Kern County Water Agency
24845,350946N1192357W001,659445,2006-08-01T00:00:00Z,433.56,432.56,NA,NA,NA,NA,NA,Dry well,NA,NA,1,Department of Water Resources,NA,423,Kern County Water Agency
24845,350946N1192357W001,659444,2005-08-01T00:00:00Z,433.56,432.56,NA,NA,NA,NA,NA,Dry well,NA,NA,1,Department of Water Resources,NA,423,Kern County Water Agency
24845,350946N1192357W001,659443,2004-08-01T00:00:00Z,433.56,432.56,NA,NA,NA,NA,NA,Dry well,NA,NA,1,Department of Water Resources,NA,423,Kern County Water Agency
24845,350946N1192357W001,659442,2003-08-01T00:00:00Z,433.56,432.56,NA,NA,NA,NA,NA,Dry well,NA,NA,1,Department of Water Resources,NA,423,Kern County Water Agency
