STN_ID,SITE_CODE,WLM_ID,MSMT_DATE,WLM_RPE,WLM_GSE,RDNG_WS,RDNG_RP,WSE,RPE_WSE,GSE_WSE,WLM_QA_DESC,WLM_DESC,WLM_ACC_DESC,WLM_ORG_ID,WLM_ORG_NAME,MSMT_CMT,COOP_AGENCY_ORG_ID,COOP_ORG_NAME
24886,366520N1204061W001,985965,2007-10-01T00:00:00Z,205.72,204.52,NA,NA,NA,NA,NA,Special/Other,NA,NA,1,Department of Water Resources,NA,5100,Westlands Water District
24886,366520N1204061W001,985964,2007-04-01T00:00:00Z,205.72,204.52,NA,NA,NA,NA,NA,Special/Other,NA,NA,1,Department of Water Resources,NA,5100,Westlands Water District
24886,366520N1204061W001,985963,2006-10-01T00:00:00Z,205.72,204.52,NA,NA,NA,NA,NA,Special/Other,NA,NA,1,Department of Water Resources,NA,5100,Westlands Water District
24886,366520N1204061W001,985962,2006-04-01T00:00:00Z,205.72,204.52,NA,NA,NA,NA,NA,Special/Other,NA,NA,1,Department of Water Resources,NA,5100,Westlands Water District
24886,366520N1204061W001,985961,2005-04-01T00:00:00Z,205.72,204.52,NA,NA,NA,NA,NA,Special/Other,NA,NA,1,Department of Water Resources,NA,5100,Westlands Water District
24886,366520N1204061W001,985960,2004-10-01T00:00:00Z,205.72,204.52,NA,NA,NA,NA,NA,Special/Other,NA,NA,1,Department of Water Resources,NA,5100,Westlands Water District
24886,366520N1204061W001,985959,2004-04-01T00:00:00Z,205.72,204.52,0,7.1,198.62,7.1,5.9,NA,Unknown,Water level accuracy is unknown,1,Department of Water Resources,NA,5100,Westlands Water District
