STN_ID,SITE_CODE,WLM_ID,MSMT_DATE,WLM_RPE,WLM_GSE,RDNG_WS,RDNG_RP,WSE,RPE_WSE,GSE_WSE,WLM_QA_DESC,WLM_DESC,WLM_ACC_DESC,WLM_ORG_ID,WLM_ORG_NAME,MSMT_CMT,COOP_AGENCY_ORG_ID,COOP_ORG_NAME
25018,365021N1201885W002,1018845,2009-10-12T00:00:00Z,197.98,197.78,0,10.5,187.48,10.5,10.3,NA,Unknown,Water level accuracy is unknown,1,Department of Water Resources,NA,5100,Westlands Water District
25018,365021N1201885W002,1018844,2009-04-23T00:00:00Z,197.98,197.78,0,10.1,187.88,10.1,9.9,NA,Unknown,Water level accuracy is unknown,1,Department of Water Resources,NA,5100,Westlands Water District
25018,365021N1201885W002,1018843,2008-10-27T00:00:00Z,197.98,197.78,0,10.8,187.18,10.8,10.6,NA,Unknown,Water level accuracy is unknown,1,Department of Water Resources,NA,5100,Westlands Water District
25018,365021N1201885W002,1018842,2008-04-24T00:00:00Z,197.98,197.78,0,10.8,187.18,10.8,10.6,NA,Unknown,Water level accuracy is unknown,1,Department of Water Resources,NA,5100,Westlands Water District
25018,365021N1201885W002,1018841,2007-10-01T00:00:00Z,197.98,197.78,NA,NA,NA,NA,NA,Can't get tape in casing,NA,NA,1,Department of Water Resources,NA,5100,Westlands Water District
25018,365021N1201885W002,1018840,2007-04-01T00:00:00Z,197.98,197.78,0,7.15,190.83,7.15,6.95,NA,Unknown,Water level accuracy is unknown,1,Department of Water Resources,NA,5100,Westlands Water District
25018,365021N1201885W002,1018839,2006-10-01T00:00:00Z,197.98,197.78,0,7.35,190.63,7.35,7.15,NA,Unknown,Water level accuracy is unknown,1,Department of Water Resources,NA,5100,Westlands Water District
25018,365021N1201885W002,1018838,2006-04-01T00:00:00Z,197.98,197.78,NA,NA,NA,NA,NA,Can't get tape in casing,NA,NA,1,Department of Water Resources,NA,5100,Westlands Water District
