STN_ID,SITE_CODE,WLM_ID,MSMT_DATE,WLM_RPE,WLM_GSE,RDNG_WS,RDNG_RP,WSE,RPE_WSE,GSE_WSE,WLM_QA_DESC,WLM_DESC,WLM_ACC_DESC,WLM_ORG_ID,WLM_ORG_NAME,MSMT_CMT,COOP_AGENCY_ORG_ID,COOP_ORG_NAME
25024,363982N1202473W001,884263,2009-10-06T00:00:00Z,279.6,278.1,0,10.1,269.5,10.1,8.6,NA,Unknown,Water level accuracy is unknown,1,Department of Water Resources,NA,5100,Westlands Water District
25024,363982N1202473W001,884262,2009-04-16T00:00:00Z,279.6,278.1,0,8,271.6,8,6.5,NA,Unknown,Water level accuracy is unknown,1,Department of Water Resources,NA,5100,Westlands Water District
25024,363982N1202473W001,884261,2008-10-02T00:00:00Z,279.6,278.1,0,9.1,270.5,9.1,7.6,NA,Unknown,Water level accuracy is unknown,1,Department of Water Resources,NA,5100,Westlands Water District
25024,363982N1202473W001,884260,2008-04-18T00:00:00Z,279.6,278.1,0,6.2,273.4,6.2,4.7,NA,Unknown,Water level accuracy is unknown,1,Department of Water Resources,NA,5100,Westlands Water District
25024,363982N1202473W001,884259,2007-10-01T00:00:00Z,279.6,278.1,NA,NA,NA,NA,NA,Well has been destroyed,NA,NA,1,Department of Water Resources,NA,5100,Westlands Water District
25024,363982N1202473W001,884258,2007-04-01T00:00:00Z,279.6,278.1,0,5.85,273.75,5.85,4.35,NA,Unknown,Water level accuracy is unknown,1,Department of Water Resources,NA,5100,Westlands Water District
25024,363982N1202473W001,884257,2006-10-01T00:00:00Z,279.6,278.1,0,7.2,272.4,7.2,5.7,NA,Unknown,Water level accuracy is unknown,1,Department of Water Resources,NA,5100,Westlands Water District
25024,363982N1202473W001,884256,2006-04-01T00:00:00Z,279.6,278.1,0,5.6,274,5.6,4.1,NA,Unknown,Water level accuracy is unknown,1,Department of Water Resources,NA,5100,Westlands Water District
