STN_ID,SITE_CODE,WLM_ID,MSMT_DATE,WLM_RPE,WLM_GSE,RDNG_WS,RDNG_RP,WSE,RPE_WSE,GSE_WSE,WLM_QA_DESC,WLM_DESC,WLM_ACC_DESC,WLM_ORG_ID,WLM_ORG_NAME,MSMT_CMT,COOP_AGENCY_ORG_ID,COOP_ORG_NAME
25232,396963N1221406W001,2662564,2020-08-04T00:00:00Z,206.77,203.32,0,69.42,137.35,69.42,65.97,NA,Electric sounder measurement,Water level accuracy to nearest hundredth of a foot,1,Department of Water Resources,NA,1,Department of Water Resources
25232,396963N1221406W001,2540955,2020-03-11T00:00:00Z,206.77,203.32,0,45.37,161.4,45.37,41.92,NA,Electric sounder measurement,Water level accuracy to nearest hundredth of a foot,1,Department of Water Resources,NA,1,Department of Water Resources
25232,396963N1221406W001,2482501,2019-10-16T12:00:00Z,206.77,203.32,0,48.7,158.07,48.7,45.25,NA,Electric sounder measurement,Water level accuracy to nearest tenth of a foot,1,Department of Water Resources,NA,1,Department of Water Resources
25232,396963N1221406W001,2473474,2019-07-30T12:00:00Z,206.77,203.32,0,49.35,157.42,49.35,45.9,NA,Electric sounder measurement,Water level accuracy to nearest tenth of a foot,1,Department of Water Resources,NA,1,Department of Water Resources
25232,396963N1221406W001,2450821,2019-03-19T00:00:00Z,206.77,203.32,0,39.25,167.52,39.25,35.8,NA,Electric sounder measurement,Water level accuracy to nearest hundredth of a foot,1,Department of Water Resources,NA,1,Department of Water Resources
25232,396963N1221406W001,2414717,2018-10-16T12:00:00Z,206.77,203.32,0,62.74,144.03,62.74,59.29,NA,Electric sounder measurement,Water level accuracy to nearest hundredth of a foot,1,Department of Water Resources,NA,1,Department of Water Resources
25232,396963N1221406W001,2308044,2018-08-07T00:00:00Z,206.77,203.32,0,69.25,137.52,69.25,65.8,NA,Electric sounder measurement,Water level accuracy to nearest hundredth of a foot,1,Department of Water Resources,NA,1,Department of Water Resources
25232,396963N1221406W001,2285304,2018-03-19T00:00:00Z,206.77,203.32,0,50.04,156.73,50.04,46.59,NA,Electric sounder measurement,Water level accuracy to nearest hundredth of a foot,1,Department of Water Resources,NA,1,Department of Water Resources
25232,396963N1221406W001,2266911,2017-10-12T00:00:00Z,206.77,203.32,0,53.3,153.47,53.3,49.85,NA,Electric sounder measurement,Water level accuracy to nearest hundredth of a foot,1,Department of Water Resources,NA,1,Department of Water Resources
25232,396963N1221406W001,2260293,2017-08-02T00:00:00Z,206.77,203.32,0,67.1,139.67,67.1,63.65,Nearby pump operating,Electric sounder measurement,Water level accuracy to nearest hundredth of a foot,1,Department of Water Resources,NA,1,Department of Water Resources
25232,396963N1221406W001,2235336,2017-03-15T00:00:00Z,206.77,203.32,0,39.55,167.22,39.55,36.1,NA,Electric sounder measurement,Water level accuracy to nearest hundredth of a foot,1,Department of Water Resources,NA,1,Department of Water Resources
25232,396963N1221406W001,2213163,2016-10-12T00:00:00Z,206.77,203.32,0,67.59,139.18,67.59,64.14,NA,Electric sounder measurement,Water level accuracy to nearest hundredth of a foot,1,Department of Water Resources,NA,1,Department of Water Resources
25232,396963N1221406W001,2204491,2016-08-03T00:00:00Z,206.77,203.32,0,89.56,117.21,89.56,86.11,NA,Electric sounder measurement,Water level accuracy to nearest hundredth of a foot,1,Department of Water Resources,NA,1,Department of Water Resources
25232,396963N1221406W001,2197525,2016-06-09T00:00:00Z,206.77,203.32,0,82.59,124.18,82.59,79.14,NA,Electric sounder measurement,Water level accuracy to nearest hundredth of a foot,1,Department of Water Resources,NA,1,Department of Water Resources
25232,396963N1221406W001,2183659,2016-03-17T00:00:00Z,206.77,203.32,0,55.34,151.43,55.34,51.89,NA,Electric sounder measurement,Water level accuracy to nearest hundredth of a foot,1,Department of Water Resources,NA,1,Department of Water Resources
25232,396963N1221406W001,2156884,2015-10-15T14:00:00Z,206.77,203.32,0,87.53,119.24,87.53,84.08,NA,Electric sounder measurement,Water level accuracy to nearest hundredth of a foot,1,Department of Water Resources,NA,1,Department of Water Resources
25232,396963N1221406W001,2149682,2015-08-05T00:00:00Z,206.77,203.32,0,112,94.77,112,108.55,Nearby pump operating,Electric sounder measurement,Water level accuracy to nearest hundredth of a foot,1,Department of Water Resources,Nearby pump was operating,1,Department of Water Resources
25232,396963N1221406W001,2140683,2015-06-03T00:00:00Z,206.77,203.32,0,96.62,110.15,96.62,93.17,Nearby pump operating,Electric sounder measurement,Water level accuracy to nearest hundredth of a foot,1,Department of Water Resources,NA,1,Department of Water Resources
25232,396963N1221406W001,2117159,2015-03-18T00:00:00Z,206.77,203.32,0,54.59,152.18,54.59,51.14,Nearby pump operating,Electric sounder measurement,Water level accuracy to nearest hundredth of a foot,1,Department of Water Resources,nearby pump operating (21N03W01R003M),1,Department of Water Resources
25232,396963N1221406W001,2105684,2014-10-24T16:00:00Z,206.77,203.32,0,75.8,130.97,75.8,72.35,NA,Steel tape measurement,Water level accuracy to nearest foot,1,Department of Water Resources,Measured by OAWD.,1,Department of Water Resources
25232,396963N1221406W001,2105683,2014-10-17T15:00:00Z,206.77,203.32,0,76.4,130.37,76.4,72.95,NA,Steel tape measurement,Water level accuracy to nearest foot,1,Department of Water Resources,Measured by OAWD.,1,Department of Water Resources
25232,396963N1221406W001,2016616,2014-10-16T14:00:00Z,206.77,203.32,0,77.05,129.72,77.05,73.6,NA,Electric sounder measurement,Water level accuracy to nearest hundredth of a foot,1,Department of Water Resources,NA,1,Department of Water Resources
25232,396963N1221406W001,2105682,2014-10-07T14:00:00Z,206.77,203.32,0,95,111.77,95,91.55,NA,Steel tape measurement,Water level accuracy to nearest foot,1,Department of Water Resources,Measured by OAWD.,1,Department of Water Resources
25232,396963N1221406W001,2105681,2014-10-01T13:00:00Z,206.77,203.32,0,78,128.77,78,74.55,NA,Steel tape measurement,Water level accuracy to nearest foot,1,Department of Water Resources,Measured by OAWD.,1,Department of Water Resources
25232,396963N1221406W001,2105680,2014-09-22T12:00:00Z,206.77,203.32,0,89,117.77,89,85.55,NA,Steel tape measurement,Water level accuracy to nearest foot,1,Department of Water Resources,Measured by OAWD.,1,Department of Water Resources
25232,396963N1221406W001,2105679,2014-09-15T11:00:00Z,206.77,203.32,0,106,100.77,106,102.55,NA,Steel tape measurement,Water level accuracy to nearest foot,1,Department of Water Resources,Measured by OAWD.,1,Department of Water Resources
25232,396963N1221406W001,2105678,2014-09-11T10:00:00Z,206.77,203.32,0,113,93.77,113,109.55,NA,Steel tape measurement,Water level accuracy to nearest foot,1,Department of Water Resources,Measured by OAWD.,1,Department of Water Resources
25232,396963N1221406W001,2105677,2014-09-05T09:00:00Z,206.77,203.32,0,90,116.77,90,86.55,NA,Steel tape measurement,Water level accuracy to nearest foot,1,Department of Water Resources,Measured by OAWD.,1,Department of Water Resources
25232,396963N1221406W001,2105676,2014-09-02T08:00:00Z,206.77,203.32,0,105,101.77,105,101.55,NA,Steel tape measurement,Water level accuracy to nearest foot,1,Department of Water Resources,Measured by OAWD.,1,Department of Water Resources
25232,396963N1221406W001,2105675,2014-08-29T07:00:00Z,206.77,203.32,0,104,102.77,104,100.55,NA,Steel tape measurement,Water level accuracy to nearest foot,1,Department of Water Resources,Measured by OAWD.,1,Department of Water Resources
25232,396963N1221406W001,2105674,2014-08-26T06:00:00Z,206.77,203.32,0,109,97.77,109,105.55,NA,Steel tape measurement,Water level accuracy to nearest foot,1,Department of Water Resources,Measured by OAWD.,1,Department of Water Resources
25232,396963N1221406W001,2105673,2014-08-22T05:00:00Z,206.77,203.32,0,88,118.77,88,84.55,NA,Steel tape measurement,Water level accuracy to nearest foot,1,Department of Water Resources,Measured by OAWD.,1,Department of Water Resources
25232,396963N1221406W001,2105672,2014-08-18T04:00:00Z,206.77,203.32,0,87,119.77,87,83.55,NA,Steel tape measurement,Water level accuracy to nearest foot,1,Department of Water Resources,Measured by OAWD.,1,Department of Water Resources
25232,396963N1221406W001,2105671,2014-08-15T03:00:00Z,206.77,203.32,0,85,121.77,85,81.55,NA,Steel tape measurement,Water level accuracy to nearest foot,1,Department of Water Resources,Measured by OAWD.,1,Department of Water Resources
25232,396963N1221406W001,2105670,2014-08-11T02:00:00Z,206.77,203.32,0,98,108.77,98,94.55,NA,Steel tape measurement,Water level accuracy to nearest foot,1,Department of Water Resources,Measured by OAWD.,1,Department of Water Resources
25232,396963N1221406W001,1995671,2014-08-07T00:00:00Z,206.77,203.32,0,93.02,113.75,93.02,89.57,Nearby pump operating,Electric sounder measurement,Water level accuracy to nearest hundredth of a foot,1,Department of Water Resources,NA,1,Department of Water Resources
25232,396963N1221406W001,2105669,2014-08-04T01:00:00Z,206.77,203.32,0,106,100.77,106,102.55,NA,Steel tape measurement,Water level accuracy to nearest foot,1,Department of Water Resources,Measured by OAWD.,1,Department of Water Resources
25232,396963N1221406W001,2105668,2014-08-02T00:00:00Z,206.77,203.32,0,113,93.77,113,109.55,NA,Steel tape measurement,Water level accuracy to nearest foot,1,Department of Water Resources,Measured by OAWD.,1,Department of Water Resources
25232,396963N1221406W001,1879428,2014-03-19T00:00:00Z,206.77,203.32,0,49.14,157.63,49.14,45.69,NA,Electric sounder measurement,Water level accuracy to nearest hundredth of a foot,1,Department of Water Resources,NA,1,Department of Water Resources
25232,396963N1221406W001,1796401,2013-10-14T00:00:00Z,206.769,203.319,0,73.05,133.719,73.05,69.6,NA,Electric sounder measurement,Water level accuracy to nearest hundredth of a foot,1,Department of Water Resources,NA,1,Department of Water Resources
25232,396963N1221406W001,1738825,2013-07-30T00:00:00Z,206.769,203.319,0,57.88,148.889,57.88,54.43,Nearby pump operating,Electric sounder measurement,Water level accuracy to nearest hundredth of a foot,1,Department of Water Resources,NA,1,Department of Water Resources
25232,396963N1221406W001,1684191,2013-03-21T00:00:00Z,206.769,203.319,0,46.98,159.789,46.98,43.53,NA,Electric sounder measurement,Water level accuracy to nearest hundredth of a foot,1,Department of Water Resources,NA,1,Department of Water Resources
25232,396963N1221406W001,69029,2012-10-17T00:00:00Z,206.769,203.319,0,55.41,151.359,55.41,51.96,NA,Electric sounder measurement,Water level accuracy to nearest hundredth of a foot,1,Department of Water Resources,NA,1,Department of Water Resources
25232,396963N1221406W001,62773,2012-08-02T00:00:00Z,206.769,203.319,0,54.54,152.229,54.54,51.09,NA,Electric sounder measurement,Water level accuracy to nearest hundredth of a foot,1,Department of Water Resources,NA,1,Department of Water Resources
25232,396963N1221406W001,57814,2012-03-29T00:00:00Z,206.769,203.319,0,39.3,167.469,39.3,35.85,NA,Electric sounder measurement,Water level accuracy to nearest hundredth of a foot,1,Department of Water Resources,NA,1,Department of Water Resources
25232,396963N1221406W001,39702,2011-10-12T00:00:00Z,206.769,203.319,0,42,164.769,42,38.55,NA,Electric sounder measurement,Water level accuracy to nearest hundredth of a foot,1,Department of Water Resources,NA,1,Department of Water Resources
25232,396963N1221406W001,1700195,2011-08-03T00:00:00Z,206.769,203.319,0,53.05,153.719,53.05,49.6,NA,Unknown,Water level accuracy is unknown,1,Department of Water Resources,NA,1,Department of Water Resources
25232,396963N1221406W001,1700194,2011-04-06T00:00:00Z,206.769,203.319,0,34.38,172.389,34.38,30.93,NA,Unknown,Water level accuracy is unknown,1,Department of Water Resources,NA,1,Department of Water Resources
25232,396963N1221406W001,1700193,2010-10-20T00:00:00Z,206.769,203.319,0,46.65,160.119,46.65,43.2,NA,Unknown,Water level accuracy is unknown,1,Department of Water Resources,NA,1,Department of Water Resources
25232,396963N1221406W001,1700192,2010-08-03T00:00:00Z,206.769,203.319,0,65.67,141.099,65.67,62.22,Nearby pump operating,Unknown,Water level accuracy is unknown,1,Department of Water Resources,NA,1,Department of Water Resources
25232,396963N1221406W001,1700191,2010-03-26T00:00:00Z,206.769,203.319,0,41.48,165.289,41.48,38.03,NA,Unknown,Water level accuracy is unknown,1,Department of Water Resources,NA,1,Department of Water Resources
25232,396963N1221406W001,1700190,2009-10-22T00:00:00Z,206.769,203.319,0,56.71,150.059,56.71,53.26,NA,Unknown,Water level accuracy is unknown,1,Department of Water Resources,NA,1,Department of Water Resources
25232,396963N1221406W001,1700189,2009-09-16T00:00:00Z,206.769,203.319,0,65.88,140.889,65.88,62.43,NA,Unknown,Water level accuracy is unknown,1,Department of Water Resources,NA,1,Department of Water Resources
25232,396963N1221406W001,1700188,2009-08-06T00:00:00Z,206.769,203.319,0,75.71,131.059,75.71,72.26,Nearby pump operating,Unknown,Water level accuracy is unknown,1,Department of Water Resources,NA,1,Department of Water Resources
25232,396963N1221406W001,1700187,2009-06-25T00:00:00Z,206.769,203.319,0,68.45,138.319,68.45,65,NA,Unknown,Water level accuracy is unknown,1,Department of Water Resources,NA,1,Department of Water Resources
25232,396963N1221406W001,1700186,2009-05-14T00:00:00Z,206.769,203.319,0,60.2,146.569,60.2,56.75,Nearby pump operating,Unknown,Water level accuracy is unknown,1,Department of Water Resources,NA,1065,ORLAND - ARTOIS WATER DISTRICT
25232,396963N1221406W001,1700185,2009-03-25T00:00:00Z,206.769,203.319,0,38.38,168.389,38.38,34.93,NA,Unknown,Water level accuracy is unknown,1,Department of Water Resources,NA,1065,ORLAND - ARTOIS WATER DISTRICT
25232,396963N1221406W001,1700184,2009-01-13T00:00:00Z,206.769,203.319,0,46.31,160.459,46.31,42.86,NA,Unknown,Water level accuracy is unknown,1,Department of Water Resources,NA,1065,ORLAND - ARTOIS WATER DISTRICT
25232,396963N1221406W001,1700183,2008-10-22T00:00:00Z,206.769,203.319,0,57.45,149.319,57.45,54,NA,Unknown,Water level accuracy is unknown,1,Department of Water Resources,NA,1065,ORLAND - ARTOIS WATER DISTRICT
25232,396963N1221406W001,1700182,2008-08-26T00:00:00Z,206.769,203.319,0,68.5,138.269,68.5,65.05,NA,Unknown,Water level accuracy is unknown,1,Department of Water Resources,NA,1065,ORLAND - ARTOIS WATER DISTRICT
25232,396963N1221406W001,1700181,2008-08-05T00:00:00Z,206.769,203.319,0,73.66,133.109,73.66,70.21,Nearby pump operating,Unknown,Water level accuracy is unknown,1,Department of Water Resources,NA,1065,ORLAND - ARTOIS WATER DISTRICT
25232,396963N1221406W001,1700180,2008-07-22T00:00:00Z,206.769,203.319,0,82.65,124.119,82.65,79.2,Nearby pump operating,Unknown,Water level accuracy is unknown,1,Department of Water Resources,NA,1065,ORLAND - ARTOIS WATER DISTRICT
25232,396963N1221406W001,1700179,2008-03-13T00:00:00Z,206.769,203.319,0,35.34,171.429,35.34,31.89,NA,Unknown,Water level accuracy is unknown,1,Department of Water Resources,NA,1065,ORLAND - ARTOIS WATER DISTRICT
25232,396963N1221406W001,1700178,2008-01-16T00:00:00Z,206.769,203.319,0,42,164.769,42,38.55,NA,Unknown,Water level accuracy is unknown,1,Department of Water Resources,NA,1065,ORLAND - ARTOIS WATER DISTRICT
25232,396963N1221406W001,1700177,2007-10-19T00:00:00Z,206.769,203.319,0,45.68,161.089,45.68,42.23,NA,Unknown,Water level accuracy is unknown,1,Department of Water Resources,NA,1065,ORLAND - ARTOIS WATER DISTRICT
25232,396963N1221406W001,1700176,2007-08-31T00:00:00Z,206.769,203.319,0,49.55,157.219,49.55,46.1,NA,Unknown,Water level accuracy is unknown,1,Department of Water Resources,NA,1065,ORLAND - ARTOIS WATER DISTRICT
25232,396963N1221406W001,1700175,2007-08-08T00:00:00Z,206.769,203.319,0,64.62,142.149,64.62,61.17,Nearby pump operating,Unknown,Water level accuracy is unknown,1,Department of Water Resources,NA,1065,ORLAND - ARTOIS WATER DISTRICT
25232,396963N1221406W001,1700174,2007-04-27T00:00:00Z,206.769,203.319,0,39.05,167.719,39.05,35.6,NA,Unknown,Water level accuracy is unknown,1,Department of Water Resources,NA,1065,ORLAND - ARTOIS WATER DISTRICT
25232,396963N1221406W001,1700173,2007-03-26T00:00:00Z,206.769,203.319,0,35.82,170.949,35.82,32.37,NA,Unknown,Water level accuracy is unknown,1,Department of Water Resources,NA,1065,ORLAND - ARTOIS WATER DISTRICT
25232,396963N1221406W001,1700172,2007-02-22T00:00:00Z,206.769,203.319,0,32.71,174.059,32.71,29.26,NA,Unknown,Water level accuracy is unknown,1,Department of Water Resources,NA,1065,ORLAND - ARTOIS WATER DISTRICT
25232,396963N1221406W001,1700171,2007-01-03T00:00:00Z,206.769,203.319,0,32.81,173.959,32.81,29.36,NA,Unknown,Water level accuracy is unknown,1,Department of Water Resources,NA,1065,ORLAND - ARTOIS WATER DISTRICT
25232,396963N1221406W001,1700169,2006-11-22T00:00:00Z,206.769,203.319,0,32.8,173.969,32.8,29.35,NA,Unknown,Water level accuracy is unknown,1,Department of Water Resources,NA,1065,ORLAND - ARTOIS WATER DISTRICT
25232,396963N1221406W001,1700168,2006-10-12T00:00:00Z,206.769,203.319,0,32.7,174.069,32.7,29.25,NA,Unknown,Water level accuracy is unknown,1,Department of Water Resources,TROLL READING ONLY,1065,ORLAND - ARTOIS WATER DISTRICT
25232,396963N1221406W001,1700170,2006-09-29T00:00:00Z,206.769,203.319,0,32.1,174.669,32.1,28.65,NA,Unknown,Water level accuracy is unknown,1,Department of Water Resources,NA,1065,ORLAND - ARTOIS WATER DISTRICT
25232,396963N1221406W001,1700167,2006-06-29T00:00:00Z,206.769,203.319,0,30.7,176.069,30.7,27.25,NA,Unknown,Water level accuracy is unknown,1,Department of Water Resources,NA,1065,ORLAND - ARTOIS WATER DISTRICT
25232,396963N1221406W001,1700158,2006-05-25T00:00:00Z,206.769,203.319,0,25.5,181.269,25.5,22.05,NA,Unknown,Water level accuracy is unknown,1,Department of Water Resources,NA,1065,ORLAND - ARTOIS WATER DISTRICT
25232,396963N1221406W001,1700159,2006-04-26T00:00:00Z,206.769,203.319,0,21.6,185.169,21.6,18.15,NA,Unknown,Water level accuracy is unknown,1,Department of Water Resources,NA,1065,ORLAND - ARTOIS WATER DISTRICT
25232,396963N1221406W001,1700160,2006-03-30T00:00:00Z,206.769,203.319,0,24.4,182.369,24.4,20.95,NA,Unknown,Water level accuracy is unknown,1,Department of Water Resources,NA,1065,ORLAND - ARTOIS WATER DISTRICT
25232,396963N1221406W001,1700161,2006-01-31T00:00:00Z,206.769,203.319,0,28.2,178.569,28.2,24.75,NA,Unknown,Water level accuracy is unknown,1,Department of Water Resources,NA,1065,ORLAND - ARTOIS WATER DISTRICT
25232,396963N1221406W001,1700162,2006-01-05T00:00:00Z,206.769,203.319,0,31.7,175.069,31.7,28.25,NA,Unknown,Water level accuracy is unknown,1,Department of Water Resources,NA,1065,ORLAND - ARTOIS WATER DISTRICT
25232,396963N1221406W001,1700163,2005-11-30T00:00:00Z,206.769,203.319,0,35.3,171.469,35.3,31.85,NA,Unknown,Water level accuracy is unknown,1,Department of Water Resources,NA,1065,ORLAND - ARTOIS WATER DISTRICT
25232,396963N1221406W001,1700157,2005-10-28T00:00:00Z,206.769,203.319,0,36.2,170.569,36.2,32.75,NA,Unknown,Water level accuracy is unknown,1,Department of Water Resources,NA,1065,ORLAND - ARTOIS WATER DISTRICT
25232,396963N1221406W001,1700165,2005-08-26T00:00:00Z,206.769,203.319,0,49.1,157.669,49.1,45.65,NA,Unknown,Water level accuracy is unknown,1,Department of Water Resources,NA,1065,ORLAND - ARTOIS WATER DISTRICT
25232,396963N1221406W001,1700166,2005-07-28T00:00:00Z,206.769,203.319,0,49.1,157.669,49.1,45.65,NA,Unknown,Water level accuracy is unknown,1,Department of Water Resources,NA,1065,ORLAND - ARTOIS WATER DISTRICT
25232,396963N1221406W001,1700156,2005-06-23T00:00:00Z,206.769,203.319,0,41.8,164.969,41.8,38.35,NA,Unknown,Water level accuracy is unknown,1,Department of Water Resources,FROM TROLL,1065,ORLAND - ARTOIS WATER DISTRICT
25232,396963N1221406W001,1700155,2005-05-27T00:00:00Z,206.769,203.319,0,28.6,178.169,28.6,25.15,NA,Unknown,Water level accuracy is unknown,1,Department of Water Resources,NA,1065,ORLAND - ARTOIS WATER DISTRICT
25232,396963N1221406W001,1700164,2005-04-26T00:00:00Z,206.769,203.319,0,26.4,180.369,26.4,22.95,NA,Unknown,Water level accuracy is unknown,1,Department of Water Resources,NA,1065,ORLAND - ARTOIS WATER DISTRICT
25232,396963N1221406W001,1700153,2005-02-25T00:00:00Z,206.769,203.319,0,26.3,180.469,26.3,22.85,NA,Unknown,Water level accuracy is unknown,1,Department of Water Resources,NA,1065,ORLAND - ARTOIS WATER DISTRICT
25232,396963N1221406W001,1700152,2005-01-31T00:00:00Z,206.769,203.319,0,27.8,178.969,27.8,24.35,NA,Unknown,Water level accuracy is unknown,1,Department of Water Resources,NA,1065,ORLAND - ARTOIS WATER DISTRICT
25232,396963N1221406W001,1700151,2004-12-29T00:00:00Z,206.769,203.319,0,32.9,173.869,32.9,29.45,NA,Unknown,Water level accuracy is unknown,1,Department of Water Resources,NA,1065,ORLAND - ARTOIS WATER DISTRICT
25232,396963N1221406W001,1700150,2004-12-01T00:00:00Z,206.769,203.319,0,32.3,174.469,32.3,28.85,NA,Unknown,Water level accuracy is unknown,1,Department of Water Resources,NA,1065,ORLAND - ARTOIS WATER DISTRICT
25232,396963N1221406W001,1700146,2004-10-28T00:00:00Z,206.769,203.319,0,34.26,172.509,34.26,30.81,NA,Unknown,Water level accuracy is unknown,1,Department of Water Resources,NA,1065,ORLAND - ARTOIS WATER DISTRICT
25232,396963N1221406W001,1700149,2004-09-22T00:00:00Z,206.769,203.319,0,35.83,170.939,35.83,32.38,NA,Unknown,Water level accuracy is unknown,1,Department of Water Resources,NA,1065,ORLAND - ARTOIS WATER DISTRICT
25232,396963N1221406W001,1700147,2004-08-26T00:00:00Z,206.769,203.319,0,41.56,165.209,41.56,38.11,NA,Unknown,Water level accuracy is unknown,1,Department of Water Resources,NA,1065,ORLAND - ARTOIS WATER DISTRICT
25232,396963N1221406W001,1700148,2004-07-29T00:00:00Z,206.769,203.319,0,35.29,171.479,35.29,31.84,NA,Unknown,Water level accuracy is unknown,1,Department of Water Resources,NA,1065,ORLAND - ARTOIS WATER DISTRICT
25232,396963N1221406W001,1700145,2004-06-30T00:00:00Z,206.769,203.319,0,34.02,172.749,34.02,30.57,Nearby pump operating,Unknown,Water level accuracy is unknown,1,Department of Water Resources,NA,1065,ORLAND - ARTOIS WATER DISTRICT
25232,396963N1221406W001,1700144,2004-06-14T18:00:00Z,206.769,203.319,0,28.71,178.059,28.71,25.26,NA,Unknown,Water level accuracy is unknown,1,Department of Water Resources,NA,1065,ORLAND - ARTOIS WATER DISTRICT
25232,396963N1221406W001,1700143,2004-06-14T06:00:00Z,206.769,203.319,0,30.3,176.469,30.3,26.85,NA,Unknown,Water level accuracy is unknown,1,Department of Water Resources,NA,1065,ORLAND - ARTOIS WATER DISTRICT
25232,396963N1221406W001,1700142,2004-06-14T00:00:00Z,206.769,203.319,0,29.95,176.819,29.95,26.5,NA,Unknown,Water level accuracy is unknown,1,Department of Water Resources,NA,1065,ORLAND - ARTOIS WATER DISTRICT
25232,396963N1221406W001,1700141,2004-06-04T00:00:00Z,206.769,203.319,0,30.95,175.819,30.95,27.5,NA,Unknown,Water level accuracy is unknown,1,Department of Water Resources,NA,1065,ORLAND - ARTOIS WATER DISTRICT
25232,396963N1221406W001,1700140,2004-05-27T00:00:00Z,206.769,203.319,0,40.75,166.019,40.75,37.3,NA,Unknown,Water level accuracy is unknown,1,Department of Water Resources,NA,1065,ORLAND - ARTOIS WATER DISTRICT
25232,396963N1221406W001,1700139,2004-05-18T00:00:00Z,206.769,203.319,0,40.55,166.219,40.55,37.1,NA,Unknown,Water level accuracy is unknown,1,Department of Water Resources,NA,1065,ORLAND - ARTOIS WATER DISTRICT
25232,396963N1221406W001,1700138,2004-05-05T00:00:00Z,206.769,203.319,0,26.93,179.839,26.93,23.48,NA,Unknown,Water level accuracy is unknown,1,Department of Water Resources,NA,1065,ORLAND - ARTOIS WATER DISTRICT
25232,396963N1221406W001,1700137,2004-04-30T00:00:00Z,206.769,203.319,0,26.97,179.799,26.97,23.52,NA,Unknown,Water level accuracy is unknown,1,Department of Water Resources,NA,1065,ORLAND - ARTOIS WATER DISTRICT
25232,396963N1221406W001,1700154,2004-04-26T00:00:00Z,206.769,203.319,0,26.4,180.369,26.4,22.95,NA,Unknown,Water level accuracy is unknown,1,Department of Water Resources,NA,1065,ORLAND - ARTOIS WATER DISTRICT
25232,396963N1221406W001,1700136,2004-04-01T00:00:00Z,206.769,203.319,0,26.62,180.149,26.62,23.17,NA,Unknown,Water level accuracy is unknown,1,Department of Water Resources,NA,1065,ORLAND - ARTOIS WATER DISTRICT
25232,396963N1221406W001,1700135,2004-03-29T00:00:00Z,206.769,203.319,0,24.09,182.679,24.09,20.64,NA,Unknown,Water level accuracy is unknown,1,Department of Water Resources,New Well; Start Record,1065,ORLAND - ARTOIS WATER DISTRICT
