STN_ID,SITE_CODE,WLM_ID,MSMT_DATE,WLM_RPE,WLM_GSE,RDNG_WS,RDNG_RP,WSE,RPE_WSE,GSE_WSE,WLM_QA_DESC,WLM_DESC,WLM_ACC_DESC,WLM_ORG_ID,WLM_ORG_NAME,MSMT_CMT,COOP_AGENCY_ORG_ID,COOP_ORG_NAME
2527,377246N1207763W001,1680175,1977-03-01T00:00:00Z,217.48,217.48,NA,NA,NA,NA,NA,Well has been destroyed,NA,NA,1,Department of Water Resources,NA,281,Oakdale Irrigation District
2527,377246N1207763W001,1680174,1975-04-18T00:00:00Z,217.48,217.48,0,93.4,124.08,93.4,93.4,NA,Unknown,Water level accuracy is unknown,1,Department of Water Resources,NA,281,Oakdale Irrigation District
2527,377246N1207763W001,1680173,1974-03-01T00:00:00Z,217.48,217.48,0,91.8,125.68,91.8,91.8,NA,Unknown,Water level accuracy is unknown,1,Department of Water Resources,NA,281,Oakdale Irrigation District
2527,377246N1207763W001,1680172,1973-03-01T00:00:00Z,217.48,217.48,0,93,124.48,93,93,NA,Unknown,Water level accuracy is unknown,1,Department of Water Resources,NA,281,Oakdale Irrigation District
2527,377246N1207763W001,1680171,1972-03-01T00:00:00Z,217.48,217.48,0,91.1,126.38,91.1,91.1,NA,Unknown,Water level accuracy is unknown,1,Department of Water Resources,NA,281,Oakdale Irrigation District
2527,377246N1207763W001,1680170,1971-03-01T00:00:00Z,217.48,217.48,0,91.6,125.88,91.6,91.6,NA,Unknown,Water level accuracy is unknown,1,Department of Water Resources,NA,281,Oakdale Irrigation District
2527,377246N1207763W001,1680169,1970-12-01T00:00:00Z,217.48,217.48,0,94,123.48,94,94,NA,Unknown,Water level accuracy is unknown,1,Department of Water Resources,NA,281,Oakdale Irrigation District
2527,377246N1207763W001,1680168,1970-03-01T00:00:00Z,217.48,217.48,0,91.7,125.78,91.7,91.7,NA,Unknown,Water level accuracy is unknown,1,Department of Water Resources,NA,281,Oakdale Irrigation District
2527,377246N1207763W001,1680167,1969-03-01T00:00:00Z,217.48,217.48,0,93.8,123.68,93.8,93.8,NA,Unknown,Water level accuracy is unknown,1,Department of Water Resources,NA,281,Oakdale Irrigation District
2527,377246N1207763W001,1680166,1968-03-01T00:00:00Z,217.48,217.48,0,92.4,125.08,92.4,92.4,NA,Unknown,Water level accuracy is unknown,1,Department of Water Resources,NA,281,Oakdale Irrigation District
2527,377246N1207763W001,1680165,1967-04-01T00:00:00Z,217.48,217.48,0,92.8,124.68,92.8,92.8,NA,Unknown,Water level accuracy is unknown,1,Department of Water Resources,NA,281,Oakdale Irrigation District
2527,377246N1207763W001,1680164,1966-03-01T00:00:00Z,217.48,217.48,0,91.9,125.58,91.9,91.9,NA,Unknown,Water level accuracy is unknown,1,Department of Water Resources,NA,281,Oakdale Irrigation District
2527,377246N1207763W001,1680163,1965-03-01T00:00:00Z,217.48,217.48,0,93.2,124.28,93.2,93.2,NA,Unknown,Water level accuracy is unknown,1,Department of Water Resources,NA,281,Oakdale Irrigation District
2527,377246N1207763W001,1680162,1964-10-01T00:00:00Z,217.48,217.48,0,94.5,122.98,94.5,94.5,NA,Unknown,Water level accuracy is unknown,1,Department of Water Resources,NA,281,Oakdale Irrigation District
2527,377246N1207763W001,1680161,1964-03-01T00:00:00Z,217.48,217.48,0,93.8,123.68,93.8,93.8,NA,Unknown,Water level accuracy is unknown,1,Department of Water Resources,NA,281,Oakdale Irrigation District
2527,377246N1207763W001,1680160,1963-03-01T00:00:00Z,217.48,217.48,0,94.8,122.68,94.8,94.8,NA,Unknown,Water level accuracy is unknown,1,Department of Water Resources,NA,281,Oakdale Irrigation District
2527,377246N1207763W001,1680159,1962-03-01T00:00:00Z,217.48,217.48,0,98.4,119.08,98.4,98.4,NA,Unknown,Water level accuracy is unknown,1,Department of Water Resources,NA,281,Oakdale Irrigation District
2527,377246N1207763W001,1680158,1961-03-01T00:00:00Z,217.48,217.48,0,94.6,122.88,94.6,94.6,NA,Unknown,Water level accuracy is unknown,1,Department of Water Resources,NA,281,Oakdale Irrigation District
2527,377246N1207763W001,1680157,1960-12-01T00:00:00Z,217.48,217.48,0,86.8,130.68,86.8,86.8,NA,Unknown,Water level accuracy is unknown,1,Department of Water Resources,NA,281,Oakdale Irrigation District
2527,377246N1207763W001,1680156,1960-03-01T00:00:00Z,217.48,217.48,0,93.4,124.08,93.4,93.4,NA,Unknown,Water level accuracy is unknown,1,Department of Water Resources,NA,281,Oakdale Irrigation District
2527,377246N1207763W001,1680155,1959-10-01T00:00:00Z,217.48,217.48,0,99,118.48,99,99,NA,Unknown,Water level accuracy is unknown,1,Department of Water Resources,NA,281,Oakdale Irrigation District
2527,377246N1207763W001,1680154,1959-03-01T00:00:00Z,217.48,217.48,0,92.4,125.08,92.4,92.4,NA,Unknown,Water level accuracy is unknown,1,Department of Water Resources,NA,281,Oakdale Irrigation District
2527,377246N1207763W001,1680153,1958-10-01T00:00:00Z,217.48,217.48,0,93.7,123.78,93.7,93.7,NA,Unknown,Water level accuracy is unknown,1,Department of Water Resources,NA,281,Oakdale Irrigation District
2527,377246N1207763W001,1680152,1958-03-01T00:00:00Z,217.48,217.48,0,94.2,123.28,94.2,94.2,NA,Unknown,Water level accuracy is unknown,1,Department of Water Resources,NA,281,Oakdale Irrigation District
2527,377246N1207763W001,1680151,1957-10-01T00:00:00Z,217.48,217.48,0,98.3,119.18,98.3,98.3,NA,Unknown,Water level accuracy is unknown,1,Department of Water Resources,NA,281,Oakdale Irrigation District
2527,377246N1207763W001,1680150,1957-03-01T00:00:00Z,217.48,217.48,0,94.9,122.58,94.9,94.9,NA,Unknown,Water level accuracy is unknown,1,Department of Water Resources,NA,281,Oakdale Irrigation District
2527,377246N1207763W001,1680149,1956-10-01T00:00:00Z,217.48,217.48,0,99.7,117.78,99.7,99.7,NA,Unknown,Water level accuracy is unknown,1,Department of Water Resources,NA,281,Oakdale Irrigation District
2527,377246N1207763W001,1680148,1956-03-01T00:00:00Z,217.48,217.48,0,97.1,120.38,97.1,97.1,NA,Unknown,Water level accuracy is unknown,1,Department of Water Resources,NA,281,Oakdale Irrigation District
2527,377246N1207763W001,1680147,1955-10-01T00:00:00Z,217.48,217.48,0,103.3,114.18,103.3,103.3,NA,Unknown,Water level accuracy is unknown,1,Department of Water Resources,NA,281,Oakdale Irrigation District
2527,377246N1207763W001,1680146,1955-03-01T00:00:00Z,217.48,217.48,0,95.1,122.38,95.1,95.1,NA,Unknown,Water level accuracy is unknown,1,Department of Water Resources,NA,281,Oakdale Irrigation District
2527,377246N1207763W001,1680145,1954-10-01T00:00:00Z,217.48,217.48,0,100.9,116.58,100.9,100.9,NA,Unknown,Water level accuracy is unknown,1,Department of Water Resources,NA,281,Oakdale Irrigation District
2527,377246N1207763W001,1680144,1954-03-01T00:00:00Z,217.48,217.48,0,91.7,125.78,91.7,91.7,NA,Unknown,Water level accuracy is unknown,1,Department of Water Resources,NA,281,Oakdale Irrigation District
2527,377246N1207763W001,1680143,1953-10-01T00:00:00Z,217.48,217.48,0,95.5,121.98,95.5,95.5,NA,Unknown,Water level accuracy is unknown,1,Department of Water Resources,NA,281,Oakdale Irrigation District
2527,377246N1207763W001,1680142,1953-03-01T00:00:00Z,217.48,217.48,0,91.4,126.08,91.4,91.4,NA,Unknown,Water level accuracy is unknown,1,Department of Water Resources,NA,281,Oakdale Irrigation District
2527,377246N1207763W001,1680141,1952-10-01T00:00:00Z,217.48,217.48,0,95.8,121.68,95.8,95.8,NA,Unknown,Water level accuracy is unknown,1,Department of Water Resources,NA,281,Oakdale Irrigation District
2527,377246N1207763W001,1680140,1952-03-01T00:00:00Z,217.48,217.48,0,93.5,123.98,93.5,93.5,NA,Unknown,Water level accuracy is unknown,1,Department of Water Resources,NA,281,Oakdale Irrigation District
2527,377246N1207763W001,1680139,1951-10-01T00:00:00Z,217.48,217.48,0,96.1,121.38,96.1,96.1,NA,Unknown,Water level accuracy is unknown,1,Department of Water Resources,NA,281,Oakdale Irrigation District
2527,377246N1207763W001,1680138,1951-03-01T00:00:00Z,217.48,217.48,0,91.4,126.08,91.4,91.4,NA,Unknown,Water level accuracy is unknown,1,Department of Water Resources,NA,281,Oakdale Irrigation District
2527,377246N1207763W001,1680137,1950-10-01T00:00:00Z,217.48,217.48,0,94.4,123.08,94.4,94.4,NA,Unknown,Water level accuracy is unknown,1,Department of Water Resources,NA,281,Oakdale Irrigation District
2527,377246N1207763W001,1680136,1950-03-01T00:00:00Z,217.48,217.48,0,93.6,123.88,93.6,93.6,NA,Unknown,Water level accuracy is unknown,1,Department of Water Resources,NA,281,Oakdale Irrigation District
2527,377246N1207763W001,1680135,1949-10-01T00:00:00Z,217.48,217.48,0,95.3,122.18,95.3,95.3,NA,Unknown,Water level accuracy is unknown,1,Department of Water Resources,NA,281,Oakdale Irrigation District
2527,377246N1207763W001,1680134,1949-03-01T00:00:00Z,217.48,217.48,0,89.4,128.08,89.4,89.4,NA,Unknown,Water level accuracy is unknown,1,Department of Water Resources,NA,281,Oakdale Irrigation District
2527,377246N1207763W001,1680133,1948-10-01T00:00:00Z,217.48,217.48,0,93.4,124.08,93.4,93.4,NA,Unknown,Water level accuracy is unknown,1,Department of Water Resources,NA,281,Oakdale Irrigation District
2527,377246N1207763W001,1680132,1948-03-01T00:00:00Z,217.48,217.48,0,87.1,130.38,87.1,87.1,NA,Unknown,Water level accuracy is unknown,1,Department of Water Resources,NA,281,Oakdale Irrigation District
2527,377246N1207763W001,1680131,1947-10-01T00:00:00Z,217.48,217.48,0,90.4,127.08,90.4,90.4,NA,Unknown,Water level accuracy is unknown,1,Department of Water Resources,NA,281,Oakdale Irrigation District
2527,377246N1207763W001,1680130,1947-03-01T00:00:00Z,217.48,217.48,0,85,132.48,85,85,NA,Unknown,Water level accuracy is unknown,1,Department of Water Resources,NA,281,Oakdale Irrigation District
2527,377246N1207763W001,1680129,1946-10-01T00:00:00Z,217.48,217.48,0,86.2,131.28,86.2,86.2,NA,Unknown,Water level accuracy is unknown,1,Department of Water Resources,NA,281,Oakdale Irrigation District
2527,377246N1207763W001,1680128,1946-03-01T00:00:00Z,217.48,217.48,0,84.4,133.08,84.4,84.4,NA,Unknown,Water level accuracy is unknown,1,Department of Water Resources,NA,281,Oakdale Irrigation District
2527,377246N1207763W001,1680127,1945-10-01T00:00:00Z,217.48,217.48,0,82.6,134.88,82.6,82.6,NA,Unknown,Water level accuracy is unknown,1,Department of Water Resources,NA,281,Oakdale Irrigation District
2527,377246N1207763W001,1680126,1945-03-01T00:00:00Z,217.48,217.48,0,83.6,133.88,83.6,83.6,NA,Unknown,Water level accuracy is unknown,1,Department of Water Resources,NA,281,Oakdale Irrigation District
2527,377246N1207763W001,1680125,1944-10-01T00:00:00Z,217.48,217.48,0,84,133.48,84,84,NA,Unknown,Water level accuracy is unknown,1,Department of Water Resources,NA,281,Oakdale Irrigation District
