STN_ID,SITE_CODE,WLM_ID,MSMT_DATE,WLM_RPE,WLM_GSE,RDNG_WS,RDNG_RP,WSE,RPE_WSE,GSE_WSE,WLM_QA_DESC,WLM_DESC,WLM_ACC_DESC,WLM_ORG_ID,WLM_ORG_NAME,MSMT_CMT,COOP_AGENCY_ORG_ID,COOP_ORG_NAME
2533,339953N1180746W002,1680695,1998-09-09T00:00:00Z,163.4,163.4,0,0.07,163.33,0.07,0.07,NA,Unknown,Water level accuracy is unknown,1,Department of Water Resources,NA,5167,United States Geological Survey
2533,339953N1180746W002,1680694,1998-09-01T00:00:00Z,163.4,163.4,0,1.41,161.99,1.41,1.41,NA,Unknown,Water level accuracy is unknown,1,Department of Water Resources,NA,5167,United States Geological Survey
2533,339953N1180746W002,1680693,1998-08-28T00:00:00Z,163.4,163.4,0,-0.92,164.32,-0.92,-0.92,NA,Unknown,Water level accuracy is unknown,1,Department of Water Resources,NA,5167,United States Geological Survey
2533,339953N1180746W002,1680692,1998-08-26T00:00:00Z,163.4,163.4,0,-2.09,165.49,-2.09,-2.09,NA,Unknown,Water level accuracy is unknown,1,Department of Water Resources,NA,5167,United States Geological Survey
2533,339953N1180746W002,1680691,1998-08-25T00:00:00Z,163.4,163.4,0,-2.58,165.98,-2.58,-2.58,NA,Unknown,Water level accuracy is unknown,1,Department of Water Resources,NA,5167,United States Geological Survey
2533,339953N1180746W002,1680690,1998-08-20T00:00:00Z,163.4,163.4,0,1.97,161.43,1.97,1.97,NA,Unknown,Water level accuracy is unknown,1,Department of Water Resources,NA,5167,United States Geological Survey
2533,339953N1180746W002,1680689,1998-08-06T00:00:00Z,163.4,163.4,0,-1.58,164.98,-1.58,-1.58,NA,Unknown,Water level accuracy is unknown,1,Department of Water Resources,NA,5167,United States Geological Survey
2533,339953N1180746W002,1680688,1998-07-14T00:00:00Z,163.4,163.4,0,-1.61,165.01,-1.61,-1.61,NA,Unknown,Water level accuracy is unknown,1,Department of Water Resources,NA,5167,United States Geological Survey
2533,339953N1180746W002,1680687,1998-06-10T00:00:00Z,163.4,163.4,0,-2.03,165.43,-2.03,-2.03,NA,Unknown,Water level accuracy is unknown,1,Department of Water Resources,NA,5167,United States Geological Survey
2533,339953N1180746W002,1680686,1998-04-01T00:00:00Z,163.4,163.4,0,-2.8,166.2,-2.8,-2.8,NA,Unknown,Water level accuracy is unknown,1,Department of Water Resources,NA,5167,United States Geological Survey
2533,339953N1180746W002,1680685,1998-03-11T00:00:00Z,163.4,163.4,0,-2.91,166.31,-2.91,-2.91,NA,Unknown,Water level accuracy is unknown,1,Department of Water Resources,NA,5167,United States Geological Survey
2533,339953N1180746W002,1680684,1998-02-10T00:00:00Z,163.4,163.4,0,-0.33,163.73,-0.33,-0.33,NA,Unknown,Water level accuracy is unknown,1,Department of Water Resources,NA,5167,United States Geological Survey
2533,339953N1180746W002,1680683,1998-01-07T00:00:00Z,163.4,163.4,0,0.4,163,0.4,0.4,NA,Unknown,Water level accuracy is unknown,1,Department of Water Resources,NA,5167,United States Geological Survey
2533,339953N1180746W002,1680682,1997-12-11T00:00:00Z,163.4,163.4,0,-0.33,163.73,-0.33,-0.33,NA,Unknown,Water level accuracy is unknown,1,Department of Water Resources,NA,5167,United States Geological Survey
2533,339953N1180746W002,1680681,1997-11-19T00:00:00Z,163.4,163.4,0,8.77,154.63,8.77,8.77,NA,Unknown,Water level accuracy is unknown,1,Department of Water Resources,NA,5167,United States Geological Survey
2533,339953N1180746W002,1680680,1997-11-05T00:00:00Z,163.4,163.4,0,4.45,158.95,4.45,4.45,NA,Unknown,Water level accuracy is unknown,1,Department of Water Resources,NA,5167,United States Geological Survey
2533,339953N1180746W002,1680679,1997-10-24T00:00:00Z,163.4,163.4,0,-1.85,165.25,-1.85,-1.85,NA,Unknown,Water level accuracy is unknown,1,Department of Water Resources,NA,5167,United States Geological Survey
2533,339953N1180746W002,1680678,1997-10-02T00:00:00Z,163.4,163.4,0,11.47,151.93,11.47,11.47,NA,Unknown,Water level accuracy is unknown,1,Department of Water Resources,NA,5167,United States Geological Survey
2533,339953N1180746W002,1680677,1997-09-18T00:00:00Z,163.4,163.4,0,12.2,151.2,12.2,12.2,NA,Unknown,Water level accuracy is unknown,1,Department of Water Resources,NA,5167,United States Geological Survey
2533,339953N1180746W002,1680676,1997-09-11T00:00:00Z,163.4,163.4,0,10.25,153.15,10.25,10.25,NA,Unknown,Water level accuracy is unknown,1,Department of Water Resources,NA,5167,United States Geological Survey
2533,339953N1180746W002,1680675,1997-09-05T00:00:00Z,163.4,163.4,0,6.94,156.46,6.94,6.94,NA,Unknown,Water level accuracy is unknown,1,Department of Water Resources,NA,5167,United States Geological Survey
2533,339953N1180746W002,1680674,1997-09-02T00:00:00Z,163.4,163.4,0,5.92,157.48,5.92,5.92,NA,Unknown,Water level accuracy is unknown,1,Department of Water Resources,NA,5167,United States Geological Survey
2533,339953N1180746W002,1680673,1997-08-29T00:00:00Z,163.4,163.4,0,4.17,159.23,4.17,4.17,NA,Unknown,Water level accuracy is unknown,1,Department of Water Resources,NA,5167,United States Geological Survey
2533,339953N1180746W002,1680672,1997-08-28T00:00:00Z,163.4,163.4,0,3.85,159.55,3.85,3.85,NA,Unknown,Water level accuracy is unknown,1,Department of Water Resources,NA,5167,United States Geological Survey
2533,339953N1180746W002,1680671,1997-08-27T00:00:00Z,163.4,163.4,0,3.38,160.02,3.38,3.38,NA,Unknown,Water level accuracy is unknown,1,Department of Water Resources,NA,5167,United States Geological Survey
2533,339953N1180746W002,1680670,1997-08-26T00:00:00Z,163.4,163.4,0,3.22,160.18,3.22,3.22,NA,Unknown,Water level accuracy is unknown,1,Department of Water Resources,NA,5167,United States Geological Survey
2533,339953N1180746W002,1680669,1997-08-19T00:00:00Z,163.4,163.4,0,3.43,159.97,3.43,3.43,NA,Unknown,Water level accuracy is unknown,1,Department of Water Resources,NA,5167,United States Geological Survey
2533,339953N1180746W002,1680668,1997-08-12T00:00:00Z,163.4,163.4,0,3,160.4,3,3,NA,Unknown,Water level accuracy is unknown,1,Department of Water Resources,NA,5167,United States Geological Survey
2533,339953N1180746W002,1680667,1997-08-01T00:00:00Z,163.4,163.4,0,3.02,160.38,3.02,3.02,NA,Unknown,Water level accuracy is unknown,1,Department of Water Resources,NA,5167,United States Geological Survey
2533,339953N1180746W002,1680666,1997-07-31T00:00:00Z,163.4,163.4,0,3.06,160.34,3.06,3.06,NA,Unknown,Water level accuracy is unknown,1,Department of Water Resources,NA,5167,United States Geological Survey
2533,339953N1180746W002,1680665,1997-07-30T00:00:00Z,163.4,163.4,0,3.51,159.89,3.51,3.51,NA,Unknown,Water level accuracy is unknown,1,Department of Water Resources,NA,5167,United States Geological Survey
2533,339953N1180746W002,1680664,1997-07-25T00:00:00Z,163.4,163.4,0,3.75,159.65,3.75,3.75,NA,Unknown,Water level accuracy is unknown,1,Department of Water Resources,NA,5167,United States Geological Survey
2533,339953N1180746W002,1680663,1997-07-22T00:00:00Z,163.4,163.4,0,5.42,157.98,5.42,5.42,NA,Unknown,Water level accuracy is unknown,1,Department of Water Resources,NA,5167,United States Geological Survey
2533,339953N1180746W002,1680662,1996-11-21T00:00:00Z,163.4,163.4,0,-0.23,163.63,-0.23,-0.23,NA,Unknown,Water level accuracy is unknown,1,Department of Water Resources,NA,5167,United States Geological Survey
2533,339953N1180746W002,1680661,1996-10-22T00:00:00Z,163.4,163.4,0,0.27,163.13,0.27,0.27,NA,Unknown,Water level accuracy is unknown,1,Department of Water Resources,NA,5167,United States Geological Survey
2533,339953N1180746W002,1680660,1996-09-19T00:00:00Z,163.4,163.4,0,11.14,152.26,11.14,11.14,NA,Unknown,Water level accuracy is unknown,1,Department of Water Resources,NA,5167,United States Geological Survey
2533,339953N1180746W002,1680659,1996-08-15T00:00:00Z,163.4,163.4,0,6.54,156.86,6.54,6.54,NA,Unknown,Water level accuracy is unknown,1,Department of Water Resources,NA,5167,United States Geological Survey
2533,339953N1180746W002,1680658,1996-08-09T00:00:00Z,163.4,163.4,0,4.17,159.23,4.17,4.17,NA,Unknown,Water level accuracy is unknown,1,Department of Water Resources,NA,5167,United States Geological Survey
2533,339953N1180746W002,1680657,1996-07-11T00:00:00Z,163.4,163.4,0,4.16,159.24,4.16,4.16,NA,Unknown,Water level accuracy is unknown,1,Department of Water Resources,NA,5167,United States Geological Survey
2533,339953N1180746W002,1680656,1996-06-11T00:00:00Z,163.4,163.4,0,1.2,162.2,1.2,1.2,NA,Unknown,Water level accuracy is unknown,1,Department of Water Resources,NA,5167,United States Geological Survey
2533,339953N1180746W002,1680655,1996-05-23T00:00:00Z,163.4,163.4,0,0.54,162.86,0.54,0.54,NA,Unknown,Water level accuracy is unknown,1,Department of Water Resources,NA,5167,United States Geological Survey
2533,339953N1180746W002,1680654,1996-05-18T00:00:00Z,163.4,163.4,0,-1.01,164.41,-1.01,-1.01,NA,Unknown,Water level accuracy is unknown,1,Department of Water Resources,NA,5167,United States Geological Survey
2533,339953N1180746W002,1680653,1996-05-09T00:00:00Z,163.4,163.4,0,-0.16,163.56,-0.16,-0.16,NA,Unknown,Water level accuracy is unknown,1,Department of Water Resources,NA,5167,United States Geological Survey
2533,339953N1180746W002,1680652,1996-04-15T00:00:00Z,163.4,163.4,0,-0.6,164,-0.6,-0.6,NA,Unknown,Water level accuracy is unknown,1,Department of Water Resources,NA,5167,United States Geological Survey
2533,339953N1180746W002,1680651,1996-04-04T00:00:00Z,163.4,163.4,0,-0.02,163.42,-0.02,-0.02,NA,Unknown,Water level accuracy is unknown,1,Department of Water Resources,NA,5167,United States Geological Survey
2533,339953N1180746W002,1680650,1996-03-18T00:00:00Z,163.4,163.4,0,-1.46,164.86,-1.46,-1.46,NA,Unknown,Water level accuracy is unknown,1,Department of Water Resources,NA,5167,United States Geological Survey
2533,339953N1180746W002,1680649,1996-03-11T00:00:00Z,163.4,163.4,0,-1.45,164.85,-1.45,-1.45,NA,Unknown,Water level accuracy is unknown,1,Department of Water Resources,NA,5167,United States Geological Survey
2533,339953N1180746W002,1680648,1996-03-06T00:00:00Z,163.4,163.4,0,-0.85,164.25,-0.85,-0.85,NA,Unknown,Water level accuracy is unknown,1,Department of Water Resources,NA,5167,United States Geological Survey
2533,339953N1180746W002,1680647,1996-03-01T00:00:00Z,163.4,163.4,0,-0.61,164.01,-0.61,-0.61,NA,Unknown,Water level accuracy is unknown,1,Department of Water Resources,NA,5167,United States Geological Survey
2533,339953N1180746W002,1680646,1996-02-15T00:00:00Z,163.4,163.4,0,2.83,160.57,2.83,2.83,NA,Unknown,Water level accuracy is unknown,1,Department of Water Resources,NA,5167,United States Geological Survey
2533,339953N1180746W002,1680645,1996-02-05T00:00:00Z,163.4,163.4,0,-0.37,163.77,-0.37,-0.37,NA,Unknown,Water level accuracy is unknown,1,Department of Water Resources,NA,5167,United States Geological Survey
2533,339953N1180746W002,1680644,1996-01-16T00:00:00Z,163.4,163.4,0,-0.58,163.98,-0.58,-0.58,NA,Unknown,Water level accuracy is unknown,1,Department of Water Resources,NA,5167,United States Geological Survey
2533,339953N1180746W002,1680643,1995-10-04T00:00:00Z,163.4,163.4,0,8.48,154.92,8.48,8.48,NA,Unknown,Water level accuracy is unknown,1,Department of Water Resources,NA,5167,United States Geological Survey
2533,339953N1180746W002,1680642,1995-09-29T00:00:00Z,163.4,163.4,0,4.61,158.79,4.61,4.61,NA,Unknown,Water level accuracy is unknown,1,Department of Water Resources,NA,5167,United States Geological Survey
2533,339953N1180746W002,1680641,1995-09-19T00:00:00Z,163.4,163.4,0,0.61,162.79,0.61,0.61,NA,Unknown,Water level accuracy is unknown,1,Department of Water Resources,NA,5167,United States Geological Survey
2533,339953N1180746W002,1680640,1995-09-11T00:00:00Z,163.4,163.4,0,3.6,159.8,3.6,3.6,NA,Unknown,Water level accuracy is unknown,1,Department of Water Resources,NA,5167,United States Geological Survey
2533,339953N1180746W002,1680639,1995-09-06T00:00:00Z,163.4,163.4,0,2.3,161.1,2.3,2.3,NA,Unknown,Water level accuracy is unknown,1,Department of Water Resources,NA,5167,United States Geological Survey
2533,339953N1180746W002,1680638,1995-08-08T00:00:00Z,163.4,163.4,0,-0.62,164.02,-0.62,-0.62,NA,Unknown,Water level accuracy is unknown,1,Department of Water Resources,NA,5167,United States Geological Survey
2533,339953N1180746W002,1680637,1995-07-31T00:00:00Z,163.4,163.4,0,-3.44,166.84,-3.44,-3.44,NA,Unknown,Water level accuracy is unknown,1,Department of Water Resources,NA,5167,United States Geological Survey
2533,339953N1180746W002,1680636,1995-07-30T00:00:00Z,163.4,163.4,0,-3.38,166.78,-3.38,-3.38,NA,Unknown,Water level accuracy is unknown,1,Department of Water Resources,NA,5167,United States Geological Survey
2533,339953N1180746W002,1680635,1995-07-28T00:00:00Z,163.4,163.4,0,-1.03,164.43,-1.03,-1.03,NA,Unknown,Water level accuracy is unknown,1,Department of Water Resources,NA,5167,United States Geological Survey
2533,339953N1180746W002,1680634,1995-07-18T00:00:00Z,163.4,163.4,0,-0.74,164.14,-0.74,-0.74,NA,Unknown,Water level accuracy is unknown,1,Department of Water Resources,NA,5167,United States Geological Survey
2533,339953N1180746W002,1680633,1995-06-27T00:00:00Z,163.4,163.4,0,-0.67,164.07,-0.67,-0.67,NA,Unknown,Water level accuracy is unknown,1,Department of Water Resources,NA,5167,United States Geological Survey
2533,339953N1180746W002,1680632,1995-05-04T00:00:00Z,163.4,163.4,0,-2.7,166.1,-2.7,-2.7,NA,Unknown,Water level accuracy is unknown,1,Department of Water Resources,NA,5167,United States Geological Survey
2533,339953N1180746W002,1680631,1995-04-11T00:00:00Z,163.4,163.4,0,-1.91,165.31,-1.91,-1.91,NA,Unknown,Water level accuracy is unknown,1,Department of Water Resources,NA,5167,United States Geological Survey
2533,339953N1180746W002,1680630,1994-11-16T00:00:00Z,163.4,163.4,0,0.9,162.5,0.9,0.9,NA,Unknown,Water level accuracy is unknown,1,Department of Water Resources,NA,5167,United States Geological Survey
2533,339953N1180746W002,1680629,1994-10-11T00:00:00Z,163.4,163.4,0,4.02,159.38,4.02,4.02,NA,Unknown,Water level accuracy is unknown,1,Department of Water Resources,NA,5167,United States Geological Survey
2533,339953N1180746W002,1680628,1994-09-27T00:00:00Z,163.4,163.4,0,16.61,146.79,16.61,16.61,NA,Unknown,Water level accuracy is unknown,1,Department of Water Resources,NA,5167,United States Geological Survey
2533,339953N1180746W002,1680627,1994-09-23T00:00:00Z,163.4,163.4,0,12.03,151.37,12.03,12.03,NA,Unknown,Water level accuracy is unknown,1,Department of Water Resources,NA,5167,United States Geological Survey
2533,339953N1180746W002,1680626,1994-09-22T00:00:00Z,163.4,163.4,0,11.88,151.52,11.88,11.88,NA,Unknown,Water level accuracy is unknown,1,Department of Water Resources,NA,5167,United States Geological Survey
2533,339953N1180746W002,1680625,1994-09-21T00:00:00Z,163.4,163.4,0,11.68,151.72,11.68,11.68,NA,Unknown,Water level accuracy is unknown,1,Department of Water Resources,NA,5167,United States Geological Survey
2533,339953N1180746W002,1680624,1994-09-20T00:00:00Z,163.4,163.4,0,11.48,151.92,11.48,11.48,NA,Unknown,Water level accuracy is unknown,1,Department of Water Resources,NA,5167,United States Geological Survey
2533,339953N1180746W002,1680623,1994-09-19T00:00:00Z,163.4,163.4,0,11.3,152.1,11.3,11.3,NA,Unknown,Water level accuracy is unknown,1,Department of Water Resources,NA,5167,United States Geological Survey
2533,339953N1180746W002,1680622,1994-09-16T00:00:00Z,163.4,163.4,0,10.87,152.53,10.87,10.87,NA,Unknown,Water level accuracy is unknown,1,Department of Water Resources,NA,5167,United States Geological Survey
2533,339953N1180746W002,1680621,1994-09-14T00:00:00Z,163.4,163.4,0,10.44,152.96,10.44,10.44,NA,Unknown,Water level accuracy is unknown,1,Department of Water Resources,NA,5167,United States Geological Survey
2533,339953N1180746W002,1680620,1994-09-12T00:00:00Z,163.4,163.4,0,10.07,153.33,10.07,10.07,NA,Unknown,Water level accuracy is unknown,1,Department of Water Resources,NA,5167,United States Geological Survey
2533,339953N1180746W002,1680619,1994-09-09T00:00:00Z,163.4,163.4,0,9.31,154.09,9.31,9.31,NA,Unknown,Water level accuracy is unknown,1,Department of Water Resources,NA,5167,United States Geological Survey
2533,339953N1180746W002,1680618,1994-09-07T00:00:00Z,163.4,163.4,0,9.86,153.54,9.86,9.86,NA,Unknown,Water level accuracy is unknown,1,Department of Water Resources,NA,5167,United States Geological Survey
2533,339953N1180746W002,1680617,1994-09-06T00:00:00Z,163.4,163.4,0,14.67,148.73,14.67,14.67,NA,Unknown,Water level accuracy is unknown,1,Department of Water Resources,NA,5167,United States Geological Survey
2533,339953N1180746W002,1680616,1994-08-30T00:00:00Z,163.4,163.4,0,12.4,151,12.4,12.4,NA,Unknown,Water level accuracy is unknown,1,Department of Water Resources,NA,5167,United States Geological Survey
2533,339953N1180746W002,1680615,1994-08-18T00:00:00Z,163.4,163.4,0,13.01,150.39,13.01,13.01,NA,Unknown,Water level accuracy is unknown,1,Department of Water Resources,NA,5167,United States Geological Survey
2533,339953N1180746W002,1680614,1994-07-06T00:00:00Z,163.4,163.4,0,2.41,160.99,2.41,2.41,NA,Unknown,Water level accuracy is unknown,1,Department of Water Resources,NA,5167,United States Geological Survey
2533,339953N1180746W002,1680613,1994-06-01T00:00:00Z,163.4,163.4,0,2.3,161.1,2.3,2.3,NA,Unknown,Water level accuracy is unknown,1,Department of Water Resources,NA,5167,United States Geological Survey
2533,339953N1180746W002,1680612,1994-04-21T00:00:00Z,163.4,163.4,0,0.95,162.45,0.95,0.95,NA,Unknown,Water level accuracy is unknown,1,Department of Water Resources,NA,5167,United States Geological Survey
2533,339953N1180746W002,1680611,1994-04-08T00:00:00Z,163.4,163.4,0,-0.25,163.65,-0.25,-0.25,NA,Unknown,Water level accuracy is unknown,1,Department of Water Resources,NA,5167,United States Geological Survey
2533,339953N1180746W002,1680610,1994-04-07T00:00:00Z,163.4,163.4,0,-0.27,163.67,-0.27,-0.27,NA,Unknown,Water level accuracy is unknown,1,Department of Water Resources,NA,5167,United States Geological Survey
2533,339953N1180746W002,1680609,1994-04-06T00:00:00Z,163.4,163.4,0,-0.12,163.52,-0.12,-0.12,NA,Unknown,Water level accuracy is unknown,1,Department of Water Resources,NA,5167,United States Geological Survey
2533,339953N1180746W002,1680608,1994-04-05T00:00:00Z,163.4,163.4,0,1.14,162.26,1.14,1.14,NA,Unknown,Water level accuracy is unknown,1,Department of Water Resources,NA,5167,United States Geological Survey
2533,339953N1180746W002,1680607,1994-04-04T00:00:00Z,163.4,163.4,0,1.52,161.88,1.52,1.52,NA,Unknown,Water level accuracy is unknown,1,Department of Water Resources,NA,5167,United States Geological Survey
2533,339953N1180746W002,1680606,1994-03-24T00:00:00Z,163.4,163.4,0,3.38,160.02,3.38,3.38,NA,Unknown,Water level accuracy is unknown,1,Department of Water Resources,NA,5167,United States Geological Survey
2533,339953N1180746W002,1680605,1994-03-10T00:00:00Z,163.4,163.4,0,4.65,158.75,4.65,4.65,NA,Unknown,Water level accuracy is unknown,1,Department of Water Resources,NA,5167,United States Geological Survey
2533,339953N1180746W002,1680604,1993-11-17T00:00:00Z,163.4,163.4,0,3.31,160.09,3.31,3.31,NA,Unknown,Water level accuracy is unknown,1,Department of Water Resources,NA,5167,United States Geological Survey
2533,339953N1180746W002,1680603,1993-08-30T00:00:00Z,163.4,163.4,0,0.88,162.52,0.88,0.88,NA,Unknown,Water level accuracy is unknown,1,Department of Water Resources,NA,5167,United States Geological Survey
2533,339953N1180746W002,1680602,1993-08-29T00:00:00Z,163.4,163.4,0,1.83,161.57,1.83,1.83,NA,Unknown,Water level accuracy is unknown,1,Department of Water Resources,NA,5167,United States Geological Survey
2533,339953N1180746W002,1680601,1993-08-28T00:00:00Z,163.4,163.4,0,1.83,161.57,1.83,1.83,NA,Unknown,Water level accuracy is unknown,1,Department of Water Resources,NA,5167,United States Geological Survey
2533,339953N1180746W002,1680600,1993-08-24T00:00:00Z,163.4,163.4,0,2.14,161.26,2.14,2.14,NA,Unknown,Water level accuracy is unknown,1,Department of Water Resources,NA,5167,United States Geological Survey
2533,339953N1180746W002,1680599,1993-08-23T00:00:00Z,163.4,163.4,0,2.09,161.31,2.09,2.09,NA,Unknown,Water level accuracy is unknown,1,Department of Water Resources,NA,5167,United States Geological Survey
2533,339953N1180746W002,1680598,1993-08-16T00:00:00Z,163.4,163.4,0,0.85,162.55,0.85,0.85,NA,Unknown,Water level accuracy is unknown,1,Department of Water Resources,NA,5167,United States Geological Survey
2533,339953N1180746W002,1680597,1993-08-13T00:00:00Z,163.4,163.4,0,0.57,162.83,0.57,0.57,NA,Unknown,Water level accuracy is unknown,1,Department of Water Resources,NA,5167,United States Geological Survey
2533,339953N1180746W002,1680596,1993-08-12T00:00:00Z,163.4,163.4,0,0.24,163.16,0.24,0.24,NA,Unknown,Water level accuracy is unknown,1,Department of Water Resources,NA,5167,United States Geological Survey
2533,339953N1180746W002,1680595,1993-08-11T00:00:00Z,163.4,163.4,0,0.06,163.34,0.06,0.06,NA,Unknown,Water level accuracy is unknown,1,Department of Water Resources,NA,5167,United States Geological Survey
2533,339953N1180746W002,1680594,1993-08-10T00:00:00Z,163.4,163.4,0,-0.55,163.95,-0.55,-0.55,NA,Unknown,Water level accuracy is unknown,1,Department of Water Resources,NA,5167,United States Geological Survey
2533,339953N1180746W002,1680593,1993-04-16T00:00:00Z,163.4,163.4,0,-1.57,164.97,-1.57,-1.57,NA,Unknown,Water level accuracy is unknown,1,Department of Water Resources,NA,5167,United States Geological Survey
