STN_ID,SITE_CODE,WLM_ID,MSMT_DATE,WLM_RPE,WLM_GSE,RDNG_WS,RDNG_RP,WSE,RPE_WSE,GSE_WSE,WLM_QA_DESC,WLM_DESC,WLM_ACC_DESC,WLM_ORG_ID,WLM_ORG_NAME,MSMT_CMT,COOP_AGENCY_ORG_ID,COOP_ORG_NAME
25540,362280N1199589W001,910678,2008-04-04T00:00:00Z,257.88,255.88,NA,NA,NA,NA,NA,Pump house locked,NA,NA,1,Department of Water Resources,NA,5100,Westlands Water District
25540,362280N1199589W001,910677,2007-10-01T00:00:00Z,257.88,255.88,NA,NA,NA,NA,NA,Tape hung up,NA,NA,1,Department of Water Resources,NA,5100,Westlands Water District
25540,362280N1199589W001,910676,2007-04-01T00:00:00Z,257.88,255.88,0,8.35,249.53,8.35,6.35,NA,Unknown,Water level accuracy is unknown,1,Department of Water Resources,NA,5100,Westlands Water District
25540,362280N1199589W001,910675,2006-10-01T00:00:00Z,257.88,255.88,0,9.2,248.68,9.2,7.2,NA,Unknown,Water level accuracy is unknown,1,Department of Water Resources,NA,5100,Westlands Water District
25540,362280N1199589W001,910674,2006-04-01T00:00:00Z,257.88,255.88,0,6.1,251.78,6.1,4.1,NA,Unknown,Water level accuracy is unknown,1,Department of Water Resources,NA,5100,Westlands Water District
25540,362280N1199589W001,910673,2005-04-01T00:00:00Z,257.88,255.88,0,4.35,253.53,4.35,2.35,NA,Unknown,Water level accuracy is unknown,1,Department of Water Resources,NA,5100,Westlands Water District
25540,362280N1199589W001,910672,2004-10-01T00:00:00Z,257.88,255.88,0,9.8,248.08,9.8,7.8,NA,Unknown,Water level accuracy is unknown,1,Department of Water Resources,NA,5100,Westlands Water District
25540,362280N1199589W001,910671,2004-04-01T00:00:00Z,257.88,255.88,0,7.6,250.28,7.6,5.6,NA,Unknown,Water level accuracy is unknown,1,Department of Water Resources,NA,5100,Westlands Water District
