STN_ID,SITE_CODE,WLM_ID,MSMT_DATE,WLM_RPE,WLM_GSE,RDNG_WS,RDNG_RP,WSE,RPE_WSE,GSE_WSE,WLM_QA_DESC,WLM_DESC,WLM_ACC_DESC,WLM_ORG_ID,WLM_ORG_NAME,MSMT_CMT,COOP_AGENCY_ORG_ID,COOP_ORG_NAME
25756,365815N1203877W001,989366,2009-05-18T00:00:00Z,219.64,218.64,0,1.6,218.04,1.6,0.6,NA,Unknown,Water level accuracy is unknown,1,Department of Water Resources,NA,5100,Westlands Water District
25756,365815N1203877W001,989365,2007-10-01T00:00:00Z,219.64,218.64,NA,NA,NA,NA,NA,Special/Other,NA,NA,1,Department of Water Resources,NA,5100,Westlands Water District
25756,365815N1203877W001,989364,2007-04-01T00:00:00Z,219.64,218.64,NA,NA,NA,NA,NA,Special/Other,NA,NA,1,Department of Water Resources,NA,5100,Westlands Water District
25756,365815N1203877W001,989363,2006-10-01T00:00:00Z,219.64,218.64,NA,NA,NA,NA,NA,Special/Other,NA,NA,1,Department of Water Resources,NA,5100,Westlands Water District
25756,365815N1203877W001,989362,2006-04-01T00:00:00Z,219.64,218.64,NA,NA,NA,NA,NA,Special/Other,NA,NA,1,Department of Water Resources,NA,5100,Westlands Water District
25756,365815N1203877W001,989361,2005-04-01T00:00:00Z,219.64,218.64,NA,NA,NA,NA,NA,Special/Other,NA,NA,1,Department of Water Resources,NA,5100,Westlands Water District
25756,365815N1203877W001,989360,2004-10-01T00:00:00Z,219.64,218.64,NA,NA,NA,NA,NA,Special/Other,NA,NA,1,Department of Water Resources,NA,5100,Westlands Water District
25756,365815N1203877W001,989359,2004-04-01T00:00:00Z,219.64,218.64,0,5.6,214.04,5.6,4.6,NA,Unknown,Water level accuracy is unknown,1,Department of Water Resources,NA,5100,Westlands Water District
