STN_ID,SITE_CODE,WLM_ID,MSMT_DATE,WLM_RPE,WLM_GSE,RDNG_WS,RDNG_RP,WSE,RPE_WSE,GSE_WSE,WLM_QA_DESC,WLM_DESC,WLM_ACC_DESC,WLM_ORG_ID,WLM_ORG_NAME,MSMT_CMT,COOP_AGENCY_ORG_ID,COOP_ORG_NAME
25781,392361N1215066W001,2662419,2020-09-10T00:00:00Z,93.66,93.66,0,43.6,50.06,43.6,43.6,NA,Electric sounder measurement,Water level accuracy to nearest tenth of a foot,6792,Yuba County Water Agency GSA - North Yuba,Run 15,1,Department of Water Resources
25781,392361N1215066W001,2660376,2020-08-07T00:00:00Z,93.66,93.66,0,54.9,38.76,54.9,54.9,NA,Electric sounder measurement,Water level accuracy to nearest tenth of a foot,6792,Yuba County Water Agency GSA - North Yuba,Run 15,1,Department of Water Resources
25781,392361N1215066W001,2654282,2020-07-09T00:00:00Z,93.66,93.66,0,49.2,44.46,49.2,49.2,NA,Electric sounder measurement,Water level accuracy to nearest tenth of a foot,6792,Yuba County Water Agency GSA - North Yuba,Run 15,1,Department of Water Resources
25781,392361N1215066W001,2626583,2020-06-10T00:00:00Z,93.66,93.66,0,34.4,59.26,34.4,34.4,NA,Electric sounder measurement,Water level accuracy to nearest tenth of a foot,6792,Yuba County Water Agency GSA - North Yuba,Run 15,1,Department of Water Resources
25781,392361N1215066W001,2624552,2020-05-15T00:00:00Z,93.66,93.66,0,35.5,58.16,35.5,35.5,NA,Electric sounder measurement,Water level accuracy to nearest tenth of a foot,6792,Yuba County Water Agency GSA - North Yuba,Run 15,1,Department of Water Resources
25781,392361N1215066W001,2624776,2020-04-01T00:00:00Z,93.66,93.66,NA,NA,NA,NA,NA,Special/Other,NA,NA,6792,Yuba County Water Agency GSA - North Yuba,Run 15 - Data not collected due to Covid-19,1,Department of Water Resources
25781,392361N1215066W001,2628419,2020-03-04T00:00:00Z,93.66,93.66,0,16.3,77.36,16.3,16.3,NA,Electric sounder measurement,Water level accuracy to nearest tenth of a foot,6792,Yuba County Water Agency GSA - North Yuba,Run 15,1,Department of Water Resources
25781,392361N1215066W001,2628410,2020-02-13T00:00:00Z,93.66,93.66,0,16.2,77.46,16.2,16.2,NA,Electric sounder measurement,Water level accuracy to nearest tenth of a foot,6792,Yuba County Water Agency GSA - North Yuba,Run 15,1,Department of Water Resources
25781,392361N1215066W001,2526684,2020-01-23T00:00:00Z,93.66,93.66,0,16.7,76.96,16.7,16.7,NA,Electric sounder measurement,Water level accuracy to nearest tenth of a foot,6792,Yuba County Water Agency GSA - North Yuba,Run 15,1,Department of Water Resources
25781,392361N1215066W001,2630653,2020-01-02T00:00:00Z,93.66,93.66,0,16.7,76.96,16.7,16.7,NA,Electric sounder measurement,Water level accuracy to nearest tenth of a foot,6792,Yuba County Water Agency GSA - North Yuba,Run 15,1,Department of Water Resources
25781,392361N1215066W001,2488575,2019-12-05T00:00:00Z,93.66,93.66,0,18.2,75.46,18.2,18.2,NA,Electric sounder measurement,Water level accuracy to nearest tenth of a foot,1,Department of Water Resources,NA,1,Department of Water Resources
25781,392361N1215066W001,2484297,2019-11-08T00:00:00Z,93.66,93.66,0,19.6,74.06,19.6,19.6,NA,Electric sounder measurement,Water level accuracy to nearest tenth of a foot,1,Department of Water Resources,NA,1,Department of Water Resources
25781,392361N1215066W001,2478220,2019-10-10T00:00:00Z,93.66,93.66,0,19.5,74.16,19.5,19.5,NA,Electric sounder measurement,Water level accuracy to nearest tenth of a foot,1,Department of Water Resources,NA,1,Department of Water Resources
25781,392361N1215066W001,2475006,2019-09-06T00:00:00Z,93.66,93.66,0,19.2,74.46,19.2,19.2,NA,Electric sounder measurement,Water level accuracy to nearest tenth of a foot,1,Department of Water Resources,NA,1,Department of Water Resources
25781,392361N1215066W001,2473710,2019-08-08T00:00:00Z,93.66,93.66,0,19.6,74.06,19.6,19.6,NA,Electric sounder measurement,Water level accuracy to nearest tenth of a foot,1,Department of Water Resources,NA,1,Department of Water Resources
25781,392361N1215066W001,2472477,2019-07-23T00:00:00Z,93.66,93.66,0,19.6,74.06,19.6,19.6,NA,Electric sounder measurement,Water level accuracy to nearest tenth of a foot,1,Department of Water Resources,NA,1,Department of Water Resources
25781,392361N1215066W001,2472463,2019-06-26T00:00:00Z,93.66,93.66,0,18.8,74.86,18.8,18.8,NA,Electric sounder measurement,Water level accuracy to nearest tenth of a foot,1,Department of Water Resources,NA,1,Department of Water Resources
25781,392361N1215066W001,2460680,2019-05-13T00:00:00Z,93.66,93.66,0,19.2,74.46,19.2,19.2,NA,Electric sounder measurement,Water level accuracy to nearest tenth of a foot,1,Department of Water Resources,NA,1,Department of Water Resources
25781,392361N1215066W001,2457320,2019-04-11T00:00:00Z,93.66,93.66,0,18.3,75.36,18.3,18.3,NA,Electric sounder measurement,Water level accuracy to nearest tenth of a foot,1,Department of Water Resources,NA,1,Department of Water Resources
25781,392361N1215066W001,2449979,2019-03-13T00:00:00Z,93.66,93.66,0,19.3,74.36,19.3,19.3,NA,Electric sounder measurement,Water level accuracy to nearest tenth of a foot,1,Department of Water Resources,NA,1,Department of Water Resources
25781,392361N1215066W001,2449964,2019-02-20T00:00:00Z,93.66,93.66,0,20.4,73.26,20.4,20.4,NA,Electric sounder measurement,Water level accuracy to nearest tenth of a foot,1,Department of Water Resources,NA,1,Department of Water Resources
25781,392361N1215066W001,2438259,2019-01-07T00:00:00Z,93.66,93.66,0,23.2,70.46,23.2,23.2,NA,Electric sounder measurement,Water level accuracy to nearest tenth of a foot,1,Department of Water Resources,NA,1,Department of Water Resources
25781,392361N1215066W001,2433443,2018-12-17T00:00:00Z,93.66,93.66,0,24.6,69.06,24.6,24.6,NA,Electric sounder measurement,Water level accuracy to nearest tenth of a foot,1,Department of Water Resources,NA,1,Department of Water Resources
25781,392361N1215066W001,2429565,2018-11-13T00:00:00Z,93.66,93.66,0,28.5,65.16,28.5,28.5,NA,Electric sounder measurement,Water level accuracy to nearest tenth of a foot,1,Department of Water Resources,NA,1,Department of Water Resources
25781,392361N1215066W001,2411090,2018-10-11T00:00:00Z,93.66,93.66,0,34.8,58.86,34.8,34.8,NA,Electric sounder measurement,Water level accuracy to nearest tenth of a foot,1,Department of Water Resources,NA,1,Department of Water Resources
25781,392361N1215066W001,2409498,2018-09-05T00:00:00Z,93.66,93.66,0,36.7,56.96,36.7,36.7,NA,Electric sounder measurement,Water level accuracy to nearest tenth of a foot,1,Department of Water Resources,NA,1,Department of Water Resources
25781,392361N1215066W001,2409192,2018-08-28T00:00:00Z,93.66,93.66,0,40,53.66,40,40,NA,Electric sounder measurement,Water level accuracy to nearest tenth of a foot,1,Department of Water Resources,NA,1,Department of Water Resources
25781,392361N1215066W001,2307389,2018-07-20T00:00:00Z,93.66,93.66,0,48.1,45.56,48.1,48.1,NA,Electric sounder measurement,Water level accuracy to nearest tenth of a foot,1,Department of Water Resources,NA,1,Department of Water Resources
25781,392361N1215066W001,2307356,2018-07-05T00:00:00Z,93.66,93.66,0,28.1,65.56,28.1,28.1,NA,Electric sounder measurement,Water level accuracy to nearest tenth of a foot,1,Department of Water Resources,NA,1,Department of Water Resources
25781,392361N1215066W001,2307336,2018-05-16T00:00:00Z,93.66,93.66,0,16.7,76.96,16.7,16.7,NA,Electric sounder measurement,Water level accuracy to nearest tenth of a foot,1,Department of Water Resources,NA,1,Department of Water Resources
25781,392361N1215066W001,2307305,2018-04-24T00:00:00Z,93.66,93.66,0,14.7,78.96,14.7,14.7,NA,Electric sounder measurement,Water level accuracy to nearest tenth of a foot,1,Department of Water Resources,NA,1,Department of Water Resources
25781,392361N1215066W001,2287443,2018-03-27T00:00:00Z,93.66,93.66,0,14.6,79.06,14.6,14.6,NA,Electric sounder measurement,Water level accuracy to nearest hundredth of a foot,1,Department of Water Resources,NA,1,Department of Water Resources
25781,392361N1215066W001,2283377,2018-02-27T00:00:00Z,93.66,93.66,0,16,77.66,16,16,NA,Electric sounder measurement,Water level accuracy to nearest tenth of a foot,1,Department of Water Resources,NA,1,Department of Water Resources
25781,392361N1215066W001,2280876,2018-01-11T00:00:00Z,93.66,93.66,0,15.8,77.86,15.8,15.8,NA,Electric sounder measurement,Water level accuracy to nearest tenth of a foot,1,Department of Water Resources,NA,1,Department of Water Resources
25781,392361N1215066W001,2278057,2017-12-17T00:00:00Z,93.66,93.66,0,16.4,77.26,16.4,16.4,NA,Electric sounder measurement,Water level accuracy to nearest tenth of a foot,1,Department of Water Resources,NA,5051,Yuba County Water Agency
25781,392361N1215066W001,2276742,2017-11-30T00:00:00Z,93.66,93.66,0,16.6,77.06,16.6,16.6,NA,Electric sounder measurement,Water level accuracy to nearest tenth of a foot,1,Department of Water Resources,NA,5051,Yuba County Water Agency
25781,392361N1215066W001,2264171,2017-10-06T00:00:00Z,93.66,93.66,0,18.2,75.46,18.2,18.2,NA,Electric sounder measurement,Water level accuracy to nearest tenth of a foot,1,Department of Water Resources,NA,1,Department of Water Resources
25781,392361N1215066W001,2263176,2017-09-11T00:00:00Z,93.66,93.66,0,16.7,76.96,16.7,16.7,NA,Electric sounder measurement,Water level accuracy to nearest tenth of a foot,1,Department of Water Resources,NA,1,Department of Water Resources
25781,392361N1215066W001,2263165,2017-08-31T00:00:00Z,93.66,93.66,NA,NA,NA,NA,NA,Temporarily inaccessible,NA,NA,1,Department of Water Resources,Unable to measure.,1,Department of Water Resources
25781,392361N1215066W001,2263154,2017-07-28T00:00:00Z,93.66,93.66,NA,NA,NA,NA,NA,Temporarily inaccessible,NA,NA,1,Department of Water Resources,Unable to measure.,1,Department of Water Resources
25781,392361N1215066W001,2263143,2017-06-16T00:00:00Z,93.66,93.66,0,16.3,77.36,16.3,16.3,NA,Electric sounder measurement,Water level accuracy to nearest tenth of a foot,1,Department of Water Resources,NA,1,Department of Water Resources
25781,392361N1215066W001,2263132,2017-05-26T00:00:00Z,93.66,93.66,0,18.3,75.36,18.3,18.3,NA,Electric sounder measurement,Water level accuracy to nearest tenth of a foot,1,Department of Water Resources,NA,1,Department of Water Resources
25781,392361N1215066W001,2263121,2017-04-06T00:00:00Z,93.66,93.66,0,15.1,78.56,15.1,15.1,NA,Electric sounder measurement,Water level accuracy to nearest tenth of a foot,1,Department of Water Resources,NA,1,Department of Water Resources
25781,392361N1215066W001,2237449,2017-03-20T00:00:00Z,93.66,93.66,0,15.6,78.06,15.6,15.6,NA,Electric sounder measurement,Water level accuracy to nearest tenth of a foot,1,Department of Water Resources,NA,1,Department of Water Resources
25781,392361N1215066W001,2237461,2017-02-28T00:00:00Z,93.66,93.66,NA,NA,NA,NA,NA,Special/Other,NA,NA,1,Department of Water Resources,Measurement unattainable due to weather and emergency operations,1,Department of Water Resources
25781,392361N1215066W001,2230587,2017-01-17T00:00:00Z,93.66,93.66,0,20.5,73.16,20.5,20.5,NA,Electric sounder measurement,Water level accuracy to nearest tenth of a foot,1,Department of Water Resources,NA,1,Department of Water Resources
25781,392361N1215066W001,2223797,2016-12-20T00:00:00Z,93.66,93.66,0,21,72.66,21,21,NA,Electric sounder measurement,Water level accuracy to nearest tenth of a foot,1,Department of Water Resources,NA,1,Department of Water Resources
25781,392361N1215066W001,2220273,2016-11-24T00:00:00Z,93.66,93.66,0,21.5,72.16,21.5,21.5,NA,Electric sounder measurement,Water level accuracy to nearest tenth of a foot,1,Department of Water Resources,NA,1,Department of Water Resources
25781,392361N1215066W001,2214860,2016-10-12T00:00:00Z,93.66,93.66,0,21.9,71.76,21.9,21.9,NA,Electric sounder measurement,Water level accuracy to nearest tenth of a foot,1,Department of Water Resources,NA,1,Department of Water Resources
25781,392361N1215066W001,2214859,2016-09-22T00:00:00Z,93.66,93.66,0,23.6,70.06,23.6,23.6,NA,Electric sounder measurement,Water level accuracy to nearest tenth of a foot,1,Department of Water Resources,NA,1,Department of Water Resources
25781,392361N1215066W001,2214858,2016-08-19T00:00:00Z,93.66,93.66,0,24.2,69.46,24.2,24.2,NA,Electric sounder measurement,Water level accuracy to nearest tenth of a foot,1,Department of Water Resources,NA,1,Department of Water Resources
25781,392361N1215066W001,2214857,2016-07-12T00:00:00Z,93.66,93.66,0,26.1,67.56,26.1,26.1,NA,Electric sounder measurement,Water level accuracy to nearest tenth of a foot,1,Department of Water Resources,NA,1,Department of Water Resources
25781,392361N1215066W001,2214856,2016-06-30T00:00:00Z,93.66,93.66,0,25.2,68.46,25.2,25.2,NA,Electric sounder measurement,Water level accuracy to nearest tenth of a foot,1,Department of Water Resources,NA,1,Department of Water Resources
25781,392361N1215066W001,2198503,2016-05-23T00:00:00Z,93.66,93.66,0,21.9,71.76,21.9,21.9,NA,Electric sounder measurement,Water level accuracy to nearest tenth of a foot,1,Department of Water Resources,NA,1,Department of Water Resources
25781,392361N1215066W001,2191852,2016-04-18T00:00:00Z,93.66,93.66,0,21.4,72.26,21.4,21.4,NA,Electric sounder measurement,Water level accuracy to nearest tenth of a foot,1,Department of Water Resources,NA,1,Department of Water Resources
25781,392361N1215066W001,2185869,2016-03-03T00:00:00Z,93.66,93.66,0,22.6,71.06,22.6,22.6,NA,Electric sounder measurement,Water level accuracy to nearest tenth of a foot,1,Department of Water Resources,NA,1,Department of Water Resources
25781,392361N1215066W001,2182691,2016-02-17T00:00:00Z,93.66,93.66,0,23,70.66,23,23,NA,Electric sounder measurement,Water level accuracy to nearest tenth of a foot,1,Department of Water Resources,NA,1,Department of Water Resources
25781,392361N1215066W001,2182677,2016-01-20T00:00:00Z,93.66,93.66,0,24.2,69.46,24.2,24.2,NA,Electric sounder measurement,Water level accuracy to nearest tenth of a foot,1,Department of Water Resources,NA,1,Department of Water Resources
25781,392361N1215066W001,2178099,2015-12-29T00:00:00Z,93.66,93.66,0,25.4,68.26,25.4,25.4,NA,Electric sounder measurement,Water level accuracy to nearest tenth of a foot,1,Department of Water Resources,NA,1,Department of Water Resources
25781,392361N1215066W001,2176555,2015-11-16T00:00:00Z,93.66,93.66,0,28.2,65.46,28.2,28.2,NA,Electric sounder measurement,Water level accuracy to nearest tenth of a foot,1,Department of Water Resources,NA,1,Department of Water Resources
25781,392361N1215066W001,2158659,2015-10-22T00:00:00Z,93.66,93.66,0,29.6,64.06,29.6,29.6,NA,Electric sounder measurement,Water level accuracy to nearest tenth of a foot,1,Department of Water Resources,NA,1,Department of Water Resources
25781,392361N1215066W001,2153647,2015-09-10T00:00:00Z,93.66,93.66,0,29.5,64.16,29.5,29.5,NA,Electric sounder measurement,Water level accuracy to nearest tenth of a foot,1,Department of Water Resources,NA,1,Department of Water Resources
25781,392361N1215066W001,2150385,2015-08-14T00:00:00Z,93.66,93.66,0,33.7,59.96,33.7,33.7,NA,Electric sounder measurement,Water level accuracy to nearest tenth of a foot,1,Department of Water Resources,NA,1,Department of Water Resources
25781,392361N1215066W001,2146945,2015-07-20T00:00:00Z,93.66,93.66,0,37.8,55.86,37.8,37.8,NA,Electric sounder measurement,Water level accuracy to nearest tenth of a foot,1,Department of Water Resources,NA,1,Department of Water Resources
25781,392361N1215066W001,2143543,2015-06-22T00:00:00Z,93.66,93.66,0,36.4,57.26,36.4,36.4,NA,Electric sounder measurement,Water level accuracy to nearest tenth of a foot,1,Department of Water Resources,NA,1,Department of Water Resources
25781,392361N1215066W001,2140471,2015-05-19T00:00:00Z,93.66,93.66,0,32.4,61.26,32.4,32.4,NA,Electric sounder measurement,Water level accuracy to nearest tenth of a foot,1,Department of Water Resources,NA,1,Department of Water Resources
25781,392361N1215066W001,2135927,2015-04-14T00:00:00Z,93.66,93.66,0,24,69.66,24,24,NA,Electric sounder measurement,Water level accuracy to nearest tenth of a foot,1,Department of Water Resources,NA,1,Department of Water Resources
25781,392361N1215066W001,2121909,2015-03-19T00:00:00Z,93.66,93.66,0,23.8,69.86,23.8,23.8,NA,Electric sounder measurement,Water level accuracy to nearest tenth of a foot,1,Department of Water Resources,NA,1,Department of Water Resources
25781,392361N1215066W001,2121890,2015-02-24T00:00:00Z,93.66,93.66,0,25.2,68.46,25.2,25.2,NA,Electric sounder measurement,Water level accuracy to nearest tenth of a foot,1,Department of Water Resources,NA,1,Department of Water Resources
25781,392361N1215066W001,2121871,2015-01-22T00:00:00Z,93.66,93.66,0,27.7,65.96,27.7,27.7,NA,Electric sounder measurement,Water level accuracy to nearest tenth of a foot,1,Department of Water Resources,NA,1,Department of Water Resources
25781,392361N1215066W001,2109912,2014-12-29T00:00:00Z,93.66,93.66,0,28.4,65.26,28.4,28.4,NA,Electric sounder measurement,Water level accuracy to nearest tenth of a foot,1,Department of Water Resources,NA,1,Department of Water Resources
25781,392361N1215066W001,2107403,2014-11-20T00:00:00Z,93.66,93.66,0,39.8,53.86,39.8,39.8,NA,Electric sounder measurement,Water level accuracy to nearest tenth of a foot,1,Department of Water Resources,NA,1,Department of Water Resources
25781,392361N1215066W001,2015994,2014-09-18T00:00:00Z,93.66,93.66,0,28,65.66,28,28,NA,Electric sounder measurement,Water level accuracy to nearest tenth of a foot,1,Department of Water Resources,NA,1,Department of Water Resources
25781,392361N1215066W001,2000995,2014-08-21T00:00:00Z,93.66,93.66,0,22.6,71.06,22.6,22.6,NA,Electric sounder measurement,Water level accuracy to nearest tenth of a foot,1,Department of Water Resources,NA,1,Department of Water Resources
25781,392361N1215066W001,1992055,2014-07-15T00:00:00Z,93.66,93.66,0,23.7,69.96,23.7,23.7,NA,Electric sounder measurement,Water level accuracy to nearest tenth of a foot,1,Department of Water Resources,NA,1,Department of Water Resources
25781,392361N1215066W001,1991230,2014-06-19T00:00:00Z,93.66,93.66,0,24,69.66,24,24,NA,Electric sounder measurement,Water level accuracy to nearest tenth of a foot,1,Department of Water Resources,NA,1,Department of Water Resources
25781,392361N1215066W001,1988406,2014-05-23T00:00:00Z,93.66,93.66,0,23.4,70.26,23.4,23.4,NA,Electric sounder measurement,Water level accuracy to nearest tenth of a foot,1,Department of Water Resources,NA,1,Department of Water Resources
25781,392361N1215066W001,1976792,2014-04-24T00:00:00Z,93.66,93.66,0,23.1,70.56,23.1,23.1,NA,Electric sounder measurement,Water level accuracy to nearest tenth of a foot,1,Department of Water Resources,NA,1,Department of Water Resources
25781,392361N1215066W001,1883969,2014-03-24T00:00:00Z,93.66,93.66,0,23.8,69.86,23.8,23.8,NA,Electric sounder measurement,Water level accuracy to nearest tenth of a foot,1,Department of Water Resources,NA,1,Department of Water Resources
25781,392361N1215066W001,1876346,2014-02-20T00:00:00Z,93.66,93.66,0,24.9,68.76,24.9,24.9,NA,Electric sounder measurement,Water level accuracy to nearest tenth of a foot,1,Department of Water Resources,NA,1,Department of Water Resources
25781,392361N1215066W001,1858112,2014-01-17T00:00:00Z,93.66,93.66,0,26.8,66.86,26.8,26.8,NA,Electric sounder measurement,Water level accuracy to nearest tenth of a foot,1,Department of Water Resources,NA,1,Department of Water Resources
25781,392361N1215066W001,1858241,2013-12-10T00:00:00Z,93.66,93.66,0,30.3,63.36,30.3,30.3,NA,Electric sounder measurement,Water level accuracy to nearest tenth of a foot,1,Department of Water Resources,NA,1,Department of Water Resources
25781,392361N1215066W001,1821028,2013-11-07T00:00:00Z,93.66,93.66,0,34.5,59.16,34.5,34.5,NA,Electric sounder measurement,Water level accuracy to nearest tenth of a foot,1,Department of Water Resources,NA,1,Department of Water Resources
25781,392361N1215066W001,1820821,2013-10-10T00:00:00Z,93.66,93.66,0,37.8,55.86,37.8,37.8,NA,Electric sounder measurement,Water level accuracy to nearest tenth of a foot,1,Department of Water Resources,NA,1,Department of Water Resources
25781,392361N1215066W001,1820801,2013-09-18T00:00:00Z,93.66,93.66,0,42,51.66,42,42,NA,Electric sounder measurement,Water level accuracy to nearest tenth of a foot,1,Department of Water Resources,NA,1,Department of Water Resources
25781,392361N1215066W001,1820781,2013-08-13T00:00:00Z,93.66,93.66,0,47,46.66,47,47,NA,Electric sounder measurement,Water level accuracy to nearest tenth of a foot,1,Department of Water Resources,NA,1,Department of Water Resources
25781,392361N1215066W001,1739906,2013-07-19T00:00:00Z,93.66,93.66,0,46.2,47.46,46.2,46.2,NA,Electric sounder measurement,Water level accuracy to nearest tenth of a foot,1,Department of Water Resources,NA,1,Department of Water Resources
25781,392361N1215066W001,1740017,2013-06-13T00:00:00Z,93.66,93.66,NA,NA,NA,NA,NA,Temporarily inaccessible,NA,NA,1,Department of Water Resources,NA,1,Department of Water Resources
25781,392361N1215066W001,1739886,2013-05-16T00:00:00Z,93.66,93.66,NA,NA,NA,NA,NA,Temporarily inaccessible,NA,NA,1,Department of Water Resources,NA,1,Department of Water Resources
25781,392361N1215066W001,1739866,2013-04-17T00:00:00Z,93.66,93.66,NA,NA,NA,NA,NA,Temporarily inaccessible,NA,NA,1,Department of Water Resources,NA,1,Department of Water Resources
25781,392361N1215066W001,1739846,2013-03-14T00:00:00Z,93.66,93.66,0,14.9,78.76,14.9,14.9,NA,Electric sounder measurement,Water level accuracy to nearest tenth of a foot,1,Department of Water Resources,NA,1,Department of Water Resources
25781,392361N1215066W001,1739826,2013-02-15T00:00:00Z,93.66,93.66,0,14.8,78.86,14.8,14.8,NA,Electric sounder measurement,Water level accuracy to nearest tenth of a foot,1,Department of Water Resources,NA,1,Department of Water Resources
25781,392361N1215066W001,1739806,2013-01-17T00:00:00Z,93.66,93.66,0,14.9,78.76,14.9,14.9,NA,Electric sounder measurement,Water level accuracy to nearest tenth of a foot,1,Department of Water Resources,NA,1,Department of Water Resources
25781,392361N1215066W001,1739786,2012-12-13T00:00:00Z,93.66,93.66,0,16,77.66,16,16,NA,Electric sounder measurement,Water level accuracy to nearest tenth of a foot,1,Department of Water Resources,NA,1,Department of Water Resources
25781,392361N1215066W001,1739766,2012-11-15T00:00:00Z,93.66,93.66,0,17.6,76.06,17.6,17.6,NA,Electric sounder measurement,Water level accuracy to nearest tenth of a foot,1,Department of Water Resources,NA,1,Department of Water Resources
25781,392361N1215066W001,1739746,2012-10-11T00:00:00Z,93.66,93.66,0,18.3,75.36,18.3,18.3,NA,Electric sounder measurement,Water level accuracy to nearest tenth of a foot,1,Department of Water Resources,NA,1,Department of Water Resources
25781,392361N1215066W001,1739726,2012-09-20T00:00:00Z,93.66,93.66,0,17.8,75.86,17.8,17.8,NA,Electric sounder measurement,Water level accuracy to nearest tenth of a foot,1,Department of Water Resources,NA,1,Department of Water Resources
25781,392361N1215066W001,1739706,2012-08-15T00:00:00Z,93.66,93.66,0,19.9,73.76,19.9,19.9,NA,Electric sounder measurement,Water level accuracy to nearest tenth of a foot,1,Department of Water Resources,NA,1,Department of Water Resources
25781,392361N1215066W001,1739686,2012-07-18T00:00:00Z,93.66,93.66,0,18.8,74.86,18.8,18.8,NA,Electric sounder measurement,Water level accuracy to nearest tenth of a foot,1,Department of Water Resources,NA,1,Department of Water Resources
25781,392361N1215066W001,1739666,2012-06-19T00:00:00Z,93.66,93.66,0,16.9,76.76,16.9,16.9,NA,Electric sounder measurement,Water level accuracy to nearest tenth of a foot,1,Department of Water Resources,NA,1,Department of Water Resources
25781,392361N1215066W001,1739646,2012-05-03T00:00:00Z,93.66,93.66,0,15.6,78.06,15.6,15.6,NA,Electric sounder measurement,Water level accuracy to nearest tenth of a foot,1,Department of Water Resources,NA,1,Department of Water Resources
25781,392361N1215066W001,1739626,2012-04-16T00:00:00Z,93.66,93.66,0,15.9,77.76,15.9,15.9,NA,Electric sounder measurement,Water level accuracy to nearest tenth of a foot,1,Department of Water Resources,NA,1,Department of Water Resources
25781,392361N1215066W001,65299,2012-03-07T00:00:00Z,93.66,93.66,0,16.1,77.56,16.1,16.1,NA,Electric sounder measurement,Water level accuracy to nearest tenth of a foot,1,Department of Water Resources,NA,1,Department of Water Resources
25781,392361N1215066W001,1739606,2012-02-16T00:00:00Z,93.66,93.66,0,16.4,77.26,16.4,16.4,NA,Electric sounder measurement,Water level accuracy to nearest tenth of a foot,1,Department of Water Resources,NA,1,Department of Water Resources
25781,392361N1215066W001,1739586,2012-01-25T00:00:00Z,93.66,93.66,0,16.9,76.76,16.9,16.9,NA,Electric sounder measurement,Water level accuracy to nearest tenth of a foot,1,Department of Water Resources,NA,1,Department of Water Resources
25781,392361N1215066W001,1013839,2011-09-14T00:00:00Z,93.66,93.66,0,19.3,74.36,19.3,19.3,NA,Unknown,Water level accuracy is unknown,1,Department of Water Resources,NA,1,Department of Water Resources
25781,392361N1215066W001,1013838,2011-08-16T00:00:00Z,93.66,93.66,0,19.9,73.76,19.9,19.9,NA,Unknown,Water level accuracy is unknown,1,Department of Water Resources,NA,1,Department of Water Resources
25781,392361N1215066W001,1013837,2011-07-18T00:00:00Z,93.66,93.66,0,20.3,73.36,20.3,20.3,NA,Unknown,Water level accuracy is unknown,1,Department of Water Resources,NA,1,Department of Water Resources
25781,392361N1215066W001,1013836,2011-06-15T00:00:00Z,93.66,93.66,0,21,72.66,21,21,NA,Unknown,Water level accuracy is unknown,1,Department of Water Resources,NA,1,Department of Water Resources
25781,392361N1215066W001,1013835,2011-05-13T00:00:00Z,93.66,93.66,0,21.7,71.96,21.7,21.7,NA,Unknown,Water level accuracy is unknown,1,Department of Water Resources,NA,1,Department of Water Resources
25781,392361N1215066W001,1013834,2011-04-20T00:00:00Z,93.66,93.66,0,19.2,74.46,19.2,19.2,NA,Unknown,Water level accuracy is unknown,1,Department of Water Resources,NA,1,Department of Water Resources
25781,392361N1215066W001,1013833,2011-03-08T00:00:00Z,93.66,93.66,0,22.7,70.96,22.7,22.7,NA,Unknown,Water level accuracy is unknown,1,Department of Water Resources,NA,1,Department of Water Resources
25781,392361N1215066W001,1013832,2011-02-09T00:00:00Z,93.66,93.66,0,29.1,64.56,29.1,29.1,NA,Unknown,Water level accuracy is unknown,1,Department of Water Resources,NA,1,Department of Water Resources
25781,392361N1215066W001,1013831,2011-01-07T00:00:00Z,93.66,93.66,0,23.3,70.36,23.3,23.3,NA,Unknown,Water level accuracy is unknown,1,Department of Water Resources,NA,1,Department of Water Resources
25781,392361N1215066W001,1013830,2010-12-14T00:00:00Z,93.66,93.66,0,24.1,69.56,24.1,24.1,NA,Unknown,Water level accuracy is unknown,1,Department of Water Resources,NA,1,Department of Water Resources
25781,392361N1215066W001,1013829,2010-11-02T00:00:00Z,93.66,93.66,0,26.5,67.16,26.5,26.5,NA,Unknown,Water level accuracy is unknown,1,Department of Water Resources,NA,1,Department of Water Resources
25781,392361N1215066W001,1013828,2010-10-05T00:00:00Z,93.66,93.66,0,27.9,65.76,27.9,27.9,NA,Unknown,Water level accuracy is unknown,1,Department of Water Resources,NA,1,Department of Water Resources
25781,392361N1215066W001,1013827,2010-09-08T00:00:00Z,93.66,93.66,0,37.2,56.46,37.2,37.2,NA,Unknown,Water level accuracy is unknown,1,Department of Water Resources,NA,1,Department of Water Resources
25781,392361N1215066W001,1013826,2010-08-06T00:00:00Z,93.66,93.66,0,39.8,53.86,39.8,39.8,NA,Unknown,Water level accuracy is unknown,1,Department of Water Resources,NA,1,Department of Water Resources
25781,392361N1215066W001,1013825,2010-07-15T00:00:00Z,93.66,93.66,0,30.1,63.56,30.1,30.1,NA,Unknown,Water level accuracy is unknown,1,Department of Water Resources,NA,1,Department of Water Resources
25781,392361N1215066W001,1013824,2010-06-08T00:00:00Z,93.66,93.66,0,22.3,71.36,22.3,22.3,NA,Unknown,Water level accuracy is unknown,1,Department of Water Resources,NA,1,Department of Water Resources
25781,392361N1215066W001,1013823,2010-05-17T00:00:00Z,93.66,93.66,0,22.9,70.76,22.9,22.9,NA,Unknown,Water level accuracy is unknown,1,Department of Water Resources,NA,1,Department of Water Resources
25781,392361N1215066W001,1013822,2010-04-14T00:00:00Z,93.66,93.66,0,22.5,71.16,22.5,22.5,NA,Unknown,Water level accuracy is unknown,1,Department of Water Resources,NA,1,Department of Water Resources
25781,392361N1215066W001,1013821,2010-03-16T00:00:00Z,93.66,93.66,0,22.5,71.16,22.5,22.5,NA,Unknown,Water level accuracy is unknown,1,Department of Water Resources,NA,1,Department of Water Resources
25781,392361N1215066W001,1013820,2010-02-25T00:00:00Z,93.66,93.66,0,24.1,69.56,24.1,24.1,NA,Unknown,Water level accuracy is unknown,1,Department of Water Resources,NA,1,Department of Water Resources
25781,392361N1215066W001,1013819,2010-01-16T00:00:00Z,93.66,93.66,NA,NA,NA,NA,NA,Special/Other,NA,NA,1,Department of Water Resources,NA,1,Department of Water Resources
25781,392361N1215066W001,1013818,2009-12-10T00:00:00Z,93.66,93.66,0,29.1,64.56,29.1,29.1,NA,Unknown,Water level accuracy is unknown,1,Department of Water Resources,NA,1,Department of Water Resources
25781,392361N1215066W001,1013817,2009-11-10T00:00:00Z,93.66,93.66,0,33.5,60.16,33.5,33.5,NA,Unknown,Water level accuracy is unknown,1,Department of Water Resources,NA,1,Department of Water Resources
25781,392361N1215066W001,1013816,2009-10-13T00:00:00Z,93.66,93.66,NA,NA,NA,NA,NA,Special/Other,NA,NA,1,Department of Water Resources,NA,1,Department of Water Resources
25781,392361N1215066W001,1013815,2009-09-09T00:00:00Z,93.66,93.66,0,48.5,45.16,48.5,48.5,NA,Unknown,Water level accuracy is unknown,1,Department of Water Resources,NA,1,Department of Water Resources
25781,392361N1215066W001,1013814,2009-08-05T00:00:00Z,93.66,93.66,0,50.7,42.96,50.7,50.7,NA,Unknown,Water level accuracy is unknown,1,Department of Water Resources,NA,1,Department of Water Resources
25781,392361N1215066W001,1013813,2009-07-08T00:00:00Z,93.66,93.66,0,42.2,51.46,42.2,42.2,NA,Unknown,Water level accuracy is unknown,1,Department of Water Resources,NA,1,Department of Water Resources
25781,392361N1215066W001,1013812,2009-06-09T00:00:00Z,93.66,93.66,0,30,63.66,30,30,NA,Unknown,Water level accuracy is unknown,1,Department of Water Resources,NA,1,Department of Water Resources
25781,392361N1215066W001,1013811,2009-05-07T00:00:00Z,93.66,93.66,0,19.9,73.76,19.9,19.9,NA,Unknown,Water level accuracy is unknown,1,Department of Water Resources,NA,1,Department of Water Resources
25781,392361N1215066W001,1013810,2009-04-23T00:00:00Z,93.66,93.66,0,17.43,76.23,17.43,17.43,NA,Unknown,Water level accuracy is unknown,1,Department of Water Resources,NA,1,Department of Water Resources
25781,392361N1215066W001,1013809,2009-04-03T00:00:00Z,93.66,93.66,0,16.6,77.06,16.6,16.6,NA,Unknown,Water level accuracy is unknown,1,Department of Water Resources,NA,1,Department of Water Resources
25781,392361N1215066W001,1013808,2009-03-11T00:00:00Z,93.66,93.66,0,16.3,77.36,16.3,16.3,NA,Unknown,Water level accuracy is unknown,1,Department of Water Resources,NA,1,Department of Water Resources
25781,392361N1215066W001,1013807,2009-02-10T00:00:00Z,93.66,93.66,0,17.8,75.86,17.8,17.8,NA,Unknown,Water level accuracy is unknown,1,Department of Water Resources,NA,1,Department of Water Resources
25781,392361N1215066W001,1013806,2009-02-04T00:00:00Z,93.66,93.66,0,17.44,76.22,17.44,17.44,NA,Unknown,Water level accuracy is unknown,1,Department of Water Resources,NA,1,Department of Water Resources
25781,392361N1215066W001,1013805,2009-01-12T00:00:00Z,93.66,93.66,0,18.8,74.86,18.8,18.8,NA,Unknown,Water level accuracy is unknown,1,Department of Water Resources,NA,1,Department of Water Resources
25781,392361N1215066W001,1013804,2008-12-03T00:00:00Z,93.66,93.66,0,20.6,73.06,20.6,20.6,NA,Unknown,Water level accuracy is unknown,1,Department of Water Resources,NA,1,Department of Water Resources
25781,392361N1215066W001,1013803,2008-11-13T00:00:00Z,93.66,93.66,0,23.55,70.11,23.55,23.55,NA,Unknown,Water level accuracy is unknown,1,Department of Water Resources,NA,1,Department of Water Resources
25781,392361N1215066W001,1013802,2008-11-03T00:00:00Z,93.66,93.66,0,25,68.66,25,25,NA,Unknown,Water level accuracy is unknown,1,Department of Water Resources,NA,1,Department of Water Resources
25781,392361N1215066W001,1013801,2008-10-16T00:00:00Z,93.66,93.66,0,26.52,67.14,26.52,26.52,NA,Unknown,Water level accuracy is unknown,1,Department of Water Resources,NA,1,Department of Water Resources
25781,392361N1215066W001,1013799,2008-10-06T00:00:00Z,93.66,93.66,0,26.1,67.56,26.1,26.1,NA,Unknown,Water level accuracy is unknown,1,Department of Water Resources,NA,1,Department of Water Resources
25781,392361N1215066W001,1013798,2008-09-08T00:00:00Z,93.66,93.66,0,32.1,61.56,32.1,32.1,NA,Unknown,Water level accuracy is unknown,1,Department of Water Resources,NA,1,Department of Water Resources
25781,392361N1215066W001,1013800,2008-08-13T00:00:00Z,93.66,93.66,0,35.92,57.74,35.92,35.92,NA,Unknown,Water level accuracy is unknown,1,Department of Water Resources,NA,1,Department of Water Resources
25781,392361N1215066W001,1013797,2008-08-05T00:00:00Z,93.66,93.66,0,35.5,58.16,35.5,35.5,NA,Unknown,Water level accuracy is unknown,1,Department of Water Resources,NA,1,Department of Water Resources
25781,392361N1215066W001,1013796,2008-07-08T00:00:00Z,93.66,93.66,0,32.61,61.05,32.61,32.61,NA,Unknown,Water level accuracy is unknown,1,Department of Water Resources,NA,1,Department of Water Resources
25781,392361N1215066W001,1013795,2008-07-01T00:00:00Z,93.66,93.66,0,31.9,61.76,31.9,31.9,NA,Unknown,Water level accuracy is unknown,1,Department of Water Resources,NA,1,Department of Water Resources
25781,392361N1215066W001,1013794,2008-06-02T00:00:00Z,93.66,93.66,0,27,66.66,27,27,NA,Unknown,Water level accuracy is unknown,1,Department of Water Resources,NA,1,Department of Water Resources
25781,392361N1215066W001,1013793,2008-05-08T00:00:00Z,93.66,93.66,0,18.55,75.11,18.55,18.55,NA,Unknown,Water level accuracy is unknown,1,Department of Water Resources,NA,1,Department of Water Resources
25781,392361N1215066W001,1013791,2008-05-01T00:00:00Z,93.66,93.66,0,13.4,80.26,13.4,13.4,NA,Unknown,Water level accuracy is unknown,1,Department of Water Resources,NA,1,Department of Water Resources
25781,392361N1215066W001,1013792,2008-04-30T00:00:00Z,93.66,93.66,0,17.19,76.47,17.19,17.19,NA,Unknown,Water level accuracy is unknown,1,Department of Water Resources,NA,1,Department of Water Resources
25781,392361N1215066W001,1013790,2008-04-09T00:00:00Z,93.66,93.66,0,12.2,81.46,12.2,12.2,NA,Unknown,Water level accuracy is unknown,1,Department of Water Resources,NA,1,Department of Water Resources
25781,392361N1215066W001,1013786,2008-03-03T00:00:00Z,93.66,93.66,0,11.2,82.46,11.2,11.2,NA,Unknown,Water level accuracy is unknown,1,Department of Water Resources,NA,1,Department of Water Resources
25781,392361N1215066W001,1013789,2008-02-26T00:00:00Z,93.66,93.66,0,11.32,82.34,11.32,11.32,NA,Unknown,Water level accuracy is unknown,1,Department of Water Resources,NA,1,Department of Water Resources
25781,392361N1215066W001,1013785,2008-02-04T00:00:00Z,93.66,93.66,0,11.4,82.26,11.4,11.4,NA,Unknown,Water level accuracy is unknown,1,Department of Water Resources,NA,1,Department of Water Resources
25781,392361N1215066W001,1013784,2008-01-02T00:00:00Z,93.66,93.66,0,12.2,81.46,12.2,12.2,NA,Unknown,Water level accuracy is unknown,1,Department of Water Resources,NA,1,Department of Water Resources
25781,392361N1215066W001,1013783,2007-12-03T00:00:00Z,93.66,93.66,0,13.3,80.36,13.3,13.3,NA,Unknown,Water level accuracy is unknown,1,Department of Water Resources,NA,1,Department of Water Resources
25781,392361N1215066W001,1013782,2007-11-06T00:00:00Z,93.66,93.66,0,15.2,78.46,15.2,15.2,NA,Unknown,Water level accuracy is unknown,1,Department of Water Resources,NA,1,Department of Water Resources
25781,392361N1215066W001,1013788,2007-10-26T00:00:00Z,93.66,93.66,0,13.82,79.84,13.82,13.82,NA,Unknown,Water level accuracy is unknown,1,Department of Water Resources,NA,1,Department of Water Resources
25781,392361N1215066W001,1013781,2007-10-03T00:00:00Z,93.66,93.66,0,14.2,79.46,14.2,14.2,NA,Unknown,Water level accuracy is unknown,1,Department of Water Resources,NA,1,Department of Water Resources
25781,392361N1215066W001,1013780,2007-09-04T00:00:00Z,93.66,93.66,0,14.4,79.26,14.4,14.4,NA,Unknown,Water level accuracy is unknown,1,Department of Water Resources,NA,1,Department of Water Resources
25781,392361N1215066W001,1013779,2007-08-02T00:00:00Z,93.66,93.66,0,15.5,78.16,15.5,15.5,NA,Unknown,Water level accuracy is unknown,1,Department of Water Resources,NA,1,Department of Water Resources
25781,392361N1215066W001,1013778,2007-07-12T00:00:00Z,93.66,93.66,0,16.1,77.56,16.1,16.1,NA,Unknown,Water level accuracy is unknown,1,Department of Water Resources,NA,1,Department of Water Resources
25781,392361N1215066W001,1013777,2007-06-05T00:00:00Z,93.66,93.66,0,14.7,78.96,14.7,14.7,NA,Unknown,Water level accuracy is unknown,1,Department of Water Resources,NA,1,Department of Water Resources
25781,392361N1215066W001,1013776,2007-05-03T00:00:00Z,93.66,93.66,0,16,77.66,16,16,NA,Unknown,Water level accuracy is unknown,1,Department of Water Resources,NA,1,Department of Water Resources
25781,392361N1215066W001,1013787,2007-04-09T00:00:00Z,93.66,93.66,0,12.66,81,12.66,12.66,NA,Unknown,Water level accuracy is unknown,1,Department of Water Resources,NA,1,Department of Water Resources
25781,392361N1215066W001,1013775,2007-04-02T00:00:00Z,93.66,93.66,0,12,81.66,12,12,NA,Unknown,Water level accuracy is unknown,1,Department of Water Resources,NA,1,Department of Water Resources
25781,392361N1215066W001,1013774,2007-03-01T00:00:00Z,93.66,93.66,0,11.4,82.26,11.4,11.4,NA,Unknown,Water level accuracy is unknown,1,Department of Water Resources,NA,1,Department of Water Resources
25781,392361N1215066W001,1013773,2007-02-05T00:00:00Z,93.66,93.66,0,12.2,81.46,12.2,12.2,NA,Unknown,Water level accuracy is unknown,1,Department of Water Resources,NA,1,Department of Water Resources
25781,392361N1215066W001,1013772,2007-01-02T00:00:00Z,93.66,93.66,0,12,81.66,12,12,NA,Unknown,Water level accuracy is unknown,1,Department of Water Resources,NA,1,Department of Water Resources
25781,392361N1215066W001,1013771,2006-12-04T00:00:00Z,93.66,93.66,0,13.5,80.16,13.5,13.5,NA,Unknown,Water level accuracy is unknown,1,Department of Water Resources,NA,1,Department of Water Resources
25781,392361N1215066W001,1013770,2006-11-02T00:00:00Z,93.66,93.66,0,14.2,79.46,14.2,14.2,NA,Unknown,Water level accuracy is unknown,1,Department of Water Resources,NA,1,Department of Water Resources
25781,392361N1215066W001,1013769,2006-10-02T00:00:00Z,93.66,93.66,0,13.7,79.96,13.7,13.7,NA,Unknown,Water level accuracy is unknown,1,Department of Water Resources,NA,1,Department of Water Resources
25781,392361N1215066W001,1013768,2006-09-05T00:00:00Z,93.66,93.66,0,13.7,79.96,13.7,13.7,NA,Unknown,Water level accuracy is unknown,1,Department of Water Resources,NA,1,Department of Water Resources
25781,392361N1215066W001,1013767,2006-08-01T00:00:00Z,93.66,93.66,0,14.3,79.36,14.3,14.3,NA,Unknown,Water level accuracy is unknown,1,Department of Water Resources,NA,1,Department of Water Resources
25781,392361N1215066W001,1013766,2006-07-05T00:00:00Z,93.66,93.66,0,14.5,79.16,14.5,14.5,NA,Unknown,Water level accuracy is unknown,1,Department of Water Resources,NA,1,Department of Water Resources
25781,392361N1215066W001,1013765,2006-06-07T00:00:00Z,93.66,93.66,0,13.3,80.36,13.3,13.3,NA,Unknown,Water level accuracy is unknown,1,Department of Water Resources,NA,1,Department of Water Resources
25781,392361N1215066W001,1013764,2006-05-01T00:00:00Z,93.66,93.66,0,10.5,83.16,10.5,10.5,NA,Unknown,Water level accuracy is unknown,1,Department of Water Resources,NA,1,Department of Water Resources
25781,392361N1215066W001,1013763,2006-04-04T00:00:00Z,93.66,93.66,0,10.9,82.76,10.9,10.9,NA,Unknown,Water level accuracy is unknown,1,Department of Water Resources,NA,1,Department of Water Resources
25781,392361N1215066W001,1013762,2006-03-01T00:00:00Z,93.66,93.66,0,12.2,81.46,12.2,12.2,NA,Unknown,Water level accuracy is unknown,1,Department of Water Resources,NA,1,Department of Water Resources
25781,392361N1215066W001,1013761,2006-02-01T00:00:00Z,93.66,93.66,0,12.2,81.46,12.2,12.2,NA,Unknown,Water level accuracy is unknown,1,Department of Water Resources,NA,1,Department of Water Resources
25781,392361N1215066W001,1013760,2006-01-04T00:00:00Z,93.66,93.66,0,13.2,80.46,13.2,13.2,NA,Unknown,Water level accuracy is unknown,1,Department of Water Resources,NA,1,Department of Water Resources
25781,392361N1215066W001,1013759,2005-12-06T00:00:00Z,93.66,93.66,0,14.5,79.16,14.5,14.5,NA,Unknown,Water level accuracy is unknown,1,Department of Water Resources,NA,1,Department of Water Resources
25781,392361N1215066W001,1013758,2005-11-01T00:00:00Z,93.66,93.66,0,15.9,77.76,15.9,15.9,NA,Unknown,Water level accuracy is unknown,1,Department of Water Resources,NA,1,Department of Water Resources
25781,392361N1215066W001,1013757,2005-10-04T00:00:00Z,93.66,93.66,0,16,77.66,16,16,NA,Unknown,Water level accuracy is unknown,1,Department of Water Resources,NA,1,Department of Water Resources
25781,392361N1215066W001,1013756,2005-09-07T00:00:00Z,93.66,93.66,NA,NA,NA,NA,NA,Temporarily inaccessible,NA,NA,1,Department of Water Resources,NA,1,Department of Water Resources
25781,392361N1215066W001,1013755,2005-08-01T00:00:00Z,93.66,93.66,0,16.5,77.16,16.5,16.5,NA,Unknown,Water level accuracy is unknown,1,Department of Water Resources,NA,1,Department of Water Resources
25781,392361N1215066W001,1013754,2005-07-06T00:00:00Z,93.66,93.66,0,16.8,76.86,16.8,16.8,NA,Unknown,Water level accuracy is unknown,1,Department of Water Resources,NA,1,Department of Water Resources
25781,392361N1215066W001,1013753,2005-06-06T00:00:00Z,93.66,93.66,0,15.9,77.76,15.9,15.9,NA,Unknown,Water level accuracy is unknown,1,Department of Water Resources,NA,1,Department of Water Resources
25781,392361N1215066W001,1013752,2005-05-05T00:00:00Z,93.66,93.66,0,15.3,78.36,15.3,15.3,NA,Unknown,Water level accuracy is unknown,1,Department of Water Resources,NA,1,Department of Water Resources
25781,392361N1215066W001,1013751,2005-04-04T00:00:00Z,93.66,93.66,0,14.5,79.16,14.5,14.5,NA,Unknown,Water level accuracy is unknown,1,Department of Water Resources,NA,1,Department of Water Resources
25781,392361N1215066W001,1013750,2005-03-01T00:00:00Z,93.66,93.66,0,14.8,78.86,14.8,14.8,NA,Unknown,Water level accuracy is unknown,1,Department of Water Resources,NA,1,Department of Water Resources
25781,392361N1215066W001,1013749,2005-02-01T00:00:00Z,93.66,93.66,0,15.7,77.96,15.7,15.7,NA,Unknown,Water level accuracy is unknown,1,Department of Water Resources,NA,1,Department of Water Resources
25781,392361N1215066W001,1013748,2005-01-04T00:00:00Z,93.66,93.66,0,16.1,77.56,16.1,16.1,NA,Unknown,Water level accuracy is unknown,1,Department of Water Resources,NA,1,Department of Water Resources
25781,392361N1215066W001,1013747,2004-12-01T00:00:00Z,93.66,93.66,0,17.6,76.06,17.6,17.6,NA,Unknown,Water level accuracy is unknown,1,Department of Water Resources,NA,1,Department of Water Resources
25781,392361N1215066W001,1013746,2004-11-01T00:00:00Z,93.66,93.66,0,19.2,74.46,19.2,19.2,NA,Unknown,Water level accuracy is unknown,1,Department of Water Resources,NA,1,Department of Water Resources
25781,392361N1215066W001,1013745,2004-10-04T00:00:00Z,93.66,93.66,0,22.1,71.56,22.1,22.1,NA,Unknown,Water level accuracy is unknown,1,Department of Water Resources,NA,1,Department of Water Resources
25781,392361N1215066W001,1013744,2004-09-01T00:00:00Z,93.66,93.66,0,19.1,74.56,19.1,19.1,NA,Unknown,Water level accuracy is unknown,1,Department of Water Resources,NA,1,Department of Water Resources
25781,392361N1215066W001,1013743,2004-08-02T00:00:00Z,93.66,93.66,0,19.9,73.76,19.9,19.9,NA,Unknown,Water level accuracy is unknown,1,Department of Water Resources,NA,1,Department of Water Resources
25781,392361N1215066W001,1013742,2004-07-07T00:00:00Z,93.66,93.66,0,20.4,73.26,20.4,20.4,NA,Unknown,Water level accuracy is unknown,1,Department of Water Resources,NA,1,Department of Water Resources
25781,392361N1215066W001,1013741,2004-06-02T00:00:00Z,93.66,93.66,0,19.6,74.06,19.6,19.6,NA,Unknown,Water level accuracy is unknown,1,Department of Water Resources,NA,1,Department of Water Resources
25781,392361N1215066W001,1013740,2004-05-05T00:00:00Z,93.66,93.66,0,20.3,73.36,20.3,20.3,NA,Unknown,Water level accuracy is unknown,1,Department of Water Resources,NA,1,Department of Water Resources
25781,392361N1215066W001,1013739,2004-04-05T00:00:00Z,93.66,93.66,0,18.3,75.36,18.3,18.3,NA,Unknown,Water level accuracy is unknown,1,Department of Water Resources,NA,1,Department of Water Resources
25781,392361N1215066W001,1013738,2004-03-02T00:00:00Z,93.66,93.66,0,17.9,75.76,17.9,17.9,NA,Unknown,Water level accuracy is unknown,1,Department of Water Resources,NA,1,Department of Water Resources
25781,392361N1215066W001,1013737,2004-02-02T00:00:00Z,93.66,93.66,0,18.8,74.86,18.8,18.8,NA,Unknown,Water level accuracy is unknown,1,Department of Water Resources,NA,1,Department of Water Resources
25781,392361N1215066W001,1013736,2004-01-05T00:00:00Z,93.66,93.66,0,20.1,73.56,20.1,20.1,NA,Unknown,Water level accuracy is unknown,1,Department of Water Resources,NA,1,Department of Water Resources
25781,392361N1215066W001,1013735,2003-12-01T00:00:00Z,93.66,93.66,0,21.8,71.86,21.8,21.8,NA,Unknown,Water level accuracy is unknown,1,Department of Water Resources,NA,1,Department of Water Resources
25781,392361N1215066W001,1013734,2003-11-03T00:00:00Z,93.66,93.66,0,23.1,70.56,23.1,23.1,NA,Unknown,Water level accuracy is unknown,1,Department of Water Resources,NA,1,Department of Water Resources
25781,392361N1215066W001,1013733,2003-10-01T00:00:00Z,93.66,93.66,0,23.3,70.36,23.3,23.3,NA,Unknown,Water level accuracy is unknown,1,Department of Water Resources,NA,1,Department of Water Resources
25781,392361N1215066W001,1013732,2003-09-05T00:00:00Z,93.66,93.66,0,25.4,68.26,25.4,25.4,NA,Unknown,Water level accuracy is unknown,1,Department of Water Resources,NA,1,Department of Water Resources
25781,392361N1215066W001,1013731,2003-08-04T00:00:00Z,93.66,93.66,0,24.9,68.76,24.9,24.9,NA,Unknown,Water level accuracy is unknown,1,Department of Water Resources,NA,1,Department of Water Resources
25781,392361N1215066W001,1013730,2003-07-01T00:00:00Z,93.66,93.66,0,26.9,66.76,26.9,26.9,NA,Unknown,Water level accuracy is unknown,1,Department of Water Resources,NA,1,Department of Water Resources
25781,392361N1215066W001,1013729,2003-06-02T00:00:00Z,93.66,93.66,0,25.9,67.76,25.9,25.9,NA,Unknown,Water level accuracy is unknown,1,Department of Water Resources,NA,1,Department of Water Resources
25781,392361N1215066W001,1013728,2003-05-01T00:00:00Z,93.66,93.66,0,27,66.66,27,27,NA,Unknown,Water level accuracy is unknown,1,Department of Water Resources,NA,1,Department of Water Resources
25781,392361N1215066W001,1013727,2003-04-01T00:00:00Z,93.66,93.66,0,24.7,68.96,24.7,24.7,NA,Unknown,Water level accuracy is unknown,1,Department of Water Resources,NA,1,Department of Water Resources
25781,392361N1215066W001,1013726,2003-03-03T00:00:00Z,93.66,93.66,0,25.3,68.36,25.3,25.3,NA,Unknown,Water level accuracy is unknown,1,Department of Water Resources,NA,1,Department of Water Resources
25781,392361N1215066W001,1013725,2003-01-07T00:00:00Z,93.66,93.66,0,27.9,65.76,27.9,27.9,NA,Unknown,Water level accuracy is unknown,1,Department of Water Resources,NA,1,Department of Water Resources
25781,392361N1215066W001,1013724,2002-12-02T00:00:00Z,93.66,93.66,0,31,62.66,31,31,NA,Unknown,Water level accuracy is unknown,1,Department of Water Resources,NA,1,Department of Water Resources
25781,392361N1215066W001,1013723,2002-11-04T00:00:00Z,93.66,93.66,0,37.5,56.16,37.5,37.5,NA,Unknown,Water level accuracy is unknown,1,Department of Water Resources,NA,1,Department of Water Resources
25781,392361N1215066W001,2308377,1988-08-03T00:00:00Z,93.66,93.66,0,51.2,42.46,51.2,51.2,NA,Electric sounder measurement,Water level accuracy to nearest tenth of a foot,1,Department of Water Resources,NA,1,Department of Water Resources
