STN_ID,SITE_CODE,WLM_ID,MSMT_DATE,WLM_RPE,WLM_GSE,RDNG_WS,RDNG_RP,WSE,RPE_WSE,GSE_WSE,WLM_QA_DESC,WLM_DESC,WLM_ACC_DESC,WLM_ORG_ID,WLM_ORG_NAME,MSMT_CMT,COOP_AGENCY_ORG_ID,COOP_ORG_NAME
25795,365738N1202887W001,989519,2007-10-01T00:00:00Z,195.64,194.64,NA,NA,NA,NA,NA,Special/Other,NA,NA,1,Department of Water Resources,NA,5100,Westlands Water District
25795,365738N1202887W001,989518,2007-04-01T00:00:00Z,195.64,194.64,NA,NA,NA,NA,NA,Special/Other,NA,NA,1,Department of Water Resources,NA,5100,Westlands Water District
25795,365738N1202887W001,989517,2006-10-01T00:00:00Z,195.64,194.64,NA,NA,NA,NA,NA,Special/Other,NA,NA,1,Department of Water Resources,NA,5100,Westlands Water District
25795,365738N1202887W001,989516,2006-04-01T00:00:00Z,195.64,194.64,NA,NA,NA,NA,NA,Special/Other,NA,NA,1,Department of Water Resources,NA,5100,Westlands Water District
25795,365738N1202887W001,989515,2005-04-01T00:00:00Z,195.64,194.64,0,10,185.64,10,9,NA,Unknown,Water level accuracy is unknown,1,Department of Water Resources,NA,5100,Westlands Water District
25795,365738N1202887W001,989514,2004-10-01T00:00:00Z,195.64,194.64,0,10.1,185.54,10.1,9.1,NA,Unknown,Water level accuracy is unknown,1,Department of Water Resources,NA,5100,Westlands Water District
25795,365738N1202887W001,989513,2004-04-01T00:00:00Z,195.64,194.64,0,8.5,187.14,8.5,7.5,NA,Unknown,Water level accuracy is unknown,1,Department of Water Resources,NA,5100,Westlands Water District
