STN_ID,SITE_CODE,WLM_ID,MSMT_DATE,WLM_RPE,WLM_GSE,RDNG_WS,RDNG_RP,WSE,RPE_WSE,GSE_WSE,WLM_QA_DESC,WLM_DESC,WLM_ACC_DESC,WLM_ORG_ID,WLM_ORG_NAME,MSMT_CMT,COOP_AGENCY_ORG_ID,COOP_ORG_NAME
26049,339474N1169560W001,1667962,2010-10-26T00:00:00Z,2702.72,2702.72,0,528.3,2174.42,528.3,528.3,NA,Unknown,Water level accuracy is unknown,1,Department of Water Resources,NA,5167,United States Geological Survey
26049,339474N1169560W001,1667961,2010-05-05T00:00:00Z,2702.72,2702.72,0,522.5,2180.22,522.5,522.5,NA,Unknown,Water level accuracy is unknown,1,Department of Water Resources,NA,5167,United States Geological Survey
26049,339474N1169560W001,1667960,2009-11-04T00:00:00Z,2702.72,2702.72,0,568.5,2134.22,568.5,568.5,Pumping,Unknown,Water level accuracy is unknown,1,Department of Water Resources,NA,5167,United States Geological Survey
26049,339474N1169560W001,1667959,2009-04-23T00:00:00Z,2702.72,2702.72,0,519.8,2182.92,519.8,519.8,NA,Unknown,Water level accuracy is unknown,1,Department of Water Resources,NA,5167,United States Geological Survey
26049,339474N1169560W001,1667958,2007-05-02T00:00:00Z,2702.72,2702.72,0,509,2193.72,509,509,NA,Unknown,Water level accuracy is unknown,1,Department of Water Resources,NA,5167,United States Geological Survey
26049,339474N1169560W001,1667957,2006-11-08T00:00:00Z,2702.72,2702.72,0,508.4,2194.32,508.4,508.4,NA,Unknown,Water level accuracy is unknown,1,Department of Water Resources,NA,5167,United States Geological Survey
