STN_ID,SITE_CODE,WLM_ID,MSMT_DATE,WLM_RPE,WLM_GSE,RDNG_WS,RDNG_RP,WSE,RPE_WSE,GSE_WSE,WLM_QA_DESC,WLM_DESC,WLM_ACC_DESC,WLM_ORG_ID,WLM_ORG_NAME,MSMT_CMT,COOP_AGENCY_ORG_ID,COOP_ORG_NAME
26061,364010N1200990W001,1055163,2009-04-16T00:00:00Z,239.95,238.95,0,8.7,231.25,8.7,7.7,NA,Unknown,Water level accuracy is unknown,1,Department of Water Resources,NA,5100,Westlands Water District
26061,364010N1200990W001,1055162,2008-10-20T00:00:00Z,239.95,238.95,0,9.4,230.55,9.4,8.4,NA,Unknown,Water level accuracy is unknown,1,Department of Water Resources,NA,5100,Westlands Water District
26061,364010N1200990W001,1055161,2008-04-21T00:00:00Z,239.95,238.95,0,6.3,233.65,6.3,5.3,NA,Unknown,Water level accuracy is unknown,1,Department of Water Resources,NA,5100,Westlands Water District
26061,364010N1200990W001,1055160,2007-10-01T00:00:00Z,239.95,238.95,0,6.2,233.75,6.2,5.2,NA,Unknown,Water level accuracy is unknown,1,Department of Water Resources,NA,5100,Westlands Water District
26061,364010N1200990W001,1055159,2007-04-01T00:00:00Z,239.95,238.95,0,3.1,236.85,3.1,2.1,NA,Unknown,Water level accuracy is unknown,1,Department of Water Resources,NA,5100,Westlands Water District
26061,364010N1200990W001,1055158,2006-10-01T00:00:00Z,239.95,238.95,0,6,233.95,6,5,NA,Unknown,Water level accuracy is unknown,1,Department of Water Resources,NA,5100,Westlands Water District
26061,364010N1200990W001,1055157,2006-04-01T00:00:00Z,239.95,238.95,0,4.37,235.58,4.37,3.37,NA,Unknown,Water level accuracy is unknown,1,Department of Water Resources,NA,5100,Westlands Water District
26061,364010N1200990W001,1055156,2005-04-01T00:00:00Z,239.95,238.95,0,4.4,235.55,4.4,3.4,NA,Unknown,Water level accuracy is unknown,1,Department of Water Resources,NA,5100,Westlands Water District
