STN_ID,SITE_CODE,WLM_ID,MSMT_DATE,WLM_RPE,WLM_GSE,RDNG_WS,RDNG_RP,WSE,RPE_WSE,GSE_WSE,WLM_QA_DESC,WLM_DESC,WLM_ACC_DESC,WLM_ORG_ID,WLM_ORG_NAME,MSMT_CMT,COOP_AGENCY_ORG_ID,COOP_ORG_NAME
26075,363720N1200780W001,885963,2009-04-15T00:00:00Z,255.36,254.96,0,15,240.36,15,14.6,NA,Unknown,Water level accuracy is unknown,1,Department of Water Resources,NA,5100,Westlands Water District
26075,363720N1200780W001,885962,2008-10-20T00:00:00Z,255.36,254.96,0,13.3,242.06,13.3,12.9,NA,Unknown,Water level accuracy is unknown,1,Department of Water Resources,NA,5100,Westlands Water District
26075,363720N1200780W001,885961,2008-04-16T00:00:00Z,255.36,254.96,0,10.8,244.56,10.8,10.4,NA,Unknown,Water level accuracy is unknown,1,Department of Water Resources,NA,5100,Westlands Water District
26075,363720N1200780W001,885960,2007-10-01T00:00:00Z,255.36,254.96,0,11.2,244.16,11.2,10.8,NA,Unknown,Water level accuracy is unknown,1,Department of Water Resources,NA,5100,Westlands Water District
26075,363720N1200780W001,885959,2007-04-01T00:00:00Z,255.36,254.96,0,9.4,245.96,9.4,9,NA,Unknown,Water level accuracy is unknown,1,Department of Water Resources,NA,5100,Westlands Water District
26075,363720N1200780W001,885958,2006-10-01T00:00:00Z,255.36,254.96,0,9.45,245.91,9.45,9.05,NA,Unknown,Water level accuracy is unknown,1,Department of Water Resources,NA,5100,Westlands Water District
26075,363720N1200780W001,885957,2006-04-01T00:00:00Z,255.36,254.96,0,8.2,247.16,8.2,7.8,NA,Unknown,Water level accuracy is unknown,1,Department of Water Resources,NA,5100,Westlands Water District
26075,363720N1200780W001,885956,2005-04-01T00:00:00Z,255.36,254.96,0,6.4,248.96,6.4,6,NA,Unknown,Water level accuracy is unknown,1,Department of Water Resources,NA,5100,Westlands Water District
