STN_ID,SITE_CODE,WLM_ID,MSMT_DATE,WLM_RPE,WLM_GSE,RDNG_WS,RDNG_RP,WSE,RPE_WSE,GSE_WSE,WLM_QA_DESC,WLM_DESC,WLM_ACC_DESC,WLM_ORG_ID,WLM_ORG_NAME,MSMT_CMT,COOP_AGENCY_ORG_ID,COOP_ORG_NAME
26263,343147N1188884W001,2625760,2020-04-02T00:00:00Z,845.941,843.441,NA,NA,NA,NA,NA,Special/Other,NA,NA,5029,"County of Ventura, Watershed Protection District",meter would not work,5029,"County of Ventura, Watershed Protection District"
26263,343147N1188884W001,2625749,2019-12-27T00:00:00Z,845.941,843.441,NA,NA,NA,NA,NA,Special/Other,NA,NA,5029,"County of Ventura, Watershed Protection District",meter won't read,5029,"County of Ventura, Watershed Protection District"
26263,343147N1188884W001,2485377,2019-10-02T00:00:00Z,845.941,843.441,NA,NA,NA,NA,NA,Special/Other,NA,NA,5029,"County of Ventura, Watershed Protection District",meter won't read,5029,"County of Ventura, Watershed Protection District"
26263,343147N1188884W001,2485368,2019-06-18T00:00:00Z,845.941,843.441,NA,NA,NA,NA,NA,Special/Other,NA,NA,5029,"County of Ventura, Watershed Protection District",meter won't read,5029,"County of Ventura, Watershed Protection District"
26263,343147N1188884W001,2458196,2019-04-11T00:00:00Z,845.941,843.441,NA,NA,NA,NA,NA,Special/Other,NA,NA,5029,"County of Ventura, Watershed Protection District",meter won't read,5029,"County of Ventura, Watershed Protection District"
26263,343147N1188884W001,2457974,2018-12-24T00:00:00Z,845.941,843.441,NA,NA,NA,NA,NA,Special/Other,NA,NA,5029,"County of Ventura, Watershed Protection District",meter won't read,5029,"County of Ventura, Watershed Protection District"
26263,343147N1188884W001,2417735,2018-09-27T00:00:00Z,845.941,843.441,NA,NA,NA,NA,NA,Special/Other,NA,NA,5029,"County of Ventura, Watershed Protection District",meter won't read,5029,"County of Ventura, Watershed Protection District"
26263,343147N1188884W001,2417722,2018-06-18T00:00:00Z,845.941,843.441,NA,NA,NA,NA,NA,Special/Other,NA,NA,5029,"County of Ventura, Watershed Protection District",meter won't read,5029,"County of Ventura, Watershed Protection District"
26263,343147N1188884W001,2288480,2018-03-12T00:00:00Z,845.941,843.441,NA,NA,NA,NA,NA,Special/Other,NA,NA,5029,"County of Ventura, Watershed Protection District",meter won't read,5029,"County of Ventura, Watershed Protection District"
26263,343147N1188884W001,2288479,2017-12-15T00:00:00Z,845.941,843.441,NA,NA,NA,NA,NA,Special/Other,NA,NA,5029,"County of Ventura, Watershed Protection District",could not get stable meter reading,5029,"County of Ventura, Watershed Protection District"
26263,343147N1188884W001,2269753,2017-09-12T00:00:00Z,845.941,843.441,NA,NA,NA,NA,NA,Special/Other,NA,NA,5029,"County of Ventura, Watershed Protection District",could not get stable meter reading,5029,"County of Ventura, Watershed Protection District"
26263,343147N1188884W001,2269754,2017-06-12T00:00:00Z,845.941,843.441,NA,NA,NA,NA,NA,Special/Other,NA,NA,5029,"County of Ventura, Watershed Protection District",could not get stable meter reading,5029,"County of Ventura, Watershed Protection District"
26263,343147N1188884W001,2242587,2017-03-30T00:00:00Z,845.941,843.441,NA,NA,NA,NA,NA,Pumping,NA,NA,5029,"County of Ventura, Watershed Protection District",NA,5029,"County of Ventura, Watershed Protection District"
26263,343147N1188884W001,2242541,2016-12-12T00:00:00Z,845.941,843.441,NA,NA,NA,NA,NA,Temporarily inaccessible,NA,NA,5029,"County of Ventura, Watershed Protection District",NA,5029,"County of Ventura, Watershed Protection District"
26263,343147N1188884W001,2218038,2016-09-12T00:00:00Z,845.941,843.441,NA,NA,NA,NA,NA,Temporarily inaccessible,NA,NA,5029,"County of Ventura, Watershed Protection District",NA,5029,"County of Ventura, Watershed Protection District"
26263,343147N1188884W001,2218029,2016-06-21T00:00:00Z,845.941,843.441,NA,NA,NA,NA,NA,Special/Other,NA,NA,5029,"County of Ventura, Watershed Protection District",Other Agency transducer in measure port.,5029,"County of Ventura, Watershed Protection District"
26263,343147N1188884W001,2190399,2016-03-11T00:00:00Z,845.941,843.441,NA,NA,NA,NA,NA,Temporarily inaccessible,NA,NA,5029,"County of Ventura, Watershed Protection District",NA,5029,"County of Ventura, Watershed Protection District"
26263,343147N1188884W001,2190310,2015-12-22T00:00:00Z,845.941,843.441,NA,NA,NA,NA,NA,Temporarily inaccessible,NA,NA,5029,"County of Ventura, Watershed Protection District",NA,5029,"County of Ventura, Watershed Protection District"
26263,343147N1188884W001,2169159,2015-10-29T00:00:00Z,845.941,843.441,NA,NA,NA,NA,NA,Special/Other,NA,NA,5029,"County of Ventura, Watershed Protection District",NA,5029,"County of Ventura, Watershed Protection District"
26263,343147N1188884W001,2164562,2015-03-13T00:00:00Z,845.941,843.441,NA,NA,NA,NA,NA,Special/Other,NA,NA,5029,"County of Ventura, Watershed Protection District",NA,5029,"County of Ventura, Watershed Protection District"
26263,343147N1188884W001,2164561,2014-09-17T00:00:00Z,845.941,843.441,NA,NA,NA,NA,NA,Pumping,NA,NA,5029,"County of Ventura, Watershed Protection District",NA,5029,"County of Ventura, Watershed Protection District"
26263,343147N1188884W001,2164560,2014-03-19T00:00:00Z,845.941,843.441,NA,NA,NA,NA,NA,Pumping,NA,NA,5029,"County of Ventura, Watershed Protection District",NA,5029,"County of Ventura, Watershed Protection District"
26263,343147N1188884W001,1821600,2013-12-18T00:00:00Z,845.941,843.441,NA,NA,NA,NA,NA,Special/Other,NA,NA,5029,"County of Ventura, Watershed Protection District",NA,5029,"County of Ventura, Watershed Protection District"
26263,343147N1188884W001,1817094,2013-09-23T00:00:00Z,845.941,843.441,NA,NA,NA,NA,NA,Pumping,NA,NA,5029,"County of Ventura, Watershed Protection District",NA,5029,"County of Ventura, Watershed Protection District"
26263,343147N1188884W001,1733561,2013-06-10T00:00:00Z,845.941,843.441,NA,NA,NA,NA,NA,Special/Other,NA,NA,5029,"County of Ventura, Watershed Protection District",NA,5029,"County of Ventura, Watershed Protection District"
26263,343147N1188884W001,1733385,2013-03-20T00:00:00Z,845.941,843.441,NA,NA,NA,NA,NA,Special/Other,NA,NA,5029,"County of Ventura, Watershed Protection District",NA,5029,"County of Ventura, Watershed Protection District"
26263,343147N1188884W001,90924,2012-12-13T00:00:00Z,845.941,843.441,0,649.6,196.341,649.6,647.1,NA,Acoustic or sonic sounder,Water level accuracy to nearest tenth of a foot,5029,"County of Ventura, Watershed Protection District",NA,5029,"County of Ventura, Watershed Protection District"
26263,343147N1188884W001,90925,2012-09-24T00:00:00Z,845.941,843.441,0,656.5,189.441,656.5,654,NA,Acoustic or sonic sounder,Water level accuracy to nearest tenth of a foot,5029,"County of Ventura, Watershed Protection District",NA,5029,"County of Ventura, Watershed Protection District"
26263,343147N1188884W001,90926,2012-06-14T00:00:00Z,845.941,843.441,NA,NA,NA,NA,NA,Pumping,NA,NA,5029,"County of Ventura, Watershed Protection District",NA,5029,"County of Ventura, Watershed Protection District"
26263,343147N1188884W001,58034,2012-03-22T00:00:00Z,845.941,843.441,0,355.8,490.141,355.8,353.3,NA,Acoustic or sonic sounder,Water level accuracy to nearest tenth of a foot,5029,"County of Ventura, Watershed Protection District",NA,5029,"County of Ventura, Watershed Protection District"
26263,343147N1188884W001,2164559,2011-09-22T00:00:00Z,845.941,843.441,NA,NA,NA,NA,NA,Pumping,NA,NA,5029,"County of Ventura, Watershed Protection District",NA,5029,"County of Ventura, Watershed Protection District"
