STN_ID,SITE_CODE,WLM_ID,MSMT_DATE,WLM_RPE,WLM_GSE,RDNG_WS,RDNG_RP,WSE,RPE_WSE,GSE_WSE,WLM_QA_DESC,WLM_DESC,WLM_ACC_DESC,WLM_ORG_ID,WLM_ORG_NAME,MSMT_CMT,COOP_AGENCY_ORG_ID,COOP_ORG_NAME
26277,375938N1209002W001,1540205,1999-03-05T00:00:00Z,110.91,110.41,NA,NA,NA,NA,NA,Can't get tape in casing,NA,NA,1,Department of Water Resources,NA,1,Department of Water Resources
26277,375938N1209002W001,1540204,1998-11-04T00:00:00Z,110.91,110.41,NA,NA,NA,NA,NA,Unable to locate well,NA,NA,1,Department of Water Resources,NA,1,Department of Water Resources
26277,375938N1209002W001,1540203,1998-04-08T00:00:00Z,110.91,110.41,NA,NA,NA,NA,NA,Temporarily inaccessible,NA,NA,1,Department of Water Resources,NA,1,Department of Water Resources
26277,375938N1209002W001,1540202,1997-11-07T00:00:00Z,110.91,110.41,NA,NA,NA,NA,NA,Special/Other,NA,NA,1,Department of Water Resources,NA,1,Department of Water Resources
26277,375938N1209002W001,1540201,1997-03-10T00:00:00Z,110.91,110.41,0,46.4,64.51,46.4,45.9,NA,Unknown,Water level accuracy is unknown,1,Department of Water Resources,NA,1,Department of Water Resources
26277,375938N1209002W001,1540200,1996-11-26T00:00:00Z,110.91,110.41,0,46.6,64.31,46.6,46.1,NA,Unknown,Water level accuracy is unknown,1,Department of Water Resources,NA,1,Department of Water Resources
26277,375938N1209002W001,1540199,1996-04-09T00:00:00Z,110.91,110.41,0,46.8,64.11,46.8,46.3,NA,Unknown,Water level accuracy is unknown,1,Department of Water Resources,NA,1,Department of Water Resources
26277,375938N1209002W001,1540198,1995-11-07T00:00:00Z,110.91,110.41,0,46.2,64.71,46.2,45.7,NA,Unknown,Water level accuracy is unknown,1,Department of Water Resources,NA,1,Department of Water Resources
26277,375938N1209002W001,1540197,1995-03-08T00:00:00Z,110.91,110.41,0,45.6,65.31,45.6,45.1,NA,Unknown,Water level accuracy is unknown,1,Department of Water Resources,NA,1,Department of Water Resources
26277,375938N1209002W001,1540196,1994-11-01T00:00:00Z,110.91,110.41,0,46.6,64.31,46.6,46.1,NA,Unknown,Water level accuracy is unknown,1,Department of Water Resources,NA,1,Department of Water Resources
26277,375938N1209002W001,1540195,1994-02-15T00:00:00Z,110.91,110.41,0,45.7,65.21,45.7,45.2,NA,Unknown,Water level accuracy is unknown,1,Department of Water Resources,NA,1,Department of Water Resources
26277,375938N1209002W001,1540194,1993-10-26T00:00:00Z,110.91,110.41,0,47.5,63.41,47.5,47,Acoustical sounder,Unknown,Water level accuracy is unknown,1,Department of Water Resources,NA,1,Department of Water Resources
26277,375938N1209002W001,1540193,1993-03-02T00:00:00Z,110.91,110.41,0,46.6,64.31,46.6,46.1,NA,Unknown,Water level accuracy is unknown,1,Department of Water Resources,NA,1,Department of Water Resources
26277,375938N1209002W001,1540192,1992-10-26T00:00:00Z,110.91,110.41,0,47.7,63.21,47.7,47.2,NA,Unknown,Water level accuracy is unknown,1,Department of Water Resources,NA,1,Department of Water Resources
26277,375938N1209002W001,1540191,1992-02-18T00:00:00Z,110.91,110.41,0,46.8,64.11,46.8,46.3,NA,Unknown,Water level accuracy is unknown,1,Department of Water Resources,NA,1,Department of Water Resources
26277,375938N1209002W001,1540190,1991-10-15T00:00:00Z,110.91,110.41,0,47.6,63.31,47.6,47.1,NA,Unknown,Water level accuracy is unknown,1,Department of Water Resources,NA,1,Department of Water Resources
26277,375938N1209002W001,1540189,1991-02-06T00:00:00Z,110.91,110.41,0,46.7,64.21,46.7,46.2,NA,Unknown,Water level accuracy is unknown,1,Department of Water Resources,NA,1,Department of Water Resources
26277,375938N1209002W001,1540188,1990-10-15T00:00:00Z,110.91,110.41,0,44,66.91,44,43.5,NA,Unknown,Water level accuracy is unknown,1,Department of Water Resources,NA,1,Department of Water Resources
26277,375938N1209002W001,1540187,1990-02-05T00:00:00Z,110.91,110.41,0,40.6,70.31,40.6,40.1,NA,Unknown,Water level accuracy is unknown,1,Department of Water Resources,NA,1,Department of Water Resources
26277,375938N1209002W001,1540186,1989-10-30T00:00:00Z,110.91,110.41,0,42.6,68.31,42.6,42.1,NA,Unknown,Water level accuracy is unknown,1,Department of Water Resources,NA,1,Department of Water Resources
26277,375938N1209002W001,1540185,1989-03-06T00:00:00Z,110.91,110.41,0,35.8,75.11,35.8,35.3,NA,Unknown,Water level accuracy is unknown,1,Department of Water Resources,NA,1,Department of Water Resources
26277,375938N1209002W001,1540184,1988-10-24T00:00:00Z,110.91,110.41,0,43.3,67.61,43.3,42.8,NA,Unknown,Water level accuracy is unknown,1,Department of Water Resources,NA,1,Department of Water Resources
26277,375938N1209002W001,1540183,1988-03-09T00:00:00Z,110.91,110.41,0,33.7,77.21,33.7,33.2,NA,Unknown,Water level accuracy is unknown,1,Department of Water Resources,NA,1,Department of Water Resources
26277,375938N1209002W001,1540182,1987-10-28T00:00:00Z,110.91,110.41,0,37.5,73.41,37.5,37,NA,Unknown,Water level accuracy is unknown,1,Department of Water Resources,NA,1,Department of Water Resources
26277,375938N1209002W001,1540181,1987-03-09T00:00:00Z,110.91,110.41,0,33.5,77.41,33.5,33,NA,Unknown,Water level accuracy is unknown,1,Department of Water Resources,NA,1,Department of Water Resources
26277,375938N1209002W001,1540180,1986-11-04T00:00:00Z,110.91,110.41,0,32,78.91,32,31.5,NA,Unknown,Water level accuracy is unknown,1,Department of Water Resources,NA,1,Department of Water Resources
26277,375938N1209002W001,1540179,1986-03-20T00:00:00Z,110.91,110.41,0,28,82.91,28,27.5,NA,Unknown,Water level accuracy is unknown,1,Department of Water Resources,NA,1,Department of Water Resources
26277,375938N1209002W001,1540178,1985-11-05T00:00:00Z,110.91,110.41,0,30,80.91,30,29.5,NA,Unknown,Water level accuracy is unknown,1,Department of Water Resources,NA,1,Department of Water Resources
26277,375938N1209002W001,1540177,1985-03-19T00:00:00Z,110.91,110.41,0,30,80.91,30,29.5,NA,Unknown,Water level accuracy is unknown,1,Department of Water Resources,NA,1,Department of Water Resources
26277,375938N1209002W001,1540176,1984-11-08T00:00:00Z,110.91,110.41,0,28.5,82.41,28.5,28,NA,Unknown,Water level accuracy is unknown,1,Department of Water Resources,NA,1,Department of Water Resources
26277,375938N1209002W001,1540175,1983-11-03T00:00:00Z,110.91,110.41,0,30,80.91,30,29.5,NA,Unknown,Water level accuracy is unknown,1,Department of Water Resources,NA,1,Department of Water Resources
26277,375938N1209002W001,1540174,1983-04-06T00:00:00Z,110.91,110.41,0,32,78.91,32,31.5,NA,Unknown,Water level accuracy is unknown,1,Department of Water Resources,NA,1,Department of Water Resources
26277,375938N1209002W001,1540173,1982-10-20T00:00:00Z,110.91,110.41,0,30,80.91,30,29.5,NA,Unknown,Water level accuracy is unknown,1,Department of Water Resources,NA,1,Department of Water Resources
26277,375938N1209002W001,1540172,1982-03-25T00:00:00Z,110.91,110.41,0,35,75.91,35,34.5,NA,Unknown,Water level accuracy is unknown,1,Department of Water Resources,NA,1,Department of Water Resources
26277,375938N1209002W001,1540171,1981-10-09T00:00:00Z,110.91,110.41,0,31,79.91,31,30.5,NA,Unknown,Water level accuracy is unknown,1,Department of Water Resources,NA,1,Department of Water Resources
26277,375938N1209002W001,1540170,1981-03-12T00:00:00Z,110.91,110.41,0,26,84.91,26,25.5,NA,Unknown,Water level accuracy is unknown,1,Department of Water Resources,NA,1,Department of Water Resources
26277,375938N1209002W001,1540169,1980-10-07T00:00:00Z,110.91,110.41,0,31.5,79.41,31.5,31,NA,Unknown,Water level accuracy is unknown,1,Department of Water Resources,NA,1,Department of Water Resources
26277,375938N1209002W001,1540168,1980-03-11T00:00:00Z,110.91,110.41,0,36,74.91,36,35.5,NA,Unknown,Water level accuracy is unknown,1,Department of Water Resources,NA,1,Department of Water Resources
26277,375938N1209002W001,1540167,1978-10-24T00:00:00Z,110.91,110.41,0,37,73.91,37,36.5,NA,Unknown,Water level accuracy is unknown,1,Department of Water Resources,NA,1,Department of Water Resources
26277,375938N1209002W001,1540166,1977-11-08T00:00:00Z,110.91,110.41,0,38.5,72.41,38.5,38,NA,Unknown,Water level accuracy is unknown,1,Department of Water Resources,NA,1,Department of Water Resources
26277,375938N1209002W001,1540165,1977-03-04T00:00:00Z,110.91,110.41,0,30.5,80.41,30.5,30,NA,Unknown,Water level accuracy is unknown,1,Department of Water Resources,NA,1,Department of Water Resources
