STN_ID,SITE_CODE,WLM_ID,MSMT_DATE,WLM_RPE,WLM_GSE,RDNG_WS,RDNG_RP,WSE,RPE_WSE,GSE_WSE,WLM_QA_DESC,WLM_DESC,WLM_ACC_DESC,WLM_ORG_ID,WLM_ORG_NAME,MSMT_CMT,COOP_AGENCY_ORG_ID,COOP_ORG_NAME
26707,380586N1209655W001,2487065,2019-11-01T12:00:00Z,150.1,150,NA,NA,NA,NA,NA,Temporarily inaccessible,NA,NA,5022,San Joaquin County Flood Control and Water Conservation District,NA,5022,San Joaquin County Flood Control and Water Conservation District
26707,380586N1209655W001,2463988,2019-04-09T12:00:00Z,150.1,150,NA,NA,NA,NA,NA,Temporarily inaccessible,NA,NA,5022,San Joaquin County Flood Control and Water Conservation District,NA,5022,San Joaquin County Flood Control and Water Conservation District
26707,380586N1209655W001,2420810,2018-10-22T12:00:00Z,150.1,150,NA,NA,NA,NA,NA,Temporarily inaccessible,NA,NA,5022,San Joaquin County Flood Control and Water Conservation District,NA,5022,San Joaquin County Flood Control and Water Conservation District
26707,380586N1209655W001,2294459,2018-03-27T12:00:00Z,150.1,150,NA,NA,NA,NA,NA,Temporarily inaccessible,NA,NA,5022,San Joaquin County Flood Control and Water Conservation District,NA,5022,San Joaquin County Flood Control and Water Conservation District
26707,380586N1209655W001,2282870,2017-10-18T12:00:00Z,150.1,150,NA,NA,NA,NA,NA,Temporarily inaccessible,NA,NA,5022,San Joaquin County Flood Control and Water Conservation District,NA,5022,San Joaquin County Flood Control and Water Conservation District
26707,380586N1209655W001,2255449,2017-04-05T12:00:00Z,150.1,150,NA,NA,NA,NA,NA,Tape hung up,NA,NA,5022,San Joaquin County Flood Control and Water Conservation District,NA,5022,San Joaquin County Flood Control and Water Conservation District
26707,380586N1209655W001,2221161,2016-10-13T12:00:00Z,150.1,150,NA,NA,NA,NA,NA,Pumping,NA,NA,5022,San Joaquin County Flood Control and Water Conservation District,NA,5022,San Joaquin County Flood Control and Water Conservation District
26707,380586N1209655W001,2194587,2016-03-21T12:00:00Z,150.1,150,NA,NA,NA,NA,NA,Pumping,NA,NA,5022,San Joaquin County Flood Control and Water Conservation District,NA,5022,San Joaquin County Flood Control and Water Conservation District
26707,380586N1209655W001,2132821,2015-03-17T12:00:00Z,150.1,150,0,93.7,56.4,93.7,93.6,NA,Electric sounder measurement,Water level accuracy to nearest tenth of a foot,5022,San Joaquin County Flood Control and Water Conservation District,NA,5022,San Joaquin County Flood Control and Water Conservation District
26707,380586N1209655W001,2026234,2014-10-21T12:00:00Z,150.1,150,5,100,55.1,95,94.9,Oil or foreign substance in casing,Steel tape measurement,Water level accuracy to nearest foot,5022,San Joaquin County Flood Control and Water Conservation District,NA,5022,San Joaquin County Flood Control and Water Conservation District
26707,380586N1209655W001,1883169,2014-03-10T00:00:00Z,150.1,150,0,92.2,57.9,92.2,92.1,NA,Electric sounder measurement,Water level accuracy to nearest tenth of a foot,5022,San Joaquin County Flood Control and Water Conservation District,NA,5022,San Joaquin County Flood Control and Water Conservation District
26707,380586N1209655W001,1809671,2013-10-14T12:00:00Z,150.1,150,0,92.3,57.8,92.3,92.2,NA,Electric sounder measurement,Water level accuracy to nearest foot,5022,San Joaquin County Flood Control and Water Conservation District,NA,5022,San Joaquin County Flood Control and Water Conservation District
26707,380586N1209655W001,1817457,2013-03-08T12:00:00Z,150.1,150,0,90,60.1,90,89.9,NA,Electric sounder measurement,Water level accuracy to nearest foot,5022,San Joaquin County Flood Control and Water Conservation District,NA,5022,San Joaquin County Flood Control and Water Conservation District
26707,380586N1209655W001,89336,2012-10-29T12:00:00Z,150.1,150,0,90.7,59.4,90.7,90.6,NA,Electric sounder measurement,Water level accuracy to nearest tenth of a foot,5022,San Joaquin County Flood Control and Water Conservation District,NA,5022,San Joaquin County Flood Control and Water Conservation District
26707,380586N1209655W001,57196,2012-03-19T12:00:00Z,150.1,150,0,89.3,60.8,89.3,89.2,NA,Electric sounder measurement,Water level accuracy to nearest tenth of a foot,5022,San Joaquin County Flood Control and Water Conservation District,NA,5022,San Joaquin County Flood Control and Water Conservation District
26707,380586N1209655W001,31007,2011-10-28T00:00:00Z,150.1,150,0,89.3,60.8,89.3,89.2,NA,Electric sounder measurement,Water level accuracy to nearest tenth of a foot,5022,San Joaquin County Flood Control and Water Conservation District,NA,5022,San Joaquin County Flood Control and Water Conservation District
26707,380586N1209655W001,1655007,2010-03-09T00:00:00Z,152.43,152.33,0,87.5,64.93,87.5,87.4,Casing leaking or wet,Unknown,Water level accuracy is unknown,1,Department of Water Resources,NA,5022,San Joaquin County Flood Control and Water Conservation District
26707,380586N1209655W001,1655009,2009-10-05T00:00:00Z,152.43,152.33,0,88.3,64.13,88.3,88.2,NA,Unknown,Water level accuracy is unknown,1,Department of Water Resources,NA,5022,San Joaquin County Flood Control and Water Conservation District
26707,380586N1209655W001,1655006,2009-03-19T00:00:00Z,152.43,152.33,0,57,95.43,57,56.9,NA,Unknown,Water level accuracy is unknown,1,Department of Water Resources,NA,5022,San Joaquin County Flood Control and Water Conservation District
26707,380586N1209655W001,1655008,2008-11-05T00:00:00Z,152.43,152.33,0,87,65.43,87,86.9,NA,Unknown,Water level accuracy is unknown,1,Department of Water Resources,NA,5022,San Joaquin County Flood Control and Water Conservation District
26707,380586N1209655W001,1655005,2008-03-05T00:00:00Z,152.43,152.33,0,68,84.43,68,67.9,NA,Unknown,Water level accuracy is unknown,1,Department of Water Resources,NA,5022,San Joaquin County Flood Control and Water Conservation District
26707,380586N1209655W001,1655003,2007-10-09T00:00:00Z,152.43,152.33,0,85.4,67.03,85.4,85.3,NA,Unknown,Water level accuracy is unknown,1,Department of Water Resources,NA,5022,San Joaquin County Flood Control and Water Conservation District
26707,380586N1209655W001,1655004,2007-03-09T00:00:00Z,152.43,152.33,0,67,85.43,67,66.9,NA,Unknown,Water level accuracy is unknown,1,Department of Water Resources,NA,5022,San Joaquin County Flood Control and Water Conservation District
26707,380586N1209655W001,1655001,2006-10-10T00:00:00Z,152.43,152.33,0,85.5,66.93,85.5,85.4,Oil or foreign substance in casing,Unknown,Water level accuracy is unknown,1,Department of Water Resources,NA,5022,San Joaquin County Flood Control and Water Conservation District
26707,380586N1209655W001,1655002,2006-03-20T00:00:00Z,152.43,152.33,NA,NA,NA,NA,NA,Temporarily inaccessible,NA,NA,1,Department of Water Resources,NA,5022,San Joaquin County Flood Control and Water Conservation District
26707,380586N1209655W001,1654999,2005-11-04T00:00:00Z,152.43,152.33,0,84.5,67.93,84.5,84.4,NA,Unknown,Water level accuracy is unknown,1,Department of Water Resources,NA,5022,San Joaquin County Flood Control and Water Conservation District
26707,380586N1209655W001,1655000,2005-03-08T00:00:00Z,152.43,152.33,0,83.9,68.53,83.9,83.8,NA,Unknown,Water level accuracy is unknown,1,Department of Water Resources,NA,5022,San Joaquin County Flood Control and Water Conservation District
26707,380586N1209655W001,1654997,2004-10-07T00:00:00Z,152.43,152.33,0,89.5,62.93,89.5,89.4,NA,Unknown,Water level accuracy is unknown,1,Department of Water Resources,NA,5022,San Joaquin County Flood Control and Water Conservation District
26707,380586N1209655W001,1654998,2004-03-17T00:00:00Z,152.43,152.33,0,86.5,65.93,86.5,86.4,NA,Unknown,Water level accuracy is unknown,1,Department of Water Resources,NA,5022,San Joaquin County Flood Control and Water Conservation District
26707,380586N1209655W001,1654996,2003-10-08T00:00:00Z,152.43,152.33,0,84.5,67.93,84.5,84.4,NA,Unknown,Water level accuracy is unknown,1,Department of Water Resources,NA,5022,San Joaquin County Flood Control and Water Conservation District
26707,380586N1209655W001,1654995,2003-03-07T00:00:00Z,152.43,152.33,0,84.5,67.93,84.5,84.4,NA,Unknown,Water level accuracy is unknown,1,Department of Water Resources,NA,5022,San Joaquin County Flood Control and Water Conservation District
26707,380586N1209655W001,1654993,2002-10-07T00:00:00Z,152.43,152.33,0,82.5,69.93,82.5,82.4,NA,Unknown,Water level accuracy is unknown,1,Department of Water Resources,NA,5022,San Joaquin County Flood Control and Water Conservation District
26707,380586N1209655W001,1654994,2002-03-20T00:00:00Z,152.43,152.33,0,81,71.43,81,80.9,NA,Unknown,Water level accuracy is unknown,1,Department of Water Resources,NA,5022,San Joaquin County Flood Control and Water Conservation District
26707,380586N1209655W001,1654992,2001-10-17T00:00:00Z,152.43,152.33,0,85,67.43,85,84.9,NA,Unknown,Water level accuracy is unknown,1,Department of Water Resources,NA,5022,San Joaquin County Flood Control and Water Conservation District
26707,380586N1209655W001,1654991,2001-03-14T00:00:00Z,152.43,152.33,0,70,82.43,70,69.9,NA,Unknown,Water level accuracy is unknown,1,Department of Water Resources,NA,5022,San Joaquin County Flood Control and Water Conservation District
26707,380586N1209655W001,1654987,2000-10-17T00:00:00Z,152.43,152.33,0,80,72.43,80,79.9,NA,Unknown,Water level accuracy is unknown,1,Department of Water Resources,NA,5022,San Joaquin County Flood Control and Water Conservation District
26707,380586N1209655W001,1654986,2000-03-21T00:00:00Z,152.43,152.33,0,75,77.43,75,74.9,NA,Unknown,Water level accuracy is unknown,1,Department of Water Resources,NA,5022,San Joaquin County Flood Control and Water Conservation District
26707,380586N1209655W001,1654990,1997-10-07T00:00:00Z,152.43,152.33,0,80,72.43,80,79.9,Oil or foreign substance in casing,Unknown,Water level accuracy is unknown,1,Department of Water Resources,NA,5022,San Joaquin County Flood Control and Water Conservation District
26707,380586N1209655W001,1654989,1997-03-06T00:00:00Z,152.43,152.33,0,77,75.43,77,76.9,NA,Unknown,Water level accuracy is unknown,1,Department of Water Resources,NA,5022,San Joaquin County Flood Control and Water Conservation District
26707,380586N1209655W001,1654988,1996-10-15T00:00:00Z,152.43,152.33,0,79,73.43,79,78.9,NA,Unknown,Water level accuracy is unknown,1,Department of Water Resources,NA,5022,San Joaquin County Flood Control and Water Conservation District
26707,380586N1209655W001,1654985,1996-03-22T00:00:00Z,152.43,152.33,0,78,74.43,78,77.9,NA,Unknown,Water level accuracy is unknown,1,Department of Water Resources,NA,5022,San Joaquin County Flood Control and Water Conservation District
26707,380586N1209655W001,1654984,1995-10-03T00:00:00Z,152.43,152.33,0,79,73.43,79,78.9,NA,Unknown,Water level accuracy is unknown,1,Department of Water Resources,NA,5022,San Joaquin County Flood Control and Water Conservation District
26707,380586N1209655W001,1654983,1995-03-30T00:00:00Z,152.43,152.33,0,76,76.43,76,75.9,NA,Unknown,Water level accuracy is unknown,1,Department of Water Resources,NA,5022,San Joaquin County Flood Control and Water Conservation District
26707,380586N1209655W001,1654982,1994-10-17T00:00:00Z,152.43,152.33,0,79,73.43,79,78.9,NA,Unknown,Water level accuracy is unknown,1,Department of Water Resources,NA,5022,San Joaquin County Flood Control and Water Conservation District
26707,380586N1209655W001,1654981,1994-03-11T00:00:00Z,152.43,152.33,0,79,73.43,79,78.9,NA,Unknown,Water level accuracy is unknown,1,Department of Water Resources,NA,5022,San Joaquin County Flood Control and Water Conservation District
26707,380586N1209655W001,1654980,1993-10-21T00:00:00Z,152.43,152.33,0,85,67.43,85,84.9,NA,Unknown,Water level accuracy is unknown,1,Department of Water Resources,NA,5022,San Joaquin County Flood Control and Water Conservation District
26707,380586N1209655W001,1654979,1993-03-16T00:00:00Z,152.43,152.33,0,79,73.43,79,78.9,NA,Unknown,Water level accuracy is unknown,1,Department of Water Resources,NA,5022,San Joaquin County Flood Control and Water Conservation District
26707,380586N1209655W001,1654978,1992-10-09T00:00:00Z,152.43,152.33,0,83.5,68.93,83.5,83.4,NA,Unknown,Water level accuracy is unknown,1,Department of Water Resources,NA,5022,San Joaquin County Flood Control and Water Conservation District
26707,380586N1209655W001,1654977,1992-03-17T00:00:00Z,152.43,152.33,0,78,74.43,78,77.9,NA,Unknown,Water level accuracy is unknown,1,Department of Water Resources,NA,5022,San Joaquin County Flood Control and Water Conservation District
26707,380586N1209655W001,1654974,1991-10-14T00:00:00Z,152.43,152.33,0,74.5,77.93,74.5,74.4,NA,Unknown,Water level accuracy is unknown,1,Department of Water Resources,NA,5022,San Joaquin County Flood Control and Water Conservation District
26707,380586N1209655W001,1654976,1991-03-25T00:00:00Z,152.43,152.33,0,78,74.43,78,77.9,NA,Unknown,Water level accuracy is unknown,1,Department of Water Resources,NA,5022,San Joaquin County Flood Control and Water Conservation District
26707,380586N1209655W001,1654972,1990-10-16T00:00:00Z,152.43,152.33,0,82,70.43,82,81.9,NA,Unknown,Water level accuracy is unknown,1,Department of Water Resources,NA,5022,San Joaquin County Flood Control and Water Conservation District
26707,380586N1209655W001,1654971,1990-03-23T00:00:00Z,152.43,152.33,0,78,74.43,78,77.9,NA,Unknown,Water level accuracy is unknown,1,Department of Water Resources,NA,5022,San Joaquin County Flood Control and Water Conservation District
26707,380586N1209655W001,1654973,1989-10-12T00:00:00Z,152.43,152.33,0,81,71.43,81,80.9,NA,Unknown,Water level accuracy is unknown,1,Department of Water Resources,NA,5022,San Joaquin County Flood Control and Water Conservation District
26707,380586N1209655W001,1654975,1989-03-20T00:00:00Z,152.43,152.33,0,77,75.43,77,76.9,NA,Unknown,Water level accuracy is unknown,1,Department of Water Resources,NA,5022,San Joaquin County Flood Control and Water Conservation District
26707,380586N1209655W001,1654970,1988-10-10T00:00:00Z,152.43,152.33,0,76,76.43,76,75.9,NA,Unknown,Water level accuracy is unknown,1,Department of Water Resources,NA,5022,San Joaquin County Flood Control and Water Conservation District
26707,380586N1209655W001,1654969,1988-03-10T00:00:00Z,152.43,152.33,0,71,81.43,71,70.9,NA,Unknown,Water level accuracy is unknown,1,Department of Water Resources,NA,5022,San Joaquin County Flood Control and Water Conservation District
26707,380586N1209655W001,1654968,1987-10-30T00:00:00Z,152.43,152.33,0,72,80.43,72,71.9,NA,Unknown,Water level accuracy is unknown,1,Department of Water Resources,NA,5022,San Joaquin County Flood Control and Water Conservation District
26707,380586N1209655W001,1654967,1987-04-08T00:00:00Z,152.43,152.33,0,70.5,81.93,70.5,70.4,NA,Unknown,Water level accuracy is unknown,1,Department of Water Resources,NA,5022,San Joaquin County Flood Control and Water Conservation District
26707,380586N1209655W001,1654966,1986-10-22T00:00:00Z,152.43,152.33,0,71.5,80.93,71.5,71.4,NA,Unknown,Water level accuracy is unknown,1,Department of Water Resources,NA,5022,San Joaquin County Flood Control and Water Conservation District
26707,380586N1209655W001,1654965,1986-04-08T00:00:00Z,152.43,152.33,0,70,82.43,70,69.9,NA,Unknown,Water level accuracy is unknown,1,Department of Water Resources,NA,5022,San Joaquin County Flood Control and Water Conservation District
26707,380586N1209655W001,1654964,1985-10-16T00:00:00Z,152.43,152.33,0,68,84.43,68,67.9,NA,Unknown,Water level accuracy is unknown,1,Department of Water Resources,NA,5022,San Joaquin County Flood Control and Water Conservation District
26707,380586N1209655W001,1654963,1985-03-15T00:00:00Z,152.43,152.33,0,67,85.43,67,66.9,NA,Unknown,Water level accuracy is unknown,1,Department of Water Resources,NA,5022,San Joaquin County Flood Control and Water Conservation District
26707,380586N1209655W001,1654962,1984-03-20T00:00:00Z,152.43,152.33,0,51,101.43,51,50.9,NA,Unknown,Water level accuracy is unknown,1,Department of Water Resources,NA,5022,San Joaquin County Flood Control and Water Conservation District
26707,380586N1209655W001,1654961,1983-10-18T00:00:00Z,152.43,152.33,0,66,86.43,66,65.9,NA,Unknown,Water level accuracy is unknown,1,Department of Water Resources,NA,5022,San Joaquin County Flood Control and Water Conservation District
26707,380586N1209655W001,1654960,1983-03-09T00:00:00Z,152.43,152.33,0,48,104.43,48,47.9,NA,Unknown,Water level accuracy is unknown,1,Department of Water Resources,NA,5022,San Joaquin County Flood Control and Water Conservation District
26707,380586N1209655W001,1654959,1982-10-04T00:00:00Z,152.43,152.33,0,69,83.43,69,68.9,NA,Unknown,Water level accuracy is unknown,1,Department of Water Resources,NA,5022,San Joaquin County Flood Control and Water Conservation District
26707,380586N1209655W001,1654958,1982-03-20T00:00:00Z,152.43,152.33,0,53,99.43,53,52.9,NA,Unknown,Water level accuracy is unknown,1,Department of Water Resources,NA,5022,San Joaquin County Flood Control and Water Conservation District
26707,380586N1209655W001,1654957,1981-10-08T00:00:00Z,152.43,152.33,0,69,83.43,69,68.9,NA,Unknown,Water level accuracy is unknown,1,Department of Water Resources,NA,5022,San Joaquin County Flood Control and Water Conservation District
26707,380586N1209655W001,1654956,1981-03-23T00:00:00Z,152.43,152.33,0,66.5,85.93,66.5,66.4,NA,Unknown,Water level accuracy is unknown,1,Department of Water Resources,NA,5022,San Joaquin County Flood Control and Water Conservation District
26707,380586N1209655W001,1654955,1980-09-30T00:00:00Z,152.43,152.33,0,73.5,78.93,73.5,73.4,NA,Unknown,Water level accuracy is unknown,1,Department of Water Resources,NA,5022,San Joaquin County Flood Control and Water Conservation District
26707,380586N1209655W001,1654954,1980-03-13T00:00:00Z,152.43,152.33,0,63.5,88.93,63.5,63.4,NA,Unknown,Water level accuracy is unknown,1,Department of Water Resources,NA,5022,San Joaquin County Flood Control and Water Conservation District
26707,380586N1209655W001,1654953,1979-10-03T00:00:00Z,152.43,152.33,0,71.5,80.93,71.5,71.4,NA,Unknown,Water level accuracy is unknown,1,Department of Water Resources,NA,5022,San Joaquin County Flood Control and Water Conservation District
26707,380586N1209655W001,1654952,1979-03-14T00:00:00Z,152.43,152.33,0,66.5,85.93,66.5,66.4,NA,Unknown,Water level accuracy is unknown,1,Department of Water Resources,NA,5022,San Joaquin County Flood Control and Water Conservation District
26707,380586N1209655W001,1654951,1978-10-03T00:00:00Z,152.43,152.33,0,67,85.43,67,66.9,NA,Unknown,Water level accuracy is unknown,1,Department of Water Resources,NA,5022,San Joaquin County Flood Control and Water Conservation District
26707,380586N1209655W001,1654950,1978-03-20T00:00:00Z,152.43,152.33,0,63,89.43,63,62.9,NA,Unknown,Water level accuracy is unknown,1,Department of Water Resources,NA,5022,San Joaquin County Flood Control and Water Conservation District
26707,380586N1209655W001,1654949,1977-10-04T00:00:00Z,152.43,152.33,0,70,82.43,70,69.9,NA,Unknown,Water level accuracy is unknown,1,Department of Water Resources,NA,5022,San Joaquin County Flood Control and Water Conservation District
26707,380586N1209655W001,1654948,1977-03-10T00:00:00Z,152.43,152.33,0,65,87.43,65,64.9,NA,Unknown,Water level accuracy is unknown,1,Department of Water Resources,NA,5022,San Joaquin County Flood Control and Water Conservation District
26707,380586N1209655W001,1654947,1976-10-05T00:00:00Z,152.43,152.33,0,64.5,87.93,64.5,64.4,NA,Unknown,Water level accuracy is unknown,1,Department of Water Resources,NA,5022,San Joaquin County Flood Control and Water Conservation District
26707,380586N1209655W001,1654946,1976-03-12T00:00:00Z,152.43,152.33,0,63.4,89.03,63.4,63.3,NA,Unknown,Water level accuracy is unknown,1,Department of Water Resources,NA,5022,San Joaquin County Flood Control and Water Conservation District
26707,380586N1209655W001,1654945,1975-10-09T00:00:00Z,152.43,152.33,0,65,87.43,65,64.9,NA,Unknown,Water level accuracy is unknown,1,Department of Water Resources,NA,5022,San Joaquin County Flood Control and Water Conservation District
26707,380586N1209655W001,1654944,1975-03-28T00:00:00Z,152.43,152.33,0,63,89.43,63,62.9,NA,Unknown,Water level accuracy is unknown,1,Department of Water Resources,NA,5022,San Joaquin County Flood Control and Water Conservation District
26707,380586N1209655W001,1654943,1974-10-02T00:00:00Z,152.43,152.33,0,64,88.43,64,63.9,NA,Unknown,Water level accuracy is unknown,1,Department of Water Resources,NA,5022,San Joaquin County Flood Control and Water Conservation District
26707,380586N1209655W001,1654942,1974-03-15T00:00:00Z,152.43,152.33,0,60.3,92.13,60.3,60.2,NA,Unknown,Water level accuracy is unknown,1,Department of Water Resources,NA,5022,San Joaquin County Flood Control and Water Conservation District
26707,380586N1209655W001,1654941,1973-10-02T00:00:00Z,152.43,152.33,0,65,87.43,65,64.9,NA,Unknown,Water level accuracy is unknown,1,Department of Water Resources,NA,5022,San Joaquin County Flood Control and Water Conservation District
26707,380586N1209655W001,1654940,1973-03-14T00:00:00Z,152.43,152.33,0,60.5,91.93,60.5,60.4,NA,Unknown,Water level accuracy is unknown,1,Department of Water Resources,NA,5022,San Joaquin County Flood Control and Water Conservation District
26707,380586N1209655W001,1654939,1972-10-05T00:00:00Z,152.43,152.33,0,61.5,90.93,61.5,61.4,NA,Unknown,Water level accuracy is unknown,1,Department of Water Resources,NA,5022,San Joaquin County Flood Control and Water Conservation District
26707,380586N1209655W001,1654938,1972-03-09T00:00:00Z,152.43,152.33,0,60,92.43,60,59.9,NA,Unknown,Water level accuracy is unknown,1,Department of Water Resources,NA,5022,San Joaquin County Flood Control and Water Conservation District
26707,380586N1209655W001,1654937,1971-10-14T00:00:00Z,152.43,152.33,0,60.5,91.93,60.5,60.4,NA,Unknown,Water level accuracy is unknown,1,Department of Water Resources,NA,5022,San Joaquin County Flood Control and Water Conservation District
26707,380586N1209655W001,1654936,1971-03-08T00:00:00Z,152.43,152.33,0,58.7,93.73,58.7,58.6,NA,Unknown,Water level accuracy is unknown,1,Department of Water Resources,NA,5022,San Joaquin County Flood Control and Water Conservation District
26707,380586N1209655W001,1654935,1970-10-19T00:00:00Z,152.43,152.33,0,58.8,93.63,58.8,58.7,NA,Unknown,Water level accuracy is unknown,1,Department of Water Resources,NA,5022,San Joaquin County Flood Control and Water Conservation District
26707,380586N1209655W001,1654934,1970-03-16T00:00:00Z,152.43,152.33,0,57,95.43,57,56.9,NA,Unknown,Water level accuracy is unknown,1,Department of Water Resources,NA,5022,San Joaquin County Flood Control and Water Conservation District
26707,380586N1209655W001,1654933,1969-10-22T00:00:00Z,152.43,152.33,0,59,93.43,59,58.9,NA,Unknown,Water level accuracy is unknown,1,Department of Water Resources,NA,5022,San Joaquin County Flood Control and Water Conservation District
26707,380586N1209655W001,1654932,1969-03-26T00:00:00Z,152.43,152.33,0,56.5,95.93,56.5,56.4,NA,Unknown,Water level accuracy is unknown,1,Department of Water Resources,NA,5022,San Joaquin County Flood Control and Water Conservation District
26707,380586N1209655W001,1654931,1968-10-08T00:00:00Z,152.43,152.33,0,57.8,94.63,57.8,57.7,NA,Unknown,Water level accuracy is unknown,1,Department of Water Resources,NA,5022,San Joaquin County Flood Control and Water Conservation District
26707,380586N1209655W001,1654930,1968-03-05T00:00:00Z,152.43,152.33,0,57.5,94.93,57.5,57.4,NA,Unknown,Water level accuracy is unknown,1,Department of Water Resources,NA,5022,San Joaquin County Flood Control and Water Conservation District
26707,380586N1209655W001,1654929,1967-10-19T00:00:00Z,152.43,152.33,0,58,94.43,58,57.9,NA,Unknown,Water level accuracy is unknown,1,Department of Water Resources,NA,5022,San Joaquin County Flood Control and Water Conservation District
26707,380586N1209655W001,1654928,1967-03-07T00:00:00Z,152.43,152.33,0,56,96.43,56,55.9,NA,Unknown,Water level accuracy is unknown,1,Department of Water Resources,NA,5022,San Joaquin County Flood Control and Water Conservation District
26707,380586N1209655W001,1654927,1966-10-06T00:00:00Z,152.43,152.33,0,58.5,93.93,58.5,58.4,NA,Unknown,Water level accuracy is unknown,1,Department of Water Resources,NA,5022,San Joaquin County Flood Control and Water Conservation District
26707,380586N1209655W001,1654926,1966-03-10T00:00:00Z,152.43,152.33,0,55,97.43,55,54.9,NA,Unknown,Water level accuracy is unknown,1,Department of Water Resources,NA,5022,San Joaquin County Flood Control and Water Conservation District
26707,380586N1209655W001,1654925,1965-10-20T00:00:00Z,152.43,152.33,0,56.5,95.93,56.5,56.4,NA,Unknown,Water level accuracy is unknown,1,Department of Water Resources,NA,5022,San Joaquin County Flood Control and Water Conservation District
26707,380586N1209655W001,1654924,1965-03-15T00:00:00Z,152.43,152.33,0,56,96.43,56,55.9,NA,Unknown,Water level accuracy is unknown,1,Department of Water Resources,NA,5022,San Joaquin County Flood Control and Water Conservation District
26707,380586N1209655W001,1654923,1964-10-08T00:00:00Z,152.43,152.33,0,56.5,95.93,56.5,56.4,NA,Unknown,Water level accuracy is unknown,1,Department of Water Resources,NA,5022,San Joaquin County Flood Control and Water Conservation District
26707,380586N1209655W001,1654922,1964-03-25T00:00:00Z,152.43,152.33,0,57,95.43,57,56.9,NA,Unknown,Water level accuracy is unknown,1,Department of Water Resources,NA,5022,San Joaquin County Flood Control and Water Conservation District
26707,380586N1209655W001,1654921,1963-10-17T00:00:00Z,152.43,152.33,0,55,97.43,55,54.9,NA,Unknown,Water level accuracy is unknown,1,Department of Water Resources,NA,5022,San Joaquin County Flood Control and Water Conservation District
26707,380586N1209655W001,1654920,1963-03-20T00:00:00Z,152.43,152.33,0,56,96.43,56,55.9,NA,Unknown,Water level accuracy is unknown,1,Department of Water Resources,NA,5022,San Joaquin County Flood Control and Water Conservation District
26707,380586N1209655W001,1654919,1962-10-04T00:00:00Z,152.43,152.33,0,58.5,93.93,58.5,58.4,NA,Unknown,Water level accuracy is unknown,1,Department of Water Resources,NA,5022,San Joaquin County Flood Control and Water Conservation District
26707,380586N1209655W001,1654918,1962-03-07T00:00:00Z,152.43,152.33,0,54,98.43,54,53.9,NA,Unknown,Water level accuracy is unknown,1,Department of Water Resources,NA,5022,San Joaquin County Flood Control and Water Conservation District
26707,380586N1209655W001,1654917,1961-10-05T00:00:00Z,152.43,152.33,0,58.5,93.93,58.5,58.4,NA,Unknown,Water level accuracy is unknown,1,Department of Water Resources,NA,5022,San Joaquin County Flood Control and Water Conservation District
26707,380586N1209655W001,1654916,1961-03-03T00:00:00Z,152.43,152.33,0,52.2,100.23,52.2,52.1,NA,Unknown,Water level accuracy is unknown,1,Department of Water Resources,NA,5022,San Joaquin County Flood Control and Water Conservation District
26707,380586N1209655W001,1654915,1960-10-06T00:00:00Z,152.43,152.33,0,52.8,99.63,52.8,52.7,NA,Unknown,Water level accuracy is unknown,1,Department of Water Resources,NA,5022,San Joaquin County Flood Control and Water Conservation District
26707,380586N1209655W001,1654914,1960-03-02T00:00:00Z,152.43,152.33,0,50,102.43,50,49.9,NA,Unknown,Water level accuracy is unknown,1,Department of Water Resources,NA,5022,San Joaquin County Flood Control and Water Conservation District
26707,380586N1209655W001,1654913,1959-10-08T00:00:00Z,152.43,152.33,0,50.4,102.03,50.4,50.3,NA,Unknown,Water level accuracy is unknown,1,Department of Water Resources,NA,5022,San Joaquin County Flood Control and Water Conservation District
26707,380586N1209655W001,1654912,1959-03-20T00:00:00Z,152.43,152.33,0,49,103.43,49,48.9,NA,Unknown,Water level accuracy is unknown,1,Department of Water Resources,NA,5022,San Joaquin County Flood Control and Water Conservation District
26707,380586N1209655W001,1654911,1958-10-10T00:00:00Z,152.43,152.33,NA,NA,NA,NA,NA,Unable to locate well,NA,NA,1,Department of Water Resources,NA,5022,San Joaquin County Flood Control and Water Conservation District
26707,380586N1209655W001,1654910,1958-03-06T00:00:00Z,152.43,152.33,NA,NA,NA,NA,NA,Unable to locate well,NA,NA,1,Department of Water Resources,NA,5022,San Joaquin County Flood Control and Water Conservation District
26707,380586N1209655W001,1654909,1957-10-11T00:00:00Z,152.43,152.33,0,56.8,95.63,56.8,56.7,NA,Unknown,Water level accuracy is unknown,1,Department of Water Resources,NA,5022,San Joaquin County Flood Control and Water Conservation District
26707,380586N1209655W001,1654908,1957-03-25T00:00:00Z,152.43,152.33,0,46,106.43,46,45.9,NA,Unknown,Water level accuracy is unknown,1,Department of Water Resources,NA,5022,San Joaquin County Flood Control and Water Conservation District
26707,380586N1209655W001,1654907,1956-10-25T00:00:00Z,152.43,152.33,0,46.4,106.03,46.4,46.3,NA,Unknown,Water level accuracy is unknown,1,Department of Water Resources,NA,5022,San Joaquin County Flood Control and Water Conservation District
26707,380586N1209655W001,1654906,1956-04-03T00:00:00Z,152.43,152.33,0,45.2,107.23,45.2,45.1,NA,Unknown,Water level accuracy is unknown,1,Department of Water Resources,NA,5022,San Joaquin County Flood Control and Water Conservation District
26707,380586N1209655W001,1654905,1955-10-19T00:00:00Z,152.43,152.33,0,51.5,100.93,51.5,51.4,NA,Unknown,Water level accuracy is unknown,1,Department of Water Resources,NA,5022,San Joaquin County Flood Control and Water Conservation District
26707,380586N1209655W001,1654904,1955-03-23T00:00:00Z,152.43,152.33,0,48.8,103.63,48.8,48.7,NA,Unknown,Water level accuracy is unknown,1,Department of Water Resources,NA,5022,San Joaquin County Flood Control and Water Conservation District
26707,380586N1209655W001,1654903,1954-11-23T00:00:00Z,152.43,152.33,0,50,102.43,50,49.9,NA,Unknown,Water level accuracy is unknown,1,Department of Water Resources,NA,5022,San Joaquin County Flood Control and Water Conservation District
26707,380586N1209655W001,1654902,1954-03-26T00:00:00Z,152.43,152.33,0,50,102.43,50,49.9,NA,Unknown,Water level accuracy is unknown,1,Department of Water Resources,NA,5022,San Joaquin County Flood Control and Water Conservation District
26707,380586N1209655W001,1654901,1953-10-27T00:00:00Z,152.43,152.33,0,53.5,98.93,53.5,53.4,NA,Unknown,Water level accuracy is unknown,1,Department of Water Resources,NA,5022,San Joaquin County Flood Control and Water Conservation District
26707,380586N1209655W001,1654900,1953-03-27T00:00:00Z,152.43,152.33,0,42.4,110.03,42.4,42.3,NA,Unknown,Water level accuracy is unknown,1,Department of Water Resources,NA,5022,San Joaquin County Flood Control and Water Conservation District
26707,380586N1209655W001,1654899,1952-11-05T00:00:00Z,152.43,152.33,0,43.2,109.23,43.2,43.1,NA,Unknown,Water level accuracy is unknown,1,Department of Water Resources,NA,5022,San Joaquin County Flood Control and Water Conservation District
26707,380586N1209655W001,1654898,1952-04-07T00:00:00Z,152.43,152.33,0,41.7,110.73,41.7,41.6,NA,Unknown,Water level accuracy is unknown,1,Department of Water Resources,NA,5022,San Joaquin County Flood Control and Water Conservation District
26707,380586N1209655W001,1654897,1951-11-23T00:00:00Z,152.43,152.33,0,48,104.43,48,47.9,NA,Unknown,Water level accuracy is unknown,1,Department of Water Resources,NA,5022,San Joaquin County Flood Control and Water Conservation District
26707,380586N1209655W001,1654896,1951-04-04T00:00:00Z,152.43,152.33,0,41.7,110.73,41.7,41.6,NA,Unknown,Water level accuracy is unknown,1,Department of Water Resources,NA,5022,San Joaquin County Flood Control and Water Conservation District
26707,380586N1209655W001,1654895,1950-11-07T00:00:00Z,152.43,152.33,0,44.5,107.93,44.5,44.4,NA,Unknown,Water level accuracy is unknown,1,Department of Water Resources,NA,5022,San Joaquin County Flood Control and Water Conservation District
26707,380586N1209655W001,1654894,1950-04-30T00:00:00Z,152.43,152.33,0,43.4,109.03,43.4,43.3,NA,Unknown,Water level accuracy is unknown,1,Department of Water Resources,NA,5022,San Joaquin County Flood Control and Water Conservation District
26707,380586N1209655W001,1654893,1949-11-15T00:00:00Z,152.43,152.33,0,45.5,106.93,45.5,45.4,NA,Unknown,Water level accuracy is unknown,1,Department of Water Resources,NA,5022,San Joaquin County Flood Control and Water Conservation District
26707,380586N1209655W001,1654892,1949-03-31T00:00:00Z,152.43,152.33,0,40.8,111.63,40.8,40.7,NA,Unknown,Water level accuracy is unknown,1,Department of Water Resources,NA,5022,San Joaquin County Flood Control and Water Conservation District
26707,380586N1209655W001,1654891,1948-12-29T00:00:00Z,152.43,152.33,0,44.2,108.23,44.2,44.1,NA,Unknown,Water level accuracy is unknown,1,Department of Water Resources,NA,5022,San Joaquin County Flood Control and Water Conservation District
26707,380586N1209655W001,1654890,1948-11-19T00:00:00Z,152.43,152.33,0,44.7,107.73,44.7,44.6,NA,Unknown,Water level accuracy is unknown,1,Department of Water Resources,NA,5022,San Joaquin County Flood Control and Water Conservation District
