STN_ID,SITE_CODE,WLM_ID,MSMT_DATE,WLM_RPE,WLM_GSE,RDNG_WS,RDNG_RP,WSE,RPE_WSE,GSE_WSE,WLM_QA_DESC,WLM_DESC,WLM_ACC_DESC,WLM_ORG_ID,WLM_ORG_NAME,MSMT_CMT,COOP_AGENCY_ORG_ID,COOP_ORG_NAME
27357,348683N1167495W001,1335956,2008-04-25T00:00:00Z,1888.3,1888.3,NA,NA,NA,NA,NA,Can't get tape in casing,NA,NA,1,Department of Water Resources,NA,5167,United States Geological Survey
27357,348683N1167495W001,1335955,1999-10-11T00:00:00Z,1888.3,1888.3,0,104.55,1783.75,104.55,104.55,NA,Unknown,Water level accuracy is unknown,1,Department of Water Resources,NA,5167,United States Geological Survey
27357,348683N1167495W001,1335954,1999-03-23T00:00:00Z,1888.3,1888.3,0,102.59,1785.71,102.59,102.59,NA,Unknown,Water level accuracy is unknown,1,Department of Water Resources,NA,5167,United States Geological Survey
27357,348683N1167495W001,1335953,1993-05-17T00:00:00Z,1888.3,1888.3,0,93.81,1794.49,93.81,93.81,Pumped recently,Unknown,Water level accuracy is unknown,1,Department of Water Resources,NA,5167,United States Geological Survey
27357,348683N1167495W001,1335952,1992-11-24T00:00:00Z,1888.3,1888.3,0,83.98,1804.32,83.98,83.98,NA,Unknown,Water level accuracy is unknown,1,Department of Water Resources,NA,5167,United States Geological Survey
27357,348683N1167495W001,1335951,1992-05-28T00:00:00Z,1888.3,1888.3,0,87.37,1800.93,87.37,87.37,NA,Unknown,Water level accuracy is unknown,1,Department of Water Resources,NA,5167,United States Geological Survey
27357,348683N1167495W001,1335950,1991-10-31T00:00:00Z,1888.3,1888.3,0,82.95,1805.35,82.95,82.95,NA,Unknown,Water level accuracy is unknown,1,Department of Water Resources,NA,5167,United States Geological Survey
27357,348683N1167495W001,1335949,1991-06-11T00:00:00Z,1888.3,1888.3,0,85.95,1802.35,85.95,85.95,Pumped recently,Unknown,Water level accuracy is unknown,1,Department of Water Resources,NA,5167,United States Geological Survey
27357,348683N1167495W001,1335948,1990-11-14T00:00:00Z,1888.3,1888.3,0,78.77,1809.53,78.77,78.77,NA,Unknown,Water level accuracy is unknown,1,Department of Water Resources,NA,5167,United States Geological Survey
27357,348683N1167495W001,1335947,1990-05-23T00:00:00Z,1888.3,1888.3,0,83.75,1804.55,83.75,83.75,NA,Unknown,Water level accuracy is unknown,1,Department of Water Resources,NA,5167,United States Geological Survey
27357,348683N1167495W001,1335946,1989-10-24T00:00:00Z,1888.3,1888.3,NA,NA,NA,NA,NA,Pumping,NA,NA,1,Department of Water Resources,NA,5167,United States Geological Survey
27357,348683N1167495W001,1335945,1989-06-02T00:00:00Z,1888.3,1888.3,0,78.9,1809.4,78.9,78.9,NA,Unknown,Water level accuracy is unknown,1,Department of Water Resources,NA,5167,United States Geological Survey
27357,348683N1167495W001,1335944,1988-11-21T00:00:00Z,1888.3,1888.3,0,69.58,1818.72,69.58,69.58,NA,Unknown,Water level accuracy is unknown,1,Department of Water Resources,NA,5167,United States Geological Survey
27357,348683N1167495W001,1335943,1988-03-10T00:00:00Z,1888.3,1888.3,0,65.9,1822.4,65.9,65.9,NA,Unknown,Water level accuracy is unknown,1,Department of Water Resources,NA,5167,United States Geological Survey
27357,348683N1167495W001,1335942,1987-11-05T00:00:00Z,1888.3,1888.3,0,66.41,1821.89,66.41,66.41,NA,Unknown,Water level accuracy is unknown,1,Department of Water Resources,NA,5167,United States Geological Survey
27357,348683N1167495W001,1335941,1987-05-13T00:00:00Z,1888.3,1888.3,0,68.53,1819.77,68.53,68.53,NA,Unknown,Water level accuracy is unknown,1,Department of Water Resources,NA,5167,United States Geological Survey
27357,348683N1167495W001,1335940,1987-03-30T00:00:00Z,1888.3,1888.3,0,68.02,1820.28,68.02,68.02,NA,Unknown,Water level accuracy is unknown,1,Department of Water Resources,NA,5167,United States Geological Survey
27357,348683N1167495W001,1335939,1986-12-12T00:00:00Z,1888.3,1888.3,0,61.91,1826.39,61.91,61.91,NA,Unknown,Water level accuracy is unknown,1,Department of Water Resources,NA,5167,United States Geological Survey
27357,348683N1167495W001,1335938,1986-10-08T00:00:00Z,1888.3,1888.3,0,69.37,1818.93,69.37,69.37,NA,Unknown,Water level accuracy is unknown,1,Department of Water Resources,NA,5167,United States Geological Survey
27357,348683N1167495W001,1335937,1986-07-15T00:00:00Z,1888.3,1888.3,0,69.23,1819.07,69.23,69.23,NA,Unknown,Water level accuracy is unknown,1,Department of Water Resources,NA,5167,United States Geological Survey
27357,348683N1167495W001,1335936,1986-04-23T00:00:00Z,1888.3,1888.3,0,100.65,1787.65,100.65,100.65,Pumping,Unknown,Water level accuracy is unknown,1,Department of Water Resources,NA,5167,United States Geological Survey
27357,348683N1167495W001,1335935,1986-01-22T00:00:00Z,1888.3,1888.3,0,58.46,1829.84,58.46,58.46,NA,Unknown,Water level accuracy is unknown,1,Department of Water Resources,NA,5167,United States Geological Survey
27357,348683N1167495W001,1335934,1985-10-18T00:00:00Z,1888.3,1888.3,0,62.02,1826.28,62.02,62.02,NA,Unknown,Water level accuracy is unknown,1,Department of Water Resources,NA,5167,United States Geological Survey
27357,348683N1167495W001,1335933,1985-01-17T00:00:00Z,1888.3,1888.3,0,54.75,1833.55,54.75,54.75,NA,Unknown,Water level accuracy is unknown,1,Department of Water Resources,NA,5167,United States Geological Survey
27357,348683N1167495W001,1335932,1984-10-19T00:00:00Z,1888.3,1888.3,0,57.74,1830.56,57.74,57.74,NA,Unknown,Water level accuracy is unknown,1,Department of Water Resources,NA,5167,United States Geological Survey
27357,348683N1167495W001,1335931,1984-05-21T00:00:00Z,1888.3,1888.3,0,59.45,1828.85,59.45,59.45,NA,Unknown,Water level accuracy is unknown,1,Department of Water Resources,NA,5167,United States Geological Survey
27357,348683N1167495W001,1335930,1984-03-28T00:00:00Z,1888.3,1888.3,0,60.78,1827.52,60.78,60.78,NA,Unknown,Water level accuracy is unknown,1,Department of Water Resources,NA,5167,United States Geological Survey
27357,348683N1167495W001,1335929,1983-10-19T00:00:00Z,1888.3,1888.3,0,61.25,1827.05,61.25,61.25,NA,Unknown,Water level accuracy is unknown,1,Department of Water Resources,NA,5167,United States Geological Survey
27357,348683N1167495W001,1335928,1983-06-21T00:00:00Z,1888.3,1888.3,0,58.96,1829.34,58.96,58.96,NA,Unknown,Water level accuracy is unknown,1,Department of Water Resources,NA,5167,United States Geological Survey
27357,348683N1167495W001,1335927,1983-03-23T00:00:00Z,1888.3,1888.3,0,55.61,1832.69,55.61,55.61,NA,Unknown,Water level accuracy is unknown,1,Department of Water Resources,NA,5167,United States Geological Survey
27357,348683N1167495W001,1335926,1982-12-13T00:00:00Z,1888.3,1888.3,0,61.79,1826.51,61.79,61.79,NA,Unknown,Water level accuracy is unknown,1,Department of Water Resources,NA,5167,United States Geological Survey
27357,348683N1167495W001,1335925,1982-10-21T00:00:00Z,1888.3,1888.3,0,58.44,1829.86,58.44,58.44,NA,Unknown,Water level accuracy is unknown,1,Department of Water Resources,NA,5167,United States Geological Survey
27357,348683N1167495W001,1335924,1982-06-03T00:00:00Z,1888.3,1888.3,0,60.94,1827.36,60.94,60.94,NA,Unknown,Water level accuracy is unknown,1,Department of Water Resources,NA,5167,United States Geological Survey
27357,348683N1167495W001,1335923,1982-03-24T00:00:00Z,1888.3,1888.3,0,59.86,1828.44,59.86,59.86,NA,Unknown,Water level accuracy is unknown,1,Department of Water Resources,NA,5167,United States Geological Survey
27357,348683N1167495W001,1335922,1981-12-02T00:00:00Z,1888.3,1888.3,0,53.37,1834.93,53.37,53.37,NA,Unknown,Water level accuracy is unknown,1,Department of Water Resources,NA,5167,United States Geological Survey
27357,348683N1167495W001,1335921,1981-10-07T00:00:00Z,1888.3,1888.3,0,58.81,1829.49,58.81,58.81,NA,Unknown,Water level accuracy is unknown,1,Department of Water Resources,NA,5167,United States Geological Survey
27357,348683N1167495W001,1335920,1981-06-25T00:00:00Z,1888.3,1888.3,0,57.92,1830.38,57.92,57.92,NA,Unknown,Water level accuracy is unknown,1,Department of Water Resources,NA,5167,United States Geological Survey
27357,348683N1167495W001,1335919,1981-03-26T00:00:00Z,1888.3,1888.3,0,57.59,1830.71,57.59,57.59,NA,Unknown,Water level accuracy is unknown,1,Department of Water Resources,NA,5167,United States Geological Survey
27357,348683N1167495W001,1335918,1980-12-04T00:00:00Z,1888.3,1888.3,0,52.75,1835.55,52.75,52.75,NA,Unknown,Water level accuracy is unknown,1,Department of Water Resources,NA,5167,United States Geological Survey
27357,348683N1167495W001,1335917,1980-02-27T00:00:00Z,1888.3,1888.3,0,63.66,1824.64,63.66,63.66,NA,Unknown,Water level accuracy is unknown,1,Department of Water Resources,NA,5167,United States Geological Survey
27357,348683N1167495W001,1335916,1961-06-22T00:00:00Z,1888.3,1888.3,0,36.63,1851.67,36.63,36.63,NA,Unknown,Water level accuracy is unknown,1,Department of Water Resources,NA,5167,United States Geological Survey
27357,348683N1167495W001,1335915,1961-05-01T00:00:00Z,1888.3,1888.3,0,34.2,1854.1,34.2,34.2,NA,Unknown,Water level accuracy is unknown,1,Department of Water Resources,NA,5167,United States Geological Survey
27357,348683N1167495W001,1335914,1961-04-05T00:00:00Z,1888.3,1888.3,0,35.4,1852.9,35.4,35.4,NA,Unknown,Water level accuracy is unknown,1,Department of Water Resources,NA,5167,United States Geological Survey
27357,348683N1167495W001,1335913,1961-03-02T00:00:00Z,1888.3,1888.3,0,33.3,1855,33.3,33.3,NA,Unknown,Water level accuracy is unknown,1,Department of Water Resources,NA,5167,United States Geological Survey
27357,348683N1167495W001,1335912,1961-02-02T00:00:00Z,1888.3,1888.3,0,34.3,1854,34.3,34.3,NA,Unknown,Water level accuracy is unknown,1,Department of Water Resources,NA,5167,United States Geological Survey
27357,348683N1167495W001,1335911,1961-01-13T00:00:00Z,1888.3,1888.3,0,32.8,1855.5,32.8,32.8,NA,Unknown,Water level accuracy is unknown,1,Department of Water Resources,NA,5167,United States Geological Survey
27357,348683N1167495W001,1335910,1960-12-01T00:00:00Z,1888.3,1888.3,0,32.65,1855.65,32.65,32.65,NA,Unknown,Water level accuracy is unknown,1,Department of Water Resources,NA,5167,United States Geological Survey
27357,348683N1167495W001,1335909,1960-11-03T00:00:00Z,1888.3,1888.3,0,32.85,1855.45,32.85,32.85,NA,Unknown,Water level accuracy is unknown,1,Department of Water Resources,NA,5167,United States Geological Survey
27357,348683N1167495W001,1335908,1960-10-06T00:00:00Z,1888.3,1888.3,0,35.52,1852.78,35.52,35.52,NA,Unknown,Water level accuracy is unknown,1,Department of Water Resources,NA,5167,United States Geological Survey
27357,348683N1167495W001,1335907,1958-03-26T00:00:00Z,1888.3,1888.3,0,30.83,1857.47,30.83,30.83,NA,Unknown,Water level accuracy is unknown,1,Department of Water Resources,NA,5167,United States Geological Survey
27357,348683N1167495W001,1335906,1957-05-03T00:00:00Z,1888.3,1888.3,0,30,1858.3,30,30,NA,Unknown,Water level accuracy is unknown,1,Department of Water Resources,NA,5167,United States Geological Survey
27357,348683N1167495W001,1335905,1956-12-05T00:00:00Z,1888.3,1888.3,0,33,1855.3,33,33,NA,Unknown,Water level accuracy is unknown,1,Department of Water Resources,NA,5167,United States Geological Survey
27357,348683N1167495W001,1335904,1956-03-29T00:00:00Z,1888.3,1888.3,0,26.72,1861.58,26.72,26.72,NA,Unknown,Water level accuracy is unknown,1,Department of Water Resources,NA,5167,United States Geological Survey
27357,348683N1167495W001,1335903,1955-12-14T00:00:00Z,1888.3,1888.3,0,28.07,1860.23,28.07,28.07,NA,Unknown,Water level accuracy is unknown,1,Department of Water Resources,NA,5167,United States Geological Survey
27357,348683N1167495W001,1335902,1955-04-15T00:00:00Z,1888.3,1888.3,0,30.15,1858.15,30.15,30.15,NA,Unknown,Water level accuracy is unknown,1,Department of Water Resources,NA,5167,United States Geological Survey
27357,348683N1167495W001,1335901,1954-11-23T00:00:00Z,1888.3,1888.3,0,27.2,1861.1,27.2,27.2,NA,Unknown,Water level accuracy is unknown,1,Department of Water Resources,NA,5167,United States Geological Survey
27357,348683N1167495W001,1335900,1954-04-18T00:00:00Z,1888.3,1888.3,0,29.7,1858.6,29.7,29.7,NA,Unknown,Water level accuracy is unknown,1,Department of Water Resources,NA,5167,United States Geological Survey
27357,348683N1167495W001,1335899,1953-11-16T00:00:00Z,1888.3,1888.3,0,25.2,1863.1,25.2,25.2,NA,Unknown,Water level accuracy is unknown,1,Department of Water Resources,NA,5167,United States Geological Survey
27357,348683N1167495W001,1335898,1953-05-20T00:00:00Z,1888.3,1888.3,0,25.45,1862.85,25.45,25.45,NA,Unknown,Water level accuracy is unknown,1,Department of Water Resources,NA,5167,United States Geological Survey
27357,348683N1167495W001,1335897,1952-11-21T00:00:00Z,1888.3,1888.3,0,23.39,1864.91,23.39,23.39,NA,Unknown,Water level accuracy is unknown,1,Department of Water Resources,NA,5167,United States Geological Survey
27357,348683N1167495W001,1335896,1952-06-04T00:00:00Z,1888.3,1888.3,0,23.2,1865.1,23.2,23.2,NA,Unknown,Water level accuracy is unknown,1,Department of Water Resources,NA,5167,United States Geological Survey
27357,348683N1167495W001,1335895,1951-11-29T00:00:00Z,1888.3,1888.3,0,22.94,1865.36,22.94,22.94,NA,Unknown,Water level accuracy is unknown,1,Department of Water Resources,NA,5167,United States Geological Survey
27357,348683N1167495W001,1335894,1951-05-10T00:00:00Z,1888.3,1888.3,0,24.93,1863.37,24.93,24.93,NA,Unknown,Water level accuracy is unknown,1,Department of Water Resources,NA,5167,United States Geological Survey
27357,348683N1167495W001,1335893,1950-11-09T00:00:00Z,1888.3,1888.3,0,20.86,1867.44,20.86,20.86,NA,Unknown,Water level accuracy is unknown,1,Department of Water Resources,NA,5167,United States Geological Survey
27357,348683N1167495W001,1335892,1950-05-03T00:00:00Z,1888.3,1888.3,0,19.79,1868.51,19.79,19.79,NA,Unknown,Water level accuracy is unknown,1,Department of Water Resources,NA,5167,United States Geological Survey
27357,348683N1167495W001,1335891,1949-11-17T00:00:00Z,1888.3,1888.3,0,22.51,1865.79,22.51,22.51,NA,Unknown,Water level accuracy is unknown,1,Department of Water Resources,NA,5167,United States Geological Survey
27357,348683N1167495W001,1335890,1949-05-17T00:00:00Z,1888.3,1888.3,0,21.91,1866.39,21.91,21.91,NA,Unknown,Water level accuracy is unknown,1,Department of Water Resources,NA,5167,United States Geological Survey
27357,348683N1167495W001,1335889,1948-11-23T00:00:00Z,1888.3,1888.3,0,17.86,1870.44,17.86,17.86,NA,Unknown,Water level accuracy is unknown,1,Department of Water Resources,NA,5167,United States Geological Survey
27357,348683N1167495W001,1335888,1948-05-19T00:00:00Z,1888.3,1888.3,0,17.09,1871.21,17.09,17.09,NA,Unknown,Water level accuracy is unknown,1,Department of Water Resources,NA,5167,United States Geological Survey
27357,348683N1167495W001,1335887,1947-11-09T00:00:00Z,1888.3,1888.3,0,16.8,1871.5,16.8,16.8,NA,Unknown,Water level accuracy is unknown,1,Department of Water Resources,NA,5167,United States Geological Survey
27357,348683N1167495W001,1335886,1947-05-23T00:00:00Z,1888.3,1888.3,0,16.4,1871.9,16.4,16.4,NA,Unknown,Water level accuracy is unknown,1,Department of Water Resources,NA,5167,United States Geological Survey
27357,348683N1167495W001,1335885,1947-01-09T00:00:00Z,1888.3,1888.3,0,15.7,1872.6,15.7,15.7,NA,Unknown,Water level accuracy is unknown,1,Department of Water Resources,NA,5167,United States Geological Survey
27357,348683N1167495W001,1335884,1946-05-02T00:00:00Z,1888.3,1888.3,0,16.7,1871.6,16.7,16.7,NA,Unknown,Water level accuracy is unknown,1,Department of Water Resources,NA,5167,United States Geological Survey
27357,348683N1167495W001,1335883,1945-11-16T00:00:00Z,1888.3,1888.3,0,15.3,1873,15.3,15.3,NA,Unknown,Water level accuracy is unknown,1,Department of Water Resources,NA,5167,United States Geological Survey
27357,348683N1167495W001,1335882,1945-05-10T00:00:00Z,1888.3,1888.3,0,16.21,1872.09,16.21,16.21,NA,Unknown,Water level accuracy is unknown,1,Department of Water Resources,NA,5167,United States Geological Survey
27357,348683N1167495W001,1335881,1944-04-25T00:00:00Z,1888.3,1888.3,0,15.67,1872.63,15.67,15.67,NA,Unknown,Water level accuracy is unknown,1,Department of Water Resources,NA,5167,United States Geological Survey
27357,348683N1167495W001,1335880,1943-12-30T00:00:00Z,1888.3,1888.3,0,16.53,1871.77,16.53,16.53,NA,Unknown,Water level accuracy is unknown,1,Department of Water Resources,NA,5167,United States Geological Survey
27357,348683N1167495W001,1335879,1943-05-18T00:00:00Z,1888.3,1888.3,0,19.1,1869.2,19.1,19.1,NA,Unknown,Water level accuracy is unknown,1,Department of Water Resources,NA,5167,United States Geological Survey
27357,348683N1167495W001,1335878,1942-11-25T00:00:00Z,1888.3,1888.3,0,18,1870.3,18,18,NA,Unknown,Water level accuracy is unknown,1,Department of Water Resources,NA,5167,United States Geological Survey
27357,348683N1167495W001,1335877,1942-05-14T00:00:00Z,1888.3,1888.3,0,20.14,1868.16,20.14,20.14,NA,Unknown,Water level accuracy is unknown,1,Department of Water Resources,NA,5167,United States Geological Survey
27357,348683N1167495W001,1335876,1941-11-26T00:00:00Z,1888.3,1888.3,0,19.9,1868.4,19.9,19.9,NA,Unknown,Water level accuracy is unknown,1,Department of Water Resources,NA,5167,United States Geological Survey
27357,348683N1167495W001,1335875,1941-06-11T00:00:00Z,1888.3,1888.3,0,20.55,1867.75,20.55,20.55,NA,Unknown,Water level accuracy is unknown,1,Department of Water Resources,NA,5167,United States Geological Survey
27357,348683N1167495W001,1335874,1940-11-27T00:00:00Z,1888.3,1888.3,0,19.52,1868.78,19.52,19.52,NA,Unknown,Water level accuracy is unknown,1,Department of Water Resources,NA,5167,United States Geological Survey
27357,348683N1167495W001,1335873,1940-05-09T00:00:00Z,1888.3,1888.3,0,21.75,1866.55,21.75,21.75,NA,Unknown,Water level accuracy is unknown,1,Department of Water Resources,NA,5167,United States Geological Survey
27357,348683N1167495W001,1335872,1939-10-30T00:00:00Z,1888.3,1888.3,0,18.5,1869.8,18.5,18.5,NA,Unknown,Water level accuracy is unknown,1,Department of Water Resources,NA,5167,United States Geological Survey
27357,348683N1167495W001,1335871,1939-05-15T00:00:00Z,1888.3,1888.3,0,21.17,1867.13,21.17,21.17,Nearby pump operating,Unknown,Water level accuracy is unknown,1,Department of Water Resources,NA,5167,United States Geological Survey
27357,348683N1167495W001,1335870,1938-10-26T00:00:00Z,1888.3,1888.3,0,20.78,1867.52,20.78,20.78,Nearby pump operating,Unknown,Water level accuracy is unknown,1,Department of Water Resources,NA,5167,United States Geological Survey
27357,348683N1167495W001,1335869,1938-05-26T00:00:00Z,1888.3,1888.3,0,21.8,1866.5,21.8,21.8,NA,Unknown,Water level accuracy is unknown,1,Department of Water Resources,NA,5167,United States Geological Survey
27357,348683N1167495W001,1335868,1937-12-09T00:00:00Z,1888.3,1888.3,0,20.53,1867.77,20.53,20.53,NA,Unknown,Water level accuracy is unknown,1,Department of Water Resources,NA,5167,United States Geological Survey
27357,348683N1167495W001,1335867,1937-01-16T00:00:00Z,1888.3,1888.3,0,23.33,1864.97,23.33,23.33,NA,Unknown,Water level accuracy is unknown,1,Department of Water Resources,NA,5167,United States Geological Survey
27357,348683N1167495W001,1335866,1935-12-27T00:00:00Z,1888.3,1888.3,0,22.36,1865.94,22.36,22.36,NA,Unknown,Water level accuracy is unknown,1,Department of Water Resources,NA,5167,United States Geological Survey
27357,348683N1167495W001,1335865,1935-05-29T00:00:00Z,1888.3,1888.3,0,24.74,1863.56,24.74,24.74,Nearby pump operating,Unknown,Water level accuracy is unknown,1,Department of Water Resources,NA,5167,United States Geological Survey
27357,348683N1167495W001,1335864,1935-01-30T00:00:00Z,1888.3,1888.3,0,21.54,1866.76,21.54,21.54,NA,Unknown,Water level accuracy is unknown,1,Department of Water Resources,NA,5167,United States Geological Survey
27357,348683N1167495W001,1335863,1934-02-14T00:00:00Z,1888.3,1888.3,0,20.75,1867.55,20.75,20.75,NA,Unknown,Water level accuracy is unknown,1,Department of Water Resources,NA,5167,United States Geological Survey
27357,348683N1167495W001,1335862,1933-01-11T00:00:00Z,1888.3,1888.3,0,19.8,1868.5,19.8,19.8,NA,Unknown,Water level accuracy is unknown,1,Department of Water Resources,NA,5167,United States Geological Survey
27357,348683N1167495W001,1335861,1932-04-17T00:00:00Z,1888.3,1888.3,0,22.62,1865.68,22.62,22.62,Nearby pump operating,Unknown,Water level accuracy is unknown,1,Department of Water Resources,NA,5167,United States Geological Survey
27357,348683N1167495W001,1335860,1932-01-28T00:00:00Z,1888.3,1888.3,0,20.25,1868.05,20.25,20.25,NA,Unknown,Water level accuracy is unknown,1,Department of Water Resources,NA,5167,United States Geological Survey
27357,348683N1167495W001,1335859,1931-08-26T00:00:00Z,1888.3,1888.3,0,22.85,1865.45,22.85,22.85,Nearby pump operating,Unknown,Water level accuracy is unknown,1,Department of Water Resources,NA,5167,United States Geological Survey
27357,348683N1167495W001,1335858,1930-09-30T00:00:00Z,1888.3,1888.3,0,19,1869.3,19,19,NA,Unknown,Water level accuracy is unknown,1,Department of Water Resources,NA,5167,United States Geological Survey
27357,348683N1167495W001,1335857,1930-02-28T00:00:00Z,1888.3,1888.3,0,21.1,1867.2,21.1,21.1,NA,Unknown,Water level accuracy is unknown,1,Department of Water Resources,NA,5167,United States Geological Survey
27357,348683N1167495W001,1335856,1928-09-12T00:00:00Z,1888.3,1888.3,0,20.33,1867.97,20.33,20.33,NA,Unknown,Water level accuracy is unknown,1,Department of Water Resources,NA,5167,United States Geological Survey
