STN_ID,SITE_CODE,WLM_ID,MSMT_DATE,WLM_RPE,WLM_GSE,RDNG_WS,RDNG_RP,WSE,RPE_WSE,GSE_WSE,WLM_QA_DESC,WLM_DESC,WLM_ACC_DESC,WLM_ORG_ID,WLM_ORG_NAME,MSMT_CMT,COOP_AGENCY_ORG_ID,COOP_ORG_NAME
28058,383526N1217678W001,1400069,1996-11-12T00:00:00Z,23.52,22.52,NA,NA,NA,NA,NA,Measurement Discontinued,NA,NA,1,Department of Water Resources,NA,1,Department of Water Resources
28058,383526N1217678W001,1400068,1996-03-19T00:00:00Z,23.52,22.52,NA,NA,NA,NA,NA,Temporarily inaccessible,NA,NA,1,Department of Water Resources,NA,1,Department of Water Resources
28058,383526N1217678W001,1400067,1995-10-19T00:00:00Z,23.52,22.52,NA,NA,NA,NA,NA,Temporarily inaccessible,NA,NA,1,Department of Water Resources,NA,1,Department of Water Resources
28058,383526N1217678W001,1400066,1995-03-16T00:00:00Z,23.52,22.52,NA,NA,NA,NA,NA,Temporarily inaccessible,NA,NA,1,Department of Water Resources,NA,1,Department of Water Resources
28058,383526N1217678W001,1400065,1994-09-19T00:00:00Z,23.52,22.52,NA,NA,NA,NA,NA,Temporarily inaccessible,NA,NA,1,Department of Water Resources,NA,1,Department of Water Resources
28058,383526N1217678W001,1400064,1994-03-23T00:00:00Z,23.52,22.52,0,9.2,14.32,9.2,8.2,NA,Unknown,Water level accuracy is unknown,1,Department of Water Resources,NA,1,Department of Water Resources
28058,383526N1217678W001,1400063,1993-09-27T00:00:00Z,23.52,22.52,NA,NA,NA,NA,NA,Temporarily inaccessible,NA,NA,1,Department of Water Resources,NA,1,Department of Water Resources
28058,383526N1217678W001,1400062,1993-04-12T00:00:00Z,23.52,22.52,NA,NA,NA,NA,NA,Temporarily inaccessible,NA,NA,1,Department of Water Resources,NA,1,Department of Water Resources
28058,383526N1217678W001,1399964,1992-10-01T00:00:00Z,23.52,22.52,0,18,5.52,18,17,Oil or foreign substance in casing,Unknown,Water level accuracy is unknown,1,Department of Water Resources,NA,1,Department of Water Resources
28058,383526N1217678W001,1399963,1992-03-10T00:00:00Z,23.52,22.52,NA,NA,NA,NA,NA,Temporarily inaccessible,NA,NA,1,Department of Water Resources,NA,1,Department of Water Resources
28058,383526N1217678W001,1399962,1991-10-17T00:00:00Z,23.52,22.52,NA,NA,NA,NA,NA,Temporarily inaccessible,NA,NA,1,Department of Water Resources,NA,1,Department of Water Resources
28058,383526N1217678W001,1399961,1991-03-06T00:00:00Z,23.52,22.52,0,11.6,11.92,11.6,10.6,Oil or foreign substance in casing,Unknown,Water level accuracy is unknown,1,Department of Water Resources,NA,1,Department of Water Resources
28058,383526N1217678W001,1399960,1990-10-17T00:00:00Z,23.52,22.52,0,16.3,7.22,16.3,15.3,Oil or foreign substance in casing,Unknown,Water level accuracy is unknown,1,Department of Water Resources,NA,1,Department of Water Resources
28058,383526N1217678W001,1399959,1990-03-26T00:00:00Z,23.52,22.52,0,9.9,13.62,9.9,8.9,NA,Unknown,Water level accuracy is unknown,1,Department of Water Resources,NA,1,Department of Water Resources
28058,383526N1217678W001,1400061,1989-10-12T00:00:00Z,23.52,22.52,0,13.7,9.82,13.7,12.7,Oil or foreign substance in casing,Unknown,Water level accuracy is unknown,1,Department of Water Resources,NA,1,Department of Water Resources
28058,383526N1217678W001,1400060,1989-04-10T00:00:00Z,23.52,22.52,0,10.4,13.12,10.4,9.4,NA,Unknown,Water level accuracy is unknown,1,Department of Water Resources,NA,1,Department of Water Resources
28058,383526N1217678W001,1400059,1988-04-25T00:00:00Z,23.52,22.52,0,30.5,-6.98,30.5,29.5,NA,Unknown,Water level accuracy is unknown,1,Department of Water Resources,NA,624,Bureau of Reclamation
28058,383526N1217678W001,1400058,1988-03-07T00:00:00Z,23.52,22.52,NA,NA,NA,NA,NA,Temporarily inaccessible,NA,NA,1,Department of Water Resources,NA,1,Department of Water Resources
28058,383526N1217678W001,1400057,1987-11-04T00:00:00Z,23.52,22.52,NA,NA,NA,NA,NA,Can't get tape in casing,NA,NA,1,Department of Water Resources,NA,1,Department of Water Resources
28058,383526N1217678W001,1400056,1987-03-03T00:00:00Z,23.52,22.52,NA,NA,NA,NA,NA,Temporarily inaccessible,NA,NA,1,Department of Water Resources,NA,1,Department of Water Resources
28058,383526N1217678W001,1400055,1986-10-06T00:00:00Z,23.52,22.52,0,11.3,12.22,11.3,10.3,Oil or foreign substance in casing,Unknown,Water level accuracy is unknown,1,Department of Water Resources,NA,1,Department of Water Resources
28058,383526N1217678W001,1400054,1986-03-19T00:00:00Z,23.52,22.52,0,4,19.52,4,3,Oil or foreign substance in casing,Unknown,Water level accuracy is unknown,1,Department of Water Resources,NA,1,Department of Water Resources
28058,383526N1217678W001,1400053,1985-10-09T00:00:00Z,23.52,22.52,0,12.1,11.42,12.1,11.1,Oil or foreign substance in casing,Unknown,Water level accuracy is unknown,1,Department of Water Resources,NA,1,Department of Water Resources
28058,383526N1217678W001,1400052,1985-03-12T00:00:00Z,23.52,22.52,0,9.2,14.32,9.2,8.2,Oil or foreign substance in casing,Unknown,Water level accuracy is unknown,1,Department of Water Resources,NA,1,Department of Water Resources
28058,383526N1217678W001,1400051,1984-10-04T00:00:00Z,23.52,22.52,0,14.2,9.32,14.2,13.2,Oil or foreign substance in casing,Unknown,Water level accuracy is unknown,1,Department of Water Resources,NA,1,Department of Water Resources
28058,383526N1217678W001,1400050,1984-03-20T00:00:00Z,23.52,22.52,0,7.2,16.32,7.2,6.2,Oil or foreign substance in casing,Unknown,Water level accuracy is unknown,1,Department of Water Resources,NA,1,Department of Water Resources
28058,383526N1217678W001,1400049,1983-10-06T00:00:00Z,23.52,22.52,0,12.5,11.02,12.5,11.5,Oil or foreign substance in casing,Unknown,Water level accuracy is unknown,1,Department of Water Resources,NA,1,Department of Water Resources
28058,383526N1217678W001,1400048,1983-03-21T00:00:00Z,23.52,22.52,0,5.4,18.12,5.4,4.4,Oil or foreign substance in casing,Unknown,Water level accuracy is unknown,1,Department of Water Resources,NA,1,Department of Water Resources
28058,383526N1217678W001,1400047,1982-10-12T00:00:00Z,23.52,22.52,0,16.4,7.12,16.4,15.4,Oil or foreign substance in casing,Unknown,Water level accuracy is unknown,1,Department of Water Resources,NA,1,Department of Water Resources
28058,383526N1217678W001,1400046,1982-03-04T00:00:00Z,23.52,22.52,0,14.2,9.32,14.2,13.2,Oil or foreign substance in casing,Unknown,Water level accuracy is unknown,1,Department of Water Resources,NA,1,Department of Water Resources
28058,383526N1217678W001,1400045,1981-10-02T00:00:00Z,23.52,22.52,0,22.6,0.92,22.6,21.6,Oil or foreign substance in casing,Unknown,Water level accuracy is unknown,1,Department of Water Resources,NA,1,Department of Water Resources
28058,383526N1217678W001,1400044,1981-03-12T00:00:00Z,23.52,22.52,0,19.9,3.62,19.9,18.9,Oil or foreign substance in casing,Unknown,Water level accuracy is unknown,1,Department of Water Resources,NA,1,Department of Water Resources
28058,383526N1217678W001,1400043,1980-10-02T00:00:00Z,23.52,22.52,0,23.3,0.22,23.3,22.3,Oil or foreign substance in casing,Unknown,Water level accuracy is unknown,1,Department of Water Resources,NA,1,Department of Water Resources
28058,383526N1217678W001,1400042,1980-03-31T00:00:00Z,23.52,22.52,0,18.2,5.32,18.2,17.2,Oil or foreign substance in casing,Unknown,Water level accuracy is unknown,1,Department of Water Resources,NA,1,Department of Water Resources
28058,383526N1217678W001,1400041,1979-10-10T00:00:00Z,23.52,22.52,0,30.6,-7.08,30.6,29.6,Oil or foreign substance in casing,Unknown,Water level accuracy is unknown,1,Department of Water Resources,NA,1,Department of Water Resources
28058,383526N1217678W001,1400040,1979-03-21T00:00:00Z,23.52,22.52,0,22,1.52,22,21,NA,Unknown,Water level accuracy is unknown,1,Department of Water Resources,NA,1,Department of Water Resources
28058,383526N1217678W001,1400039,1978-10-10T00:00:00Z,23.52,22.52,0,29.4,-5.88,29.4,28.4,Oil or foreign substance in casing,Unknown,Water level accuracy is unknown,1,Department of Water Resources,NA,1,Department of Water Resources
28058,383526N1217678W001,1400038,1978-03-24T00:00:00Z,23.52,22.52,0,24.2,-0.68,24.2,23.2,Oil or foreign substance in casing,Unknown,Water level accuracy is unknown,1,Department of Water Resources,NA,1,Department of Water Resources
28058,383526N1217678W001,1400037,1977-10-05T00:00:00Z,23.52,22.52,0,37.4,-13.88,37.4,36.4,NA,Unknown,Water level accuracy is unknown,1,Department of Water Resources,NA,1,Department of Water Resources
28058,383526N1217678W001,1400036,1977-03-03T00:00:00Z,23.52,22.52,0,30.1,-6.58,30.1,29.1,NA,Unknown,Water level accuracy is unknown,1,Department of Water Resources,NA,1,Department of Water Resources
28058,383526N1217678W001,1400035,1976-10-08T00:00:00Z,23.52,22.52,0,34.8,-11.28,34.8,33.8,NA,Unknown,Water level accuracy is unknown,1,Department of Water Resources,NA,1,Department of Water Resources
28058,383526N1217678W001,1400034,1976-03-04T00:00:00Z,23.52,22.52,0,29.1,-5.58,29.1,28.1,NA,Unknown,Water level accuracy is unknown,1,Department of Water Resources,NA,1,Department of Water Resources
28058,383526N1217678W001,1400033,1975-10-01T00:00:00Z,23.52,22.52,0,33,-9.48,33,32,NA,Unknown,Water level accuracy is unknown,1,Department of Water Resources,NA,1,Department of Water Resources
28058,383526N1217678W001,1400032,1975-03-04T00:00:00Z,23.52,22.52,0,26.4,-2.88,26.4,25.4,NA,Unknown,Water level accuracy is unknown,1,Department of Water Resources,NA,1,Department of Water Resources
28058,383526N1217678W001,1400031,1974-10-01T00:00:00Z,23.52,22.52,0,33.9,-10.38,33.9,32.9,NA,Unknown,Water level accuracy is unknown,1,Department of Water Resources,NA,1,Department of Water Resources
28058,383526N1217678W001,1400030,1974-03-05T00:00:00Z,23.52,22.52,0,25.3,-1.78,25.3,24.3,NA,Unknown,Water level accuracy is unknown,1,Department of Water Resources,NA,1,Department of Water Resources
28058,383526N1217678W001,1400029,1973-10-02T00:00:00Z,23.52,22.52,0,35.4,-11.88,35.4,34.4,NA,Unknown,Water level accuracy is unknown,1,Department of Water Resources,NA,1,Department of Water Resources
28058,383526N1217678W001,1400028,1973-03-28T00:00:00Z,23.52,22.52,0,25.6,-2.08,25.6,24.6,NA,Unknown,Water level accuracy is unknown,1,Department of Water Resources,NA,1,Department of Water Resources
28058,383526N1217678W001,1400027,1972-10-05T00:00:00Z,23.52,22.52,0,37.4,-13.88,37.4,36.4,NA,Unknown,Water level accuracy is unknown,1,Department of Water Resources,NA,1,Department of Water Resources
28058,383526N1217678W001,1400026,1972-03-07T00:00:00Z,23.52,22.52,0,30,-6.48,30,29,NA,Unknown,Water level accuracy is unknown,1,Department of Water Resources,NA,1,Department of Water Resources
28058,383526N1217678W001,1400025,1971-10-08T00:00:00Z,23.52,22.52,0,34.8,-11.28,34.8,33.8,NA,Unknown,Water level accuracy is unknown,1,Department of Water Resources,NA,1,Department of Water Resources
28058,383526N1217678W001,1400024,1971-03-05T00:00:00Z,23.52,22.52,0,29.8,-6.28,29.8,28.8,NA,Unknown,Water level accuracy is unknown,1,Department of Water Resources,NA,1,Department of Water Resources
28058,383526N1217678W001,1400023,1970-10-14T00:00:00Z,23.52,22.52,0,38.5,-14.98,38.5,37.5,NA,Unknown,Water level accuracy is unknown,1,Department of Water Resources,NA,1,Department of Water Resources
28058,383526N1217678W001,1400022,1970-03-30T00:00:00Z,23.52,22.52,0,29,-5.48,29,28,NA,Unknown,Water level accuracy is unknown,1,Department of Water Resources,NA,1,Department of Water Resources
28058,383526N1217678W001,1400021,1969-10-10T00:00:00Z,23.52,22.52,0,37.1,-13.58,37.1,36.1,NA,Unknown,Water level accuracy is unknown,1,Department of Water Resources,NA,1,Department of Water Resources
28058,383526N1217678W001,1400020,1969-03-25T00:00:00Z,23.52,22.52,0,31.8,-8.28,31.8,30.8,NA,Unknown,Water level accuracy is unknown,1,Department of Water Resources,NA,1,Department of Water Resources
28058,383526N1217678W001,1400019,1968-10-15T00:00:00Z,23.52,22.52,0,44,-20.48,44,43,NA,Unknown,Water level accuracy is unknown,1,Department of Water Resources,NA,1,Department of Water Resources
28058,383526N1217678W001,1400018,1968-04-17T00:00:00Z,23.52,22.52,0,34.8,-11.28,34.8,33.8,NA,Unknown,Water level accuracy is unknown,1,Department of Water Resources,NA,1,Department of Water Resources
28058,383526N1217678W001,1400017,1967-10-23T00:00:00Z,23.52,22.52,0,42,-18.48,42,41,NA,Unknown,Water level accuracy is unknown,1,Department of Water Resources,NA,1,Department of Water Resources
28058,383526N1217678W001,1400016,1967-03-15T00:00:00Z,23.52,22.52,0,40,-16.48,40,39,NA,Unknown,Water level accuracy is unknown,1,Department of Water Resources,NA,1,Department of Water Resources
28058,383526N1217678W001,1400015,1966-10-07T00:00:00Z,23.52,22.52,0,48,-24.48,48,47,NA,Unknown,Water level accuracy is unknown,1,Department of Water Resources,NA,1,Department of Water Resources
28058,383526N1217678W001,1400014,1966-03-15T00:00:00Z,23.52,22.52,0,41.3,-17.78,41.3,40.3,NA,Unknown,Water level accuracy is unknown,1,Department of Water Resources,NA,1,Department of Water Resources
28058,383526N1217678W001,1400013,1965-10-08T00:00:00Z,23.52,22.52,0,49.1,-25.58,49.1,48.1,Oil or foreign substance in casing,Unknown,Water level accuracy is unknown,1,Department of Water Resources,NA,1,Department of Water Resources
28058,383526N1217678W001,1400012,1965-03-16T00:00:00Z,23.52,22.52,0,42,-18.48,42,41,Oil or foreign substance in casing,Unknown,Water level accuracy is unknown,1,Department of Water Resources,NA,1,Department of Water Resources
28058,383526N1217678W001,1400011,1964-10-08T00:00:00Z,23.52,22.52,0,49.1,-25.58,49.1,48.1,NA,Unknown,Water level accuracy is unknown,1,Department of Water Resources,NA,1,Department of Water Resources
28058,383526N1217678W001,1400010,1964-05-18T00:00:00Z,23.52,22.52,0,46.3,-22.78,46.3,45.3,Oil or foreign substance in casing,Unknown,Water level accuracy is unknown,1,Department of Water Resources,NA,1,Department of Water Resources
28058,383526N1217678W001,1400009,1964-03-17T00:00:00Z,23.52,22.52,NA,NA,NA,NA,NA,Special/Other,NA,NA,1,Department of Water Resources,OIL ON ELECTRIC SOUNDER,794,Solano Irrigation District
28058,383526N1217678W001,1400008,1963-10-17T00:00:00Z,23.52,22.52,NA,NA,NA,NA,NA,Special/Other,NA,NA,1,Department of Water Resources,OIL ON ELECTRIC SOUNDER,794,Solano Irrigation District
28058,383526N1217678W001,1400007,1963-04-29T00:00:00Z,23.52,22.52,0,44.8,-21.28,44.8,43.8,Oil or foreign substance in casing,Unknown,Water level accuracy is unknown,1,Department of Water Resources,NA,1,Department of Water Resources
28058,383526N1217678W001,1400006,1963-03-28T00:00:00Z,23.52,22.52,0,45.6,-22.08,45.6,44.6,Oil or foreign substance in casing,Unknown,Water level accuracy is unknown,1,Department of Water Resources,NA,1,Department of Water Resources
28058,383526N1217678W001,1400005,1963-03-20T00:00:00Z,23.52,22.52,0,47.8,-24.28,47.8,46.8,Oil or foreign substance in casing,Unknown,Water level accuracy is unknown,1,Department of Water Resources,NA,794,Solano Irrigation District
28058,383526N1217678W001,1400004,1963-02-27T00:00:00Z,23.52,22.52,0,46.5,-22.98,46.5,45.5,Oil or foreign substance in casing,Unknown,Water level accuracy is unknown,1,Department of Water Resources,NA,1,Department of Water Resources
28058,383526N1217678W001,1400003,1963-01-30T00:00:00Z,23.52,22.52,0,48.4,-24.88,48.4,47.4,Oil or foreign substance in casing,Unknown,Water level accuracy is unknown,1,Department of Water Resources,NA,1,Department of Water Resources
28058,383526N1217678W001,1400002,1962-12-27T00:00:00Z,23.52,22.52,0,49,-25.48,49,48,NA,Unknown,Water level accuracy is unknown,1,Department of Water Resources,NA,1,Department of Water Resources
28058,383526N1217678W001,1400001,1962-11-30T00:00:00Z,23.52,22.52,0,49.9,-26.38,49.9,48.9,Oil or foreign substance in casing,Unknown,Water level accuracy is unknown,1,Department of Water Resources,NA,1,Department of Water Resources
28058,383526N1217678W001,1400000,1962-10-30T00:00:00Z,23.52,22.52,0,52.3,-28.78,52.3,51.3,Oil or foreign substance in casing,Unknown,Water level accuracy is unknown,1,Department of Water Resources,NA,1,Department of Water Resources
28058,383526N1217678W001,1399999,1962-10-03T00:00:00Z,23.52,22.52,NA,NA,NA,NA,NA,Pumping,NA,NA,1,Department of Water Resources,NA,794,Solano Irrigation District
28058,383526N1217678W001,1399998,1962-03-30T00:00:00Z,23.52,22.52,0,45,-21.48,45,44,NA,Unknown,Water level accuracy is unknown,1,Department of Water Resources,NA,1,Department of Water Resources
28058,383526N1217678W001,1399997,1962-03-05T00:00:00Z,23.52,22.52,0,47.2,-23.68,47.2,46.2,Oil or foreign substance in casing,Unknown,Water level accuracy is unknown,1,Department of Water Resources,NA,794,Solano Irrigation District
28058,383526N1217678W001,1399996,1962-02-27T00:00:00Z,23.52,22.52,0,46,-22.48,46,45,Oil or foreign substance in casing,Unknown,Water level accuracy is unknown,1,Department of Water Resources,NA,1,Department of Water Resources
28058,383526N1217678W001,1399995,1962-01-30T00:00:00Z,23.52,22.52,0,47,-23.48,47,46,Oil or foreign substance in casing,Unknown,Water level accuracy is unknown,1,Department of Water Resources,NA,1,Department of Water Resources
28058,383526N1217678W001,1399994,1961-12-28T00:00:00Z,23.52,22.52,0,50.1,-26.58,50.1,49.1,Oil or foreign substance in casing,Unknown,Water level accuracy is unknown,1,Department of Water Resources,NA,1,Department of Water Resources
28058,383526N1217678W001,1399993,1961-11-30T00:00:00Z,23.52,22.52,0,50,-26.48,50,49,Oil or foreign substance in casing,Unknown,Water level accuracy is unknown,1,Department of Water Resources,NA,1,Department of Water Resources
28058,383526N1217678W001,1399992,1961-10-30T00:00:00Z,23.52,22.52,0,57.5,-33.98,57.5,56.5,Oil or foreign substance in casing,Unknown,Water level accuracy is unknown,1,Department of Water Resources,NA,1,Department of Water Resources
28058,383526N1217678W001,1399991,1961-10-03T00:00:00Z,23.52,22.52,NA,NA,NA,NA,NA,Pumping,NA,NA,1,Department of Water Resources,NA,794,Solano Irrigation District
28058,383526N1217678W001,1399990,1961-04-25T00:00:00Z,23.52,22.52,0,45.5,-21.98,45.5,44.5,NA,Unknown,Water level accuracy is unknown,1,Department of Water Resources,NA,1,Department of Water Resources
28058,383526N1217678W001,1399989,1961-03-28T00:00:00Z,23.52,22.52,0,42.9,-19.38,42.9,41.9,NA,Unknown,Water level accuracy is unknown,1,Department of Water Resources,NA,1,Department of Water Resources
28058,383526N1217678W001,1399988,1961-02-28T00:00:00Z,23.52,22.52,0,45.3,-21.78,45.3,44.3,Oil or foreign substance in casing,Unknown,Water level accuracy is unknown,1,Department of Water Resources,NA,794,Solano Irrigation District
28058,383526N1217678W001,1399987,1961-02-24T00:00:00Z,23.52,22.52,0,44.1,-20.58,44.1,43.1,NA,Unknown,Water level accuracy is unknown,1,Department of Water Resources,NA,1,Department of Water Resources
28058,383526N1217678W001,1399986,1961-01-25T00:00:00Z,23.52,22.52,0,46,-22.48,46,45,NA,Unknown,Water level accuracy is unknown,1,Department of Water Resources,NA,1,Department of Water Resources
28058,383526N1217678W001,1399985,1960-12-09T00:00:00Z,23.52,22.52,0,45.7,-22.18,45.7,44.7,NA,Unknown,Water level accuracy is unknown,1,Department of Water Resources,NA,1,Department of Water Resources
28058,383526N1217678W001,1399984,1960-10-28T00:00:00Z,23.52,22.52,0,41.2,-17.68,41.2,40.2,NA,Unknown,Water level accuracy is unknown,1,Department of Water Resources,NA,1,Department of Water Resources
28058,383526N1217678W001,1399983,1960-10-05T00:00:00Z,23.52,22.52,NA,NA,NA,NA,NA,Pumping,NA,NA,1,Department of Water Resources,NA,794,Solano Irrigation District
28058,383526N1217678W001,1399982,1960-09-27T00:00:00Z,23.52,22.52,0,48.7,-25.18,48.7,47.7,NA,Unknown,Water level accuracy is unknown,1,Department of Water Resources,NA,1,Department of Water Resources
28058,383526N1217678W001,1399981,1960-08-25T00:00:00Z,23.52,22.52,0,50.8,-27.28,50.8,49.8,NA,Unknown,Water level accuracy is unknown,1,Department of Water Resources,NA,1,Department of Water Resources
28058,383526N1217678W001,1399980,1960-07-25T00:00:00Z,23.52,22.52,0,51,-27.48,51,50,NA,Unknown,Water level accuracy is unknown,1,Department of Water Resources,NA,1,Department of Water Resources
28058,383526N1217678W001,1399979,1960-06-27T00:00:00Z,23.52,22.52,0,50.4,-26.88,50.4,49.4,NA,Unknown,Water level accuracy is unknown,1,Department of Water Resources,NA,1,Department of Water Resources
28058,383526N1217678W001,1399978,1960-03-10T00:00:00Z,23.52,22.52,0,40.8,-17.28,40.8,39.8,NA,Unknown,Water level accuracy is unknown,1,Department of Water Resources,NA,1,Department of Water Resources
28058,383526N1217678W001,1399977,1959-10-14T00:00:00Z,23.52,22.52,0,47.8,-24.28,47.8,46.8,NA,Unknown,Water level accuracy is unknown,1,Department of Water Resources,NA,624,Bureau of Reclamation
28058,383526N1217678W001,1399976,1959-03-16T00:00:00Z,23.52,22.52,0,35.5,-11.98,35.5,34.5,Oil or foreign substance in casing,Unknown,Water level accuracy is unknown,1,Department of Water Resources,NA,624,Bureau of Reclamation
28058,383526N1217678W001,1399975,1958-10-08T00:00:00Z,23.52,22.52,0,71.2,-47.68,71.2,70.2,Other,Unknown,Water level accuracy is unknown,1,Department of Water Resources,POOR CUT,624,Bureau of Reclamation
28058,383526N1217678W001,1399974,1957-10-14T00:00:00Z,23.52,22.52,0,43.4,-19.88,43.4,42.4,NA,Unknown,Water level accuracy is unknown,1,Department of Water Resources,NA,624,Bureau of Reclamation
28058,383526N1217678W001,1399973,1957-04-02T00:00:00Z,23.52,22.52,0,30.4,-6.88,30.4,29.4,NA,Unknown,Water level accuracy is unknown,1,Department of Water Resources,NA,624,Bureau of Reclamation
28058,383526N1217678W001,1399972,1956-10-19T00:00:00Z,23.52,22.52,NA,NA,NA,NA,NA,Pumping,NA,NA,1,Department of Water Resources,NA,624,Bureau of Reclamation
28058,383526N1217678W001,1399971,1955-03-14T00:00:00Z,23.52,22.52,0,22.7,0.82,22.7,21.7,NA,Unknown,Water level accuracy is unknown,1,Department of Water Resources,NA,624,Bureau of Reclamation
28058,383526N1217678W001,1399970,1954-03-22T00:00:00Z,23.52,22.52,0,14.6,8.92,14.6,13.6,NA,Unknown,Water level accuracy is unknown,1,Department of Water Resources,NA,1,Department of Water Resources
28058,383526N1217678W001,1399969,1953-11-17T00:00:00Z,23.52,22.52,0,21.4,2.12,21.4,20.4,Oil or foreign substance in casing,Unknown,Water level accuracy is unknown,1,Department of Water Resources,NA,1,Department of Water Resources
28058,383526N1217678W001,1399968,1953-03-18T00:00:00Z,23.52,22.52,0,18.5,5.02,18.5,17.5,NA,Unknown,Water level accuracy is unknown,1,Department of Water Resources,NA,1,Department of Water Resources
28058,383526N1217678W001,1399967,1952-11-13T00:00:00Z,23.52,22.52,0,19.5,4.02,19.5,18.5,NA,Unknown,Water level accuracy is unknown,1,Department of Water Resources,NA,1,Department of Water Resources
28058,383526N1217678W001,1399966,1952-04-03T00:00:00Z,23.52,22.52,0,12.4,11.12,12.4,11.4,NA,Unknown,Water level accuracy is unknown,1,Department of Water Resources,NA,1,Department of Water Resources
28058,383526N1217678W001,1399965,1951-11-23T00:00:00Z,23.52,22.52,0,12.6,10.92,12.6,11.6,NA,Unknown,Water level accuracy is unknown,1,Department of Water Resources,NA,1,Department of Water Resources
