STN_ID,SITE_CODE,WLM_ID,MSMT_DATE,WLM_RPE,WLM_GSE,RDNG_WS,RDNG_RP,WSE,RPE_WSE,GSE_WSE,WLM_QA_DESC,WLM_DESC,WLM_ACC_DESC,WLM_ORG_ID,WLM_ORG_NAME,MSMT_CMT,COOP_AGENCY_ORG_ID,COOP_ORG_NAME
28266,334486N1170901W001,1308250,2006-09-07T00:00:00Z,1172.32,1172.32,NA,NA,NA,NA,NA,Dry well,NA,NA,1,Department of Water Resources,NA,5167,United States Geological Survey
28266,334486N1170901W001,1308244,2006-08-03T00:00:00Z,1172.32,1172.32,NA,NA,NA,NA,NA,Dry well,NA,NA,1,Department of Water Resources,NA,5167,United States Geological Survey
28266,334486N1170901W001,1308249,2006-07-06T00:00:00Z,1172.32,1172.32,NA,NA,NA,NA,NA,Dry well,NA,NA,1,Department of Water Resources,NA,5167,United States Geological Survey
28266,334486N1170901W001,1308251,2006-06-01T00:00:00Z,1172.32,1172.32,NA,NA,NA,NA,NA,Dry well,NA,NA,1,Department of Water Resources,NA,5167,United States Geological Survey
28266,334486N1170901W001,1308264,2006-05-05T00:00:00Z,1172.32,1172.32,NA,NA,NA,NA,NA,Dry well,NA,NA,1,Department of Water Resources,NA,5167,United States Geological Survey
28266,334486N1170901W001,1308256,2006-04-07T00:00:00Z,1172.32,1172.32,NA,NA,NA,NA,NA,Dry well,NA,NA,1,Department of Water Resources,NA,5167,United States Geological Survey
28266,334486N1170901W001,1308254,2006-03-07T00:00:00Z,1172.32,1172.32,NA,NA,NA,NA,NA,Dry well,NA,NA,1,Department of Water Resources,NA,5167,United States Geological Survey
28266,334486N1170901W001,1308258,2006-02-10T00:00:00Z,1172.32,1172.32,NA,NA,NA,NA,NA,Dry well,NA,NA,1,Department of Water Resources,NA,5167,United States Geological Survey
28266,334486N1170901W001,1308259,2006-01-11T00:00:00Z,1172.32,1172.32,NA,NA,NA,NA,NA,Dry well,NA,NA,1,Department of Water Resources,NA,5167,United States Geological Survey
28266,334486N1170901W001,1308260,2005-12-09T00:00:00Z,1172.32,1172.32,NA,NA,NA,NA,NA,Dry well,NA,NA,1,Department of Water Resources,NA,5167,United States Geological Survey
28266,334486N1170901W001,1308263,2005-11-04T00:00:00Z,1172.32,1172.32,NA,NA,NA,NA,NA,Dry well,NA,NA,1,Department of Water Resources,NA,5167,United States Geological Survey
28266,334486N1170901W001,1308261,2005-10-07T00:00:00Z,1172.32,1172.32,NA,NA,NA,NA,NA,Dry well,NA,NA,1,Department of Water Resources,NA,5167,United States Geological Survey
28266,334486N1170901W001,1308262,2005-09-02T00:00:00Z,1172.32,1172.32,NA,NA,NA,NA,NA,Dry well,NA,NA,1,Department of Water Resources,NA,5167,United States Geological Survey
28266,334486N1170901W001,1308257,2005-08-02T00:00:00Z,1172.32,1172.32,NA,NA,NA,NA,NA,Dry well,NA,NA,1,Department of Water Resources,NA,5167,United States Geological Survey
28266,334486N1170901W001,1308253,2005-07-11T00:00:00Z,1172.32,1172.32,0,92.29,1080.03,92.29,92.29,NA,Unknown,Water level accuracy is unknown,1,Department of Water Resources,NA,5167,United States Geological Survey
28266,334486N1170901W001,1308252,2005-06-09T00:00:00Z,1172.32,1172.32,0,91.96,1080.36,91.96,91.96,NA,Unknown,Water level accuracy is unknown,1,Department of Water Resources,NA,5167,United States Geological Survey
28266,334486N1170901W001,1308245,2005-05-09T00:00:00Z,1172.32,1172.32,0,91.82,1080.5,91.82,91.82,NA,Unknown,Water level accuracy is unknown,1,Department of Water Resources,NA,5167,United States Geological Survey
28266,334486N1170901W001,1308246,2005-04-08T00:00:00Z,1172.32,1172.32,0,91.76,1080.56,91.76,91.76,NA,Unknown,Water level accuracy is unknown,1,Department of Water Resources,NA,5167,United States Geological Survey
28266,334486N1170901W001,1308247,2005-03-02T00:00:00Z,1172.32,1172.32,NA,NA,NA,NA,NA,Dry well,NA,NA,1,Department of Water Resources,NA,5167,United States Geological Survey
28266,334486N1170901W001,1308248,2005-02-04T00:00:00Z,1172.32,1172.32,NA,NA,NA,NA,NA,Dry well,NA,NA,1,Department of Water Resources,NA,5167,United States Geological Survey
28266,334486N1170901W001,1308255,2005-01-04T00:00:00Z,1172.32,1172.32,NA,NA,NA,NA,NA,Dry well,NA,NA,1,Department of Water Resources,NA,5167,United States Geological Survey
28266,334486N1170901W001,1308243,2000-05-09T00:00:00Z,1172.32,1172.32,NA,NA,NA,NA,NA,Dry well,NA,NA,1,Department of Water Resources,NA,5167,United States Geological Survey
28266,334486N1170901W001,1308242,2000-04-03T00:00:00Z,1172.32,1172.32,NA,NA,NA,NA,NA,Dry well,NA,NA,1,Department of Water Resources,NA,5167,United States Geological Survey
28266,334486N1170901W001,1308241,2000-03-13T00:00:00Z,1172.32,1172.32,NA,NA,NA,NA,NA,Dry well,NA,NA,1,Department of Water Resources,NA,5167,United States Geological Survey
28266,334486N1170901W001,1308240,2000-02-09T00:00:00Z,1172.32,1172.32,NA,NA,NA,NA,NA,Dry well,NA,NA,1,Department of Water Resources,NA,5167,United States Geological Survey
28266,334486N1170901W001,1308239,2000-01-06T00:00:00Z,1172.32,1172.32,NA,NA,NA,NA,NA,Dry well,NA,NA,1,Department of Water Resources,NA,5167,United States Geological Survey
28266,334486N1170901W001,1308238,1999-12-14T00:00:00Z,1172.32,1172.32,NA,NA,NA,NA,NA,Dry well,NA,NA,1,Department of Water Resources,NA,5167,United States Geological Survey
28266,334486N1170901W001,1308237,1999-01-05T00:00:00Z,1172.32,1172.32,0,92.95,1079.37,92.95,92.95,NA,Unknown,Water level accuracy is unknown,1,Department of Water Resources,NA,5167,United States Geological Survey
28266,334486N1170901W001,1308236,1998-12-07T00:00:00Z,1172.32,1172.32,0,92.82,1079.5,92.82,92.82,NA,Unknown,Water level accuracy is unknown,1,Department of Water Resources,NA,5167,United States Geological Survey
28266,334486N1170901W001,1308235,1998-11-23T00:00:00Z,1172.32,1172.32,0,92.69,1079.63,92.69,92.69,NA,Unknown,Water level accuracy is unknown,1,Department of Water Resources,NA,5167,United States Geological Survey
28266,334486N1170901W001,1308234,1998-10-16T00:00:00Z,1172.32,1172.32,0,92.55,1079.77,92.55,92.55,NA,Unknown,Water level accuracy is unknown,1,Department of Water Resources,NA,5167,United States Geological Survey
28266,334486N1170901W001,1308233,1998-09-10T00:00:00Z,1172.32,1172.32,0,92.54,1079.78,92.54,92.54,NA,Unknown,Water level accuracy is unknown,1,Department of Water Resources,NA,5167,United States Geological Survey
28266,334486N1170901W001,1308232,1998-08-11T00:00:00Z,1172.32,1172.32,0,91.97,1080.35,91.97,91.97,NA,Unknown,Water level accuracy is unknown,1,Department of Water Resources,NA,5167,United States Geological Survey
28266,334486N1170901W001,1308231,1998-07-02T00:00:00Z,1172.32,1172.32,0,91.52,1080.8,91.52,91.52,NA,Unknown,Water level accuracy is unknown,1,Department of Water Resources,NA,5167,United States Geological Survey
28266,334486N1170901W001,1308230,1998-06-02T00:00:00Z,1172.32,1172.32,0,91.31,1081.01,91.31,91.31,NA,Unknown,Water level accuracy is unknown,1,Department of Water Resources,NA,5167,United States Geological Survey
28266,334486N1170901W001,1308229,1998-05-01T00:00:00Z,1172.32,1172.32,0,91.27,1081.05,91.27,91.27,NA,Unknown,Water level accuracy is unknown,1,Department of Water Resources,NA,5167,United States Geological Survey
28266,334486N1170901W001,1308228,1998-04-08T00:00:00Z,1172.32,1172.32,0,91.39,1080.93,91.39,91.39,NA,Unknown,Water level accuracy is unknown,1,Department of Water Resources,NA,5167,United States Geological Survey
28266,334486N1170901W001,1308227,1998-03-02T00:00:00Z,1172.32,1172.32,0,92.83,1079.49,92.83,92.83,NA,Unknown,Water level accuracy is unknown,1,Department of Water Resources,NA,5167,United States Geological Survey
28266,334486N1170901W001,1308226,1998-01-23T00:00:00Z,1172.32,1172.32,0,94.6,1077.72,94.6,94.6,NA,Unknown,Water level accuracy is unknown,1,Department of Water Resources,NA,5167,United States Geological Survey
28266,334486N1170901W001,1308225,1997-12-12T00:00:00Z,1172.32,1172.32,0,92.61,1079.71,92.61,92.61,NA,Unknown,Water level accuracy is unknown,1,Department of Water Resources,NA,5167,United States Geological Survey
28266,334486N1170901W001,1308224,1997-11-07T00:00:00Z,1172.32,1172.32,0,92.35,1079.97,92.35,92.35,NA,Unknown,Water level accuracy is unknown,1,Department of Water Resources,NA,5167,United States Geological Survey
28266,334486N1170901W001,1308223,1997-10-16T00:00:00Z,1172.32,1172.32,0,93.51,1078.81,93.51,93.51,NA,Unknown,Water level accuracy is unknown,1,Department of Water Resources,NA,5167,United States Geological Survey
28266,334486N1170901W001,1308222,1997-09-09T00:00:00Z,1172.32,1172.32,0,92.52,1079.8,92.52,92.52,NA,Unknown,Water level accuracy is unknown,1,Department of Water Resources,NA,5167,United States Geological Survey
28266,334486N1170901W001,1308221,1997-08-15T00:00:00Z,1172.32,1172.32,0,90.99,1081.33,90.99,90.99,NA,Unknown,Water level accuracy is unknown,1,Department of Water Resources,NA,5167,United States Geological Survey
28266,334486N1170901W001,1308220,1997-07-21T00:00:00Z,1172.32,1172.32,0,90.55,1081.77,90.55,90.55,NA,Unknown,Water level accuracy is unknown,1,Department of Water Resources,NA,5167,United States Geological Survey
28266,334486N1170901W001,1308219,1997-06-02T00:00:00Z,1172.32,1172.32,0,89.53,1082.79,89.53,89.53,NA,Unknown,Water level accuracy is unknown,1,Department of Water Resources,NA,5167,United States Geological Survey
28266,334486N1170901W001,1308218,1997-05-05T00:00:00Z,1172.32,1172.32,0,88.73,1083.59,88.73,88.73,NA,Unknown,Water level accuracy is unknown,1,Department of Water Resources,NA,5167,United States Geological Survey
28266,334486N1170901W001,1308217,1997-04-09T00:00:00Z,1172.32,1172.32,0,88.16,1084.16,88.16,88.16,NA,Unknown,Water level accuracy is unknown,1,Department of Water Resources,NA,5167,United States Geological Survey
28266,334486N1170901W001,1308216,1997-03-13T00:00:00Z,1172.32,1172.32,0,87.61,1084.71,87.61,87.61,NA,Unknown,Water level accuracy is unknown,1,Department of Water Resources,NA,5167,United States Geological Survey
28266,334486N1170901W001,1308215,1997-02-19T00:00:00Z,1172.32,1172.32,0,87.02,1085.3,87.02,87.02,NA,Unknown,Water level accuracy is unknown,1,Department of Water Resources,NA,5167,United States Geological Survey
28266,334486N1170901W001,1308214,1997-01-24T00:00:00Z,1172.32,1172.32,0,86.49,1085.83,86.49,86.49,NA,Unknown,Water level accuracy is unknown,1,Department of Water Resources,NA,5167,United States Geological Survey
28266,334486N1170901W001,1308213,1996-12-03T00:00:00Z,1172.32,1172.32,0,85.59,1086.73,85.59,85.59,NA,Unknown,Water level accuracy is unknown,1,Department of Water Resources,NA,5167,United States Geological Survey
28266,334486N1170901W001,1308212,1996-11-04T00:00:00Z,1172.32,1172.32,0,85.04,1087.28,85.04,85.04,NA,Unknown,Water level accuracy is unknown,1,Department of Water Resources,NA,5167,United States Geological Survey
28266,334486N1170901W001,1308211,1996-10-18T00:00:00Z,1172.32,1172.32,0,84.74,1087.58,84.74,84.74,NA,Unknown,Water level accuracy is unknown,1,Department of Water Resources,NA,5167,United States Geological Survey
28266,334486N1170901W001,1308210,1996-09-03T00:00:00Z,1172.32,1172.32,0,83.81,1088.51,83.81,83.81,NA,Unknown,Water level accuracy is unknown,1,Department of Water Resources,NA,5167,United States Geological Survey
28266,334486N1170901W001,1308209,1996-08-02T00:00:00Z,1172.32,1172.32,0,83.1,1089.22,83.1,83.1,NA,Unknown,Water level accuracy is unknown,1,Department of Water Resources,NA,5167,United States Geological Survey
28266,334486N1170901W001,1308208,1996-07-10T00:00:00Z,1172.32,1172.32,0,82.49,1089.83,82.49,82.49,NA,Unknown,Water level accuracy is unknown,1,Department of Water Resources,NA,5167,United States Geological Survey
28266,334486N1170901W001,1308207,1996-06-03T00:00:00Z,1172.32,1172.32,0,81.78,1090.54,81.78,81.78,NA,Unknown,Water level accuracy is unknown,1,Department of Water Resources,NA,5167,United States Geological Survey
28266,334486N1170901W001,1308206,1996-05-01T00:00:00Z,1172.32,1172.32,0,81.29,1091.03,81.29,81.29,NA,Unknown,Water level accuracy is unknown,1,Department of Water Resources,NA,5167,United States Geological Survey
28266,334486N1170901W001,1308205,1996-04-15T00:00:00Z,1172.32,1172.32,0,81.01,1091.31,81.01,81.01,NA,Unknown,Water level accuracy is unknown,1,Department of Water Resources,NA,5167,United States Geological Survey
28266,334486N1170901W001,1308204,1996-03-18T00:00:00Z,1172.32,1172.32,0,80.67,1091.65,80.67,80.67,NA,Unknown,Water level accuracy is unknown,1,Department of Water Resources,NA,5167,United States Geological Survey
28266,334486N1170901W001,1308203,1996-02-08T00:00:00Z,1172.32,1172.32,0,80.14,1092.18,80.14,80.14,NA,Unknown,Water level accuracy is unknown,1,Department of Water Resources,NA,5167,United States Geological Survey
28266,334486N1170901W001,1308202,1996-01-03T00:00:00Z,1172.32,1172.32,0,79.72,1092.6,79.72,79.72,NA,Unknown,Water level accuracy is unknown,1,Department of Water Resources,NA,5167,United States Geological Survey
28266,334486N1170901W001,1308201,1995-12-04T00:00:00Z,1172.32,1172.32,0,79.38,1092.94,79.38,79.38,NA,Unknown,Water level accuracy is unknown,1,Department of Water Resources,NA,5167,United States Geological Survey
28266,334486N1170901W001,1308200,1995-11-03T00:00:00Z,1172.32,1172.32,0,79.06,1093.26,79.06,79.06,NA,Unknown,Water level accuracy is unknown,1,Department of Water Resources,NA,5167,United States Geological Survey
28266,334486N1170901W001,1308199,1995-10-03T00:00:00Z,1172.32,1172.32,0,78.81,1093.51,78.81,78.81,NA,Unknown,Water level accuracy is unknown,1,Department of Water Resources,NA,5167,United States Geological Survey
28266,334486N1170901W001,1308198,1995-09-05T00:00:00Z,1172.32,1172.32,0,78.67,1093.65,78.67,78.67,NA,Unknown,Water level accuracy is unknown,1,Department of Water Resources,NA,5167,United States Geological Survey
28266,334486N1170901W001,1308197,1995-08-11T00:00:00Z,1172.32,1172.32,0,78.55,1093.77,78.55,78.55,NA,Unknown,Water level accuracy is unknown,1,Department of Water Resources,NA,5167,United States Geological Survey
28266,334486N1170901W001,1308196,1995-07-21T00:00:00Z,1172.32,1172.32,0,78.47,1093.85,78.47,78.47,NA,Unknown,Water level accuracy is unknown,1,Department of Water Resources,NA,5167,United States Geological Survey
28266,334486N1170901W001,1308195,1995-02-07T00:00:00Z,1172.32,1172.32,0,85.78,1086.54,85.78,85.78,NA,Unknown,Water level accuracy is unknown,1,Department of Water Resources,NA,5167,United States Geological Survey
28266,334486N1170901W001,1308194,1995-01-04T00:00:00Z,1172.32,1172.32,0,85.81,1086.51,85.81,85.81,NA,Unknown,Water level accuracy is unknown,1,Department of Water Resources,NA,5167,United States Geological Survey
28266,334486N1170901W001,1308193,1994-12-06T00:00:00Z,1172.32,1172.32,0,85.37,1086.95,85.37,85.37,NA,Unknown,Water level accuracy is unknown,1,Department of Water Resources,NA,5167,United States Geological Survey
28266,334486N1170901W001,1308192,1994-11-01T00:00:00Z,1172.32,1172.32,0,84.83,1087.49,84.83,84.83,NA,Unknown,Water level accuracy is unknown,1,Department of Water Resources,NA,5167,United States Geological Survey
28266,334486N1170901W001,1308191,1994-10-03T00:00:00Z,1172.32,1172.32,0,84.5,1087.82,84.5,84.5,NA,Unknown,Water level accuracy is unknown,1,Department of Water Resources,NA,5167,United States Geological Survey
28266,334486N1170901W001,1308190,1994-09-01T00:00:00Z,1172.32,1172.32,0,84.16,1088.16,84.16,84.16,NA,Unknown,Water level accuracy is unknown,1,Department of Water Resources,NA,5167,United States Geological Survey
28266,334486N1170901W001,1308189,1994-08-17T00:00:00Z,1172.32,1172.32,0,84.13,1088.19,84.13,84.13,NA,Unknown,Water level accuracy is unknown,1,Department of Water Resources,NA,5167,United States Geological Survey
28266,334486N1170901W001,1308188,1994-07-01T00:00:00Z,1172.32,1172.32,0,83.68,1088.64,83.68,83.68,NA,Unknown,Water level accuracy is unknown,1,Department of Water Resources,NA,5167,United States Geological Survey
28266,334486N1170901W001,1308187,1994-06-06T00:00:00Z,1172.32,1172.32,0,83.59,1088.73,83.59,83.59,NA,Unknown,Water level accuracy is unknown,1,Department of Water Resources,NA,5167,United States Geological Survey
28266,334486N1170901W001,1308186,1994-05-02T00:00:00Z,1172.32,1172.32,0,83.35,1088.97,83.35,83.35,NA,Unknown,Water level accuracy is unknown,1,Department of Water Resources,NA,5167,United States Geological Survey
28266,334486N1170901W001,1308185,1994-04-04T00:00:00Z,1172.32,1172.32,0,83.2,1089.12,83.2,83.2,NA,Unknown,Water level accuracy is unknown,1,Department of Water Resources,NA,5167,United States Geological Survey
28266,334486N1170901W001,1308184,1994-03-01T00:00:00Z,1172.32,1172.32,0,83.07,1089.25,83.07,83.07,NA,Unknown,Water level accuracy is unknown,1,Department of Water Resources,NA,5167,United States Geological Survey
28266,334486N1170901W001,1308183,1994-02-01T00:00:00Z,1172.32,1172.32,0,82.98,1089.34,82.98,82.98,NA,Unknown,Water level accuracy is unknown,1,Department of Water Resources,NA,5167,United States Geological Survey
28266,334486N1170901W001,1308182,1994-01-04T00:00:00Z,1172.32,1172.32,0,82.78,1089.54,82.78,82.78,NA,Unknown,Water level accuracy is unknown,1,Department of Water Resources,NA,5167,United States Geological Survey
28266,334486N1170901W001,1308181,1993-12-03T00:00:00Z,1172.32,1172.32,0,82.63,1089.69,82.63,82.63,NA,Unknown,Water level accuracy is unknown,1,Department of Water Resources,NA,5167,United States Geological Survey
28266,334486N1170901W001,1308180,1993-10-12T00:00:00Z,1172.32,1172.32,0,82.23,1090.09,82.23,82.23,NA,Unknown,Water level accuracy is unknown,1,Department of Water Resources,NA,5167,United States Geological Survey
28266,334486N1170901W001,1308179,1993-09-23T00:00:00Z,1172.32,1172.32,0,82,1090.32,82,82,NA,Unknown,Water level accuracy is unknown,1,Department of Water Resources,NA,5167,United States Geological Survey
28266,334486N1170901W001,1308178,1993-08-17T00:00:00Z,1172.32,1172.32,0,81.65,1090.67,81.65,81.65,NA,Unknown,Water level accuracy is unknown,1,Department of Water Resources,NA,5167,United States Geological Survey
28266,334486N1170901W001,1308177,1993-07-13T00:00:00Z,1172.32,1172.32,0,81.25,1091.07,81.25,81.25,NA,Unknown,Water level accuracy is unknown,1,Department of Water Resources,NA,5167,United States Geological Survey
28266,334486N1170901W001,1308176,1993-07-07T00:00:00Z,1172.32,1172.32,0,81.09,1091.23,81.09,81.09,NA,Unknown,Water level accuracy is unknown,1,Department of Water Resources,NA,5167,United States Geological Survey
28266,334486N1170901W001,1308175,1993-05-27T00:00:00Z,1172.32,1172.32,0,80.38,1091.94,80.38,80.38,NA,Unknown,Water level accuracy is unknown,1,Department of Water Resources,NA,5167,United States Geological Survey
28266,334486N1170901W001,1308174,1993-04-27T00:00:00Z,1172.32,1172.32,0,80.06,1092.26,80.06,80.06,NA,Unknown,Water level accuracy is unknown,1,Department of Water Resources,NA,5167,United States Geological Survey
28266,334486N1170901W001,1308173,1993-03-25T00:00:00Z,1172.32,1172.32,0,80.78,1091.54,80.78,80.78,NA,Unknown,Water level accuracy is unknown,1,Department of Water Resources,NA,5167,United States Geological Survey
28266,334486N1170901W001,1308172,1993-02-25T00:00:00Z,1172.32,1172.32,0,85.32,1087,85.32,85.32,NA,Unknown,Water level accuracy is unknown,1,Department of Water Resources,NA,5167,United States Geological Survey
28266,334486N1170901W001,1308171,1993-01-29T00:00:00Z,1172.32,1172.32,0,90.03,1082.29,90.03,90.03,NA,Unknown,Water level accuracy is unknown,1,Department of Water Resources,NA,5167,United States Geological Survey
28266,334486N1170901W001,1308170,1992-12-09T00:00:00Z,1172.32,1172.32,0,94.56,1077.76,94.56,94.56,NA,Unknown,Water level accuracy is unknown,1,Department of Water Resources,NA,5167,United States Geological Survey
28266,334486N1170901W001,1308169,1992-09-17T00:00:00Z,1172.32,1172.32,0,84.03,1088.29,84.03,84.03,NA,Unknown,Water level accuracy is unknown,1,Department of Water Resources,NA,5167,United States Geological Survey
28266,334486N1170901W001,1308168,1992-04-09T00:00:00Z,1172.32,1172.32,0,94.56,1077.76,94.56,94.56,NA,Unknown,Water level accuracy is unknown,1,Department of Water Resources,NA,5167,United States Geological Survey
28266,334486N1170901W001,1308167,1992-03-04T00:00:00Z,1172.32,1172.32,0,94.58,1077.74,94.58,94.58,NA,Unknown,Water level accuracy is unknown,1,Department of Water Resources,NA,5167,United States Geological Survey
28266,334486N1170901W001,1308166,1992-02-12T00:00:00Z,1172.32,1172.32,0,94.81,1077.51,94.81,94.81,NA,Unknown,Water level accuracy is unknown,1,Department of Water Resources,NA,5167,United States Geological Survey
28266,334486N1170901W001,1308165,1992-01-10T00:00:00Z,1172.32,1172.32,0,94.6,1077.72,94.6,94.6,NA,Unknown,Water level accuracy is unknown,1,Department of Water Resources,NA,5167,United States Geological Survey
28266,334486N1170901W001,1308164,1991-12-18T00:00:00Z,1172.32,1172.32,0,94.65,1077.67,94.65,94.65,NA,Unknown,Water level accuracy is unknown,1,Department of Water Resources,NA,5167,United States Geological Survey
28266,334486N1170901W001,1308163,1991-12-11T00:00:00Z,1172.32,1172.32,0,94.63,1077.69,94.63,94.63,NA,Unknown,Water level accuracy is unknown,1,Department of Water Resources,NA,5167,United States Geological Survey
28266,334486N1170901W001,1308162,1991-11-19T00:00:00Z,1172.32,1172.32,0,94.6,1077.72,94.6,94.6,NA,Unknown,Water level accuracy is unknown,1,Department of Water Resources,NA,5167,United States Geological Survey
28266,334486N1170901W001,1308161,1991-10-11T00:00:00Z,1172.32,1172.32,0,94.59,1077.73,94.59,94.59,NA,Unknown,Water level accuracy is unknown,1,Department of Water Resources,NA,5167,United States Geological Survey
28266,334486N1170901W001,1308160,1991-09-11T00:00:00Z,1172.32,1172.32,0,94.56,1077.76,94.56,94.56,NA,Unknown,Water level accuracy is unknown,1,Department of Water Resources,NA,5167,United States Geological Survey
28266,334486N1170901W001,1308159,1991-08-07T00:00:00Z,1172.32,1172.32,0,94.51,1077.81,94.51,94.51,NA,Unknown,Water level accuracy is unknown,1,Department of Water Resources,NA,5167,United States Geological Survey
28266,334486N1170901W001,1308158,1991-07-03T00:00:00Z,1172.32,1172.32,0,94.47,1077.85,94.47,94.47,NA,Unknown,Water level accuracy is unknown,1,Department of Water Resources,NA,5167,United States Geological Survey
28266,334486N1170901W001,1308157,1991-06-06T00:00:00Z,1172.32,1172.32,0,94.43,1077.89,94.43,94.43,Nearby pump operating,Unknown,Water level accuracy is unknown,1,Department of Water Resources,NA,5167,United States Geological Survey
28266,334486N1170901W001,1308156,1991-05-08T00:00:00Z,1172.32,1172.32,0,94.28,1078.04,94.28,94.28,NA,Unknown,Water level accuracy is unknown,1,Department of Water Resources,NA,5167,United States Geological Survey
28266,334486N1170901W001,1308155,1991-04-04T00:00:00Z,1172.32,1172.32,NA,NA,NA,NA,NA,Dry well,NA,NA,1,Department of Water Resources,NA,5167,United States Geological Survey
28266,334486N1170901W001,1308154,1991-02-08T00:00:00Z,1172.32,1172.32,NA,NA,NA,NA,NA,Dry well,NA,NA,1,Department of Water Resources,NA,5167,United States Geological Survey
28266,334486N1170901W001,1308153,1990-12-11T00:00:00Z,1172.32,1172.32,NA,NA,NA,NA,NA,Dry well,NA,NA,1,Department of Water Resources,NA,5167,United States Geological Survey
28266,334486N1170901W001,1308152,1990-11-08T00:00:00Z,1172.32,1172.32,NA,NA,NA,NA,NA,Dry well,NA,NA,1,Department of Water Resources,NA,5167,United States Geological Survey
28266,334486N1170901W001,1308151,1990-10-05T00:00:00Z,1172.32,1172.32,0,94.76,1077.56,94.76,94.76,NA,Unknown,Water level accuracy is unknown,1,Department of Water Resources,NA,5167,United States Geological Survey
28266,334486N1170901W001,1308150,1990-09-06T00:00:00Z,1172.32,1172.32,0,94.74,1077.58,94.74,94.74,NA,Unknown,Water level accuracy is unknown,1,Department of Water Resources,NA,5167,United States Geological Survey
28266,334486N1170901W001,1308149,1990-07-12T00:00:00Z,1172.32,1172.32,0,94.67,1077.65,94.67,94.67,NA,Unknown,Water level accuracy is unknown,1,Department of Water Resources,NA,5167,United States Geological Survey
28266,334486N1170901W001,1308148,1990-07-10T00:00:00Z,1172.32,1172.32,0,94.7,1077.62,94.7,94.7,NA,Unknown,Water level accuracy is unknown,1,Department of Water Resources,NA,5167,United States Geological Survey
28266,334486N1170901W001,1308147,1990-06-06T00:00:00Z,1172.32,1172.32,0,94.69,1077.63,94.69,94.69,NA,Unknown,Water level accuracy is unknown,1,Department of Water Resources,NA,5167,United States Geological Survey
28266,334486N1170901W001,1308146,1990-05-02T00:00:00Z,1172.32,1172.32,0,94.69,1077.63,94.69,94.69,NA,Unknown,Water level accuracy is unknown,1,Department of Water Resources,NA,5167,United States Geological Survey
28266,334486N1170901W001,1308145,1990-04-04T00:00:00Z,1172.32,1172.32,0,94.73,1077.59,94.73,94.73,NA,Unknown,Water level accuracy is unknown,1,Department of Water Resources,NA,5167,United States Geological Survey
28266,334486N1170901W001,1308144,1990-03-20T00:00:00Z,1172.32,1172.32,0,94.67,1077.65,94.67,94.67,NA,Unknown,Water level accuracy is unknown,1,Department of Water Resources,NA,5167,United States Geological Survey
28266,334486N1170901W001,1308143,1990-02-15T00:00:00Z,1172.32,1172.32,0,94.69,1077.63,94.69,94.69,NA,Unknown,Water level accuracy is unknown,1,Department of Water Resources,NA,5167,United States Geological Survey
28266,334486N1170901W001,1308142,1990-01-05T00:00:00Z,1172.32,1172.32,0,94.65,1077.67,94.65,94.65,NA,Unknown,Water level accuracy is unknown,1,Department of Water Resources,NA,5167,United States Geological Survey
28266,334486N1170901W001,1308141,1989-12-06T00:00:00Z,1172.32,1172.32,0,94.64,1077.68,94.64,94.64,NA,Unknown,Water level accuracy is unknown,1,Department of Water Resources,NA,5167,United States Geological Survey
28266,334486N1170901W001,1308140,1989-11-07T00:00:00Z,1172.32,1172.32,0,94.62,1077.7,94.62,94.62,NA,Unknown,Water level accuracy is unknown,1,Department of Water Resources,NA,5167,United States Geological Survey
28266,334486N1170901W001,1308139,1989-10-17T00:00:00Z,1172.32,1172.32,0,94.57,1077.75,94.57,94.57,NA,Unknown,Water level accuracy is unknown,1,Department of Water Resources,NA,5167,United States Geological Survey
28266,334486N1170901W001,1308138,1989-09-05T00:00:00Z,1172.32,1172.32,0,94.98,1077.34,94.98,94.98,NA,Unknown,Water level accuracy is unknown,1,Department of Water Resources,NA,5167,United States Geological Survey
28266,334486N1170901W001,1308137,1989-08-02T00:00:00Z,1172.32,1172.32,0,94.53,1077.79,94.53,94.53,NA,Unknown,Water level accuracy is unknown,1,Department of Water Resources,NA,5167,United States Geological Survey
28266,334486N1170901W001,1308136,1989-07-05T00:00:00Z,1172.32,1172.32,0,94.53,1077.79,94.53,94.53,NA,Unknown,Water level accuracy is unknown,1,Department of Water Resources,NA,5167,United States Geological Survey
28266,334486N1170901W001,1308135,1989-06-05T00:00:00Z,1172.32,1172.32,0,94.48,1077.84,94.48,94.48,NA,Unknown,Water level accuracy is unknown,1,Department of Water Resources,NA,5167,United States Geological Survey
28266,334486N1170901W001,1308134,1989-05-03T00:00:00Z,1172.32,1172.32,0,94.47,1077.85,94.47,94.47,NA,Unknown,Water level accuracy is unknown,1,Department of Water Resources,NA,5167,United States Geological Survey
28266,334486N1170901W001,1308133,1989-04-05T00:00:00Z,1172.32,1172.32,0,94.44,1077.88,94.44,94.44,NA,Unknown,Water level accuracy is unknown,1,Department of Water Resources,NA,5167,United States Geological Survey
28266,334486N1170901W001,1308132,1989-03-01T00:00:00Z,1172.32,1172.32,0,94.4,1077.92,94.4,94.4,NA,Unknown,Water level accuracy is unknown,1,Department of Water Resources,NA,5167,United States Geological Survey
28266,334486N1170901W001,1308131,1989-02-08T00:00:00Z,1172.32,1172.32,0,94.38,1077.94,94.38,94.38,NA,Unknown,Water level accuracy is unknown,1,Department of Water Resources,NA,5167,United States Geological Survey
28266,334486N1170901W001,1308130,1989-01-05T00:00:00Z,1172.32,1172.32,0,94.31,1078.01,94.31,94.31,NA,Unknown,Water level accuracy is unknown,1,Department of Water Resources,NA,5167,United States Geological Survey
28266,334486N1170901W001,1308129,1988-12-05T00:00:00Z,1172.32,1172.32,0,94.24,1078.08,94.24,94.24,NA,Unknown,Water level accuracy is unknown,1,Department of Water Resources,NA,5167,United States Geological Survey
28266,334486N1170901W001,1308128,1988-11-01T00:00:00Z,1172.32,1172.32,0,94.23,1078.09,94.23,94.23,NA,Unknown,Water level accuracy is unknown,1,Department of Water Resources,NA,5167,United States Geological Survey
28266,334486N1170901W001,1308127,1988-10-06T00:00:00Z,1172.32,1172.32,0,94.2,1078.12,94.2,94.2,NA,Unknown,Water level accuracy is unknown,1,Department of Water Resources,NA,5167,United States Geological Survey
28266,334486N1170901W001,1308126,1988-09-01T00:00:00Z,1172.32,1172.32,0,94.17,1078.15,94.17,94.17,NA,Unknown,Water level accuracy is unknown,1,Department of Water Resources,NA,5167,United States Geological Survey
28266,334486N1170901W001,1308125,1988-08-02T00:00:00Z,1172.32,1172.32,0,94.15,1078.17,94.15,94.15,NA,Unknown,Water level accuracy is unknown,1,Department of Water Resources,NA,5167,United States Geological Survey
28266,334486N1170901W001,1308124,1988-07-06T00:00:00Z,1172.32,1172.32,0,94.13,1078.19,94.13,94.13,NA,Unknown,Water level accuracy is unknown,1,Department of Water Resources,NA,5167,United States Geological Survey
28266,334486N1170901W001,1308123,1988-06-14T00:00:00Z,1172.32,1172.32,0,94.14,1078.18,94.14,94.14,NA,Unknown,Water level accuracy is unknown,1,Department of Water Resources,NA,5167,United States Geological Survey
28266,334486N1170901W001,1308122,1988-05-16T00:00:00Z,1172.32,1172.32,0,94.08,1078.24,94.08,94.08,NA,Unknown,Water level accuracy is unknown,1,Department of Water Resources,NA,5167,United States Geological Survey
28266,334486N1170901W001,1308121,1988-04-26T00:00:00Z,1172.32,1172.32,0,94.08,1078.24,94.08,94.08,NA,Unknown,Water level accuracy is unknown,1,Department of Water Resources,NA,5167,United States Geological Survey
28266,334486N1170901W001,1308120,1988-03-25T00:00:00Z,1172.32,1172.32,0,94.02,1078.3,94.02,94.02,NA,Unknown,Water level accuracy is unknown,1,Department of Water Resources,NA,5167,United States Geological Survey
28266,334486N1170901W001,1308119,1988-02-29T00:00:00Z,1172.32,1172.32,0,94.01,1078.31,94.01,94.01,NA,Unknown,Water level accuracy is unknown,1,Department of Water Resources,NA,5167,United States Geological Survey
28266,334486N1170901W001,1308118,1988-01-29T00:00:00Z,1172.32,1172.32,0,94.02,1078.3,94.02,94.02,NA,Unknown,Water level accuracy is unknown,1,Department of Water Resources,NA,5167,United States Geological Survey
28266,334486N1170901W001,1308117,1987-12-29T00:00:00Z,1172.32,1172.32,0,93.95,1078.37,93.95,93.95,NA,Unknown,Water level accuracy is unknown,1,Department of Water Resources,NA,5167,United States Geological Survey
28266,334486N1170901W001,1308116,1987-11-25T00:00:00Z,1172.32,1172.32,0,93.94,1078.38,93.94,93.94,NA,Unknown,Water level accuracy is unknown,1,Department of Water Resources,NA,5167,United States Geological Survey
28266,334486N1170901W001,1308115,1987-10-24T00:00:00Z,1172.32,1172.32,0,93.94,1078.38,93.94,93.94,NA,Unknown,Water level accuracy is unknown,1,Department of Water Resources,NA,5167,United States Geological Survey
28266,334486N1170901W001,1308114,1987-09-21T00:00:00Z,1172.32,1172.32,0,93.89,1078.43,93.89,93.89,NA,Unknown,Water level accuracy is unknown,1,Department of Water Resources,NA,5167,United States Geological Survey
28266,334486N1170901W001,1308113,1987-03-18T00:00:00Z,1172.32,1172.32,0,93.69,1078.63,93.69,93.69,NA,Unknown,Water level accuracy is unknown,1,Department of Water Resources,NA,5167,United States Geological Survey
28266,334486N1170901W001,1308112,1986-12-09T00:00:00Z,1172.32,1172.32,0,93.41,1078.91,93.41,93.41,NA,Unknown,Water level accuracy is unknown,1,Department of Water Resources,NA,5167,United States Geological Survey
28266,334486N1170901W001,1308111,1985-12-05T00:00:00Z,1172.32,1172.32,0,91.41,1080.91,91.41,91.41,NA,Unknown,Water level accuracy is unknown,1,Department of Water Resources,NA,5167,United States Geological Survey
28266,334486N1170901W001,1308110,1985-09-13T00:00:00Z,1172.32,1172.32,0,90.34,1081.98,90.34,90.34,NA,Unknown,Water level accuracy is unknown,1,Department of Water Resources,NA,5167,United States Geological Survey
28266,334486N1170901W001,1308109,1985-06-04T00:00:00Z,1172.32,1172.32,0,88.46,1083.86,88.46,88.46,NA,Unknown,Water level accuracy is unknown,1,Department of Water Resources,NA,5167,United States Geological Survey
28266,334486N1170901W001,1308108,1985-03-14T00:00:00Z,1172.32,1172.32,0,86.42,1085.9,86.42,86.42,NA,Unknown,Water level accuracy is unknown,1,Department of Water Resources,NA,5167,United States Geological Survey
28266,334486N1170901W001,1308107,1984-12-03T00:00:00Z,1172.32,1172.32,0,84.14,1088.18,84.14,84.14,NA,Unknown,Water level accuracy is unknown,1,Department of Water Resources,NA,5167,United States Geological Survey
28266,334486N1170901W001,1308106,1984-10-01T00:00:00Z,1172.32,1172.32,0,82.86,1089.46,82.86,82.86,NA,Unknown,Water level accuracy is unknown,1,Department of Water Resources,NA,5167,United States Geological Survey
28266,334486N1170901W001,1308105,1984-06-26T00:00:00Z,1172.32,1172.32,0,81,1091.32,81,81,NA,Unknown,Water level accuracy is unknown,1,Department of Water Resources,NA,5167,United States Geological Survey
28266,334486N1170901W001,1308104,1984-03-14T00:00:00Z,1172.32,1172.32,0,79.36,1092.96,79.36,79.36,NA,Unknown,Water level accuracy is unknown,1,Department of Water Resources,NA,5167,United States Geological Survey
28266,334486N1170901W001,1308103,1983-12-07T00:00:00Z,1172.32,1172.32,0,78.45,1093.87,78.45,78.45,NA,Unknown,Water level accuracy is unknown,1,Department of Water Resources,NA,5167,United States Geological Survey
28266,334486N1170901W001,1308102,1983-10-03T00:00:00Z,1172.32,1172.32,0,77.93,1094.39,77.93,77.93,NA,Unknown,Water level accuracy is unknown,1,Department of Water Resources,NA,5167,United States Geological Survey
28266,334486N1170901W001,1308101,1983-06-27T00:00:00Z,1172.32,1172.32,0,77.78,1094.54,77.78,77.78,NA,Unknown,Water level accuracy is unknown,1,Department of Water Resources,NA,5167,United States Geological Survey
28266,334486N1170901W001,1308100,1983-03-23T00:00:00Z,1172.32,1172.32,0,79.27,1093.05,79.27,79.27,NA,Unknown,Water level accuracy is unknown,1,Department of Water Resources,NA,5167,United States Geological Survey
28266,334486N1170901W001,1308099,1982-12-01T00:00:00Z,1172.32,1172.32,0,78.39,1093.93,78.39,78.39,NA,Unknown,Water level accuracy is unknown,1,Department of Water Resources,NA,5167,United States Geological Survey
28266,334486N1170901W001,1308098,1982-08-26T00:00:00Z,1172.32,1172.32,0,76.1,1096.22,76.1,76.1,NA,Unknown,Water level accuracy is unknown,1,Department of Water Resources,NA,5167,United States Geological Survey
28266,334486N1170901W001,1308097,1982-06-30T00:00:00Z,1172.32,1172.32,0,74.9,1097.42,74.9,74.9,NA,Unknown,Water level accuracy is unknown,1,Department of Water Resources,NA,5167,United States Geological Survey
28266,334486N1170901W001,1308096,1982-04-12T00:00:00Z,1172.32,1172.32,0,73.8,1098.52,73.8,73.8,NA,Unknown,Water level accuracy is unknown,1,Department of Water Resources,NA,5167,United States Geological Survey
28266,334486N1170901W001,1308095,1982-02-26T00:00:00Z,1172.32,1172.32,0,73.3,1099.02,73.3,73.3,NA,Unknown,Water level accuracy is unknown,1,Department of Water Resources,NA,5167,United States Geological Survey
28266,334486N1170901W001,1308094,1981-11-24T00:00:00Z,1172.32,1172.32,0,70.4,1101.92,70.4,70.4,NA,Unknown,Water level accuracy is unknown,1,Department of Water Resources,NA,5167,United States Geological Survey
28266,334486N1170901W001,1308093,1981-10-14T00:00:00Z,1172.32,1172.32,0,68.95,1103.37,68.95,68.95,NA,Unknown,Water level accuracy is unknown,1,Department of Water Resources,NA,5167,United States Geological Survey
28266,334486N1170901W001,1308092,1981-09-15T00:00:00Z,1172.32,1172.32,0,67.92,1104.4,67.92,67.92,NA,Unknown,Water level accuracy is unknown,1,Department of Water Resources,NA,5167,United States Geological Survey
28266,334486N1170901W001,1308091,1981-08-04T00:00:00Z,1172.32,1172.32,0,66.48,1105.84,66.48,66.48,NA,Unknown,Water level accuracy is unknown,1,Department of Water Resources,NA,5167,United States Geological Survey
28266,334486N1170901W001,1308090,1981-07-10T00:00:00Z,1172.32,1172.32,0,65.7,1106.62,65.7,65.7,NA,Unknown,Water level accuracy is unknown,1,Department of Water Resources,NA,5167,United States Geological Survey
28266,334486N1170901W001,1308089,1981-06-04T00:00:00Z,1172.32,1172.32,0,64.57,1107.75,64.57,64.57,NA,Unknown,Water level accuracy is unknown,1,Department of Water Resources,NA,5167,United States Geological Survey
28266,334486N1170901W001,1308088,1981-04-08T00:00:00Z,1172.32,1172.32,0,63.06,1109.26,63.06,63.06,NA,Unknown,Water level accuracy is unknown,1,Department of Water Resources,NA,5167,United States Geological Survey
28266,334486N1170901W001,1308087,1981-03-10T00:00:00Z,1172.32,1172.32,0,62.32,1110,62.32,62.32,NA,Unknown,Water level accuracy is unknown,1,Department of Water Resources,NA,5167,United States Geological Survey
28266,334486N1170901W001,1308086,1981-02-18T00:00:00Z,1172.32,1172.32,0,61.71,1110.61,61.71,61.71,NA,Unknown,Water level accuracy is unknown,1,Department of Water Resources,NA,5167,United States Geological Survey
28266,334486N1170901W001,1308085,1981-01-27T00:00:00Z,1172.32,1172.32,0,61.16,1111.16,61.16,61.16,NA,Unknown,Water level accuracy is unknown,1,Department of Water Resources,NA,5167,United States Geological Survey
28266,334486N1170901W001,1308084,1980-12-10T00:00:00Z,1172.32,1172.32,0,59.72,1112.6,59.72,59.72,NA,Unknown,Water level accuracy is unknown,1,Department of Water Resources,NA,5167,United States Geological Survey
28266,334486N1170901W001,1308083,1980-11-04T00:00:00Z,1172.32,1172.32,0,58.6,1113.72,58.6,58.6,NA,Unknown,Water level accuracy is unknown,1,Department of Water Resources,NA,5167,United States Geological Survey
28266,334486N1170901W001,1308082,1980-10-07T00:00:00Z,1172.32,1172.32,0,57.76,1114.56,57.76,57.76,NA,Unknown,Water level accuracy is unknown,1,Department of Water Resources,NA,5167,United States Geological Survey
28266,334486N1170901W001,1308081,1980-09-02T00:00:00Z,1172.32,1172.32,0,56.79,1115.53,56.79,56.79,NA,Unknown,Water level accuracy is unknown,1,Department of Water Resources,NA,5167,United States Geological Survey
28266,334486N1170901W001,1308080,1980-07-31T00:00:00Z,1172.32,1172.32,0,55.93,1116.39,55.93,55.93,NA,Unknown,Water level accuracy is unknown,1,Department of Water Resources,NA,5167,United States Geological Survey
28266,334486N1170901W001,1308079,1980-06-30T00:00:00Z,1172.32,1172.32,0,55.19,1117.13,55.19,55.19,NA,Unknown,Water level accuracy is unknown,1,Department of Water Resources,NA,5167,United States Geological Survey
28266,334486N1170901W001,1308078,1980-05-14T00:00:00Z,1172.32,1172.32,0,54.47,1117.85,54.47,54.47,NA,Unknown,Water level accuracy is unknown,1,Department of Water Resources,NA,5167,United States Geological Survey
28266,334486N1170901W001,1308077,1980-04-08T00:00:00Z,1172.32,1172.32,0,54.97,1117.35,54.97,54.97,NA,Unknown,Water level accuracy is unknown,1,Department of Water Resources,NA,5167,United States Geological Survey
28266,334486N1170901W001,1308076,1980-02-29T00:00:00Z,1172.32,1172.32,0,63.58,1108.74,63.58,63.58,NA,Unknown,Water level accuracy is unknown,1,Department of Water Resources,NA,5167,United States Geological Survey
28266,334486N1170901W001,1308075,1980-01-31T00:00:00Z,1172.32,1172.32,0,78.74,1093.58,78.74,78.74,NA,Unknown,Water level accuracy is unknown,1,Department of Water Resources,NA,5167,United States Geological Survey
28266,334486N1170901W001,1308074,1979-12-26T00:00:00Z,1172.32,1172.32,0,78.44,1093.88,78.44,78.44,NA,Unknown,Water level accuracy is unknown,1,Department of Water Resources,NA,5167,United States Geological Survey
28266,334486N1170901W001,1308073,1979-11-20T00:00:00Z,1172.32,1172.32,0,78.28,1094.04,78.28,78.28,NA,Unknown,Water level accuracy is unknown,1,Department of Water Resources,NA,5167,United States Geological Survey
28266,334486N1170901W001,1308072,1979-10-15T00:00:00Z,1172.32,1172.32,0,78.25,1094.07,78.25,78.25,NA,Unknown,Water level accuracy is unknown,1,Department of Water Resources,NA,5167,United States Geological Survey
28266,334486N1170901W001,1308071,1979-09-06T00:00:00Z,1172.32,1172.32,0,78.43,1093.89,78.43,78.43,NA,Unknown,Water level accuracy is unknown,1,Department of Water Resources,NA,5167,United States Geological Survey
28266,334486N1170901W001,1308070,1979-08-09T00:00:00Z,1172.32,1172.32,0,79.68,1092.64,79.68,79.68,NA,Unknown,Water level accuracy is unknown,1,Department of Water Resources,NA,5167,United States Geological Survey
28266,334486N1170901W001,1308069,1979-07-12T00:00:00Z,1172.32,1172.32,0,79.29,1093.03,79.29,79.29,NA,Unknown,Water level accuracy is unknown,1,Department of Water Resources,NA,5167,United States Geological Survey
28266,334486N1170901W001,1308068,1979-06-12T00:00:00Z,1172.32,1172.32,0,80.1,1092.22,80.1,80.1,NA,Unknown,Water level accuracy is unknown,1,Department of Water Resources,NA,5167,United States Geological Survey
28266,334486N1170901W001,1308067,1979-05-09T00:00:00Z,1172.32,1172.32,0,81.49,1090.83,81.49,81.49,NA,Unknown,Water level accuracy is unknown,1,Department of Water Resources,NA,5167,United States Geological Survey
28266,334486N1170901W001,1308066,1979-04-11T00:00:00Z,1172.32,1172.32,0,83.16,1089.16,83.16,83.16,NA,Unknown,Water level accuracy is unknown,1,Department of Water Resources,NA,5167,United States Geological Survey
28266,334486N1170901W001,1308065,1979-03-21T00:00:00Z,1172.32,1172.32,0,83.9,1088.42,83.9,83.9,NA,Unknown,Water level accuracy is unknown,1,Department of Water Resources,NA,5167,United States Geological Survey
28266,334486N1170901W001,1308064,1979-02-06T00:00:00Z,1172.32,1172.32,0,83.93,1088.39,83.93,83.93,NA,Unknown,Water level accuracy is unknown,1,Department of Water Resources,NA,5167,United States Geological Survey
28266,334486N1170901W001,1308063,1979-01-09T00:00:00Z,1172.32,1172.32,0,83.88,1088.44,83.88,83.88,NA,Unknown,Water level accuracy is unknown,1,Department of Water Resources,NA,5167,United States Geological Survey
28266,334486N1170901W001,1308062,1978-10-03T00:00:00Z,1172.32,1172.32,0,83.06,1089.26,83.06,83.06,NA,Unknown,Water level accuracy is unknown,1,Department of Water Resources,NA,5167,United States Geological Survey
28266,334486N1170901W001,1308061,1978-09-08T00:00:00Z,1172.32,1172.32,0,82.7,1089.62,82.7,82.7,NA,Unknown,Water level accuracy is unknown,1,Department of Water Resources,NA,5167,United States Geological Survey
28266,334486N1170901W001,1308060,1978-08-03T00:00:00Z,1172.32,1172.32,0,82.03,1090.29,82.03,82.03,NA,Unknown,Water level accuracy is unknown,1,Department of Water Resources,NA,5167,United States Geological Survey
28266,334486N1170901W001,1308059,1978-03-08T00:00:00Z,1172.32,1172.32,0,92.48,1079.84,92.48,92.48,NA,Unknown,Water level accuracy is unknown,1,Department of Water Resources,NA,5167,United States Geological Survey
28266,334486N1170901W001,1308058,1978-02-17T00:00:00Z,1172.32,1172.32,0,94.82,1077.5,94.82,94.82,NA,Unknown,Water level accuracy is unknown,1,Department of Water Resources,NA,5167,United States Geological Survey
28266,334486N1170901W001,1308057,1978-01-26T00:00:00Z,1172.32,1172.32,0,94,1078.32,94,94,NA,Unknown,Water level accuracy is unknown,1,Department of Water Resources,NA,5167,United States Geological Survey
28266,334486N1170901W001,1308056,1977-12-21T00:00:00Z,1172.32,1172.32,0,94.94,1077.38,94.94,94.94,NA,Unknown,Water level accuracy is unknown,1,Department of Water Resources,NA,5167,United States Geological Survey
28266,334486N1170901W001,1308055,1977-11-22T00:00:00Z,1172.32,1172.32,0,94.86,1077.46,94.86,94.86,NA,Unknown,Water level accuracy is unknown,1,Department of Water Resources,NA,5167,United States Geological Survey
28266,334486N1170901W001,1308054,1977-09-23T00:00:00Z,1172.32,1172.32,0,94.93,1077.39,94.93,94.93,NA,Unknown,Water level accuracy is unknown,1,Department of Water Resources,NA,5167,United States Geological Survey
28266,334486N1170901W001,1308053,1977-08-26T00:00:00Z,1172.32,1172.32,0,94.85,1077.47,94.85,94.85,NA,Unknown,Water level accuracy is unknown,1,Department of Water Resources,NA,5167,United States Geological Survey
28266,334486N1170901W001,1308052,1977-07-19T00:00:00Z,1172.32,1172.32,0,94.92,1077.4,94.92,94.92,NA,Unknown,Water level accuracy is unknown,1,Department of Water Resources,NA,5167,United States Geological Survey
28266,334486N1170901W001,1308051,1977-06-15T00:00:00Z,1172.32,1172.32,0,94.74,1077.58,94.74,94.74,NA,Unknown,Water level accuracy is unknown,1,Department of Water Resources,NA,5167,United States Geological Survey
28266,334486N1170901W001,1308050,1977-05-23T00:00:00Z,1172.32,1172.32,0,94.76,1077.56,94.76,94.76,NA,Unknown,Water level accuracy is unknown,1,Department of Water Resources,NA,5167,United States Geological Survey
28266,334486N1170901W001,1308049,1977-05-02T00:00:00Z,1172.32,1172.32,0,94.76,1077.56,94.76,94.76,NA,Unknown,Water level accuracy is unknown,1,Department of Water Resources,NA,5167,United States Geological Survey
28266,334486N1170901W001,1308048,1977-03-31T00:00:00Z,1172.32,1172.32,0,94.76,1077.56,94.76,94.76,NA,Unknown,Water level accuracy is unknown,1,Department of Water Resources,NA,5167,United States Geological Survey
28266,334486N1170901W001,1308047,1977-03-07T00:00:00Z,1172.32,1172.32,0,94.7,1077.62,94.7,94.7,NA,Unknown,Water level accuracy is unknown,1,Department of Water Resources,NA,5167,United States Geological Survey
28266,334486N1170901W001,1308046,1977-02-02T00:00:00Z,1172.32,1172.32,0,94.61,1077.71,94.61,94.61,NA,Unknown,Water level accuracy is unknown,1,Department of Water Resources,NA,5167,United States Geological Survey
28266,334486N1170901W001,1308045,1976-12-28T00:00:00Z,1172.32,1172.32,0,94.71,1077.61,94.71,94.71,NA,Unknown,Water level accuracy is unknown,1,Department of Water Resources,NA,5167,United States Geological Survey
28266,334486N1170901W001,1308044,1976-12-02T00:00:00Z,1172.32,1172.32,0,94.61,1077.71,94.61,94.61,NA,Unknown,Water level accuracy is unknown,1,Department of Water Resources,NA,5167,United States Geological Survey
28266,334486N1170901W001,1308043,1976-11-03T00:00:00Z,1172.32,1172.32,0,94.58,1077.74,94.58,94.58,NA,Unknown,Water level accuracy is unknown,1,Department of Water Resources,NA,5167,United States Geological Survey
28266,334486N1170901W001,1308042,1976-10-08T00:00:00Z,1172.32,1172.32,0,94.88,1077.44,94.88,94.88,NA,Unknown,Water level accuracy is unknown,1,Department of Water Resources,NA,5167,United States Geological Survey
28266,334486N1170901W001,1308041,1976-09-13T00:00:00Z,1172.32,1172.32,0,95.04,1077.28,95.04,95.04,NA,Unknown,Water level accuracy is unknown,1,Department of Water Resources,NA,5167,United States Geological Survey
28266,334486N1170901W001,1308040,1976-08-13T00:00:00Z,1172.32,1172.32,0,94.86,1077.46,94.86,94.86,NA,Unknown,Water level accuracy is unknown,1,Department of Water Resources,NA,5167,United States Geological Survey
28266,334486N1170901W001,1308039,1976-07-15T00:00:00Z,1172.32,1172.32,0,94.89,1077.43,94.89,94.89,NA,Unknown,Water level accuracy is unknown,1,Department of Water Resources,NA,5167,United States Geological Survey
28266,334486N1170901W001,1308038,1976-06-16T00:00:00Z,1172.32,1172.32,0,94.71,1077.61,94.71,94.71,NA,Unknown,Water level accuracy is unknown,1,Department of Water Resources,NA,5167,United States Geological Survey
28266,334486N1170901W001,1308037,1976-05-20T00:00:00Z,1172.32,1172.32,0,94.65,1077.67,94.65,94.65,NA,Unknown,Water level accuracy is unknown,1,Department of Water Resources,NA,5167,United States Geological Survey
28266,334486N1170901W001,1308036,1976-04-22T00:00:00Z,1172.32,1172.32,0,94.63,1077.69,94.63,94.63,NA,Unknown,Water level accuracy is unknown,1,Department of Water Resources,NA,5167,United States Geological Survey
28266,334486N1170901W001,1308035,1976-03-24T00:00:00Z,1172.32,1172.32,0,94.58,1077.74,94.58,94.58,NA,Unknown,Water level accuracy is unknown,1,Department of Water Resources,NA,5167,United States Geological Survey
28266,334486N1170901W001,1308034,1976-02-19T00:00:00Z,1172.32,1172.32,0,94.55,1077.77,94.55,94.55,NA,Unknown,Water level accuracy is unknown,1,Department of Water Resources,NA,5167,United States Geological Survey
28266,334486N1170901W001,1308033,1976-01-13T00:00:00Z,1172.32,1172.32,0,94.56,1077.76,94.56,94.56,NA,Unknown,Water level accuracy is unknown,1,Department of Water Resources,NA,5167,United States Geological Survey
28266,334486N1170901W001,1308032,1975-12-11T00:00:00Z,1172.32,1172.32,0,94.56,1077.76,94.56,94.56,NA,Unknown,Water level accuracy is unknown,1,Department of Water Resources,NA,5167,United States Geological Survey
28266,334486N1170901W001,1308031,1975-11-07T00:00:00Z,1172.32,1172.32,0,94.53,1077.79,94.53,94.53,NA,Unknown,Water level accuracy is unknown,1,Department of Water Resources,NA,5167,United States Geological Survey
28266,334486N1170901W001,1308030,1975-09-24T00:00:00Z,1172.32,1172.32,0,94.4,1077.92,94.4,94.4,NA,Unknown,Water level accuracy is unknown,1,Department of Water Resources,NA,5167,United States Geological Survey
28266,334486N1170901W001,1308029,1975-08-25T00:00:00Z,1172.32,1172.32,0,94.51,1077.81,94.51,94.51,NA,Unknown,Water level accuracy is unknown,1,Department of Water Resources,NA,5167,United States Geological Survey
28266,334486N1170901W001,1308028,1975-07-25T00:00:00Z,1172.32,1172.32,0,94.5,1077.82,94.5,94.5,NA,Unknown,Water level accuracy is unknown,1,Department of Water Resources,NA,5167,United States Geological Survey
28266,334486N1170901W001,1308027,1975-06-27T00:00:00Z,1172.32,1172.32,0,94.5,1077.82,94.5,94.5,NA,Unknown,Water level accuracy is unknown,1,Department of Water Resources,NA,5167,United States Geological Survey
28266,334486N1170901W001,1308026,1975-05-23T00:00:00Z,1172.32,1172.32,0,94.49,1077.83,94.49,94.49,Nearby pump operating,Unknown,Water level accuracy is unknown,1,Department of Water Resources,NA,5167,United States Geological Survey
28266,334486N1170901W001,1308025,1975-04-23T00:00:00Z,1172.32,1172.32,0,95.1,1077.22,95.1,95.1,NA,Unknown,Water level accuracy is unknown,1,Department of Water Resources,NA,5167,United States Geological Survey
28266,334486N1170901W001,1308024,1975-03-27T00:00:00Z,1172.32,1172.32,0,94.47,1077.85,94.47,94.47,NA,Unknown,Water level accuracy is unknown,1,Department of Water Resources,NA,5167,United States Geological Survey
28266,334486N1170901W001,1308023,1975-02-27T00:00:00Z,1172.32,1172.32,0,94.39,1077.93,94.39,94.39,NA,Unknown,Water level accuracy is unknown,1,Department of Water Resources,NA,5167,United States Geological Survey
28266,334486N1170901W001,1308022,1975-01-29T00:00:00Z,1172.32,1172.32,0,94.49,1077.83,94.49,94.49,Nearby pump operating,Unknown,Water level accuracy is unknown,1,Department of Water Resources,NA,5167,United States Geological Survey
28266,334486N1170901W001,1308021,1974-12-26T00:00:00Z,1172.32,1172.32,0,94.38,1077.94,94.38,94.38,NA,Unknown,Water level accuracy is unknown,1,Department of Water Resources,NA,5167,United States Geological Survey
28266,334486N1170901W001,1308020,1974-01-16T00:00:00Z,1172.32,1172.32,0,94.25,1078.07,94.25,94.25,NA,Unknown,Water level accuracy is unknown,1,Department of Water Resources,NA,5167,United States Geological Survey
28266,334486N1170901W001,1308019,1973-12-21T00:00:00Z,1172.32,1172.32,0,94.19,1078.13,94.19,94.19,NA,Unknown,Water level accuracy is unknown,1,Department of Water Resources,NA,5167,United States Geological Survey
28266,334486N1170901W001,1308018,1973-12-17T00:00:00Z,1172.32,1172.32,0,94.17,1078.15,94.17,94.17,NA,Unknown,Water level accuracy is unknown,1,Department of Water Resources,NA,5167,United States Geological Survey
28266,334486N1170901W001,1308017,1973-12-14T00:00:00Z,1172.32,1172.32,0,94.18,1078.14,94.18,94.18,NA,Unknown,Water level accuracy is unknown,1,Department of Water Resources,NA,5167,United States Geological Survey
28266,334486N1170901W001,1308016,1973-12-11T00:00:00Z,1172.32,1172.32,0,94.16,1078.16,94.16,94.16,NA,Unknown,Water level accuracy is unknown,1,Department of Water Resources,NA,5167,United States Geological Survey
28266,334486N1170901W001,1308015,1973-12-07T00:00:00Z,1172.32,1172.32,0,94.14,1078.18,94.14,94.14,NA,Unknown,Water level accuracy is unknown,1,Department of Water Resources,NA,5167,United States Geological Survey
28266,334486N1170901W001,1308014,1973-12-03T00:00:00Z,1172.32,1172.32,0,94.16,1078.16,94.16,94.16,NA,Unknown,Water level accuracy is unknown,1,Department of Water Resources,NA,5167,United States Geological Survey
28266,334486N1170901W001,1308013,1973-11-29T00:00:00Z,1172.32,1172.32,0,94.12,1078.2,94.12,94.12,NA,Unknown,Water level accuracy is unknown,1,Department of Water Resources,NA,5167,United States Geological Survey
28266,334486N1170901W001,1308012,1973-11-26T00:00:00Z,1172.32,1172.32,0,94.19,1078.13,94.19,94.19,NA,Unknown,Water level accuracy is unknown,1,Department of Water Resources,NA,5167,United States Geological Survey
28266,334486N1170901W001,1308011,1973-10-24T00:00:00Z,1172.32,1172.32,0,94.05,1078.27,94.05,94.05,NA,Unknown,Water level accuracy is unknown,1,Department of Water Resources,NA,5167,United States Geological Survey
28266,334486N1170901W001,1308010,1973-10-19T00:00:00Z,1172.32,1172.32,0,94.05,1078.27,94.05,94.05,NA,Unknown,Water level accuracy is unknown,1,Department of Water Resources,NA,5167,United States Geological Survey
28266,334486N1170901W001,1308009,1973-10-16T00:00:00Z,1172.32,1172.32,0,93.99,1078.33,93.99,93.99,NA,Unknown,Water level accuracy is unknown,1,Department of Water Resources,NA,5167,United States Geological Survey
28266,334486N1170901W001,1308008,1973-10-12T00:00:00Z,1172.32,1172.32,0,94.02,1078.3,94.02,94.02,NA,Unknown,Water level accuracy is unknown,1,Department of Water Resources,NA,5167,United States Geological Survey
28266,334486N1170901W001,1308007,1973-10-10T00:00:00Z,1172.32,1172.32,0,94.03,1078.29,94.03,94.03,NA,Unknown,Water level accuracy is unknown,1,Department of Water Resources,NA,5167,United States Geological Survey
28266,334486N1170901W001,1308006,1973-03-30T00:00:00Z,1172.32,1172.32,0,95.56,1076.76,95.56,95.56,NA,Unknown,Water level accuracy is unknown,1,Department of Water Resources,NA,5167,United States Geological Survey
28266,334486N1170901W001,1308005,1972-08-16T00:00:00Z,1172.32,1172.32,0,93.58,1078.74,93.58,93.58,NA,Unknown,Water level accuracy is unknown,1,Department of Water Resources,NA,5167,United States Geological Survey
28266,334486N1170901W001,1308004,1972-08-12T00:00:00Z,1172.32,1172.32,0,93.58,1078.74,93.58,93.58,NA,Unknown,Water level accuracy is unknown,1,Department of Water Resources,NA,5167,United States Geological Survey
