STN_ID,SITE_CODE,WLM_ID,MSMT_DATE,WLM_RPE,WLM_GSE,RDNG_WS,RDNG_RP,WSE,RPE_WSE,GSE_WSE,WLM_QA_DESC,WLM_DESC,WLM_ACC_DESC,WLM_ORG_ID,WLM_ORG_NAME,MSMT_CMT,COOP_AGENCY_ORG_ID,COOP_ORG_NAME
2902,342958N1189387W002,2631192,2020-04-13T00:00:00Z,575.255,574.005,NA,NA,NA,NA,NA,Temporarily inaccessible,NA,NA,6621,Fox Canyon Groundwater Management Agency GSA - Las Posas Valley,No site access,5029,"County of Ventura, Watershed Protection District"
2902,342958N1189387W002,2485434,2019-09-30T00:00:00Z,575.255,574.005,0,389.6,185.655,389.6,388.35,Acoustical sounder,Acoustic or sonic sounder,Water level accuracy to nearest tenth of a foot,5029,"County of Ventura, Watershed Protection District",NA,5029,"County of Ventura, Watershed Protection District"
2902,342958N1189387W002,2485419,2019-06-18T00:00:00Z,575.255,574.005,0,416.4,158.855,416.4,415.15,Acoustical sounder,Acoustic or sonic sounder,Water level accuracy to nearest tenth of a foot,5029,"County of Ventura, Watershed Protection District",NA,5029,"County of Ventura, Watershed Protection District"
2902,342958N1189387W002,2458149,2019-03-26T00:00:00Z,575.255,574.005,NA,NA,NA,NA,NA,Special/Other,NA,NA,5029,"County of Ventura, Watershed Protection District",could not access casing to measure with meter,5029,"County of Ventura, Watershed Protection District"
2902,342958N1189387W002,2458003,2018-12-27T00:00:00Z,575.255,574.005,NA,NA,NA,NA,NA,Special/Other,NA,NA,5029,"County of Ventura, Watershed Protection District",could not access casing to measure with meter,5029,"County of Ventura, Watershed Protection District"
2902,342958N1189387W002,2417742,2018-10-16T00:00:00Z,575.255,574.005,NA,NA,NA,NA,NA,Special/Other,NA,NA,5029,"County of Ventura, Watershed Protection District",meter would not stabilize,5029,"County of Ventura, Watershed Protection District"
2902,342958N1189387W002,2417723,2018-06-18T00:00:00Z,575.255,574.005,NA,NA,NA,NA,NA,Special/Other,NA,NA,5029,"County of Ventura, Watershed Protection District",meter would not stabilize,5029,"County of Ventura, Watershed Protection District"
2902,342958N1189387W002,2288483,2018-03-08T00:00:00Z,575.255,574.005,NA,NA,NA,NA,NA,Special/Other,NA,NA,5029,"County of Ventura, Watershed Protection District",meter would not stabilize,5029,"County of Ventura, Watershed Protection District"
2902,342958N1189387W002,2288562,2017-12-13T00:00:00Z,575.255,574.005,0,430.2,145.055,430.2,428.95,Acoustical sounder,Acoustic or sonic sounder,Water level accuracy to nearest tenth of a foot,5029,"County of Ventura, Watershed Protection District",NA,5029,"County of Ventura, Watershed Protection District"
2902,342958N1189387W002,2269811,2017-09-12T00:00:00Z,575.255,574.005,0,429.3,145.955,429.3,428.05,Acoustical sounder,Acoustic or sonic sounder,Water level accuracy to nearest tenth of a foot,5029,"County of Ventura, Watershed Protection District",NA,5029,"County of Ventura, Watershed Protection District"
2902,342958N1189387W002,2269810,2017-06-12T00:00:00Z,575.255,574.005,0,417,158.255,417,415.75,Acoustical sounder,Acoustic or sonic sounder,Water level accuracy to nearest tenth of a foot,5029,"County of Ventura, Watershed Protection District",NA,5029,"County of Ventura, Watershed Protection District"
2902,342958N1189387W002,2242298,2017-03-10T00:00:00Z,575.255,574.005,0,422,153.255,422,420.75,Acoustical sounder,Acoustic or sonic sounder,Water level accuracy to nearest tenth of a foot,5029,"County of Ventura, Watershed Protection District",NA,5029,"County of Ventura, Watershed Protection District"
2902,342958N1189387W002,2242283,2016-12-12T00:00:00Z,575.255,574.005,0,426,149.255,426,424.75,Acoustical sounder,Acoustic or sonic sounder,Water level accuracy to nearest tenth of a foot,5029,"County of Ventura, Watershed Protection District",NA,5029,"County of Ventura, Watershed Protection District"
2902,342958N1189387W002,2217950,2016-09-14T00:00:00Z,575.255,574.005,0,440.8,134.455,440.8,439.55,Acoustical sounder,Acoustic or sonic sounder,Water level accuracy to nearest tenth of a foot,5029,"County of Ventura, Watershed Protection District",NA,5029,"County of Ventura, Watershed Protection District"
2902,342958N1189387W002,2217941,2016-06-22T00:00:00Z,575.255,574.005,0,436.7,138.555,436.7,435.45,Acoustical sounder,Acoustic or sonic sounder,Water level accuracy to nearest tenth of a foot,5029,"County of Ventura, Watershed Protection District",NA,5029,"County of Ventura, Watershed Protection District"
2902,342958N1189387W002,2190354,2016-03-03T00:00:00Z,575.255,574.005,0,432.3,142.955,432.3,431.05,Acoustical sounder,Acoustic or sonic sounder,Water level accuracy to nearest tenth of a foot,5029,"County of Ventura, Watershed Protection District",NA,5029,"County of Ventura, Watershed Protection District"
2902,342958N1189387W002,2190296,2015-12-21T00:00:00Z,575.255,574.005,0,430.3,144.955,430.3,429.05,Acoustical sounder,Acoustic or sonic sounder,Water level accuracy to nearest tenth of a foot,5029,"County of Ventura, Watershed Protection District",NA,5029,"County of Ventura, Watershed Protection District"
2902,342958N1189387W002,2169344,2015-10-29T00:00:00Z,575.255,574.005,0,436.1,139.155,436.1,434.85,NA,Acoustic or sonic sounder,Water level accuracy to nearest tenth of a foot,5029,"County of Ventura, Watershed Protection District",NA,5029,"County of Ventura, Watershed Protection District"
2902,342958N1189387W002,2169165,2015-06-04T00:00:00Z,575.255,574.005,0,431.3,143.955,431.3,430.05,Nearby pump operating,Acoustic or sonic sounder,Water level accuracy to nearest tenth of a foot,5029,"County of Ventura, Watershed Protection District",NA,5029,"County of Ventura, Watershed Protection District"
2902,342958N1189387W002,2120507,2015-03-09T00:00:00Z,575.255,574.005,0,417.1,158.155,417.1,415.85,NA,Acoustic or sonic sounder,Water level accuracy to nearest tenth of a foot,5029,"County of Ventura, Watershed Protection District",NA,5029,"County of Ventura, Watershed Protection District"
2902,342958N1189387W002,2120455,2014-12-19T00:00:00Z,575.255,574.005,0,419.4,155.855,419.4,418.15,NA,Acoustic or sonic sounder,Water level accuracy to nearest tenth of a foot,5029,"County of Ventura, Watershed Protection District",NA,5029,"County of Ventura, Watershed Protection District"
2902,342958N1189387W002,2027085,2014-09-22T00:00:00Z,575.255,574.005,0,445.4,129.855,445.4,444.15,NA,Acoustic or sonic sounder,Water level accuracy to nearest tenth of a foot,5029,"County of Ventura, Watershed Protection District",NA,5029,"County of Ventura, Watershed Protection District"
2902,342958N1189387W002,1994767,2014-06-09T00:00:00Z,575.255,574.005,0,415.7,159.555,415.7,414.45,NA,Acoustic or sonic sounder,Water level accuracy to nearest tenth of a foot,5029,"County of Ventura, Watershed Protection District",NA,5029,"County of Ventura, Watershed Protection District"
2902,342958N1189387W002,1884841,2014-03-10T00:00:00Z,575.255,574.005,0,427.8,147.455,427.8,426.55,NA,Acoustic or sonic sounder,Water level accuracy to nearest tenth of a foot,5029,"County of Ventura, Watershed Protection District",NA,5029,"County of Ventura, Watershed Protection District"
2902,342958N1189387W002,1821579,2013-12-18T00:00:00Z,575.255,574.005,0,435.2,140.055,435.2,433.95,NA,Acoustic or sonic sounder,Water level accuracy to nearest tenth of a foot,5029,"County of Ventura, Watershed Protection District",NA,5029,"County of Ventura, Watershed Protection District"
2902,342958N1189387W002,1817075,2013-09-13T00:00:00Z,575.255,574.005,0,437,138.255,437,435.75,NA,Acoustic or sonic sounder,Water level accuracy to nearest tenth of a foot,5029,"County of Ventura, Watershed Protection District",NA,5029,"County of Ventura, Watershed Protection District"
2902,342958N1189387W002,1733541,2013-06-10T00:00:00Z,575.255,574.005,0,429.2,146.055,429.2,427.95,NA,Acoustic or sonic sounder,Water level accuracy to nearest tenth of a foot,5029,"County of Ventura, Watershed Protection District",NA,5029,"County of Ventura, Watershed Protection District"
2902,342958N1189387W002,1733364,2013-03-14T00:00:00Z,575.255,574.005,0,421.2,154.055,421.2,419.95,NA,Acoustic or sonic sounder,Water level accuracy to nearest tenth of a foot,5029,"County of Ventura, Watershed Protection District",NA,5029,"County of Ventura, Watershed Protection District"
2902,342958N1189387W002,90942,2012-12-17T00:00:00Z,575.255,574.005,0,417.3,157.955,417.3,416.05,NA,Acoustic or sonic sounder,Water level accuracy to nearest tenth of a foot,5029,"County of Ventura, Watershed Protection District",NA,5029,"County of Ventura, Watershed Protection District"
2902,342958N1189387W002,90943,2012-09-19T00:00:00Z,575.255,574.005,0,430.7,144.555,430.7,429.45,NA,Acoustic or sonic sounder,Water level accuracy to nearest tenth of a foot,5029,"County of Ventura, Watershed Protection District",NA,5029,"County of Ventura, Watershed Protection District"
2902,342958N1189387W002,90944,2012-06-06T00:00:00Z,575.255,574.005,0,431.1,144.155,431.1,429.85,Nearby pump operating,Acoustic or sonic sounder,Water level accuracy to nearest tenth of a foot,5029,"County of Ventura, Watershed Protection District",NA,5029,"County of Ventura, Watershed Protection District"
2902,342958N1189387W002,58017,2012-03-28T00:00:00Z,575.255,574.005,0,416.5,158.755,416.5,415.25,NA,Acoustic or sonic sounder,Water level accuracy to nearest tenth of a foot,5029,"County of Ventura, Watershed Protection District",NA,5029,"County of Ventura, Watershed Protection District"
2902,342958N1189387W002,27879,2011-12-27T00:00:00Z,575.255,574.005,0,431.8,143.455,431.8,430.55,Acoustical sounder,Acoustic or sonic sounder,Water level accuracy to nearest tenth of a foot,5029,"County of Ventura, Watershed Protection District",NA,5029,"County of Ventura, Watershed Protection District"
2902,342958N1189387W002,27877,2011-09-16T00:00:00Z,575.255,574.005,0,442.8,132.455,442.8,441.55,Acoustical sounder,Acoustic or sonic sounder,Water level accuracy to nearest tenth of a foot,5029,"County of Ventura, Watershed Protection District",NA,5029,"County of Ventura, Watershed Protection District"
2902,342958N1189387W002,27878,2011-06-28T00:00:00Z,575.255,574.005,0,446.8,128.455,446.8,445.55,Acoustical sounder,Acoustic or sonic sounder,Water level accuracy to nearest tenth of a foot,5029,"County of Ventura, Watershed Protection District",NA,5029,"County of Ventura, Watershed Protection District"
2902,342958N1189387W002,27876,2011-03-07T00:00:00Z,575.255,574.005,0,432.7,142.555,432.7,431.45,Acoustical sounder,Acoustic or sonic sounder,Water level accuracy to nearest tenth of a foot,5029,"County of Ventura, Watershed Protection District",NA,5029,"County of Ventura, Watershed Protection District"
