STN_ID,SITE_CODE,WLM_ID,MSMT_DATE,WLM_RPE,WLM_GSE,RDNG_WS,RDNG_RP,WSE,RPE_WSE,GSE_WSE,WLM_QA_DESC,WLM_DESC,WLM_ACC_DESC,WLM_ORG_ID,WLM_ORG_NAME,MSMT_CMT,COOP_AGENCY_ORG_ID,COOP_ORG_NAME
29352,374191N1208299W001,1419955,1980-02-05T00:00:00Z,99.12,99.32,0,7.9,91.22,7.9,8.1,NA,Unknown,Water level accuracy is unknown,1,Department of Water Resources,NA,1088,TURLOCK IRRIGATION DISTRICT
29352,374191N1208299W001,1419954,1979-02-01T00:00:00Z,99.12,99.32,0,8,91.12,8,8.2,NA,Unknown,Water level accuracy is unknown,1,Department of Water Resources,NA,1088,TURLOCK IRRIGATION DISTRICT
29352,374191N1208299W001,1419953,1979-01-01T00:00:00Z,99.12,99.32,0,6.3,92.82,6.3,6.5,NA,Unknown,Water level accuracy is unknown,1,Department of Water Resources,NA,1088,TURLOCK IRRIGATION DISTRICT
29352,374191N1208299W001,1419952,1978-10-03T00:00:00Z,99.12,99.32,0,8.9,90.22,8.9,9.1,NA,Unknown,Water level accuracy is unknown,1,Department of Water Resources,NA,1088,TURLOCK IRRIGATION DISTRICT
29352,374191N1208299W001,1419951,1978-03-01T00:00:00Z,99.12,99.32,NA,NA,NA,NA,NA,Dry well,NA,NA,1,Department of Water Resources,NA,1088,TURLOCK IRRIGATION DISTRICT
29352,374191N1208299W001,1419950,1977-11-01T00:00:00Z,99.12,99.32,NA,NA,NA,NA,NA,Dry well,NA,NA,1,Department of Water Resources,NA,1088,TURLOCK IRRIGATION DISTRICT
29352,374191N1208299W001,1419949,1977-02-01T00:00:00Z,99.12,99.32,0,8.6,90.52,8.6,8.8,NA,Unknown,Water level accuracy is unknown,1,Department of Water Resources,NA,1088,TURLOCK IRRIGATION DISTRICT
29352,374191N1208299W001,1419948,1976-11-01T00:00:00Z,99.12,99.32,0,9.8,89.32,9.8,10,NA,Unknown,Water level accuracy is unknown,1,Department of Water Resources,NA,1088,TURLOCK IRRIGATION DISTRICT
29352,374191N1208299W001,1419947,1976-02-03T00:00:00Z,99.12,99.32,0,9.2,89.92,9.2,9.4,NA,Unknown,Water level accuracy is unknown,1,Department of Water Resources,NA,1088,TURLOCK IRRIGATION DISTRICT
29352,374191N1208299W001,1419946,1975-03-05T00:00:00Z,99.12,99.32,0,7.4,91.72,7.4,7.6,NA,Unknown,Water level accuracy is unknown,1,Department of Water Resources,NA,1088,TURLOCK IRRIGATION DISTRICT
29352,374191N1208299W001,1419945,1974-03-01T00:00:00Z,99.12,99.32,0,9,90.12,9,9.2,NA,Unknown,Water level accuracy is unknown,1,Department of Water Resources,NA,1088,TURLOCK IRRIGATION DISTRICT
29352,374191N1208299W001,1419944,1973-03-05T00:00:00Z,99.12,99.32,0,11.5,87.62,11.5,11.7,NA,Unknown,Water level accuracy is unknown,1,Department of Water Resources,NA,1088,TURLOCK IRRIGATION DISTRICT
29352,374191N1208299W001,1419943,1972-03-01T00:00:00Z,99.12,99.32,0,11.1,88.02,11.1,11.3,NA,Unknown,Water level accuracy is unknown,1,Department of Water Resources,NA,1088,TURLOCK IRRIGATION DISTRICT
29352,374191N1208299W001,1419942,1971-03-01T00:00:00Z,99.12,99.32,0,8.5,90.62,8.5,8.7,NA,Unknown,Water level accuracy is unknown,1,Department of Water Resources,NA,1088,TURLOCK IRRIGATION DISTRICT
29352,374191N1208299W001,1419941,1970-10-01T00:00:00Z,99.12,99.32,0,10.7,88.42,10.7,10.9,NA,Unknown,Water level accuracy is unknown,1,Department of Water Resources,NA,1088,TURLOCK IRRIGATION DISTRICT
29352,374191N1208299W001,1419940,1970-03-02T00:00:00Z,99.12,99.32,0,9.1,90.02,9.1,9.3,NA,Unknown,Water level accuracy is unknown,1,Department of Water Resources,NA,1088,TURLOCK IRRIGATION DISTRICT
29352,374191N1208299W001,1419939,1969-03-03T00:00:00Z,99.12,99.32,0,8.3,90.82,8.3,8.5,NA,Unknown,Water level accuracy is unknown,1,Department of Water Resources,NA,1088,TURLOCK IRRIGATION DISTRICT
29352,374191N1208299W001,1419938,1968-03-05T00:00:00Z,99.12,99.32,0,8.5,90.62,8.5,8.7,NA,Unknown,Water level accuracy is unknown,1,Department of Water Resources,NA,1088,TURLOCK IRRIGATION DISTRICT
29352,374191N1208299W001,1419937,1967-04-01T00:00:00Z,99.12,99.32,0,9.4,89.72,9.4,9.6,NA,Unknown,Water level accuracy is unknown,1,Department of Water Resources,NA,1088,TURLOCK IRRIGATION DISTRICT
29352,374191N1208299W001,1419936,1966-03-01T00:00:00Z,99.12,99.32,0,5.5,93.62,5.5,5.7,NA,Unknown,Water level accuracy is unknown,1,Department of Water Resources,NA,1088,TURLOCK IRRIGATION DISTRICT
29352,374191N1208299W001,1419935,1965-03-01T00:00:00Z,99.12,99.32,0,7.9,91.22,7.9,8.1,NA,Unknown,Water level accuracy is unknown,1,Department of Water Resources,NA,1088,TURLOCK IRRIGATION DISTRICT
29352,374191N1208299W001,1419934,1964-03-01T00:00:00Z,99.12,99.32,0,7,92.12,7,7.2,NA,Unknown,Water level accuracy is unknown,1,Department of Water Resources,NA,1088,TURLOCK IRRIGATION DISTRICT
29352,374191N1208299W001,1419933,1963-10-01T00:00:00Z,99.12,99.32,0,4.1,95.02,4.1,4.3,NA,Unknown,Water level accuracy is unknown,1,Department of Water Resources,NA,1088,TURLOCK IRRIGATION DISTRICT
29352,374191N1208299W001,1419932,1963-03-04T00:00:00Z,99.12,99.32,0,5.6,93.52,5.6,5.8,NA,Unknown,Water level accuracy is unknown,1,Department of Water Resources,NA,1088,TURLOCK IRRIGATION DISTRICT
29352,374191N1208299W001,1419931,1962-03-01T00:00:00Z,99.12,99.32,0,9.6,89.52,9.6,9.8,NA,Unknown,Water level accuracy is unknown,1,Department of Water Resources,NA,1088,TURLOCK IRRIGATION DISTRICT
29352,374191N1208299W001,1419930,1961-03-03T00:00:00Z,99.12,99.32,0,9.2,89.92,9.2,9.4,NA,Unknown,Water level accuracy is unknown,1,Department of Water Resources,NA,1088,TURLOCK IRRIGATION DISTRICT
29352,374191N1208299W001,1419929,1961-02-03T00:00:00Z,99.12,99.32,0,9.7,89.42,9.7,9.9,NA,Unknown,Water level accuracy is unknown,1,Department of Water Resources,NA,1088,TURLOCK IRRIGATION DISTRICT
29352,374191N1208299W001,1419928,1961-01-05T00:00:00Z,99.12,99.32,NA,NA,NA,NA,NA,Dry well,NA,NA,1,Department of Water Resources,NA,1088,TURLOCK IRRIGATION DISTRICT
29352,374191N1208299W001,1419927,1960-12-02T00:00:00Z,99.12,99.32,NA,NA,NA,NA,NA,Dry well,NA,NA,1,Department of Water Resources,NA,1088,TURLOCK IRRIGATION DISTRICT
29352,374191N1208299W001,1419926,1960-11-03T00:00:00Z,99.12,99.32,0,9.2,89.92,9.2,9.4,NA,Unknown,Water level accuracy is unknown,1,Department of Water Resources,NA,1088,TURLOCK IRRIGATION DISTRICT
29352,374191N1208299W001,1419925,1960-10-05T00:00:00Z,99.12,99.32,0,8,91.12,8,8.2,NA,Unknown,Water level accuracy is unknown,1,Department of Water Resources,NA,1088,TURLOCK IRRIGATION DISTRICT
29352,374191N1208299W001,1419924,1960-09-02T00:00:00Z,99.12,99.32,0,7.6,91.52,7.6,7.8,NA,Unknown,Water level accuracy is unknown,1,Department of Water Resources,NA,1088,TURLOCK IRRIGATION DISTRICT
29352,374191N1208299W001,1419923,1960-08-03T00:00:00Z,99.12,99.32,0,7.9,91.22,7.9,8.1,NA,Unknown,Water level accuracy is unknown,1,Department of Water Resources,NA,1088,TURLOCK IRRIGATION DISTRICT
29352,374191N1208299W001,1419922,1960-07-01T00:00:00Z,99.12,99.32,0,6.5,92.62,6.5,6.7,NA,Unknown,Water level accuracy is unknown,1,Department of Water Resources,NA,1088,TURLOCK IRRIGATION DISTRICT
29352,374191N1208299W001,1419921,1960-06-03T00:00:00Z,99.12,99.32,0,6.1,93.02,6.1,6.3,NA,Unknown,Water level accuracy is unknown,1,Department of Water Resources,NA,1088,TURLOCK IRRIGATION DISTRICT
29352,374191N1208299W001,1419920,1960-05-05T00:00:00Z,99.12,99.32,0,5.5,93.62,5.5,5.7,NA,Unknown,Water level accuracy is unknown,1,Department of Water Resources,NA,1088,TURLOCK IRRIGATION DISTRICT
29352,374191N1208299W001,1419919,1960-04-06T00:00:00Z,99.12,99.32,0,6.1,93.02,6.1,6.3,NA,Unknown,Water level accuracy is unknown,1,Department of Water Resources,NA,1088,TURLOCK IRRIGATION DISTRICT
29352,374191N1208299W001,1419918,1960-03-03T00:00:00Z,99.12,99.32,0,7.6,91.52,7.6,7.8,NA,Unknown,Water level accuracy is unknown,1,Department of Water Resources,NA,1088,TURLOCK IRRIGATION DISTRICT
29352,374191N1208299W001,1419917,1960-02-04T00:00:00Z,99.12,99.32,0,8.6,90.52,8.6,8.8,NA,Unknown,Water level accuracy is unknown,1,Department of Water Resources,NA,1088,TURLOCK IRRIGATION DISTRICT
29352,374191N1208299W001,1419916,1960-01-06T00:00:00Z,99.12,99.32,0,8.8,90.32,8.8,9,NA,Unknown,Water level accuracy is unknown,1,Department of Water Resources,NA,1088,TURLOCK IRRIGATION DISTRICT
29352,374191N1208299W001,1419915,1959-12-03T00:00:00Z,99.12,99.32,0,8.5,90.62,8.5,8.7,NA,Unknown,Water level accuracy is unknown,1,Department of Water Resources,NA,1088,TURLOCK IRRIGATION DISTRICT
29352,374191N1208299W001,1419914,1959-10-02T00:00:00Z,99.12,99.32,0,6.9,92.22,6.9,7.1,NA,Unknown,Water level accuracy is unknown,1,Department of Water Resources,NA,1088,TURLOCK IRRIGATION DISTRICT
29352,374191N1208299W001,1419913,1959-03-04T00:00:00Z,99.12,99.32,0,6.5,92.62,6.5,6.7,NA,Unknown,Water level accuracy is unknown,1,Department of Water Resources,NA,1088,TURLOCK IRRIGATION DISTRICT
29352,374191N1208299W001,1419912,1959-01-07T00:00:00Z,99.12,99.32,0,5.4,93.72,5.4,5.6,NA,Unknown,Water level accuracy is unknown,1,Department of Water Resources,NA,1088,TURLOCK IRRIGATION DISTRICT
29352,374191N1208299W001,1419911,1958-10-03T00:00:00Z,99.12,99.32,0,5.1,94.02,5.1,5.3,NA,Unknown,Water level accuracy is unknown,1,Department of Water Resources,NA,1088,TURLOCK IRRIGATION DISTRICT
29352,374191N1208299W001,1419910,1958-04-05T00:00:00Z,99.12,99.32,0,3.6,95.52,3.6,3.8,NA,Unknown,Water level accuracy is unknown,1,Department of Water Resources,NA,1088,TURLOCK IRRIGATION DISTRICT
29352,374191N1208299W001,1419909,1958-03-05T00:00:00Z,99.12,99.32,0,6.1,93.02,6.1,6.3,NA,Unknown,Water level accuracy is unknown,1,Department of Water Resources,NA,1088,TURLOCK IRRIGATION DISTRICT
