STN_ID,SITE_CODE,WLM_ID,MSMT_DATE,WLM_RPE,WLM_GSE,RDNG_WS,RDNG_RP,WSE,RPE_WSE,GSE_WSE,WLM_QA_DESC,WLM_DESC,WLM_ACC_DESC,WLM_ORG_ID,WLM_ORG_NAME,MSMT_CMT,COOP_AGENCY_ORG_ID,COOP_ORG_NAME
29420,342575N1191526W001,1665089,1970-12-08T00:00:00Z,117.03,117.03,0,64.5,52.53,64.5,64.5,NA,Unknown,Water level accuracy is unknown,1,Department of Water Resources,NA,1082,VENTURA COUNTY FLOOD CONTROL DISTRICT
29420,342575N1191526W001,1665088,1970-10-06T00:00:00Z,117.03,117.03,0,57.7,59.33,57.7,57.7,NA,Unknown,Water level accuracy is unknown,1,Department of Water Resources,NA,1082,VENTURA COUNTY FLOOD CONTROL DISTRICT
29420,342575N1191526W001,1665087,1970-07-21T00:00:00Z,117.03,117.03,0,45.5,71.53,45.5,45.5,NA,Unknown,Water level accuracy is unknown,1,Department of Water Resources,NA,1082,VENTURA COUNTY FLOOD CONTROL DISTRICT
29420,342575N1191526W001,1665086,1970-05-25T00:00:00Z,117.03,117.03,0,42.7,74.33,42.7,42.7,NA,Unknown,Water level accuracy is unknown,1,Department of Water Resources,NA,1082,VENTURA COUNTY FLOOD CONTROL DISTRICT
29420,342575N1191526W001,1665085,1970-04-01T00:00:00Z,117.03,117.03,0,40.7,76.33,40.7,40.7,NA,Unknown,Water level accuracy is unknown,1,Department of Water Resources,NA,1082,VENTURA COUNTY FLOOD CONTROL DISTRICT
29420,342575N1191526W001,1665084,1970-01-22T00:00:00Z,117.03,117.03,0,42.5,74.53,42.5,42.5,NA,Unknown,Water level accuracy is unknown,1,Department of Water Resources,NA,1082,VENTURA COUNTY FLOOD CONTROL DISTRICT
29420,342575N1191526W001,1665083,1969-12-10T00:00:00Z,117.03,117.03,0,45,72.03,45,45,NA,Unknown,Water level accuracy is unknown,1,Department of Water Resources,NA,1082,VENTURA COUNTY FLOOD CONTROL DISTRICT
29420,342575N1191526W001,1665082,1969-07-30T00:00:00Z,117.03,117.03,0,65.5,51.53,65.5,65.5,NA,Unknown,Water level accuracy is unknown,1,Department of Water Resources,NA,1082,VENTURA COUNTY FLOOD CONTROL DISTRICT
29420,342575N1191526W001,1665081,1969-05-28T00:00:00Z,117.03,117.03,0,60.7,56.33,60.7,60.7,NA,Unknown,Water level accuracy is unknown,1,Department of Water Resources,NA,1082,VENTURA COUNTY FLOOD CONTROL DISTRICT
29420,342575N1191526W001,1665080,1969-04-17T00:00:00Z,117.03,117.03,0,70.4,46.63,70.4,70.4,NA,Unknown,Water level accuracy is unknown,1,Department of Water Resources,NA,1082,VENTURA COUNTY FLOOD CONTROL DISTRICT
29420,342575N1191526W001,1665079,1969-02-18T00:00:00Z,117.03,117.03,0,94,23.03,94,94,NA,Unknown,Water level accuracy is unknown,1,Department of Water Resources,NA,1082,VENTURA COUNTY FLOOD CONTROL DISTRICT
29420,342575N1191526W001,1665078,1968-12-18T00:00:00Z,117.03,117.03,0,96,21.03,96,96,NA,Unknown,Water level accuracy is unknown,1,Department of Water Resources,NA,1082,VENTURA COUNTY FLOOD CONTROL DISTRICT
29420,342575N1191526W001,1665077,1968-05-16T00:00:00Z,117.03,117.03,0,107,10.03,107,107,NA,Unknown,Water level accuracy is unknown,1,Department of Water Resources,NA,1082,VENTURA COUNTY FLOOD CONTROL DISTRICT
29420,342575N1191526W001,1665076,1968-02-21T00:00:00Z,117.03,117.03,0,84,33.03,84,84,NA,Unknown,Water level accuracy is unknown,1,Department of Water Resources,NA,1082,VENTURA COUNTY FLOOD CONTROL DISTRICT
29420,342575N1191526W001,1665075,1967-06-02T00:00:00Z,117.03,117.03,0,71,46.03,71,71,NA,Unknown,Water level accuracy is unknown,1,Department of Water Resources,NA,1082,VENTURA COUNTY FLOOD CONTROL DISTRICT
29420,342575N1191526W001,1665074,1967-04-11T00:00:00Z,117.03,117.03,0,83,34.03,83,83,NA,Unknown,Water level accuracy is unknown,1,Department of Water Resources,NA,1082,VENTURA COUNTY FLOOD CONTROL DISTRICT
29420,342575N1191526W001,1665073,1966-10-11T00:00:00Z,117.03,117.03,0,117.3,-0.27,117.3,117.3,NA,Unknown,Water level accuracy is unknown,1,Department of Water Resources,NA,1082,VENTURA COUNTY FLOOD CONTROL DISTRICT
29420,342575N1191526W001,1665072,1966-06-28T00:00:00Z,117.03,117.03,0,105,12.03,105,105,NA,Unknown,Water level accuracy is unknown,1,Department of Water Resources,NA,1082,VENTURA COUNTY FLOOD CONTROL DISTRICT
29420,342575N1191526W001,1665071,1966-02-04T00:00:00Z,117.03,117.03,0,105,12.03,105,105,NA,Unknown,Water level accuracy is unknown,1,Department of Water Resources,NA,1082,VENTURA COUNTY FLOOD CONTROL DISTRICT
29420,342575N1191526W001,1665070,1965-12-28T00:00:00Z,117.03,117.03,0,134.3,-17.27,134.3,134.3,NA,Unknown,Water level accuracy is unknown,1,Department of Water Resources,NA,1082,VENTURA COUNTY FLOOD CONTROL DISTRICT
29420,342575N1191526W001,1665069,1965-11-30T00:00:00Z,117.03,117.03,0,135,-17.97,135,135,NA,Unknown,Water level accuracy is unknown,1,Department of Water Resources,NA,1082,VENTURA COUNTY FLOOD CONTROL DISTRICT
29420,342575N1191526W001,1665068,1965-07-28T00:00:00Z,117.03,117.03,0,135.5,-18.47,135.5,135.5,NA,Unknown,Water level accuracy is unknown,1,Department of Water Resources,NA,1082,VENTURA COUNTY FLOOD CONTROL DISTRICT
29420,342575N1191526W001,1665067,1965-06-29T00:00:00Z,117.03,117.03,0,135.5,-18.47,135.5,135.5,NA,Unknown,Water level accuracy is unknown,1,Department of Water Resources,NA,1082,VENTURA COUNTY FLOOD CONTROL DISTRICT
29420,342575N1191526W001,1665066,1965-04-27T00:00:00Z,117.03,117.03,0,131,-13.97,131,131,NA,Unknown,Water level accuracy is unknown,1,Department of Water Resources,NA,1082,VENTURA COUNTY FLOOD CONTROL DISTRICT
29420,342575N1191526W001,1665065,1964-12-29T00:00:00Z,117.03,117.03,0,136,-18.97,136,136,NA,Unknown,Water level accuracy is unknown,1,Department of Water Resources,NA,1082,VENTURA COUNTY FLOOD CONTROL DISTRICT
29420,342575N1191526W001,1665064,1964-11-24T00:00:00Z,117.03,117.03,0,136,-18.97,136,136,NA,Unknown,Water level accuracy is unknown,1,Department of Water Resources,NA,1082,VENTURA COUNTY FLOOD CONTROL DISTRICT
29420,342575N1191526W001,1665063,1964-09-29T00:00:00Z,117.03,117.03,0,138,-20.97,138,138,NA,Unknown,Water level accuracy is unknown,1,Department of Water Resources,NA,1082,VENTURA COUNTY FLOOD CONTROL DISTRICT
29420,342575N1191526W001,1665062,1964-08-25T00:00:00Z,117.03,117.03,0,137.5,-20.47,137.5,137.5,NA,Unknown,Water level accuracy is unknown,1,Department of Water Resources,NA,1082,VENTURA COUNTY FLOOD CONTROL DISTRICT
29420,342575N1191526W001,1665061,1964-07-28T00:00:00Z,117.03,117.03,0,129.2,-12.17,129.2,129.2,NA,Unknown,Water level accuracy is unknown,1,Department of Water Resources,NA,1082,VENTURA COUNTY FLOOD CONTROL DISTRICT
29420,342575N1191526W001,1665060,1964-04-28T00:00:00Z,117.03,117.03,0,128.5,-11.47,128.5,128.5,NA,Unknown,Water level accuracy is unknown,1,Department of Water Resources,NA,1082,VENTURA COUNTY FLOOD CONTROL DISTRICT
29420,342575N1191526W001,1665059,1964-02-25T00:00:00Z,117.03,117.03,0,120,-2.97,120,120,NA,Unknown,Water level accuracy is unknown,1,Department of Water Resources,NA,1082,VENTURA COUNTY FLOOD CONTROL DISTRICT
29420,342575N1191526W001,1665058,1964-01-28T00:00:00Z,117.03,117.03,0,119,-1.97,119,119,NA,Unknown,Water level accuracy is unknown,1,Department of Water Resources,NA,1082,VENTURA COUNTY FLOOD CONTROL DISTRICT
29420,342575N1191526W001,1665057,1963-12-26T00:00:00Z,117.03,117.03,0,118.2,-1.17,118.2,118.2,NA,Unknown,Water level accuracy is unknown,1,Department of Water Resources,NA,1082,VENTURA COUNTY FLOOD CONTROL DISTRICT
29420,342575N1191526W001,1665056,1963-11-27T00:00:00Z,117.03,117.03,0,119,-1.97,119,119,NA,Unknown,Water level accuracy is unknown,1,Department of Water Resources,NA,1082,VENTURA COUNTY FLOOD CONTROL DISTRICT
29420,342575N1191526W001,1665055,1963-10-29T00:00:00Z,117.03,117.03,0,117.5,-0.47,117.5,117.5,NA,Unknown,Water level accuracy is unknown,1,Department of Water Resources,NA,1082,VENTURA COUNTY FLOOD CONTROL DISTRICT
29420,342575N1191526W001,1665054,1963-09-25T00:00:00Z,117.03,117.03,0,116.4,0.63,116.4,116.4,NA,Unknown,Water level accuracy is unknown,1,Department of Water Resources,NA,1082,VENTURA COUNTY FLOOD CONTROL DISTRICT
29420,342575N1191526W001,1665053,1963-07-31T00:00:00Z,117.03,117.03,0,114,3.03,114,114,NA,Unknown,Water level accuracy is unknown,1,Department of Water Resources,NA,1082,VENTURA COUNTY FLOOD CONTROL DISTRICT
29420,342575N1191526W001,1665052,1963-06-27T00:00:00Z,117.03,117.03,0,114,3.03,114,114,NA,Unknown,Water level accuracy is unknown,1,Department of Water Resources,NA,1082,VENTURA COUNTY FLOOD CONTROL DISTRICT
29420,342575N1191526W001,1665051,1963-05-28T00:00:00Z,117.03,117.03,0,110,7.03,110,110,NA,Unknown,Water level accuracy is unknown,1,Department of Water Resources,NA,1082,VENTURA COUNTY FLOOD CONTROL DISTRICT
29420,342575N1191526W001,1665050,1963-04-02T00:00:00Z,117.03,117.03,0,118.5,-1.47,118.5,118.5,NA,Unknown,Water level accuracy is unknown,1,Department of Water Resources,NA,1082,VENTURA COUNTY FLOOD CONTROL DISTRICT
29420,342575N1191526W001,1665049,1963-02-27T00:00:00Z,117.03,117.03,0,108.5,8.53,108.5,108.5,NA,Unknown,Water level accuracy is unknown,1,Department of Water Resources,NA,1082,VENTURA COUNTY FLOOD CONTROL DISTRICT
29420,342575N1191526W001,1665048,1963-01-31T00:00:00Z,117.03,117.03,0,110.7,6.33,110.7,110.7,NA,Unknown,Water level accuracy is unknown,1,Department of Water Resources,NA,1082,VENTURA COUNTY FLOOD CONTROL DISTRICT
29420,342575N1191526W001,1665047,1962-12-26T00:00:00Z,117.03,117.03,0,105.5,11.53,105.5,105.5,NA,Unknown,Water level accuracy is unknown,1,Department of Water Resources,NA,1082,VENTURA COUNTY FLOOD CONTROL DISTRICT
29420,342575N1191526W001,1665046,1962-11-29T00:00:00Z,117.03,117.03,0,108,9.03,108,108,NA,Unknown,Water level accuracy is unknown,1,Department of Water Resources,NA,1082,VENTURA COUNTY FLOOD CONTROL DISTRICT
29420,342575N1191526W001,1665045,1962-10-30T00:00:00Z,117.03,117.03,0,106,11.03,106,106,NA,Unknown,Water level accuracy is unknown,1,Department of Water Resources,NA,1082,VENTURA COUNTY FLOOD CONTROL DISTRICT
29420,342575N1191526W001,1665044,1962-09-26T00:00:00Z,117.03,117.03,0,103,14.03,103,103,NA,Unknown,Water level accuracy is unknown,1,Department of Water Resources,NA,1082,VENTURA COUNTY FLOOD CONTROL DISTRICT
29420,342575N1191526W001,1665043,1962-08-27T00:00:00Z,117.03,117.03,0,99.6,17.43,99.6,99.6,NA,Unknown,Water level accuracy is unknown,1,Department of Water Resources,NA,1082,VENTURA COUNTY FLOOD CONTROL DISTRICT
29420,342575N1191526W001,1665042,1962-07-30T00:00:00Z,117.03,117.03,0,102.5,14.53,102.5,102.5,NA,Unknown,Water level accuracy is unknown,1,Department of Water Resources,NA,1082,VENTURA COUNTY FLOOD CONTROL DISTRICT
29420,342575N1191526W001,1665041,1962-06-27T00:00:00Z,117.03,117.03,0,100.5,16.53,100.5,100.5,NA,Unknown,Water level accuracy is unknown,1,Department of Water Resources,NA,1082,VENTURA COUNTY FLOOD CONTROL DISTRICT
29420,342575N1191526W001,1665040,1962-05-01T00:00:00Z,117.03,117.03,0,98.5,18.53,98.5,98.5,NA,Unknown,Water level accuracy is unknown,1,Department of Water Resources,NA,1082,VENTURA COUNTY FLOOD CONTROL DISTRICT
29420,342575N1191526W001,1665039,1962-03-01T00:00:00Z,117.03,117.03,0,120.2,-3.17,120.2,120.2,NA,Unknown,Water level accuracy is unknown,1,Department of Water Resources,NA,1082,VENTURA COUNTY FLOOD CONTROL DISTRICT
29420,342575N1191526W001,1665038,1962-01-30T00:00:00Z,117.03,117.03,0,130.7,-13.67,130.7,130.7,NA,Unknown,Water level accuracy is unknown,1,Department of Water Resources,NA,1082,VENTURA COUNTY FLOOD CONTROL DISTRICT
29420,342575N1191526W001,1665037,1961-12-27T00:00:00Z,117.03,117.03,0,132.5,-15.47,132.5,132.5,NA,Unknown,Water level accuracy is unknown,1,Department of Water Resources,NA,1082,VENTURA COUNTY FLOOD CONTROL DISTRICT
29420,342575N1191526W001,1665036,1961-11-29T00:00:00Z,117.03,117.03,0,134.5,-17.47,134.5,134.5,NA,Unknown,Water level accuracy is unknown,1,Department of Water Resources,NA,1082,VENTURA COUNTY FLOOD CONTROL DISTRICT
29420,342575N1191526W001,1665035,1961-10-26T00:00:00Z,117.03,117.03,0,134.1,-17.07,134.1,134.1,NA,Unknown,Water level accuracy is unknown,1,Department of Water Resources,NA,1082,VENTURA COUNTY FLOOD CONTROL DISTRICT
29420,342575N1191526W001,1665034,1961-09-27T00:00:00Z,117.03,117.03,0,132.8,-15.77,132.8,132.8,NA,Unknown,Water level accuracy is unknown,1,Department of Water Resources,NA,1082,VENTURA COUNTY FLOOD CONTROL DISTRICT
29420,342575N1191526W001,1665033,1961-08-28T00:00:00Z,117.03,117.03,0,129.5,-12.47,129.5,129.5,NA,Unknown,Water level accuracy is unknown,1,Department of Water Resources,NA,1082,VENTURA COUNTY FLOOD CONTROL DISTRICT
29420,342575N1191526W001,1665032,1961-07-27T00:00:00Z,117.03,117.03,0,124.5,-7.47,124.5,124.5,NA,Unknown,Water level accuracy is unknown,1,Department of Water Resources,NA,1082,VENTURA COUNTY FLOOD CONTROL DISTRICT
29420,342575N1191526W001,1665031,1961-06-27T00:00:00Z,117.03,117.03,0,120.7,-3.67,120.7,120.7,NA,Unknown,Water level accuracy is unknown,1,Department of Water Resources,NA,1082,VENTURA COUNTY FLOOD CONTROL DISTRICT
29420,342575N1191526W001,1665030,1961-04-26T00:00:00Z,117.03,117.03,0,115.7,1.33,115.7,115.7,NA,Unknown,Water level accuracy is unknown,1,Department of Water Resources,NA,1082,VENTURA COUNTY FLOOD CONTROL DISTRICT
29420,342575N1191526W001,1665029,1961-03-29T00:00:00Z,117.03,117.03,0,116.2,0.83,116.2,116.2,NA,Unknown,Water level accuracy is unknown,1,Department of Water Resources,NA,1082,VENTURA COUNTY FLOOD CONTROL DISTRICT
29420,342575N1191526W001,1665028,1961-02-24T00:00:00Z,117.03,117.03,0,112.5,4.53,112.5,112.5,NA,Unknown,Water level accuracy is unknown,1,Department of Water Resources,NA,1082,VENTURA COUNTY FLOOD CONTROL DISTRICT
29420,342575N1191526W001,1665027,1961-01-27T00:00:00Z,117.03,117.03,0,117.5,-0.47,117.5,117.5,NA,Unknown,Water level accuracy is unknown,1,Department of Water Resources,NA,1082,VENTURA COUNTY FLOOD CONTROL DISTRICT
29420,342575N1191526W001,1665026,1960-12-28T00:00:00Z,117.03,117.03,0,113.2,3.83,113.2,113.2,NA,Unknown,Water level accuracy is unknown,1,Department of Water Resources,NA,1082,VENTURA COUNTY FLOOD CONTROL DISTRICT
29420,342575N1191526W001,1665025,1960-11-29T00:00:00Z,117.03,117.03,0,113.1,3.93,113.1,113.1,NA,Unknown,Water level accuracy is unknown,1,Department of Water Resources,NA,1082,VENTURA COUNTY FLOOD CONTROL DISTRICT
29420,342575N1191526W001,1665024,1960-10-26T00:00:00Z,117.03,117.03,0,115.1,1.93,115.1,115.1,NA,Unknown,Water level accuracy is unknown,1,Department of Water Resources,NA,1082,VENTURA COUNTY FLOOD CONTROL DISTRICT
29420,342575N1191526W001,1665023,1960-09-30T00:00:00Z,117.03,117.03,0,108.7,8.33,108.7,108.7,NA,Unknown,Water level accuracy is unknown,1,Department of Water Resources,NA,1082,VENTURA COUNTY FLOOD CONTROL DISTRICT
29420,342575N1191526W001,1665022,1960-08-30T00:00:00Z,117.03,117.03,0,108.9,8.13,108.9,108.9,NA,Unknown,Water level accuracy is unknown,1,Department of Water Resources,NA,1082,VENTURA COUNTY FLOOD CONTROL DISTRICT
29420,342575N1191526W001,1665021,1960-07-26T00:00:00Z,117.03,117.03,0,104.6,12.43,104.6,104.6,NA,Unknown,Water level accuracy is unknown,1,Department of Water Resources,NA,1082,VENTURA COUNTY FLOOD CONTROL DISTRICT
29420,342575N1191526W001,1665020,1960-06-28T00:00:00Z,117.03,117.03,0,99,18.03,99,99,NA,Unknown,Water level accuracy is unknown,1,Department of Water Resources,NA,1082,VENTURA COUNTY FLOOD CONTROL DISTRICT
29420,342575N1191526W001,1665019,1960-05-03T00:00:00Z,117.03,117.03,0,94,23.03,94,94,NA,Unknown,Water level accuracy is unknown,1,Department of Water Resources,NA,1082,VENTURA COUNTY FLOOD CONTROL DISTRICT
29420,342575N1191526W001,1665018,1960-03-29T00:00:00Z,117.03,117.03,0,91.1,25.93,91.1,91.1,NA,Unknown,Water level accuracy is unknown,1,Department of Water Resources,NA,1082,VENTURA COUNTY FLOOD CONTROL DISTRICT
29420,342575N1191526W001,1665017,1960-02-24T00:00:00Z,117.03,117.03,0,96.1,20.93,96.1,96.1,NA,Unknown,Water level accuracy is unknown,1,Department of Water Resources,NA,1082,VENTURA COUNTY FLOOD CONTROL DISTRICT
29420,342575N1191526W001,1665016,1960-01-27T00:00:00Z,117.03,117.03,0,94.3,22.73,94.3,94.3,NA,Unknown,Water level accuracy is unknown,1,Department of Water Resources,NA,1082,VENTURA COUNTY FLOOD CONTROL DISTRICT
29420,342575N1191526W001,1665015,1959-12-09T00:00:00Z,117.03,117.03,0,95,22.03,95,95,NA,Unknown,Water level accuracy is unknown,1,Department of Water Resources,NA,1082,VENTURA COUNTY FLOOD CONTROL DISTRICT
29420,342575N1191526W001,1665014,1959-11-04T00:00:00Z,117.03,117.03,0,91.3,25.73,91.3,91.3,NA,Unknown,Water level accuracy is unknown,1,Department of Water Resources,NA,1082,VENTURA COUNTY FLOOD CONTROL DISTRICT
29420,342575N1191526W001,1665013,1959-10-07T00:00:00Z,117.03,117.03,0,87.7,29.33,87.7,87.7,NA,Unknown,Water level accuracy is unknown,1,Department of Water Resources,NA,1082,VENTURA COUNTY FLOOD CONTROL DISTRICT
29420,342575N1191526W001,1665012,1959-09-02T00:00:00Z,117.03,117.03,0,84.9,32.13,84.9,84.9,NA,Unknown,Water level accuracy is unknown,1,Department of Water Resources,NA,1082,VENTURA COUNTY FLOOD CONTROL DISTRICT
29420,342575N1191526W001,1665011,1959-08-05T00:00:00Z,117.03,117.03,0,81.3,35.73,81.3,81.3,NA,Unknown,Water level accuracy is unknown,1,Department of Water Resources,NA,1082,VENTURA COUNTY FLOOD CONTROL DISTRICT
29420,342575N1191526W001,1665010,1959-07-01T00:00:00Z,117.03,117.03,0,74,43.03,74,74,NA,Unknown,Water level accuracy is unknown,1,Department of Water Resources,NA,1082,VENTURA COUNTY FLOOD CONTROL DISTRICT
29420,342575N1191526W001,1665009,1959-06-03T00:00:00Z,117.03,117.03,0,69.9,47.13,69.9,69.9,NA,Unknown,Water level accuracy is unknown,1,Department of Water Resources,NA,1082,VENTURA COUNTY FLOOD CONTROL DISTRICT
29420,342575N1191526W001,1665008,1959-05-06T00:00:00Z,117.03,117.03,0,65.7,51.33,65.7,65.7,NA,Unknown,Water level accuracy is unknown,1,Department of Water Resources,NA,1082,VENTURA COUNTY FLOOD CONTROL DISTRICT
29420,342575N1191526W001,1665007,1959-04-01T00:00:00Z,117.03,117.03,0,59.8,57.23,59.8,59.8,NA,Unknown,Water level accuracy is unknown,1,Department of Water Resources,NA,1082,VENTURA COUNTY FLOOD CONTROL DISTRICT
29420,342575N1191526W001,1665006,1959-03-04T00:00:00Z,117.03,117.03,0,62.3,54.73,62.3,62.3,NA,Unknown,Water level accuracy is unknown,1,Department of Water Resources,NA,1082,VENTURA COUNTY FLOOD CONTROL DISTRICT
29420,342575N1191526W001,1665005,1959-02-04T00:00:00Z,117.03,117.03,0,67.1,49.93,67.1,67.1,NA,Unknown,Water level accuracy is unknown,1,Department of Water Resources,NA,1082,VENTURA COUNTY FLOOD CONTROL DISTRICT
29420,342575N1191526W001,1665004,1959-01-07T00:00:00Z,117.03,117.03,0,69.2,47.83,69.2,69.2,NA,Unknown,Water level accuracy is unknown,1,Department of Water Resources,NA,1082,VENTURA COUNTY FLOOD CONTROL DISTRICT
29420,342575N1191526W001,1665003,1958-12-03T00:00:00Z,117.03,117.03,0,73.6,43.43,73.6,73.6,NA,Unknown,Water level accuracy is unknown,1,Department of Water Resources,NA,1082,VENTURA COUNTY FLOOD CONTROL DISTRICT
29420,342575N1191526W001,1665002,1958-11-05T00:00:00Z,117.03,117.03,0,70.7,46.33,70.7,70.7,NA,Unknown,Water level accuracy is unknown,1,Department of Water Resources,NA,1082,VENTURA COUNTY FLOOD CONTROL DISTRICT
29420,342575N1191526W001,1665001,1958-10-01T00:00:00Z,117.03,117.03,0,65.7,51.33,65.7,65.7,NA,Unknown,Water level accuracy is unknown,1,Department of Water Resources,NA,1082,VENTURA COUNTY FLOOD CONTROL DISTRICT
29420,342575N1191526W001,1665000,1958-09-03T00:00:00Z,117.03,117.03,0,61.4,55.63,61.4,61.4,NA,Unknown,Water level accuracy is unknown,1,Department of Water Resources,NA,1082,VENTURA COUNTY FLOOD CONTROL DISTRICT
29420,342575N1191526W001,1664999,1958-08-06T00:00:00Z,117.03,117.03,0,65.8,51.23,65.8,65.8,NA,Unknown,Water level accuracy is unknown,1,Department of Water Resources,NA,1082,VENTURA COUNTY FLOOD CONTROL DISTRICT
29420,342575N1191526W001,1664998,1958-07-02T00:00:00Z,117.03,117.03,0,66.4,50.63,66.4,66.4,NA,Unknown,Water level accuracy is unknown,1,Department of Water Resources,NA,1082,VENTURA COUNTY FLOOD CONTROL DISTRICT
29420,342575N1191526W001,1664997,1958-06-04T00:00:00Z,117.03,117.03,0,62.7,54.33,62.7,62.7,NA,Unknown,Water level accuracy is unknown,1,Department of Water Resources,NA,1082,VENTURA COUNTY FLOOD CONTROL DISTRICT
29420,342575N1191526W001,1664996,1958-05-07T00:00:00Z,117.03,117.03,0,68.9,48.13,68.9,68.9,NA,Unknown,Water level accuracy is unknown,1,Department of Water Resources,NA,1082,VENTURA COUNTY FLOOD CONTROL DISTRICT
29420,342575N1191526W001,1664995,1958-04-02T00:00:00Z,117.03,117.03,0,90.7,26.33,90.7,90.7,NA,Unknown,Water level accuracy is unknown,1,Department of Water Resources,NA,1082,VENTURA COUNTY FLOOD CONTROL DISTRICT
29420,342575N1191526W001,1664994,1958-03-05T00:00:00Z,117.03,117.03,0,105.8,11.23,105.8,105.8,NA,Unknown,Water level accuracy is unknown,1,Department of Water Resources,NA,1082,VENTURA COUNTY FLOOD CONTROL DISTRICT
29420,342575N1191526W001,1664993,1958-02-05T00:00:00Z,117.03,117.03,0,113.3,3.73,113.3,113.3,NA,Unknown,Water level accuracy is unknown,1,Department of Water Resources,NA,1082,VENTURA COUNTY FLOOD CONTROL DISTRICT
29420,342575N1191526W001,1664992,1958-01-08T00:00:00Z,117.03,117.03,0,115.6,1.43,115.6,115.6,NA,Unknown,Water level accuracy is unknown,1,Department of Water Resources,NA,1082,VENTURA COUNTY FLOOD CONTROL DISTRICT
29420,342575N1191526W001,1664991,1957-12-04T00:00:00Z,117.03,117.03,0,118.6,-1.57,118.6,118.6,NA,Unknown,Water level accuracy is unknown,1,Department of Water Resources,NA,1082,VENTURA COUNTY FLOOD CONTROL DISTRICT
29420,342575N1191526W001,1664990,1957-11-06T00:00:00Z,117.03,117.03,0,117.2,-0.17,117.2,117.2,NA,Unknown,Water level accuracy is unknown,1,Department of Water Resources,NA,1082,VENTURA COUNTY FLOOD CONTROL DISTRICT
29420,342575N1191526W001,1664989,1957-10-02T00:00:00Z,117.03,117.03,0,116.5,0.53,116.5,116.5,NA,Unknown,Water level accuracy is unknown,1,Department of Water Resources,NA,1082,VENTURA COUNTY FLOOD CONTROL DISTRICT
29420,342575N1191526W001,1664988,1957-09-04T00:00:00Z,117.03,117.03,0,116,1.03,116,116,NA,Unknown,Water level accuracy is unknown,1,Department of Water Resources,NA,1082,VENTURA COUNTY FLOOD CONTROL DISTRICT
29420,342575N1191526W001,1664987,1957-08-07T00:00:00Z,117.03,117.03,0,109.9,7.13,109.9,109.9,NA,Unknown,Water level accuracy is unknown,1,Department of Water Resources,NA,1082,VENTURA COUNTY FLOOD CONTROL DISTRICT
29420,342575N1191526W001,1664986,1957-07-03T00:00:00Z,117.03,117.03,0,107.5,9.53,107.5,107.5,NA,Unknown,Water level accuracy is unknown,1,Department of Water Resources,NA,1082,VENTURA COUNTY FLOOD CONTROL DISTRICT
29420,342575N1191526W001,1664985,1957-06-05T00:00:00Z,117.03,117.03,0,102.6,14.43,102.6,102.6,NA,Unknown,Water level accuracy is unknown,1,Department of Water Resources,NA,1082,VENTURA COUNTY FLOOD CONTROL DISTRICT
29420,342575N1191526W001,1664984,1957-05-01T00:00:00Z,117.03,117.03,0,100.1,16.93,100.1,100.1,NA,Unknown,Water level accuracy is unknown,1,Department of Water Resources,NA,1082,VENTURA COUNTY FLOOD CONTROL DISTRICT
29420,342575N1191526W001,1664983,1957-04-03T00:00:00Z,117.03,117.03,0,100.4,16.63,100.4,100.4,NA,Unknown,Water level accuracy is unknown,1,Department of Water Resources,NA,1082,VENTURA COUNTY FLOOD CONTROL DISTRICT
29420,342575N1191526W001,1664982,1957-03-06T00:00:00Z,117.03,117.03,0,105.7,11.33,105.7,105.7,NA,Unknown,Water level accuracy is unknown,1,Department of Water Resources,NA,1082,VENTURA COUNTY FLOOD CONTROL DISTRICT
29420,342575N1191526W001,1664981,1957-02-06T00:00:00Z,117.03,117.03,0,107.4,9.63,107.4,107.4,NA,Unknown,Water level accuracy is unknown,1,Department of Water Resources,NA,1082,VENTURA COUNTY FLOOD CONTROL DISTRICT
29420,342575N1191526W001,1664980,1957-01-02T00:00:00Z,117.03,117.03,0,110.7,6.33,110.7,110.7,NA,Unknown,Water level accuracy is unknown,1,Department of Water Resources,NA,1082,VENTURA COUNTY FLOOD CONTROL DISTRICT
29420,342575N1191526W001,1664979,1956-12-12T00:00:00Z,117.03,117.03,0,109.4,7.63,109.4,109.4,NA,Unknown,Water level accuracy is unknown,1,Department of Water Resources,NA,1082,VENTURA COUNTY FLOOD CONTROL DISTRICT
29420,342575N1191526W001,1664978,1956-11-01T00:00:00Z,117.03,117.03,0,106.6,10.43,106.6,106.6,NA,Unknown,Water level accuracy is unknown,1,Department of Water Resources,NA,1082,VENTURA COUNTY FLOOD CONTROL DISTRICT
29420,342575N1191526W001,1664977,1956-10-04T00:00:00Z,117.03,117.03,0,105,12.03,105,105,NA,Unknown,Water level accuracy is unknown,1,Department of Water Resources,NA,1082,VENTURA COUNTY FLOOD CONTROL DISTRICT
29420,342575N1191526W001,1664976,1956-09-06T00:00:00Z,117.03,117.03,0,101.5,15.53,101.5,101.5,NA,Unknown,Water level accuracy is unknown,1,Department of Water Resources,NA,1082,VENTURA COUNTY FLOOD CONTROL DISTRICT
29420,342575N1191526W001,1664975,1956-08-02T00:00:00Z,117.03,117.03,0,98.6,18.43,98.6,98.6,NA,Unknown,Water level accuracy is unknown,1,Department of Water Resources,NA,1082,VENTURA COUNTY FLOOD CONTROL DISTRICT
29420,342575N1191526W001,1664974,1956-07-05T00:00:00Z,117.03,117.03,0,95.7,21.33,95.7,95.7,NA,Unknown,Water level accuracy is unknown,1,Department of Water Resources,NA,1082,VENTURA COUNTY FLOOD CONTROL DISTRICT
29420,342575N1191526W001,1664973,1956-06-07T00:00:00Z,117.03,117.03,0,93.9,23.13,93.9,93.9,NA,Unknown,Water level accuracy is unknown,1,Department of Water Resources,NA,1082,VENTURA COUNTY FLOOD CONTROL DISTRICT
29420,342575N1191526W001,1664972,1956-05-03T00:00:00Z,117.03,117.03,0,94.2,22.83,94.2,94.2,NA,Unknown,Water level accuracy is unknown,1,Department of Water Resources,NA,1082,VENTURA COUNTY FLOOD CONTROL DISTRICT
29420,342575N1191526W001,1664971,1956-04-03T00:00:00Z,117.03,117.03,0,98.3,18.73,98.3,98.3,NA,Unknown,Water level accuracy is unknown,1,Department of Water Resources,NA,1082,VENTURA COUNTY FLOOD CONTROL DISTRICT
29420,342575N1191526W001,1664970,1956-03-01T00:00:00Z,117.03,117.03,0,98,19.03,98,98,NA,Unknown,Water level accuracy is unknown,1,Department of Water Resources,NA,1082,VENTURA COUNTY FLOOD CONTROL DISTRICT
29420,342575N1191526W001,1664969,1956-02-02T00:00:00Z,117.03,117.03,0,103,14.03,103,103,NA,Unknown,Water level accuracy is unknown,1,Department of Water Resources,NA,1082,VENTURA COUNTY FLOOD CONTROL DISTRICT
29420,342575N1191526W001,1664968,1956-01-05T00:00:00Z,117.03,117.03,0,104.5,12.53,104.5,104.5,NA,Unknown,Water level accuracy is unknown,1,Department of Water Resources,NA,1082,VENTURA COUNTY FLOOD CONTROL DISTRICT
29420,342575N1191526W001,1664967,1955-12-01T00:00:00Z,117.03,117.03,0,105.5,11.53,105.5,105.5,NA,Unknown,Water level accuracy is unknown,1,Department of Water Resources,NA,1082,VENTURA COUNTY FLOOD CONTROL DISTRICT
29420,342575N1191526W001,1664966,1955-11-03T00:00:00Z,117.03,117.03,0,103.8,13.23,103.8,103.8,NA,Unknown,Water level accuracy is unknown,1,Department of Water Resources,NA,1082,VENTURA COUNTY FLOOD CONTROL DISTRICT
29420,342575N1191526W001,1664965,1955-10-06T00:00:00Z,117.03,117.03,0,103.2,13.83,103.2,103.2,NA,Unknown,Water level accuracy is unknown,1,Department of Water Resources,NA,1082,VENTURA COUNTY FLOOD CONTROL DISTRICT
29420,342575N1191526W001,1664964,1955-09-01T00:00:00Z,117.03,117.03,0,100.7,16.33,100.7,100.7,NA,Unknown,Water level accuracy is unknown,1,Department of Water Resources,NA,1082,VENTURA COUNTY FLOOD CONTROL DISTRICT
29420,342575N1191526W001,1664963,1955-08-08T00:00:00Z,117.03,117.03,0,98.1,18.93,98.1,98.1,NA,Unknown,Water level accuracy is unknown,1,Department of Water Resources,NA,1082,VENTURA COUNTY FLOOD CONTROL DISTRICT
29420,342575N1191526W001,1664962,1955-07-07T00:00:00Z,117.03,117.03,0,97.8,19.23,97.8,97.8,NA,Unknown,Water level accuracy is unknown,1,Department of Water Resources,NA,1082,VENTURA COUNTY FLOOD CONTROL DISTRICT
29420,342575N1191526W001,1664961,1955-06-02T00:00:00Z,117.03,117.03,0,94.5,22.53,94.5,94.5,NA,Unknown,Water level accuracy is unknown,1,Department of Water Resources,NA,1082,VENTURA COUNTY FLOOD CONTROL DISTRICT
29420,342575N1191526W001,1664960,1955-05-16T00:00:00Z,117.03,117.03,0,95,22.03,95,95,NA,Unknown,Water level accuracy is unknown,1,Department of Water Resources,NA,1082,VENTURA COUNTY FLOOD CONTROL DISTRICT
29420,342575N1191526W001,1664959,1955-04-07T00:00:00Z,117.03,117.03,0,93.7,23.33,93.7,93.7,NA,Unknown,Water level accuracy is unknown,1,Department of Water Resources,NA,1082,VENTURA COUNTY FLOOD CONTROL DISTRICT
29420,342575N1191526W001,1664958,1955-03-03T00:00:00Z,117.03,117.03,0,94.1,22.93,94.1,94.1,NA,Unknown,Water level accuracy is unknown,1,Department of Water Resources,NA,1082,VENTURA COUNTY FLOOD CONTROL DISTRICT
29420,342575N1191526W001,1664957,1955-02-03T00:00:00Z,117.03,117.03,0,96,21.03,96,96,NA,Unknown,Water level accuracy is unknown,1,Department of Water Resources,NA,1082,VENTURA COUNTY FLOOD CONTROL DISTRICT
29420,342575N1191526W001,1664956,1955-01-06T00:00:00Z,117.03,117.03,0,96.9,20.13,96.9,96.9,NA,Unknown,Water level accuracy is unknown,1,Department of Water Resources,NA,1082,VENTURA COUNTY FLOOD CONTROL DISTRICT
29420,342575N1191526W001,1664955,1954-12-02T00:00:00Z,117.03,117.03,0,97.2,19.83,97.2,97.2,NA,Unknown,Water level accuracy is unknown,1,Department of Water Resources,NA,1082,VENTURA COUNTY FLOOD CONTROL DISTRICT
29420,342575N1191526W001,1664954,1954-11-04T00:00:00Z,117.03,117.03,0,97.5,19.53,97.5,97.5,NA,Unknown,Water level accuracy is unknown,1,Department of Water Resources,NA,1082,VENTURA COUNTY FLOOD CONTROL DISTRICT
29420,342575N1191526W001,1664953,1954-10-07T00:00:00Z,117.03,117.03,0,94.6,22.43,94.6,94.6,NA,Unknown,Water level accuracy is unknown,1,Department of Water Resources,NA,1082,VENTURA COUNTY FLOOD CONTROL DISTRICT
29420,342575N1191526W001,1664952,1954-09-02T00:00:00Z,117.03,117.03,0,93.5,23.53,93.5,93.5,NA,Unknown,Water level accuracy is unknown,1,Department of Water Resources,NA,1082,VENTURA COUNTY FLOOD CONTROL DISTRICT
29420,342575N1191526W001,1664951,1954-08-05T00:00:00Z,117.03,117.03,0,91.1,25.93,91.1,91.1,NA,Unknown,Water level accuracy is unknown,1,Department of Water Resources,NA,1082,VENTURA COUNTY FLOOD CONTROL DISTRICT
29420,342575N1191526W001,1664950,1954-07-01T00:00:00Z,117.03,117.03,0,87.8,29.23,87.8,87.8,NA,Unknown,Water level accuracy is unknown,1,Department of Water Resources,NA,1082,VENTURA COUNTY FLOOD CONTROL DISTRICT
29420,342575N1191526W001,1664949,1954-06-03T00:00:00Z,117.03,117.03,0,87.1,29.93,87.1,87.1,NA,Unknown,Water level accuracy is unknown,1,Department of Water Resources,NA,1082,VENTURA COUNTY FLOOD CONTROL DISTRICT
29420,342575N1191526W001,1664948,1954-05-06T00:00:00Z,117.03,117.03,0,88.2,28.83,88.2,88.2,NA,Unknown,Water level accuracy is unknown,1,Department of Water Resources,NA,1082,VENTURA COUNTY FLOOD CONTROL DISTRICT
29420,342575N1191526W001,1664947,1954-04-01T00:00:00Z,117.03,117.03,0,92.3,24.73,92.3,92.3,NA,Unknown,Water level accuracy is unknown,1,Department of Water Resources,NA,1082,VENTURA COUNTY FLOOD CONTROL DISTRICT
29420,342575N1191526W001,1664946,1954-03-04T00:00:00Z,117.03,117.03,0,94.6,22.43,94.6,94.6,NA,Unknown,Water level accuracy is unknown,1,Department of Water Resources,NA,1082,VENTURA COUNTY FLOOD CONTROL DISTRICT
29420,342575N1191526W001,1664945,1954-02-04T00:00:00Z,117.03,117.03,0,96.8,20.23,96.8,96.8,NA,Unknown,Water level accuracy is unknown,1,Department of Water Resources,NA,1082,VENTURA COUNTY FLOOD CONTROL DISTRICT
29420,342575N1191526W001,1664944,1954-01-07T00:00:00Z,117.03,117.03,0,97.9,19.13,97.9,97.9,NA,Unknown,Water level accuracy is unknown,1,Department of Water Resources,NA,1082,VENTURA COUNTY FLOOD CONTROL DISTRICT
29420,342575N1191526W001,1664943,1953-12-03T00:00:00Z,117.03,117.03,0,97.2,19.83,97.2,97.2,NA,Unknown,Water level accuracy is unknown,1,Department of Water Resources,NA,1082,VENTURA COUNTY FLOOD CONTROL DISTRICT
29420,342575N1191526W001,1664942,1953-11-05T00:00:00Z,117.03,117.03,0,97.4,19.63,97.4,97.4,NA,Unknown,Water level accuracy is unknown,1,Department of Water Resources,NA,1082,VENTURA COUNTY FLOOD CONTROL DISTRICT
29420,342575N1191526W001,1664941,1953-10-01T00:00:00Z,117.03,117.03,0,96.3,20.73,96.3,96.3,NA,Unknown,Water level accuracy is unknown,1,Department of Water Resources,NA,1082,VENTURA COUNTY FLOOD CONTROL DISTRICT
29420,342575N1191526W001,1664940,1953-09-03T00:00:00Z,117.03,117.03,0,94,23.03,94,94,NA,Unknown,Water level accuracy is unknown,1,Department of Water Resources,NA,1082,VENTURA COUNTY FLOOD CONTROL DISTRICT
29420,342575N1191526W001,1664939,1953-08-06T00:00:00Z,117.03,117.03,0,91.3,25.73,91.3,91.3,NA,Unknown,Water level accuracy is unknown,1,Department of Water Resources,NA,1082,VENTURA COUNTY FLOOD CONTROL DISTRICT
29420,342575N1191526W001,1664938,1953-07-02T00:00:00Z,117.03,117.03,0,86.7,30.33,86.7,86.7,NA,Unknown,Water level accuracy is unknown,1,Department of Water Resources,NA,1082,VENTURA COUNTY FLOOD CONTROL DISTRICT
29420,342575N1191526W001,1664937,1953-06-04T00:00:00Z,117.03,117.03,0,85.6,31.43,85.6,85.6,NA,Unknown,Water level accuracy is unknown,1,Department of Water Resources,NA,1082,VENTURA COUNTY FLOOD CONTROL DISTRICT
29420,342575N1191526W001,1664936,1953-05-01T00:00:00Z,117.03,117.03,0,83.3,33.73,83.3,83.3,NA,Unknown,Water level accuracy is unknown,1,Department of Water Resources,NA,1082,VENTURA COUNTY FLOOD CONTROL DISTRICT
29420,342575N1191526W001,1664935,1953-04-03T00:00:00Z,117.03,117.03,0,82.4,34.63,82.4,82.4,NA,Unknown,Water level accuracy is unknown,1,Department of Water Resources,NA,1082,VENTURA COUNTY FLOOD CONTROL DISTRICT
29420,342575N1191526W001,1664934,1953-03-06T00:00:00Z,117.03,117.03,0,81.5,35.53,81.5,81.5,NA,Unknown,Water level accuracy is unknown,1,Department of Water Resources,NA,1082,VENTURA COUNTY FLOOD CONTROL DISTRICT
29420,342575N1191526W001,1664933,1953-02-06T00:00:00Z,117.03,117.03,0,82.8,34.23,82.8,82.8,NA,Unknown,Water level accuracy is unknown,1,Department of Water Resources,NA,1082,VENTURA COUNTY FLOOD CONTROL DISTRICT
29420,342575N1191526W001,1664932,1953-01-02T00:00:00Z,117.03,117.03,0,86.3,30.73,86.3,86.3,NA,Unknown,Water level accuracy is unknown,1,Department of Water Resources,NA,1082,VENTURA COUNTY FLOOD CONTROL DISTRICT
29420,342575N1191526W001,1664931,1952-12-12T00:00:00Z,117.03,117.03,0,88.8,28.23,88.8,88.8,NA,Unknown,Water level accuracy is unknown,1,Department of Water Resources,NA,1082,VENTURA COUNTY FLOOD CONTROL DISTRICT
29420,342575N1191526W001,1664930,1952-11-05T00:00:00Z,117.03,117.03,0,89.2,27.83,89.2,89.2,NA,Unknown,Water level accuracy is unknown,1,Department of Water Resources,NA,1082,VENTURA COUNTY FLOOD CONTROL DISTRICT
29420,342575N1191526W001,1664929,1952-10-03T00:00:00Z,117.03,117.03,0,88.7,28.33,88.7,88.7,NA,Unknown,Water level accuracy is unknown,1,Department of Water Resources,NA,1082,VENTURA COUNTY FLOOD CONTROL DISTRICT
29420,342575N1191526W001,1664928,1952-09-05T00:00:00Z,117.03,117.03,0,88,29.03,88,88,NA,Unknown,Water level accuracy is unknown,1,Department of Water Resources,NA,1082,VENTURA COUNTY FLOOD CONTROL DISTRICT
29420,342575N1191526W001,1664927,1952-08-07T00:00:00Z,117.03,117.03,0,86,31.03,86,86,NA,Unknown,Water level accuracy is unknown,1,Department of Water Resources,NA,1082,VENTURA COUNTY FLOOD CONTROL DISTRICT
29420,342575N1191526W001,1664926,1952-07-02T00:00:00Z,117.03,117.03,0,84.6,32.43,84.6,84.6,NA,Unknown,Water level accuracy is unknown,1,Department of Water Resources,NA,1082,VENTURA COUNTY FLOOD CONTROL DISTRICT
29420,342575N1191526W001,1664925,1952-06-19T00:00:00Z,117.03,117.03,0,83.9,33.13,83.9,83.9,NA,Unknown,Water level accuracy is unknown,1,Department of Water Resources,NA,1082,VENTURA COUNTY FLOOD CONTROL DISTRICT
29420,342575N1191526W001,1664924,1952-04-22T00:00:00Z,117.03,117.03,0,89.9,27.13,89.9,89.9,NA,Unknown,Water level accuracy is unknown,1,Department of Water Resources,NA,1082,VENTURA COUNTY FLOOD CONTROL DISTRICT
29420,342575N1191526W001,1664923,1952-03-24T00:00:00Z,117.03,117.03,0,97.8,19.23,97.8,97.8,NA,Unknown,Water level accuracy is unknown,1,Department of Water Resources,NA,1082,VENTURA COUNTY FLOOD CONTROL DISTRICT
29420,342575N1191526W001,1664922,1952-02-25T00:00:00Z,117.03,117.03,0,101.6,15.43,101.6,101.6,NA,Unknown,Water level accuracy is unknown,1,Department of Water Resources,NA,1082,VENTURA COUNTY FLOOD CONTROL DISTRICT
29420,342575N1191526W001,1664921,1952-01-21T00:00:00Z,117.03,117.03,0,112.5,4.53,112.5,112.5,NA,Unknown,Water level accuracy is unknown,1,Department of Water Resources,NA,1082,VENTURA COUNTY FLOOD CONTROL DISTRICT
29420,342575N1191526W001,1664920,1951-11-27T00:00:00Z,117.03,117.03,0,116.6,0.43,116.6,116.6,NA,Unknown,Water level accuracy is unknown,1,Department of Water Resources,NA,1082,VENTURA COUNTY FLOOD CONTROL DISTRICT
29420,342575N1191526W001,1664919,1951-10-24T00:00:00Z,117.03,117.03,0,115.7,1.33,115.7,115.7,NA,Unknown,Water level accuracy is unknown,1,Department of Water Resources,NA,1082,VENTURA COUNTY FLOOD CONTROL DISTRICT
29420,342575N1191526W001,1664918,1951-09-27T00:00:00Z,117.03,117.03,0,115.3,1.73,115.3,115.3,NA,Unknown,Water level accuracy is unknown,1,Department of Water Resources,NA,1082,VENTURA COUNTY FLOOD CONTROL DISTRICT
29420,342575N1191526W001,1664917,1951-08-28T00:00:00Z,117.03,117.03,0,114,3.03,114,114,NA,Unknown,Water level accuracy is unknown,1,Department of Water Resources,NA,1082,VENTURA COUNTY FLOOD CONTROL DISTRICT
29420,342575N1191526W001,1664916,1951-07-16T00:00:00Z,117.03,117.03,0,110,7.03,110,110,NA,Unknown,Water level accuracy is unknown,1,Department of Water Resources,NA,1082,VENTURA COUNTY FLOOD CONTROL DISTRICT
29420,342575N1191526W001,1664915,1951-06-11T00:00:00Z,117.03,117.03,0,107.6,9.43,107.6,107.6,NA,Unknown,Water level accuracy is unknown,1,Department of Water Resources,NA,1082,VENTURA COUNTY FLOOD CONTROL DISTRICT
29420,342575N1191526W001,1664914,1951-05-09T00:00:00Z,117.03,117.03,0,105.7,11.33,105.7,105.7,NA,Unknown,Water level accuracy is unknown,1,Department of Water Resources,NA,1082,VENTURA COUNTY FLOOD CONTROL DISTRICT
29420,342575N1191526W001,1664913,1951-04-10T00:00:00Z,117.03,117.03,0,103.6,13.43,103.6,103.6,NA,Unknown,Water level accuracy is unknown,1,Department of Water Resources,NA,1082,VENTURA COUNTY FLOOD CONTROL DISTRICT
29420,342575N1191526W001,1664912,1951-03-04T00:00:00Z,117.03,117.03,0,101.1,15.93,101.1,101.1,NA,Unknown,Water level accuracy is unknown,1,Department of Water Resources,NA,1082,VENTURA COUNTY FLOOD CONTROL DISTRICT
29420,342575N1191526W001,1664911,1951-02-15T00:00:00Z,117.03,117.03,0,99.9,17.13,99.9,99.9,NA,Unknown,Water level accuracy is unknown,1,Department of Water Resources,NA,1082,VENTURA COUNTY FLOOD CONTROL DISTRICT
29420,342575N1191526W001,1664910,1951-01-01T00:00:00Z,117.03,117.03,0,101.4,15.63,101.4,101.4,NA,Unknown,Water level accuracy is unknown,1,Department of Water Resources,NA,1082,VENTURA COUNTY FLOOD CONTROL DISTRICT
29420,342575N1191526W001,1664909,1950-12-13T00:00:00Z,117.03,117.03,0,100.9,16.13,100.9,100.9,NA,Unknown,Water level accuracy is unknown,1,Department of Water Resources,NA,1082,VENTURA COUNTY FLOOD CONTROL DISTRICT
29420,342575N1191526W001,1664908,1950-11-14T00:00:00Z,117.03,117.03,0,105.6,11.43,105.6,105.6,NA,Unknown,Water level accuracy is unknown,1,Department of Water Resources,NA,1082,VENTURA COUNTY FLOOD CONTROL DISTRICT
29420,342575N1191526W001,1664907,1950-10-09T00:00:00Z,117.03,117.03,0,101.2,15.83,101.2,101.2,NA,Unknown,Water level accuracy is unknown,1,Department of Water Resources,NA,1082,VENTURA COUNTY FLOOD CONTROL DISTRICT
29420,342575N1191526W001,1664906,1950-09-20T00:00:00Z,117.03,117.03,0,98.7,18.33,98.7,98.7,NA,Unknown,Water level accuracy is unknown,1,Department of Water Resources,NA,1082,VENTURA COUNTY FLOOD CONTROL DISTRICT
29420,342575N1191526W001,1664905,1950-08-08T00:00:00Z,117.03,117.03,0,96,21.03,96,96,NA,Unknown,Water level accuracy is unknown,1,Department of Water Resources,NA,1082,VENTURA COUNTY FLOOD CONTROL DISTRICT
29420,342575N1191526W001,1664904,1950-07-11T00:00:00Z,117.03,117.03,0,93.4,23.63,93.4,93.4,NA,Unknown,Water level accuracy is unknown,1,Department of Water Resources,NA,1082,VENTURA COUNTY FLOOD CONTROL DISTRICT
29420,342575N1191526W001,1664903,1950-06-12T00:00:00Z,117.03,117.03,0,90.6,26.43,90.6,90.6,NA,Unknown,Water level accuracy is unknown,1,Department of Water Resources,NA,1082,VENTURA COUNTY FLOOD CONTROL DISTRICT
29420,342575N1191526W001,1664902,1950-05-02T00:00:00Z,117.03,117.03,0,88.3,28.73,88.3,88.3,NA,Unknown,Water level accuracy is unknown,1,Department of Water Resources,NA,1082,VENTURA COUNTY FLOOD CONTROL DISTRICT
29420,342575N1191526W001,1664901,1950-04-18T00:00:00Z,117.03,117.03,0,87.6,29.43,87.6,87.6,NA,Unknown,Water level accuracy is unknown,1,Department of Water Resources,NA,1082,VENTURA COUNTY FLOOD CONTROL DISTRICT
29420,342575N1191526W001,1664900,1950-03-09T00:00:00Z,117.03,117.03,0,89,28.03,89,89,NA,Unknown,Water level accuracy is unknown,1,Department of Water Resources,NA,1082,VENTURA COUNTY FLOOD CONTROL DISTRICT
29420,342575N1191526W001,1664899,1950-02-03T00:00:00Z,117.03,117.03,0,94.5,22.53,94.5,94.5,NA,Unknown,Water level accuracy is unknown,1,Department of Water Resources,NA,1082,VENTURA COUNTY FLOOD CONTROL DISTRICT
29420,342575N1191526W001,1664898,1950-01-18T00:00:00Z,117.03,117.03,0,93.2,23.83,93.2,93.2,NA,Unknown,Water level accuracy is unknown,1,Department of Water Resources,NA,1082,VENTURA COUNTY FLOOD CONTROL DISTRICT
29420,342575N1191526W001,1664897,1949-12-07T00:00:00Z,117.03,117.03,0,95.3,21.73,95.3,95.3,NA,Unknown,Water level accuracy is unknown,1,Department of Water Resources,NA,1082,VENTURA COUNTY FLOOD CONTROL DISTRICT
29420,342575N1191526W001,1664896,1949-11-08T00:00:00Z,117.03,117.03,0,94.7,22.33,94.7,94.7,NA,Unknown,Water level accuracy is unknown,1,Department of Water Resources,NA,1082,VENTURA COUNTY FLOOD CONTROL DISTRICT
29420,342575N1191526W001,1664895,1949-10-05T00:00:00Z,117.03,117.03,0,93.3,23.73,93.3,93.3,NA,Unknown,Water level accuracy is unknown,1,Department of Water Resources,NA,1082,VENTURA COUNTY FLOOD CONTROL DISTRICT
29420,342575N1191526W001,1664894,1949-09-09T00:00:00Z,117.03,117.03,0,91.7,25.33,91.7,91.7,NA,Unknown,Water level accuracy is unknown,1,Department of Water Resources,NA,1082,VENTURA COUNTY FLOOD CONTROL DISTRICT
29420,342575N1191526W001,1664893,1949-08-03T00:00:00Z,117.03,117.03,0,88.8,28.23,88.8,88.8,NA,Unknown,Water level accuracy is unknown,1,Department of Water Resources,NA,1082,VENTURA COUNTY FLOOD CONTROL DISTRICT
29420,342575N1191526W001,1664892,1949-07-04T00:00:00Z,117.03,117.03,0,86.1,30.93,86.1,86.1,NA,Unknown,Water level accuracy is unknown,1,Department of Water Resources,NA,1082,VENTURA COUNTY FLOOD CONTROL DISTRICT
29420,342575N1191526W001,1664891,1949-06-07T00:00:00Z,117.03,117.03,0,83.3,33.73,83.3,83.3,NA,Unknown,Water level accuracy is unknown,1,Department of Water Resources,NA,1082,VENTURA COUNTY FLOOD CONTROL DISTRICT
29420,342575N1191526W001,1664890,1949-05-05T00:00:00Z,117.03,117.03,0,81,36.03,81,81,NA,Unknown,Water level accuracy is unknown,1,Department of Water Resources,NA,1082,VENTURA COUNTY FLOOD CONTROL DISTRICT
29420,342575N1191526W001,1664889,1949-04-04T00:00:00Z,117.03,117.03,0,76.8,40.23,76.8,76.8,NA,Unknown,Water level accuracy is unknown,1,Department of Water Resources,NA,1082,VENTURA COUNTY FLOOD CONTROL DISTRICT
29420,342575N1191526W001,1664888,1949-03-22T00:00:00Z,117.03,117.03,0,81.5,35.53,81.5,81.5,NA,Unknown,Water level accuracy is unknown,1,Department of Water Resources,NA,1082,VENTURA COUNTY FLOOD CONTROL DISTRICT
