STN_ID,SITE_CODE,WLM_ID,MSMT_DATE,WLM_RPE,WLM_GSE,RDNG_WS,RDNG_RP,WSE,RPE_WSE,GSE_WSE,WLM_QA_DESC,WLM_DESC,WLM_ACC_DESC,WLM_ORG_ID,WLM_ORG_NAME,MSMT_CMT,COOP_AGENCY_ORG_ID,COOP_ORG_NAME
30165,371438N1208352W001,1363809,1962-10-09T00:00:00Z,87.5,87.5,NA,NA,NA,NA,NA,Temporarily inaccessible,NA,NA,1,Department of Water Resources,NA,1,Department of Water Resources
30165,371438N1208352W001,1363808,1961-03-15T00:00:00Z,87.5,87.5,NA,NA,NA,NA,NA,Pump house locked,NA,NA,1,Department of Water Resources,NA,1,Department of Water Resources
30165,371438N1208352W001,1363807,1960-10-01T00:00:00Z,87.5,87.5,NA,NA,NA,NA,NA,Well has been destroyed,NA,NA,1,Department of Water Resources,NA,624,Bureau of Reclamation
30165,371438N1208352W001,1363806,1960-03-15T00:00:00Z,87.5,87.5,0,3.9,83.6,3.9,3.9,NA,Unknown,Water level accuracy is unknown,1,Department of Water Resources,NA,1,Department of Water Resources
30165,371438N1208352W001,1363805,1959-09-24T00:00:00Z,87.5,87.5,NA,NA,NA,NA,NA,Dry well,NA,NA,1,Department of Water Resources,NA,624,Bureau of Reclamation
30165,371438N1208352W001,1363804,1959-03-18T00:00:00Z,87.5,87.5,0,3.9,83.6,3.9,3.9,NA,Unknown,Water level accuracy is unknown,1,Department of Water Resources,NA,1,Department of Water Resources
30165,371438N1208352W001,1363803,1958-09-19T00:00:00Z,87.5,87.5,NA,NA,NA,NA,NA,Dry well,NA,NA,1,Department of Water Resources,NA,624,Bureau of Reclamation
30165,371438N1208352W001,1363802,1958-03-19T00:00:00Z,87.5,87.5,0,2.6,84.9,2.6,2.6,NA,Unknown,Water level accuracy is unknown,1,Department of Water Resources,NA,1,Department of Water Resources
