STN_ID,SITE_CODE,WLM_ID,MSMT_DATE,WLM_RPE,WLM_GSE,RDNG_WS,RDNG_RP,WSE,RPE_WSE,GSE_WSE,WLM_QA_DESC,WLM_DESC,WLM_ACC_DESC,WLM_ORG_ID,WLM_ORG_NAME,MSMT_CMT,COOP_AGENCY_ORG_ID,COOP_ORG_NAME
30367,347030N1182815W001,1453856,1956-05-07T00:00:00Z,2404.78,2404.78,0,217,2187.78,217,217,NA,Unknown,Water level accuracy is unknown,1,Department of Water Resources,NA,5167,United States Geological Survey
30367,347030N1182815W001,1453855,1955-06-17T00:00:00Z,2404.78,2404.78,0,227.9,2176.88,227.9,227.9,NA,Unknown,Water level accuracy is unknown,1,Department of Water Resources,NA,5167,United States Geological Survey
30367,347030N1182815W001,1453854,1954-10-15T00:00:00Z,2404.78,2404.78,0,197.2,2207.58,197.2,197.2,NA,Unknown,Water level accuracy is unknown,1,Department of Water Resources,NA,5167,United States Geological Survey
30367,347030N1182815W001,1453853,1953-10-01T00:00:00Z,2404.78,2404.78,0,200,2204.78,200,200,NA,Unknown,Water level accuracy is unknown,1,Department of Water Resources,NA,5167,United States Geological Survey
