STN_ID,SITE_CODE,WLM_ID,MSMT_DATE,WLM_RPE,WLM_GSE,RDNG_WS,RDNG_RP,WSE,RPE_WSE,GSE_WSE,WLM_QA_DESC,WLM_DESC,WLM_ACC_DESC,WLM_ORG_ID,WLM_ORG_NAME,MSMT_CMT,COOP_AGENCY_ORG_ID,COOP_ORG_NAME
30373,346880N1182918W001,1453948,1963-05-28T00:00:00Z,2426.81,2426.81,0,223.45,2203.36,223.45,223.45,NA,Unknown,Water level accuracy is unknown,1,Department of Water Resources,NA,5167,United States Geological Survey
30373,346880N1182918W001,1453947,1963-04-01T00:00:00Z,2426.81,2426.81,0,219.2,2207.61,219.2,219.2,NA,Unknown,Water level accuracy is unknown,1,Department of Water Resources,NA,5167,United States Geological Survey
30373,346880N1182918W001,1453946,1962-11-07T00:00:00Z,2426.81,2426.81,0,210.7,2216.11,210.7,210.7,NA,Unknown,Water level accuracy is unknown,1,Department of Water Resources,NA,5167,United States Geological Survey
30373,346880N1182918W001,1453945,1962-04-06T00:00:00Z,2426.81,2426.81,0,217.5,2209.31,217.5,217.5,NA,Unknown,Water level accuracy is unknown,1,Department of Water Resources,NA,5167,United States Geological Survey
30373,346880N1182918W001,1453944,1961-10-17T00:00:00Z,2426.81,2426.81,0,213.1,2213.71,213.1,213.1,NA,Unknown,Water level accuracy is unknown,1,Department of Water Resources,NA,5167,United States Geological Survey
30373,346880N1182918W001,1453943,1960-10-24T00:00:00Z,2426.81,2426.81,0,204.9,2221.91,204.9,204.9,NA,Unknown,Water level accuracy is unknown,1,Department of Water Resources,NA,5167,United States Geological Survey
30373,346880N1182918W001,1453942,1960-03-07T00:00:00Z,2426.81,2426.81,0,193.5,2233.31,193.5,193.5,NA,Unknown,Water level accuracy is unknown,1,Department of Water Resources,NA,5167,United States Geological Survey
30373,346880N1182918W001,1453941,1959-11-10T00:00:00Z,2426.81,2426.81,0,204,2222.81,204,204,NA,Unknown,Water level accuracy is unknown,1,Department of Water Resources,NA,5167,United States Geological Survey
30373,346880N1182918W001,1453940,1959-03-19T00:00:00Z,2426.81,2426.81,0,206.7,2220.11,206.7,206.7,NA,Unknown,Water level accuracy is unknown,1,Department of Water Resources,NA,5167,United States Geological Survey
30373,346880N1182918W001,1453939,1958-11-28T00:00:00Z,2426.81,2426.81,0,194.7,2232.11,194.7,194.7,NA,Unknown,Water level accuracy is unknown,1,Department of Water Resources,NA,5167,United States Geological Survey
30373,346880N1182918W001,1453938,1958-03-12T00:00:00Z,2426.81,2426.81,0,184.7,2242.11,184.7,184.7,NA,Unknown,Water level accuracy is unknown,1,Department of Water Resources,NA,5167,United States Geological Survey
30373,346880N1182918W001,1453937,1957-11-12T00:00:00Z,2426.81,2426.81,0,198.7,2228.11,198.7,198.7,NA,Unknown,Water level accuracy is unknown,1,Department of Water Resources,NA,5167,United States Geological Survey
30373,346880N1182918W001,1453936,1957-10-23T00:00:00Z,2426.81,2426.81,0,201,2225.81,201,201,NA,Unknown,Water level accuracy is unknown,1,Department of Water Resources,NA,5167,United States Geological Survey
