STN_ID,SITE_CODE,WLM_ID,MSMT_DATE,WLM_RPE,WLM_GSE,RDNG_WS,RDNG_RP,WSE,RPE_WSE,GSE_WSE,WLM_QA_DESC,WLM_DESC,WLM_ACC_DESC,WLM_ORG_ID,WLM_ORG_NAME,MSMT_CMT,COOP_AGENCY_ORG_ID,COOP_ORG_NAME
30398,347836N1182821W001,1302383,1963-04-18T00:00:00Z,2434.77,2434.77,0,288.67,2146.1,288.67,288.67,NA,Unknown,Water level accuracy is unknown,1,Department of Water Resources,NA,5167,United States Geological Survey
30398,347836N1182821W001,1302382,1956-08-29T00:00:00Z,2434.77,2434.77,0,269.4,2165.37,269.4,269.4,Pumping,Unknown,Water level accuracy is unknown,1,Department of Water Resources,NA,5167,United States Geological Survey
30398,347836N1182821W001,1302381,1955-08-31T00:00:00Z,2434.77,2434.77,0,254.3,2180.47,254.3,254.3,Pumping,Unknown,Water level accuracy is unknown,1,Department of Water Resources,NA,5167,United States Geological Survey
30398,347836N1182821W001,1302380,1954-09-30T00:00:00Z,2434.77,2434.77,0,236.3,2198.47,236.3,236.3,Pumping,Unknown,Water level accuracy is unknown,1,Department of Water Resources,NA,5167,United States Geological Survey
30398,347836N1182821W001,1302379,1954-06-08T00:00:00Z,2434.77,2434.77,0,223.8,2210.97,223.8,223.8,Pumping,Unknown,Water level accuracy is unknown,1,Department of Water Resources,NA,5167,United States Geological Survey
