STN_ID,SITE_CODE,WLM_ID,MSMT_DATE,WLM_RPE,WLM_GSE,RDNG_WS,RDNG_RP,WSE,RPE_WSE,GSE_WSE,WLM_QA_DESC,WLM_DESC,WLM_ACC_DESC,WLM_ORG_ID,WLM_ORG_NAME,MSMT_CMT,COOP_AGENCY_ORG_ID,COOP_ORG_NAME
30401,347767N1183065W001,1302403,1962-11-13T00:00:00Z,2462.77,2462.77,0,270.4,2192.37,270.4,270.4,NA,Unknown,Water level accuracy is unknown,1,Department of Water Resources,NA,5167,United States Geological Survey
30401,347767N1183065W001,1302402,1962-04-03T00:00:00Z,2462.77,2462.77,0,276.2,2186.57,276.2,276.2,NA,Unknown,Water level accuracy is unknown,1,Department of Water Resources,NA,5167,United States Geological Survey
30401,347767N1183065W001,1302401,1961-10-17T00:00:00Z,2462.77,2462.77,0,297.6,2165.17,297.6,297.6,NA,Unknown,Water level accuracy is unknown,1,Department of Water Resources,NA,5167,United States Geological Survey
30401,347767N1183065W001,1302400,1961-04-03T00:00:00Z,2462.77,2462.77,0,263.4,2199.37,263.4,263.4,NA,Unknown,Water level accuracy is unknown,1,Department of Water Resources,NA,5167,United States Geological Survey
30401,347767N1183065W001,1302399,1960-10-27T00:00:00Z,2462.77,2462.77,0,272.6,2190.17,272.6,272.6,NA,Unknown,Water level accuracy is unknown,1,Department of Water Resources,NA,5167,United States Geological Survey
30401,347767N1183065W001,1302398,1960-03-08T00:00:00Z,2462.77,2462.77,0,230.6,2232.17,230.6,230.6,NA,Unknown,Water level accuracy is unknown,1,Department of Water Resources,NA,5167,United States Geological Survey
30401,347767N1183065W001,1302397,1959-11-09T00:00:00Z,2462.77,2462.77,0,267.2,2195.57,267.2,267.2,NA,Unknown,Water level accuracy is unknown,1,Department of Water Resources,NA,5167,United States Geological Survey
30401,347767N1183065W001,1302396,1958-11-28T00:00:00Z,2462.77,2462.77,0,236.8,2225.97,236.8,236.8,NA,Unknown,Water level accuracy is unknown,1,Department of Water Resources,NA,5167,United States Geological Survey
30401,347767N1183065W001,1302395,1958-03-12T00:00:00Z,2462.77,2462.77,0,221,2241.77,221,221,NA,Unknown,Water level accuracy is unknown,1,Department of Water Resources,NA,5167,United States Geological Survey
30401,347767N1183065W001,1302394,1957-11-21T00:00:00Z,2462.77,2462.77,0,238.8,2223.97,238.8,238.8,NA,Unknown,Water level accuracy is unknown,1,Department of Water Resources,NA,5167,United States Geological Survey
