STN_ID,SITE_CODE,WLM_ID,MSMT_DATE,WLM_RPE,WLM_GSE,RDNG_WS,RDNG_RP,WSE,RPE_WSE,GSE_WSE,WLM_QA_DESC,WLM_DESC,WLM_ACC_DESC,WLM_ORG_ID,WLM_ORG_NAME,MSMT_CMT,COOP_AGENCY_ORG_ID,COOP_ORG_NAME
30415,335773N1166823W001,1456182,2007-04-30T00:00:00Z,4222.83,4222.83,0,125.16,4097.67,125.16,125.16,NA,Unknown,Water level accuracy is unknown,1,Department of Water Resources,NA,5167,United States Geological Survey
30415,335773N1166823W001,1456183,2006-10-24T00:00:00Z,4222.83,4222.83,0,124.25,4098.58,124.25,124.25,NA,Unknown,Water level accuracy is unknown,1,Department of Water Resources,NA,5167,United States Geological Survey
30415,335773N1166823W001,1456184,2005-05-18T00:00:00Z,4222.83,4222.83,0,121.92,4100.91,121.92,121.92,NA,Unknown,Water level accuracy is unknown,1,Department of Water Resources,NA,5167,United States Geological Survey
30415,335773N1166823W001,1456181,1986-07-29T00:00:00Z,4222.83,4222.83,0,110.16,4112.67,110.16,110.16,NA,Unknown,Water level accuracy is unknown,1,Department of Water Resources,NA,5167,United States Geological Survey
30415,335773N1166823W001,1456180,1973-08-16T00:00:00Z,4222.83,4222.83,0,148.59,4074.24,148.59,148.59,NA,Unknown,Water level accuracy is unknown,1,Department of Water Resources,NA,5167,United States Geological Survey
30415,335773N1166823W001,1456179,1970-06-10T00:00:00Z,4222.83,4222.83,0,149.73,4073.1,149.73,149.73,NA,Unknown,Water level accuracy is unknown,1,Department of Water Resources,NA,5167,United States Geological Survey
30415,335773N1166823W001,1456178,1970-06-01T00:00:00Z,4222.83,4222.83,0,150,4072.83,150,150,NA,Unknown,Water level accuracy is unknown,1,Department of Water Resources,NA,5167,United States Geological Survey
30415,335773N1166823W001,1456177,1960-08-24T00:00:00Z,4222.83,4222.83,0,117.1,4105.73,117.1,117.1,NA,Unknown,Water level accuracy is unknown,1,Department of Water Resources,NA,5167,United States Geological Survey
