STN_ID,SITE_CODE,WLM_ID,MSMT_DATE,WLM_RPE,WLM_GSE,RDNG_WS,RDNG_RP,WSE,RPE_WSE,GSE_WSE,WLM_QA_DESC,WLM_DESC,WLM_ACC_DESC,WLM_ORG_ID,WLM_ORG_NAME,MSMT_CMT,COOP_AGENCY_ORG_ID,COOP_ORG_NAME
31079,348892N1169718W001,1330185,1974-04-20T00:00:00Z,2037.43,2037.43,0,10.11,2027.32,10.11,10.11,NA,Unknown,Water level accuracy is unknown,1,Department of Water Resources,NA,5167,United States Geological Survey
31079,348892N1169718W001,1330184,1969-04-07T00:00:00Z,2037.43,2037.43,0,7.76,2029.67,7.76,7.76,NA,Unknown,Water level accuracy is unknown,1,Department of Water Resources,NA,5167,United States Geological Survey
31079,348892N1169718W001,1330183,1967-09-26T00:00:00Z,2037.43,2037.43,0,22.69,2014.74,22.69,22.69,NA,Unknown,Water level accuracy is unknown,1,Department of Water Resources,NA,5167,United States Geological Survey
31079,348892N1169718W001,1330182,1967-03-21T00:00:00Z,2037.43,2037.43,0,21.84,2015.59,21.84,21.84,NA,Unknown,Water level accuracy is unknown,1,Department of Water Resources,NA,5167,United States Geological Survey
31079,348892N1169718W001,1330181,1964-03-13T00:00:00Z,2037.43,2037.43,0,20.86,2016.57,20.86,20.86,NA,Unknown,Water level accuracy is unknown,1,Department of Water Resources,NA,5167,United States Geological Survey
31079,348892N1169718W001,1330180,1962-11-19T00:00:00Z,2037.43,2037.43,0,19.24,2018.19,19.24,19.24,NA,Unknown,Water level accuracy is unknown,1,Department of Water Resources,NA,5167,United States Geological Survey
