STN_ID,SITE_CODE,WLM_ID,MSMT_DATE,WLM_RPE,WLM_GSE,RDNG_WS,RDNG_RP,WSE,RPE_WSE,GSE_WSE,WLM_QA_DESC,WLM_DESC,WLM_ACC_DESC,WLM_ORG_ID,WLM_ORG_NAME,MSMT_CMT,COOP_AGENCY_ORG_ID,COOP_ORG_NAME
31086,348847N1169726W003,1330452,1977-11-09T00:00:00Z,2036.45,2036.45,0,21.02,2015.43,21.02,21.02,NA,Unknown,Water level accuracy is unknown,1,Department of Water Resources,NA,5167,United States Geological Survey
31086,348847N1169726W003,1330451,1977-05-25T00:00:00Z,2036.45,2036.45,0,19.83,2016.62,19.83,19.83,NA,Unknown,Water level accuracy is unknown,1,Department of Water Resources,NA,5167,United States Geological Survey
31086,348847N1169726W003,1330450,1976-10-27T00:00:00Z,2036.45,2036.45,0,22.46,2013.99,22.46,22.46,NA,Unknown,Water level accuracy is unknown,1,Department of Water Resources,NA,5167,United States Geological Survey
31086,348847N1169726W003,1330449,1975-04-29T00:00:00Z,2036.45,2036.45,0,17.2,2019.25,17.2,17.2,NA,Unknown,Water level accuracy is unknown,1,Department of Water Resources,NA,5167,United States Geological Survey
31086,348847N1169726W003,1330448,1973-11-26T00:00:00Z,2036.45,2036.45,0,14.63,2021.82,14.63,14.63,NA,Unknown,Water level accuracy is unknown,1,Department of Water Resources,NA,5167,United States Geological Survey
31086,348847N1169726W003,1330447,1973-11-06T00:00:00Z,2036.45,2036.45,0,14.5,2021.95,14.5,14.5,NA,Unknown,Water level accuracy is unknown,1,Department of Water Resources,NA,5167,United States Geological Survey
31086,348847N1169726W003,1330446,1973-10-09T00:00:00Z,2036.45,2036.45,0,14.39,2022.06,14.39,14.39,NA,Unknown,Water level accuracy is unknown,1,Department of Water Resources,NA,5167,United States Geological Survey
31086,348847N1169726W003,1330445,1973-09-04T00:00:00Z,2036.45,2036.45,0,13.98,2022.47,13.98,13.98,NA,Unknown,Water level accuracy is unknown,1,Department of Water Resources,NA,5167,United States Geological Survey
31086,348847N1169726W003,1330444,1973-08-01T00:00:00Z,2036.45,2036.45,0,13.36,2023.09,13.36,13.36,NA,Unknown,Water level accuracy is unknown,1,Department of Water Resources,NA,5167,United States Geological Survey
31086,348847N1169726W003,1330443,1973-07-02T00:00:00Z,2036.45,2036.45,0,12.5,2023.95,12.5,12.5,NA,Unknown,Water level accuracy is unknown,1,Department of Water Resources,NA,5167,United States Geological Survey
31086,348847N1169726W003,1330442,1973-06-01T00:00:00Z,2036.45,2036.45,0,12.14,2024.31,12.14,12.14,NA,Unknown,Water level accuracy is unknown,1,Department of Water Resources,NA,5167,United States Geological Survey
31086,348847N1169726W003,1330441,1973-04-19T00:00:00Z,2036.45,2036.45,0,11.21,2025.24,11.21,11.21,NA,Unknown,Water level accuracy is unknown,1,Department of Water Resources,NA,5167,United States Geological Survey
31086,348847N1169726W003,1330440,1973-03-15T00:00:00Z,2036.45,2036.45,0,11.31,2025.14,11.31,11.31,NA,Unknown,Water level accuracy is unknown,1,Department of Water Resources,NA,5167,United States Geological Survey
31086,348847N1169726W003,1330439,1973-02-22T00:00:00Z,2036.45,2036.45,0,9.99,2026.46,9.99,9.99,NA,Unknown,Water level accuracy is unknown,1,Department of Water Resources,NA,5167,United States Geological Survey
31086,348847N1169726W003,1330438,1973-01-25T00:00:00Z,2036.45,2036.45,0,10.5,2025.95,10.5,10.5,NA,Unknown,Water level accuracy is unknown,1,Department of Water Resources,NA,5167,United States Geological Survey
31086,348847N1169726W003,1330437,1972-12-14T00:00:00Z,2036.45,2036.45,0,11.12,2025.33,11.12,11.12,NA,Unknown,Water level accuracy is unknown,1,Department of Water Resources,NA,5167,United States Geological Survey
31086,348847N1169726W003,1330436,1972-11-21T00:00:00Z,2036.45,2036.45,0,11.68,2024.77,11.68,11.68,NA,Unknown,Water level accuracy is unknown,1,Department of Water Resources,NA,5167,United States Geological Survey
31086,348847N1169726W003,1330435,1972-10-23T00:00:00Z,2036.45,2036.45,0,12.21,2024.24,12.21,12.21,NA,Unknown,Water level accuracy is unknown,1,Department of Water Resources,NA,5167,United States Geological Survey
31086,348847N1169726W003,1330434,1972-09-12T00:00:00Z,2036.45,2036.45,0,11.82,2024.63,11.82,11.82,NA,Unknown,Water level accuracy is unknown,1,Department of Water Resources,NA,5167,United States Geological Survey
31086,348847N1169726W003,1330433,1972-08-16T00:00:00Z,2036.45,2036.45,0,11.43,2025.02,11.43,11.43,NA,Unknown,Water level accuracy is unknown,1,Department of Water Resources,NA,5167,United States Geological Survey
31086,348847N1169726W003,1330432,1972-07-20T00:00:00Z,2036.45,2036.45,0,10.77,2025.68,10.77,10.77,NA,Unknown,Water level accuracy is unknown,1,Department of Water Resources,NA,5167,United States Geological Survey
31086,348847N1169726W003,1330431,1972-06-20T00:00:00Z,2036.45,2036.45,0,10.26,2026.19,10.26,10.26,NA,Unknown,Water level accuracy is unknown,1,Department of Water Resources,NA,5167,United States Geological Survey
31086,348847N1169726W003,1330430,1972-05-15T00:00:00Z,2036.45,2036.45,0,9.87,2026.58,9.87,9.87,NA,Unknown,Water level accuracy is unknown,1,Department of Water Resources,NA,5167,United States Geological Survey
31086,348847N1169726W003,1330429,1972-04-18T00:00:00Z,2036.45,2036.45,0,9.46,2026.99,9.46,9.46,NA,Unknown,Water level accuracy is unknown,1,Department of Water Resources,NA,5167,United States Geological Survey
31086,348847N1169726W003,1330428,1972-03-22T00:00:00Z,2036.45,2036.45,0,9.16,2027.29,9.16,9.16,NA,Unknown,Water level accuracy is unknown,1,Department of Water Resources,NA,5167,United States Geological Survey
31086,348847N1169726W003,1330427,1972-02-16T00:00:00Z,2036.45,2036.45,0,9.95,2026.5,9.95,9.95,NA,Unknown,Water level accuracy is unknown,1,Department of Water Resources,NA,5167,United States Geological Survey
31086,348847N1169726W003,1330426,1972-01-19T00:00:00Z,2036.45,2036.45,0,10.15,2026.3,10.15,10.15,NA,Unknown,Water level accuracy is unknown,1,Department of Water Resources,NA,5167,United States Geological Survey
31086,348847N1169726W003,1330425,1971-12-17T00:00:00Z,2036.45,2036.45,0,10.33,2026.12,10.33,10.33,NA,Unknown,Water level accuracy is unknown,1,Department of Water Resources,NA,5167,United States Geological Survey
31086,348847N1169726W003,1330424,1971-11-16T00:00:00Z,2036.45,2036.45,0,10.25,2026.2,10.25,10.25,NA,Unknown,Water level accuracy is unknown,1,Department of Water Resources,NA,5167,United States Geological Survey
31086,348847N1169726W003,1330423,1971-10-18T00:00:00Z,2036.45,2036.45,0,9.5,2026.95,9.5,9.5,NA,Unknown,Water level accuracy is unknown,1,Department of Water Resources,NA,5167,United States Geological Survey
31086,348847N1169726W003,1330422,1971-09-16T00:00:00Z,2036.45,2036.45,0,8,2028.45,8,8,NA,Unknown,Water level accuracy is unknown,1,Department of Water Resources,NA,5167,United States Geological Survey
31086,348847N1169726W003,1330421,1971-09-01T00:00:00Z,2036.45,2036.45,0,10.3,2026.15,10.3,10.3,NA,Unknown,Water level accuracy is unknown,1,Department of Water Resources,NA,5167,United States Geological Survey
