STN_ID,SITE_CODE,WLM_ID,MSMT_DATE,WLM_RPE,WLM_GSE,RDNG_WS,RDNG_RP,WSE,RPE_WSE,GSE_WSE,WLM_QA_DESC,WLM_DESC,WLM_ACC_DESC,WLM_ORG_ID,WLM_ORG_NAME,MSMT_CMT,COOP_AGENCY_ORG_ID,COOP_ORG_NAME
31092,372438N1206341W001,1317770,1982-01-28T00:00:00Z,111.79,110.39,NA,NA,NA,NA,NA,Measurement Discontinued,NA,NA,1,Department of Water Resources,NA,5167,United States Geological Survey
31092,372438N1206341W001,1317769,1981-10-06T00:00:00Z,111.79,110.39,0,36.1,75.69,36.1,34.7,NA,Unknown,Water level accuracy is unknown,1,Department of Water Resources,NA,5167,United States Geological Survey
31092,372438N1206341W001,1317768,1981-02-10T00:00:00Z,111.79,110.39,0,22.9,88.89,22.9,21.5,NA,Unknown,Water level accuracy is unknown,1,Department of Water Resources,NA,5167,United States Geological Survey
31092,372438N1206341W001,1317767,1980-12-08T00:00:00Z,111.79,110.39,0,25.8,85.99,25.8,24.4,NA,Unknown,Water level accuracy is unknown,1,Department of Water Resources,NA,624,Bureau of Reclamation
31092,372438N1206341W001,1317766,1980-04-01T00:00:00Z,111.79,110.39,0,20.8,90.99,20.8,19.4,NA,Unknown,Water level accuracy is unknown,1,Department of Water Resources,NA,624,Bureau of Reclamation
31092,372438N1206341W001,1317765,1979-10-29T00:00:00Z,111.79,110.39,0,31.9,79.89,31.9,30.5,NA,Unknown,Water level accuracy is unknown,1,Department of Water Resources,NA,624,Bureau of Reclamation
