STN_ID,SITE_CODE,WLM_ID,MSMT_DATE,WLM_RPE,WLM_GSE,RDNG_WS,RDNG_RP,WSE,RPE_WSE,GSE_WSE,WLM_QA_DESC,WLM_DESC,WLM_ACC_DESC,WLM_ORG_ID,WLM_ORG_NAME,MSMT_CMT,COOP_AGENCY_ORG_ID,COOP_ORG_NAME
31521,372818N1203018W001,1472988,1982-01-28T00:00:00Z,236.81,236.31,NA,NA,NA,NA,NA,Measurement Discontinued,NA,NA,1,Department of Water Resources,NA,5167,United States Geological Survey
31521,372818N1203018W001,1472987,1981-10-07T00:00:00Z,236.81,236.31,0,24.6,212.21,24.6,24.1,NA,Unknown,Water level accuracy is unknown,1,Department of Water Resources,NA,5167,United States Geological Survey
31521,372818N1203018W001,1472986,1981-02-13T00:00:00Z,236.81,236.31,0,29.3,207.51,29.3,28.8,NA,Unknown,Water level accuracy is unknown,1,Department of Water Resources,NA,5167,United States Geological Survey
31521,372818N1203018W001,1472985,1980-09-30T00:00:00Z,236.81,236.31,0,21.9,214.91,21.9,21.4,NA,Unknown,Water level accuracy is unknown,1,Department of Water Resources,NA,624,Bureau of Reclamation
31521,372818N1203018W001,1472984,1980-04-01T00:00:00Z,236.81,236.31,0,29.2,207.61,29.2,28.7,NA,Unknown,Water level accuracy is unknown,1,Department of Water Resources,NA,624,Bureau of Reclamation
31521,372818N1203018W001,1472983,1979-09-27T00:00:00Z,236.81,236.31,0,25,211.81,25,24.5,NA,Unknown,Water level accuracy is unknown,1,Department of Water Resources,NA,624,Bureau of Reclamation
