STN_ID,SITE_CODE,WLM_ID,MSMT_DATE,WLM_RPE,WLM_GSE,RDNG_WS,RDNG_RP,WSE,RPE_WSE,GSE_WSE,WLM_QA_DESC,WLM_DESC,WLM_ACC_DESC,WLM_ORG_ID,WLM_ORG_NAME,MSMT_CMT,COOP_AGENCY_ORG_ID,COOP_ORG_NAME
31535,386176N1212469W001,1345937,2007-04-06T00:00:00Z,126.3,126.3,NA,NA,NA,NA,NA,Measurement Discontinued,NA,NA,1,Department of Water Resources,NA,1,Department of Water Resources
31535,386176N1212469W001,1345936,2006-10-18T00:00:00Z,126.3,126.3,0,86.1,40.2,86.1,86.1,NA,Unknown,Water level accuracy is unknown,1,Department of Water Resources,NA,1,Department of Water Resources
31535,386176N1212469W001,1345935,2006-04-26T00:00:00Z,126.3,126.3,0,81.6,44.7,81.6,81.6,NA,Unknown,Water level accuracy is unknown,1,Department of Water Resources,NA,1,Department of Water Resources
31535,386176N1212469W001,1345934,2005-10-31T00:00:00Z,126.3,126.3,0,86.4,39.9,86.4,86.4,NA,Unknown,Water level accuracy is unknown,1,Department of Water Resources,NA,1,Department of Water Resources
31535,386176N1212469W001,1345933,2005-04-13T00:00:00Z,126.3,126.3,0,82.1,44.2,82.1,82.1,NA,Unknown,Water level accuracy is unknown,1,Department of Water Resources,NA,1,Department of Water Resources
31535,386176N1212469W001,1345932,2004-10-28T00:00:00Z,126.3,126.3,0,85.9,40.4,85.9,85.9,NA,Unknown,Water level accuracy is unknown,1,Department of Water Resources,NA,1,Department of Water Resources
31535,386176N1212469W001,1345931,2004-03-23T00:00:00Z,126.3,126.3,0,80.1,46.2,80.1,80.1,NA,Unknown,Water level accuracy is unknown,1,Department of Water Resources,NA,1,Department of Water Resources
31535,386176N1212469W001,1345930,2003-10-27T00:00:00Z,126.3,126.3,0,86.6,39.7,86.6,86.6,NA,Unknown,Water level accuracy is unknown,1,Department of Water Resources,NA,1,Department of Water Resources
31535,386176N1212469W001,1345929,2003-04-07T00:00:00Z,126.3,126.3,0,79.4,46.9,79.4,79.4,NA,Unknown,Water level accuracy is unknown,1,Department of Water Resources,NA,1,Department of Water Resources
31535,386176N1212469W001,1345928,2002-11-21T00:00:00Z,126.3,126.3,0,85.6,40.7,85.6,85.6,NA,Unknown,Water level accuracy is unknown,1,Department of Water Resources,NA,1,Department of Water Resources
31535,386176N1212469W001,1345927,2002-04-11T00:00:00Z,126.3,126.3,0,81.6,44.7,81.6,81.6,NA,Unknown,Water level accuracy is unknown,1,Department of Water Resources,NA,1,Department of Water Resources
31535,386176N1212469W001,1345926,2001-11-16T00:00:00Z,126.3,126.3,0,84.2,42.1,84.2,84.2,NA,Unknown,Water level accuracy is unknown,1,Department of Water Resources,NA,1,Department of Water Resources
31535,386176N1212469W001,1345925,2001-05-22T00:00:00Z,126.3,126.3,0,84.7,41.6,84.7,84.7,NA,Unknown,Water level accuracy is unknown,1,Department of Water Resources,NA,1,Department of Water Resources
31535,386176N1212469W001,1345921,2000-11-06T00:00:00Z,126.3,126.3,0,81.5,44.8,81.5,81.5,NA,Unknown,Water level accuracy is unknown,1,Department of Water Resources,NA,1,Department of Water Resources
31535,386176N1212469W001,1345920,2000-05-04T00:00:00Z,126.3,126.3,0,80.6,45.7,80.6,80.6,NA,Unknown,Water level accuracy is unknown,1,Department of Water Resources,NA,1,Department of Water Resources
31535,386176N1212469W001,1345919,1999-11-01T00:00:00Z,126.3,126.3,0,80.3,46,80.3,80.3,NA,Unknown,Water level accuracy is unknown,1,Department of Water Resources,NA,1,Department of Water Resources
31535,386176N1212469W001,1345918,1999-04-01T00:00:00Z,126.3,126.3,0,76.3,50,76.3,76.3,NA,Unknown,Water level accuracy is unknown,1,Department of Water Resources,NA,1,Department of Water Resources
31535,386176N1212469W001,1345924,1998-11-09T00:00:00Z,126.3,126.3,0,75.9,50.4,75.9,75.9,NA,Unknown,Water level accuracy is unknown,1,Department of Water Resources,NA,1,Department of Water Resources
31535,386176N1212469W001,1345923,1997-11-06T00:00:00Z,126.3,126.3,0,80,46.3,80,80,NA,Unknown,Water level accuracy is unknown,1,Department of Water Resources,NA,1,Department of Water Resources
31535,386176N1212469W001,1345922,1997-04-21T00:00:00Z,126.3,126.3,NA,NA,NA,NA,NA,Temporarily inaccessible,NA,NA,1,Department of Water Resources,CONSTRUCTION/LARGE EQUIPMENT RUNNING,1,Department of Water Resources
31535,386176N1212469W001,1345917,1996-12-02T00:00:00Z,126.3,126.3,0,80.4,45.9,80.4,80.4,NA,Unknown,Water level accuracy is unknown,1,Department of Water Resources,NA,1,Department of Water Resources
31535,386176N1212469W001,1345916,1996-03-28T00:00:00Z,126.3,126.3,0,76.8,49.5,76.8,76.8,NA,Unknown,Water level accuracy is unknown,1,Department of Water Resources,NA,1,Department of Water Resources
31535,386176N1212469W001,1345915,1995-12-08T00:00:00Z,126.3,126.3,0,78.8,47.5,78.8,78.8,NA,Unknown,Water level accuracy is unknown,1,Department of Water Resources,NA,1,Department of Water Resources
31535,386176N1212469W001,1345914,1995-04-12T00:00:00Z,126.3,126.3,0,79.5,46.8,79.5,79.5,NA,Unknown,Water level accuracy is unknown,1,Department of Water Resources,NA,1,Department of Water Resources
31535,386176N1212469W001,1345913,1994-11-09T00:00:00Z,126.3,126.3,0,84.4,41.9,84.4,84.4,NA,Unknown,Water level accuracy is unknown,1,Department of Water Resources,NA,1,Department of Water Resources
31535,386176N1212469W001,1345912,1994-03-15T00:00:00Z,126.3,126.3,0,78.1,48.2,78.1,78.1,NA,Unknown,Water level accuracy is unknown,1,Department of Water Resources,NA,1,Department of Water Resources
31535,386176N1212469W001,1345911,1993-10-26T00:00:00Z,126.3,126.3,0,80.4,45.9,80.4,80.4,NA,Unknown,Water level accuracy is unknown,1,Department of Water Resources,NA,1,Department of Water Resources
31535,386176N1212469W001,1345910,1993-03-16T00:00:00Z,126.3,126.3,0,76.4,49.9,76.4,76.4,NA,Unknown,Water level accuracy is unknown,1,Department of Water Resources,NA,1,Department of Water Resources
31535,386176N1212469W001,1345909,1992-12-15T00:00:00Z,126.3,126.3,NA,NA,NA,NA,NA,Temporarily inaccessible,NA,NA,1,Department of Water Resources,NO KEY,1,Department of Water Resources
31535,386176N1212469W001,1345908,1992-04-15T00:00:00Z,126.3,126.3,NA,NA,NA,NA,NA,Special/Other,NA,NA,1,Department of Water Resources,NOT MEASURED THIS SEASON,1,Department of Water Resources
31535,386176N1212469W001,1345907,1991-03-21T00:00:00Z,126.3,126.3,0,77.1,49.2,77.1,77.1,NA,Unknown,Water level accuracy is unknown,1,Department of Water Resources,NA,1,Department of Water Resources
31535,386176N1212469W001,1345906,1990-10-17T00:00:00Z,126.3,126.3,0,78,48.3,78,78,NA,Unknown,Water level accuracy is unknown,1,Department of Water Resources,NA,1,Department of Water Resources
31535,386176N1212469W001,1345905,1990-03-26T00:00:00Z,126.3,126.3,0,75.4,50.9,75.4,75.4,NA,Unknown,Water level accuracy is unknown,1,Department of Water Resources,NA,1,Department of Water Resources
31535,386176N1212469W001,1345904,1989-11-21T00:00:00Z,126.3,126.3,0,76.5,49.8,76.5,76.5,NA,Unknown,Water level accuracy is unknown,1,Department of Water Resources,NA,1,Department of Water Resources
31535,386176N1212469W001,1345903,1989-03-23T00:00:00Z,126.3,126.3,0,74.7,51.6,74.7,74.7,NA,Unknown,Water level accuracy is unknown,1,Department of Water Resources,NA,1,Department of Water Resources
31535,386176N1212469W001,1345902,1988-10-18T00:00:00Z,126.3,126.3,0,75.7,50.6,75.7,75.7,NA,Unknown,Water level accuracy is unknown,1,Department of Water Resources,NA,1,Department of Water Resources
31535,386176N1212469W001,1345901,1988-03-16T00:00:00Z,126.3,126.3,0,73,53.3,73,73,NA,Unknown,Water level accuracy is unknown,1,Department of Water Resources,NA,1,Department of Water Resources
31535,386176N1212469W001,1345900,1987-10-20T00:00:00Z,126.3,126.3,0,73.8,52.5,73.8,73.8,NA,Unknown,Water level accuracy is unknown,1,Department of Water Resources,NA,1,Department of Water Resources
31535,386176N1212469W001,1345899,1987-03-19T00:00:00Z,126.3,126.3,0,67.6,58.7,67.6,67.6,NA,Unknown,Water level accuracy is unknown,1,Department of Water Resources,NA,1,Department of Water Resources
31535,386176N1212469W001,1345898,1986-10-22T00:00:00Z,126.3,126.3,0,69.2,57.1,69.2,69.2,NA,Unknown,Water level accuracy is unknown,1,Department of Water Resources,NA,1,Department of Water Resources
31535,386176N1212469W001,1345897,1986-03-12T00:00:00Z,126.3,126.3,0,64.5,61.8,64.5,64.5,NA,Unknown,Water level accuracy is unknown,1,Department of Water Resources,NA,1,Department of Water Resources
31535,386176N1212469W001,1345896,1985-10-16T00:00:00Z,126.3,126.3,0,69.8,56.5,69.8,69.8,NA,Unknown,Water level accuracy is unknown,1,Department of Water Resources,NA,1,Department of Water Resources
31535,386176N1212469W001,1345895,1985-03-07T00:00:00Z,126.3,126.3,0,62.3,64,62.3,62.3,NA,Unknown,Water level accuracy is unknown,1,Department of Water Resources,NA,1,Department of Water Resources
31535,386176N1212469W001,1345894,1984-10-10T00:00:00Z,126.3,126.3,0,63.5,62.8,63.5,63.5,NA,Unknown,Water level accuracy is unknown,1,Department of Water Resources,NA,1,Department of Water Resources
31535,386176N1212469W001,1345893,1984-03-14T00:00:00Z,126.3,126.3,0,54.3,72,54.3,54.3,NA,Unknown,Water level accuracy is unknown,1,Department of Water Resources,NA,1,Department of Water Resources
31535,386176N1212469W001,1345892,1983-10-07T00:00:00Z,126.3,126.3,0,58.8,67.5,58.8,58.8,NA,Unknown,Water level accuracy is unknown,1,Department of Water Resources,NA,1,Department of Water Resources
31535,386176N1212469W001,1345891,1983-03-25T00:00:00Z,126.3,126.3,0,54.6,71.7,54.6,54.6,NA,Unknown,Water level accuracy is unknown,1,Department of Water Resources,NA,1,Department of Water Resources
31535,386176N1212469W001,1345890,1982-10-20T00:00:00Z,126.3,126.3,0,63.7,62.6,63.7,63.7,NA,Unknown,Water level accuracy is unknown,1,Department of Water Resources,NA,1,Department of Water Resources
31535,386176N1212469W001,1345889,1982-03-08T00:00:00Z,126.3,126.3,0,62,64.3,62,62,NA,Unknown,Water level accuracy is unknown,1,Department of Water Resources,NA,1,Department of Water Resources
31535,386176N1212469W001,1345888,1981-11-04T00:00:00Z,126.3,126.3,0,68.2,58.1,68.2,68.2,NA,Unknown,Water level accuracy is unknown,1,Department of Water Resources,NA,1,Department of Water Resources
