STN_ID,SITE_CODE,WLM_ID,MSMT_DATE,WLM_RPE,WLM_GSE,RDNG_WS,RDNG_RP,WSE,RPE_WSE,GSE_WSE,WLM_QA_DESC,WLM_DESC,WLM_ACC_DESC,WLM_ORG_ID,WLM_ORG_NAME,MSMT_CMT,COOP_AGENCY_ORG_ID,COOP_ORG_NAME
31737,371221N1204821W001,1371664,1966-02-01T00:00:00Z,146.25,146.25,0,89,57.25,89,89,NA,Unknown,Water level accuracy is unknown,1,Department of Water Resources,NA,1089,EL NIDO IRRIGATION DISTRICT
31737,371221N1204821W001,1371663,1965-02-09T00:00:00Z,146.25,146.25,0,87.5,58.75,87.5,87.5,NA,Unknown,Water level accuracy is unknown,1,Department of Water Resources,NA,1089,EL NIDO IRRIGATION DISTRICT
31737,371221N1204821W001,1371662,1964-02-10T00:00:00Z,146.25,146.25,0,79.1,67.15,79.1,79.1,NA,Unknown,Water level accuracy is unknown,1,Department of Water Resources,NA,1089,EL NIDO IRRIGATION DISTRICT
31737,371221N1204821W001,1371661,1963-02-20T00:00:00Z,146.25,146.25,0,82.2,64.05,82.2,82.2,NA,Unknown,Water level accuracy is unknown,1,Department of Water Resources,NA,1089,EL NIDO IRRIGATION DISTRICT
31737,371221N1204821W001,1371660,1962-02-20T00:00:00Z,146.25,146.25,0,84,62.25,84,84,NA,Unknown,Water level accuracy is unknown,1,Department of Water Resources,NA,1089,EL NIDO IRRIGATION DISTRICT
31737,371221N1204821W001,1371659,1961-02-21T00:00:00Z,146.25,146.25,0,76,70.25,76,76,NA,Unknown,Water level accuracy is unknown,1,Department of Water Resources,NA,1089,EL NIDO IRRIGATION DISTRICT
31737,371221N1204821W001,1371658,1960-02-25T00:00:00Z,146.25,146.25,0,71.5,74.75,71.5,71.5,NA,Unknown,Water level accuracy is unknown,1,Department of Water Resources,NA,1089,EL NIDO IRRIGATION DISTRICT
31737,371221N1204821W001,1371657,1960-02-01T00:00:00Z,146.25,146.25,0,71.5,74.75,71.5,71.5,NA,Unknown,Water level accuracy is unknown,1,Department of Water Resources,NA,1089,EL NIDO IRRIGATION DISTRICT
