STN_ID,SITE_CODE,WLM_ID,MSMT_DATE,WLM_RPE,WLM_GSE,RDNG_WS,RDNG_RP,WSE,RPE_WSE,GSE_WSE,WLM_QA_DESC,WLM_DESC,WLM_ACC_DESC,WLM_ORG_ID,WLM_ORG_NAME,MSMT_CMT,COOP_AGENCY_ORG_ID,COOP_ORG_NAME
3188,338628N1178576W001,1499232,1986-09-04T00:00:00Z,225.44,225.44,0,117.33,108.11,117.33,117.33,NA,Unknown,Water level accuracy is unknown,1,Department of Water Resources,NA,5167,United States Geological Survey
3188,338628N1178576W001,1499231,1986-05-05T00:00:00Z,225.44,225.44,0,105.88,119.56,105.88,105.88,NA,Unknown,Water level accuracy is unknown,1,Department of Water Resources,NA,5167,United States Geological Survey
3188,338628N1178576W001,1499230,1986-02-11T00:00:00Z,225.44,225.44,0,93.82,131.62,93.82,93.82,NA,Unknown,Water level accuracy is unknown,1,Department of Water Resources,NA,5167,United States Geological Survey
3188,338628N1178576W001,1499229,1985-11-04T00:00:00Z,225.44,225.44,0,86.34,139.1,86.34,86.34,NA,Unknown,Water level accuracy is unknown,1,Department of Water Resources,NA,5167,United States Geological Survey
3188,338628N1178576W001,1499228,1985-08-22T00:00:00Z,225.44,225.44,0,111,114.44,111,111,NA,Unknown,Water level accuracy is unknown,1,Department of Water Resources,NA,5167,United States Geological Survey
3188,338628N1178576W001,1499227,1985-05-07T00:00:00Z,225.44,225.44,0,98.31,127.13,98.31,98.31,NA,Unknown,Water level accuracy is unknown,1,Department of Water Resources,NA,5167,United States Geological Survey
3188,338628N1178576W001,1499226,1985-04-15T00:00:00Z,225.44,225.44,0,93.9,131.54,93.9,93.9,NA,Unknown,Water level accuracy is unknown,1,Department of Water Resources,NA,5167,United States Geological Survey
3188,338628N1178576W001,1499225,1985-02-13T00:00:00Z,225.44,225.44,0,93.38,132.06,93.38,93.38,NA,Unknown,Water level accuracy is unknown,1,Department of Water Resources,NA,5167,United States Geological Survey
3188,338628N1178576W001,1499224,1984-11-02T00:00:00Z,225.44,225.44,0,91.6,133.84,91.6,91.6,NA,Unknown,Water level accuracy is unknown,1,Department of Water Resources,NA,5167,United States Geological Survey
3188,338628N1178576W001,1499223,1984-10-09T00:00:00Z,225.44,225.44,0,93.1,132.34,93.1,93.1,NA,Unknown,Water level accuracy is unknown,1,Department of Water Resources,NA,5167,United States Geological Survey
3188,338628N1178576W001,1499222,1984-09-06T00:00:00Z,225.44,225.44,0,100.1,125.34,100.1,100.1,NA,Unknown,Water level accuracy is unknown,1,Department of Water Resources,NA,5167,United States Geological Survey
3188,338628N1178576W001,1499221,1984-08-07T00:00:00Z,225.44,225.44,0,105.8,119.64,105.8,105.8,NA,Unknown,Water level accuracy is unknown,1,Department of Water Resources,NA,5167,United States Geological Survey
3188,338628N1178576W001,1499220,1984-07-03T00:00:00Z,225.44,225.44,0,119.75,105.69,119.75,119.75,NA,Unknown,Water level accuracy is unknown,1,Department of Water Resources,NA,5167,United States Geological Survey
3188,338628N1178576W001,1499219,1984-06-04T00:00:00Z,225.44,225.44,0,92.8,132.64,92.8,92.8,NA,Unknown,Water level accuracy is unknown,1,Department of Water Resources,NA,5167,United States Geological Survey
3188,338628N1178576W001,1499218,1984-05-07T00:00:00Z,225.44,225.44,0,86.6,138.84,86.6,86.6,NA,Unknown,Water level accuracy is unknown,1,Department of Water Resources,NA,5167,United States Geological Survey
3188,338628N1178576W001,1499217,1984-04-02T00:00:00Z,225.44,225.44,0,91.6,133.84,91.6,91.6,NA,Unknown,Water level accuracy is unknown,1,Department of Water Resources,NA,5167,United States Geological Survey
3188,338628N1178576W001,1499216,1984-03-07T00:00:00Z,225.44,225.44,0,81,144.44,81,81,NA,Unknown,Water level accuracy is unknown,1,Department of Water Resources,NA,5167,United States Geological Survey
3188,338628N1178576W001,1499215,1984-02-17T00:00:00Z,225.44,225.44,0,79.39,146.05,79.39,79.39,NA,Unknown,Water level accuracy is unknown,1,Department of Water Resources,NA,5167,United States Geological Survey
3188,338628N1178576W001,1499214,1983-11-03T00:00:00Z,225.44,225.44,0,113.48,111.96,113.48,113.48,NA,Unknown,Water level accuracy is unknown,1,Department of Water Resources,NA,5167,United States Geological Survey
3188,338628N1178576W001,1499213,1983-10-13T00:00:00Z,225.44,225.44,0,108.2,117.24,108.2,108.2,NA,Unknown,Water level accuracy is unknown,1,Department of Water Resources,NA,5167,United States Geological Survey
3188,338628N1178576W001,1499212,1983-09-01T00:00:00Z,225.44,225.44,0,102.9,122.54,102.9,102.9,NA,Unknown,Water level accuracy is unknown,1,Department of Water Resources,NA,5167,United States Geological Survey
3188,338628N1178576W001,1499211,1983-08-02T00:00:00Z,225.44,225.44,0,99.2,126.24,99.2,99.2,NA,Unknown,Water level accuracy is unknown,1,Department of Water Resources,NA,5167,United States Geological Survey
3188,338628N1178576W001,1499210,1983-07-05T00:00:00Z,225.44,225.44,0,95.4,130.04,95.4,95.4,NA,Unknown,Water level accuracy is unknown,1,Department of Water Resources,NA,5167,United States Geological Survey
3188,338628N1178576W001,1499209,1983-06-09T00:00:00Z,225.44,225.44,0,92.6,132.84,92.6,92.6,NA,Unknown,Water level accuracy is unknown,1,Department of Water Resources,NA,5167,United States Geological Survey
3188,338628N1178576W001,1499208,1983-05-12T00:00:00Z,225.44,225.44,0,90.37,135.07,90.37,90.37,NA,Unknown,Water level accuracy is unknown,1,Department of Water Resources,NA,5167,United States Geological Survey
3188,338628N1178576W001,1499207,1983-05-10T00:00:00Z,225.44,225.44,0,91.96,133.48,91.96,91.96,NA,Unknown,Water level accuracy is unknown,1,Department of Water Resources,NA,5167,United States Geological Survey
3188,338628N1178576W001,1499206,1983-04-19T00:00:00Z,225.44,225.44,0,88.83,136.61,88.83,88.83,NA,Unknown,Water level accuracy is unknown,1,Department of Water Resources,NA,5167,United States Geological Survey
3188,338628N1178576W001,1499205,1983-02-09T00:00:00Z,225.44,225.44,0,90.76,134.68,90.76,90.76,NA,Unknown,Water level accuracy is unknown,1,Department of Water Resources,NA,5167,United States Geological Survey
3188,338628N1178576W001,1499204,1982-11-03T00:00:00Z,225.44,225.44,0,101.45,123.99,101.45,101.45,NA,Unknown,Water level accuracy is unknown,1,Department of Water Resources,NA,5167,United States Geological Survey
3188,338628N1178576W001,1499203,1982-08-03T00:00:00Z,225.44,225.44,0,102.87,122.57,102.87,102.87,NA,Unknown,Water level accuracy is unknown,1,Department of Water Resources,NA,5167,United States Geological Survey
3188,338628N1178576W001,1499202,1982-04-28T00:00:00Z,225.44,225.44,0,91.67,133.77,91.67,91.67,NA,Unknown,Water level accuracy is unknown,1,Department of Water Resources,NA,5167,United States Geological Survey
3188,338628N1178576W001,1499201,1982-01-25T00:00:00Z,225.44,225.44,0,89.36,136.08,89.36,89.36,NA,Unknown,Water level accuracy is unknown,1,Department of Water Resources,NA,5167,United States Geological Survey
3188,338628N1178576W001,1499200,1981-11-03T00:00:00Z,225.44,225.44,0,103.79,121.65,103.79,103.79,NA,Unknown,Water level accuracy is unknown,1,Department of Water Resources,NA,5167,United States Geological Survey
3188,338628N1178576W001,1499199,1981-07-30T00:00:00Z,225.44,225.44,0,96.41,129.03,96.41,96.41,NA,Unknown,Water level accuracy is unknown,1,Department of Water Resources,NA,5167,United States Geological Survey
3188,338628N1178576W001,1499198,1981-05-05T00:00:00Z,225.44,225.44,0,72.8,152.64,72.8,72.8,NA,Unknown,Water level accuracy is unknown,1,Department of Water Resources,NA,5167,United States Geological Survey
3188,338628N1178576W001,1499197,1981-02-04T00:00:00Z,225.44,225.44,0,82.93,142.51,82.93,82.93,NA,Unknown,Water level accuracy is unknown,1,Department of Water Resources,NA,5167,United States Geological Survey
3188,338628N1178576W001,1499196,1980-10-29T00:00:00Z,225.44,225.44,0,104.82,120.62,104.82,104.82,NA,Unknown,Water level accuracy is unknown,1,Department of Water Resources,NA,5167,United States Geological Survey
3188,338628N1178576W001,1499195,1980-08-25T00:00:00Z,225.44,225.44,0,90.3,135.14,90.3,90.3,NA,Unknown,Water level accuracy is unknown,1,Department of Water Resources,NA,5167,United States Geological Survey
3188,338628N1178576W001,1499264,1980-06-12T00:00:00Z,225.44,225.44,0,79.18,146.26,79.18,79.18,NA,Unknown,Water level accuracy is unknown,1,Department of Water Resources,NA,5167,United States Geological Survey
3188,338628N1178576W001,1499263,1980-02-06T00:00:00Z,225.44,225.44,0,86.81,138.63,86.81,86.81,NA,Unknown,Water level accuracy is unknown,1,Department of Water Resources,NA,5167,United States Geological Survey
3188,338628N1178576W001,1499262,1979-11-14T00:00:00Z,225.44,225.44,0,108.45,116.99,108.45,108.45,NA,Unknown,Water level accuracy is unknown,1,Department of Water Resources,NA,5167,United States Geological Survey
3188,338628N1178576W001,1499261,1979-08-01T00:00:00Z,225.44,225.44,0,99.26,126.18,99.26,99.26,NA,Unknown,Water level accuracy is unknown,1,Department of Water Resources,NA,5167,United States Geological Survey
3188,338628N1178576W001,1499260,1979-04-30T00:00:00Z,225.44,225.44,0,90.7,134.74,90.7,90.7,NA,Unknown,Water level accuracy is unknown,1,Department of Water Resources,NA,5167,United States Geological Survey
3188,338628N1178576W001,1499259,1979-02-02T00:00:00Z,225.44,225.44,0,96.73,128.71,96.73,96.73,NA,Unknown,Water level accuracy is unknown,1,Department of Water Resources,NA,5167,United States Geological Survey
3188,338628N1178576W001,1499258,1978-11-07T00:00:00Z,225.44,225.44,0,102.38,123.06,102.38,102.38,NA,Unknown,Water level accuracy is unknown,1,Department of Water Resources,NA,5167,United States Geological Survey
3188,338628N1178576W001,1499257,1978-08-29T00:00:00Z,225.44,225.44,0,91.7,133.74,91.7,91.7,NA,Unknown,Water level accuracy is unknown,1,Department of Water Resources,NA,5167,United States Geological Survey
3188,338628N1178576W001,1499256,1977-11-04T00:00:00Z,225.44,225.44,0,156.3,69.14,156.3,156.3,NA,Unknown,Water level accuracy is unknown,1,Department of Water Resources,NA,5167,United States Geological Survey
3188,338628N1178576W001,1499255,1977-03-14T00:00:00Z,225.44,225.44,0,121.4,104.04,121.4,121.4,NA,Unknown,Water level accuracy is unknown,1,Department of Water Resources,NA,5167,United States Geological Survey
3188,338628N1178576W001,1499254,1976-10-27T00:00:00Z,225.44,225.44,0,154.1,71.34,154.1,154.1,NA,Unknown,Water level accuracy is unknown,1,Department of Water Resources,NA,5167,United States Geological Survey
3188,338628N1178576W001,1499253,1976-04-27T00:00:00Z,225.44,225.44,0,119.5,105.94,119.5,119.5,NA,Unknown,Water level accuracy is unknown,1,Department of Water Resources,NA,5167,United States Geological Survey
3188,338628N1178576W001,1499252,1976-03-10T00:00:00Z,225.44,225.44,0,115.8,109.64,115.8,115.8,NA,Unknown,Water level accuracy is unknown,1,Department of Water Resources,NA,5167,United States Geological Survey
3188,338628N1178576W001,1499251,1975-12-30T00:00:00Z,225.44,225.44,0,129.8,95.64,129.8,129.8,NA,Unknown,Water level accuracy is unknown,1,Department of Water Resources,NA,5167,United States Geological Survey
3188,338628N1178576W001,1499250,1975-10-28T00:00:00Z,225.44,225.44,0,132,93.44,132,132,NA,Unknown,Water level accuracy is unknown,1,Department of Water Resources,NA,5167,United States Geological Survey
3188,338628N1178576W001,1499249,1975-08-28T00:00:00Z,225.44,225.44,0,128.2,97.24,128.2,128.2,NA,Unknown,Water level accuracy is unknown,1,Department of Water Resources,NA,5167,United States Geological Survey
3188,338628N1178576W001,1499248,1975-06-23T00:00:00Z,225.44,225.44,0,120.9,104.54,120.9,120.9,NA,Unknown,Water level accuracy is unknown,1,Department of Water Resources,NA,5167,United States Geological Survey
3188,338628N1178576W001,1499247,1975-04-28T00:00:00Z,225.44,225.44,0,111,114.44,111,111,NA,Unknown,Water level accuracy is unknown,1,Department of Water Resources,NA,5167,United States Geological Survey
3188,338628N1178576W001,1499246,1975-03-05T00:00:00Z,225.44,225.44,0,118.1,107.34,118.1,118.1,NA,Unknown,Water level accuracy is unknown,1,Department of Water Resources,NA,5167,United States Geological Survey
3188,338628N1178576W001,1499245,1975-01-06T00:00:00Z,225.44,225.44,0,107.1,118.34,107.1,107.1,NA,Unknown,Water level accuracy is unknown,1,Department of Water Resources,NA,5167,United States Geological Survey
3188,338628N1178576W001,1499244,1974-10-24T00:00:00Z,225.44,225.44,0,113.8,111.64,113.8,113.8,NA,Unknown,Water level accuracy is unknown,1,Department of Water Resources,NA,5167,United States Geological Survey
3188,338628N1178576W001,1499243,1974-08-28T00:00:00Z,225.44,225.44,0,116.9,108.54,116.9,116.9,NA,Unknown,Water level accuracy is unknown,1,Department of Water Resources,NA,5167,United States Geological Survey
3188,338628N1178576W001,1499242,1974-06-27T00:00:00Z,225.44,225.44,0,120.7,104.74,120.7,120.7,NA,Unknown,Water level accuracy is unknown,1,Department of Water Resources,NA,5167,United States Geological Survey
3188,338628N1178576W001,1499241,1974-04-29T00:00:00Z,225.44,225.44,0,134.8,90.64,134.8,134.8,NA,Unknown,Water level accuracy is unknown,1,Department of Water Resources,NA,5167,United States Geological Survey
3188,338628N1178576W001,1499240,1974-03-13T00:00:00Z,225.44,225.44,0,133.7,91.74,133.7,133.7,NA,Unknown,Water level accuracy is unknown,1,Department of Water Resources,NA,5167,United States Geological Survey
3188,338628N1178576W001,1499239,1973-08-29T00:00:00Z,225.44,225.44,0,142,83.44,142,142,NA,Unknown,Water level accuracy is unknown,1,Department of Water Resources,NA,5167,United States Geological Survey
3188,338628N1178576W001,1499238,1973-06-29T00:00:00Z,225.44,225.44,0,115,110.44,115,115,NA,Unknown,Water level accuracy is unknown,1,Department of Water Resources,NA,5167,United States Geological Survey
3188,338628N1178576W001,1499237,1973-05-08T00:00:00Z,225.44,225.44,0,118.1,107.34,118.1,118.1,NA,Unknown,Water level accuracy is unknown,1,Department of Water Resources,NA,5167,United States Geological Survey
3188,338628N1178576W001,1499236,1973-02-23T00:00:00Z,225.44,225.44,0,124.2,101.24,124.2,124.2,NA,Unknown,Water level accuracy is unknown,1,Department of Water Resources,NA,5167,United States Geological Survey
3188,338628N1178576W001,1499235,1972-12-27T00:00:00Z,225.44,225.44,0,166.1,59.34,166.1,166.1,NA,Unknown,Water level accuracy is unknown,1,Department of Water Resources,NA,5167,United States Geological Survey
3188,338628N1178576W001,1499234,1972-10-31T00:00:00Z,225.44,225.44,0,168.9,56.54,168.9,168.9,NA,Unknown,Water level accuracy is unknown,1,Department of Water Resources,NA,5167,United States Geological Survey
3188,338628N1178576W001,1499233,1972-10-24T00:00:00Z,225.44,225.44,0,166.9,58.54,166.9,166.9,NA,Unknown,Water level accuracy is unknown,1,Department of Water Resources,NA,5167,United States Geological Survey
