STN_ID,SITE_CODE,WLM_ID,MSMT_DATE,WLM_RPE,WLM_GSE,RDNG_WS,RDNG_RP,WSE,RPE_WSE,GSE_WSE,WLM_QA_DESC,WLM_DESC,WLM_ACC_DESC,WLM_ORG_ID,WLM_ORG_NAME,MSMT_CMT,COOP_AGENCY_ORG_ID,COOP_ORG_NAME
32000,368360N1207171W001,1094936,1975-03-10T00:00:00Z,292.72,290.72,NA,NA,NA,NA,NA,Can't get tape in casing,NA,NA,1,Department of Water Resources,NA,624,Bureau of Reclamation
32000,368360N1207171W001,1094935,1975-03-07T00:00:00Z,292.72,290.72,NA,NA,NA,NA,NA,Measurement Discontinued,NA,NA,1,Department of Water Resources,NA,624,Bureau of Reclamation
32000,368360N1207171W001,1094934,1974-10-17T00:00:00Z,292.72,290.72,NA,NA,NA,NA,NA,Special/Other,NA,NA,1,Department of Water Resources,NA,624,Bureau of Reclamation
32000,368360N1207171W001,1094933,1974-03-15T00:00:00Z,292.72,290.72,NA,NA,NA,NA,NA,Special/Other,NA,NA,1,Department of Water Resources,NA,624,Bureau of Reclamation
32000,368360N1207171W001,1094932,1973-10-04T00:00:00Z,292.72,290.72,0,316.4,-23.68,316.4,314.4,NA,Unknown,Water level accuracy is unknown,1,Department of Water Resources,NA,624,Bureau of Reclamation
32000,368360N1207171W001,1094931,1973-04-17T00:00:00Z,292.72,290.72,0,324.9,-32.18,324.9,322.9,NA,Unknown,Water level accuracy is unknown,1,Department of Water Resources,NA,624,Bureau of Reclamation
32000,368360N1207171W001,1094930,1972-10-06T00:00:00Z,292.72,290.72,0,329.5,-36.78,329.5,327.5,NA,Unknown,Water level accuracy is unknown,1,Department of Water Resources,NA,624,Bureau of Reclamation
32000,368360N1207171W001,1094929,1972-10-02T00:00:00Z,292.72,290.72,0,329.5,-36.78,329.5,327.5,NA,Unknown,Water level accuracy is unknown,1,Department of Water Resources,NA,624,Bureau of Reclamation
32000,368360N1207171W001,1094928,1972-03-06T00:00:00Z,292.72,290.72,0,321.1,-28.38,321.1,319.1,NA,Unknown,Water level accuracy is unknown,1,Department of Water Resources,NA,624,Bureau of Reclamation
32000,368360N1207171W001,1094927,1972-03-02T00:00:00Z,292.72,290.72,0,321.1,-28.38,321.1,319.1,NA,Unknown,Water level accuracy is unknown,1,Department of Water Resources,NA,624,Bureau of Reclamation
32000,368360N1207171W001,1094926,1971-10-04T00:00:00Z,292.72,290.72,0,329.6,-36.88,329.6,327.6,NA,Unknown,Water level accuracy is unknown,1,Department of Water Resources,NA,624,Bureau of Reclamation
32000,368360N1207171W001,1094925,1971-10-01T00:00:00Z,292.72,290.72,0,329.6,-36.88,329.6,327.6,NA,Unknown,Water level accuracy is unknown,1,Department of Water Resources,NA,624,Bureau of Reclamation
32000,368360N1207171W001,1094924,1971-03-09T00:00:00Z,292.72,290.72,0,334,-41.28,334,332,NA,Unknown,Water level accuracy is unknown,1,Department of Water Resources,NA,624,Bureau of Reclamation
32000,368360N1207171W001,1094923,1971-03-08T00:00:00Z,292.72,290.72,0,334,-41.28,334,332,NA,Unknown,Water level accuracy is unknown,1,Department of Water Resources,NA,624,Bureau of Reclamation
32000,368360N1207171W001,1094922,1970-10-12T00:00:00Z,292.72,290.72,0,338.3,-45.58,338.3,336.3,NA,Unknown,Water level accuracy is unknown,1,Department of Water Resources,NA,624,Bureau of Reclamation
32000,368360N1207171W001,1094921,1970-10-09T00:00:00Z,292.72,290.72,0,338.3,-45.58,338.3,336.3,NA,Unknown,Water level accuracy is unknown,1,Department of Water Resources,NA,624,Bureau of Reclamation
32000,368360N1207171W001,1094920,1970-03-11T00:00:00Z,292.72,290.72,0,345,-52.28,345,343,NA,Unknown,Water level accuracy is unknown,1,Department of Water Resources,NA,624,Bureau of Reclamation
32000,368360N1207171W001,1094919,1969-10-09T00:00:00Z,292.72,290.72,0,349.9,-57.18,349.9,347.9,NA,Unknown,Water level accuracy is unknown,1,Department of Water Resources,NA,624,Bureau of Reclamation
32000,368360N1207171W001,1094918,1969-03-17T00:00:00Z,292.72,290.72,0,354.4,-61.68,354.4,352.4,NA,Unknown,Water level accuracy is unknown,1,Department of Water Resources,NA,624,Bureau of Reclamation
32000,368360N1207171W001,1094917,1968-12-17T00:00:00Z,292.72,290.72,0,360.5,-67.78,360.5,358.5,NA,Unknown,Water level accuracy is unknown,1,Department of Water Resources,NA,1,Department of Water Resources
32000,368360N1207171W001,1094916,1968-10-11T00:00:00Z,292.72,290.72,0,361.3,-68.58,361.3,359.3,NA,Unknown,Water level accuracy is unknown,1,Department of Water Resources,NA,624,Bureau of Reclamation
32000,368360N1207171W001,1094915,1968-04-04T00:00:00Z,292.72,290.72,0,364,-71.28,364,362,NA,Unknown,Water level accuracy is unknown,1,Department of Water Resources,NA,624,Bureau of Reclamation
32000,368360N1207171W001,1094914,1967-12-18T00:00:00Z,292.72,290.72,0,372,-79.28,372,370,NA,Unknown,Water level accuracy is unknown,1,Department of Water Resources,NA,1,Department of Water Resources
32000,368360N1207171W001,1094913,1967-03-08T00:00:00Z,292.72,290.72,0,366.7,-73.98,366.7,364.7,NA,Unknown,Water level accuracy is unknown,1,Department of Water Resources,NA,624,Bureau of Reclamation
32000,368360N1207171W001,1094912,1966-12-27T00:00:00Z,292.72,290.72,0,366,-73.28,366,364,NA,Unknown,Water level accuracy is unknown,1,Department of Water Resources,NA,1,Department of Water Resources
32000,368360N1207171W001,1094911,1966-11-04T00:00:00Z,292.72,290.72,0,369,-76.28,369,367,NA,Unknown,Water level accuracy is unknown,1,Department of Water Resources,NA,624,Bureau of Reclamation
32000,368360N1207171W001,1094910,1966-05-04T00:00:00Z,292.72,290.72,0,367,-74.28,367,365,NA,Unknown,Water level accuracy is unknown,1,Department of Water Resources,NA,624,Bureau of Reclamation
32000,368360N1207171W001,1094909,1965-12-21T00:00:00Z,292.72,290.72,NA,NA,NA,NA,NA,Special/Other,NA,NA,1,Department of Water Resources,NA,1,Department of Water Resources
32000,368360N1207171W001,1094908,1965-10-05T00:00:00Z,292.72,290.72,0,378.6,-85.88,378.6,376.6,NA,Unknown,Water level accuracy is unknown,1,Department of Water Resources,NA,624,Bureau of Reclamation
32000,368360N1207171W001,1094907,1965-02-25T00:00:00Z,292.72,290.72,0,376,-83.28,376,374,NA,Unknown,Water level accuracy is unknown,1,Department of Water Resources,NA,624,Bureau of Reclamation
32000,368360N1207171W001,1094906,1965-01-12T00:00:00Z,292.72,290.72,0,376.4,-83.68,376.4,374.4,NA,Unknown,Water level accuracy is unknown,1,Department of Water Resources,NA,1,Department of Water Resources
32000,368360N1207171W001,1094905,1964-11-20T00:00:00Z,292.72,290.72,0,370,-77.28,370,368,NA,Unknown,Water level accuracy is unknown,1,Department of Water Resources,NA,624,Bureau of Reclamation
32000,368360N1207171W001,1094904,1964-03-19T00:00:00Z,292.72,290.72,0,365.6,-72.88,365.6,363.6,NA,Unknown,Water level accuracy is unknown,1,Department of Water Resources,NA,624,Bureau of Reclamation
32000,368360N1207171W001,1094903,1963-12-27T00:00:00Z,292.72,290.72,NA,NA,NA,NA,NA,Measurement Discontinued,NA,NA,1,Department of Water Resources,NA,1,Department of Water Resources
32000,368360N1207171W001,1094902,1963-03-06T00:00:00Z,292.72,290.72,0,398.5,-105.78,398.5,396.5,NA,Unknown,Water level accuracy is unknown,1,Department of Water Resources,NA,624,Bureau of Reclamation
