STN_ID,SITE_CODE,WLM_ID,MSMT_DATE,WLM_RPE,WLM_GSE,RDNG_WS,RDNG_RP,WSE,RPE_WSE,GSE_WSE,WLM_QA_DESC,WLM_DESC,WLM_ACC_DESC,WLM_ORG_ID,WLM_ORG_NAME,MSMT_CMT,COOP_AGENCY_ORG_ID,COOP_ORG_NAME
32202,332437N1173832W001,1259811,1972-04-05T00:00:00Z,17.24,17.24,0,6.84,10.4,6.84,6.84,NA,Unknown,Water level accuracy is unknown,1,Department of Water Resources,NA,5167,United States Geological Survey
32202,332437N1173832W001,1259810,1972-04-01T00:00:00Z,17.24,17.24,0,7,10.24,7,7,NA,Unknown,Water level accuracy is unknown,1,Department of Water Resources,NA,5167,United States Geological Survey
32202,332437N1173832W001,1259809,1971-07-01T00:00:00Z,17.24,17.24,0,6.84,10.4,6.84,6.84,Other,Unknown,Water level accuracy is unknown,1,Department of Water Resources,NA,5167,United States Geological Survey
32202,332437N1173832W001,1259808,1970-11-12T00:00:00Z,17.24,17.24,0,7.49,9.75,7.49,7.49,Other,Unknown,Water level accuracy is unknown,1,Department of Water Resources,NA,5167,United States Geological Survey
32202,332437N1173832W001,1259807,1970-05-21T00:00:00Z,17.24,17.24,0,6.66,10.58,6.66,6.66,Other,Unknown,Water level accuracy is unknown,1,Department of Water Resources,NA,5167,United States Geological Survey
32202,332437N1173832W001,1259806,1968-10-29T00:00:00Z,17.24,17.24,0,5.71,11.53,5.71,5.71,Other,Unknown,Water level accuracy is unknown,1,Department of Water Resources,NA,5167,United States Geological Survey
32202,332437N1173832W001,1259805,1968-07-12T00:00:00Z,17.24,17.24,0,4.14,13.1,4.14,4.14,Other,Unknown,Water level accuracy is unknown,1,Department of Water Resources,NA,5167,United States Geological Survey
32202,332437N1173832W001,1259804,1967-08-03T00:00:00Z,17.24,17.24,0,3.74,13.5,3.74,3.74,Other,Unknown,Water level accuracy is unknown,1,Department of Water Resources,NA,5167,United States Geological Survey
32202,332437N1173832W001,1259803,1967-05-25T00:00:00Z,17.24,17.24,0,2.31,14.93,2.31,2.31,NA,Unknown,Water level accuracy is unknown,1,Department of Water Resources,NA,5167,United States Geological Survey
32202,332437N1173832W001,1259802,1966-10-01T00:00:00Z,17.24,17.24,0,3.97,13.27,3.97,3.97,Other,Unknown,Water level accuracy is unknown,1,Department of Water Resources,NA,5167,United States Geological Survey
32202,332437N1173832W001,1259801,1966-06-30T00:00:00Z,17.24,17.24,0,3.97,13.27,3.97,3.97,Other,Unknown,Water level accuracy is unknown,1,Department of Water Resources,NA,5167,United States Geological Survey
32202,332437N1173832W001,1259800,1966-04-28T00:00:00Z,17.24,17.24,0,3.4,13.84,3.4,3.4,NA,Unknown,Water level accuracy is unknown,1,Department of Water Resources,NA,5167,United States Geological Survey
32202,332437N1173832W001,1259799,1965-11-09T00:00:00Z,17.24,17.24,0,7.29,9.95,7.29,7.29,NA,Unknown,Water level accuracy is unknown,1,Department of Water Resources,NA,5167,United States Geological Survey
32202,332437N1173832W001,1259798,1965-01-12T00:00:00Z,17.24,17.24,0,5.8,11.44,5.8,5.8,NA,Unknown,Water level accuracy is unknown,1,Department of Water Resources,NA,5167,United States Geological Survey
32202,332437N1173832W001,1259797,1964-11-24T00:00:00Z,17.24,17.24,0,6.21,11.03,6.21,6.21,NA,Unknown,Water level accuracy is unknown,1,Department of Water Resources,NA,5167,United States Geological Survey
32202,332437N1173832W001,1259796,1964-10-03T00:00:00Z,17.24,17.24,0,6.35,10.89,6.35,6.35,NA,Unknown,Water level accuracy is unknown,1,Department of Water Resources,NA,5167,United States Geological Survey
32202,332437N1173832W001,1259795,1964-08-31T00:00:00Z,17.24,17.24,0,6.23,11.01,6.23,6.23,NA,Unknown,Water level accuracy is unknown,1,Department of Water Resources,NA,5167,United States Geological Survey
32202,332437N1173832W001,1259794,1964-07-31T00:00:00Z,17.24,17.24,0,5.7,11.54,5.7,5.7,NA,Unknown,Water level accuracy is unknown,1,Department of Water Resources,NA,5167,United States Geological Survey
32202,332437N1173832W001,1259793,1964-06-26T00:00:00Z,17.24,17.24,0,5.48,11.76,5.48,5.48,NA,Unknown,Water level accuracy is unknown,1,Department of Water Resources,NA,5167,United States Geological Survey
32202,332437N1173832W001,1259792,1964-05-27T00:00:00Z,17.24,17.24,0,4.99,12.25,4.99,4.99,NA,Unknown,Water level accuracy is unknown,1,Department of Water Resources,NA,5167,United States Geological Survey
32202,332437N1173832W001,1259791,1964-04-25T00:00:00Z,17.24,17.24,0,4.57,12.67,4.57,4.57,NA,Unknown,Water level accuracy is unknown,1,Department of Water Resources,NA,5167,United States Geological Survey
32202,332437N1173832W001,1259790,1964-03-27T00:00:00Z,17.24,17.24,0,4.54,12.7,4.54,4.54,NA,Unknown,Water level accuracy is unknown,1,Department of Water Resources,NA,5167,United States Geological Survey
32202,332437N1173832W001,1259789,1964-02-27T00:00:00Z,17.24,17.24,0,4,13.24,4,4,NA,Unknown,Water level accuracy is unknown,1,Department of Water Resources,NA,5167,United States Geological Survey
32202,332437N1173832W001,1259788,1964-01-27T00:00:00Z,17.24,17.24,0,3.91,13.33,3.91,3.91,NA,Unknown,Water level accuracy is unknown,1,Department of Water Resources,NA,5167,United States Geological Survey
32202,332437N1173832W001,1259787,1963-12-27T00:00:00Z,17.24,17.24,0,5.51,11.73,5.51,5.51,NA,Unknown,Water level accuracy is unknown,1,Department of Water Resources,NA,5167,United States Geological Survey
32202,332437N1173832W001,1259786,1963-11-14T00:00:00Z,17.24,17.24,0,5.42,11.82,5.42,5.42,NA,Unknown,Water level accuracy is unknown,1,Department of Water Resources,NA,5167,United States Geological Survey
32202,332437N1173832W001,1259785,1963-09-27T00:00:00Z,17.24,17.24,0,5.55,11.69,5.55,5.55,NA,Unknown,Water level accuracy is unknown,1,Department of Water Resources,NA,5167,United States Geological Survey
32202,332437N1173832W001,1259784,1963-08-29T00:00:00Z,17.24,17.24,0,5.99,11.25,5.99,5.99,NA,Unknown,Water level accuracy is unknown,1,Department of Water Resources,NA,5167,United States Geological Survey
32202,332437N1173832W001,1259783,1963-07-29T00:00:00Z,17.24,17.24,0,4.91,12.33,4.91,4.91,NA,Unknown,Water level accuracy is unknown,1,Department of Water Resources,NA,5167,United States Geological Survey
32202,332437N1173832W001,1259782,1963-06-27T00:00:00Z,17.24,17.24,0,4.89,12.35,4.89,4.89,NA,Unknown,Water level accuracy is unknown,1,Department of Water Resources,NA,5167,United States Geological Survey
32202,332437N1173832W001,1259781,1963-05-29T00:00:00Z,17.24,17.24,0,4.14,13.1,4.14,4.14,NA,Unknown,Water level accuracy is unknown,1,Department of Water Resources,NA,5167,United States Geological Survey
32202,332437N1173832W001,1259780,1963-04-30T00:00:00Z,17.24,17.24,0,3.56,13.68,3.56,3.56,NA,Unknown,Water level accuracy is unknown,1,Department of Water Resources,NA,5167,United States Geological Survey
32202,332437N1173832W001,1259779,1963-04-17T00:00:00Z,17.24,17.24,0,3.58,13.66,3.58,3.58,NA,Unknown,Water level accuracy is unknown,1,Department of Water Resources,NA,5167,United States Geological Survey
32202,332437N1173832W001,1259778,1963-03-30T00:00:00Z,17.24,17.24,0,3.66,13.58,3.66,3.66,NA,Unknown,Water level accuracy is unknown,1,Department of Water Resources,NA,5167,United States Geological Survey
32202,332437N1173832W001,1259777,1963-02-28T00:00:00Z,17.24,17.24,0,4.46,12.78,4.46,4.46,NA,Unknown,Water level accuracy is unknown,1,Department of Water Resources,NA,5167,United States Geological Survey
32202,332437N1173832W001,1259776,1963-01-28T00:00:00Z,17.24,17.24,0,5.54,11.7,5.54,5.54,NA,Unknown,Water level accuracy is unknown,1,Department of Water Resources,NA,5167,United States Geological Survey
32202,332437N1173832W001,1259775,1962-12-27T00:00:00Z,17.24,17.24,0,5.68,11.56,5.68,5.68,NA,Unknown,Water level accuracy is unknown,1,Department of Water Resources,NA,5167,United States Geological Survey
32202,332437N1173832W001,1259774,1962-11-27T00:00:00Z,17.24,17.24,0,5.8,11.44,5.8,5.8,NA,Unknown,Water level accuracy is unknown,1,Department of Water Resources,NA,5167,United States Geological Survey
32202,332437N1173832W001,1259773,1962-11-07T00:00:00Z,17.24,17.24,0,5.87,11.37,5.87,5.87,NA,Unknown,Water level accuracy is unknown,1,Department of Water Resources,NA,5167,United States Geological Survey
32202,332437N1173832W001,1259772,1962-10-24T00:00:00Z,17.24,17.24,0,5.87,11.37,5.87,5.87,NA,Unknown,Water level accuracy is unknown,1,Department of Water Resources,NA,5167,United States Geological Survey
32202,332437N1173832W001,1259771,1962-09-21T00:00:00Z,17.24,17.24,0,5.68,11.56,5.68,5.68,NA,Unknown,Water level accuracy is unknown,1,Department of Water Resources,NA,5167,United States Geological Survey
32202,332437N1173832W001,1259770,1962-08-21T00:00:00Z,17.24,17.24,0,5.35,11.89,5.35,5.35,NA,Unknown,Water level accuracy is unknown,1,Department of Water Resources,NA,5167,United States Geological Survey
32202,332437N1173832W001,1259769,1962-07-17T00:00:00Z,17.24,17.24,0,4.68,12.56,4.68,4.68,NA,Unknown,Water level accuracy is unknown,1,Department of Water Resources,NA,5167,United States Geological Survey
32202,332437N1173832W001,1259768,1962-06-22T00:00:00Z,17.24,17.24,0,4.13,13.11,4.13,4.13,NA,Unknown,Water level accuracy is unknown,1,Department of Water Resources,NA,5167,United States Geological Survey
32202,332437N1173832W001,1259767,1962-05-24T00:00:00Z,17.24,17.24,0,3.63,13.61,3.63,3.63,NA,Unknown,Water level accuracy is unknown,1,Department of Water Resources,NA,5167,United States Geological Survey
32202,332437N1173832W001,1259766,1962-04-26T00:00:00Z,17.24,17.24,0,3.23,14.01,3.23,3.23,NA,Unknown,Water level accuracy is unknown,1,Department of Water Resources,NA,5167,United States Geological Survey
32202,332437N1173832W001,1259765,1962-03-27T00:00:00Z,17.24,17.24,0,3.16,14.08,3.16,3.16,NA,Unknown,Water level accuracy is unknown,1,Department of Water Resources,NA,5167,United States Geological Survey
32202,332437N1173832W001,1259764,1962-02-20T00:00:00Z,17.24,17.24,0,6.85,10.39,6.85,6.85,NA,Unknown,Water level accuracy is unknown,1,Department of Water Resources,NA,5167,United States Geological Survey
32202,332437N1173832W001,1259763,1962-01-19T00:00:00Z,17.24,17.24,0,7.74,9.5,7.74,7.74,NA,Unknown,Water level accuracy is unknown,1,Department of Water Resources,NA,5167,United States Geological Survey
32202,332437N1173832W001,1259762,1961-12-21T00:00:00Z,17.24,17.24,0,7.88,9.36,7.88,7.88,NA,Unknown,Water level accuracy is unknown,1,Department of Water Resources,NA,5167,United States Geological Survey
32202,332437N1173832W001,1259761,1961-11-21T00:00:00Z,17.24,17.24,0,8.12,9.12,8.12,8.12,NA,Unknown,Water level accuracy is unknown,1,Department of Water Resources,NA,5167,United States Geological Survey
32202,332437N1173832W001,1259760,1961-11-02T00:00:00Z,17.24,17.24,0,8.18,9.06,8.18,8.18,NA,Unknown,Water level accuracy is unknown,1,Department of Water Resources,NA,5167,United States Geological Survey
32202,332437N1173832W001,1259759,1961-10-20T00:00:00Z,17.24,17.24,0,8.27,8.97,8.27,8.27,NA,Unknown,Water level accuracy is unknown,1,Department of Water Resources,NA,5167,United States Geological Survey
32202,332437N1173832W001,1259758,1961-09-22T00:00:00Z,17.24,17.24,0,8.51,8.73,8.51,8.51,NA,Unknown,Water level accuracy is unknown,1,Department of Water Resources,NA,5167,United States Geological Survey
32202,332437N1173832W001,1259757,1961-08-22T00:00:00Z,17.24,17.24,0,8.62,8.62,8.62,8.62,NA,Unknown,Water level accuracy is unknown,1,Department of Water Resources,NA,5167,United States Geological Survey
32202,332437N1173832W001,1259756,1961-07-21T00:00:00Z,17.24,17.24,0,8.59,8.65,8.59,8.59,NA,Unknown,Water level accuracy is unknown,1,Department of Water Resources,NA,5167,United States Geological Survey
32202,332437N1173832W001,1259755,1961-06-21T00:00:00Z,17.24,17.24,0,8.45,8.79,8.45,8.45,NA,Unknown,Water level accuracy is unknown,1,Department of Water Resources,NA,5167,United States Geological Survey
32202,332437N1173832W001,1259754,1961-05-19T00:00:00Z,17.24,17.24,0,8.37,8.87,8.37,8.37,NA,Unknown,Water level accuracy is unknown,1,Department of Water Resources,NA,5167,United States Geological Survey
32202,332437N1173832W001,1259753,1961-04-13T00:00:00Z,17.24,17.24,0,8.14,9.1,8.14,8.14,NA,Unknown,Water level accuracy is unknown,1,Department of Water Resources,NA,5167,United States Geological Survey
32202,332437N1173832W001,1259752,1961-03-03T00:00:00Z,17.24,17.24,0,8.14,9.1,8.14,8.14,NA,Unknown,Water level accuracy is unknown,1,Department of Water Resources,NA,5167,United States Geological Survey
32202,332437N1173832W001,1259751,1961-02-06T00:00:00Z,17.24,17.24,0,7.89,9.35,7.89,7.89,NA,Unknown,Water level accuracy is unknown,1,Department of Water Resources,NA,5167,United States Geological Survey
32202,332437N1173832W001,1259750,1961-01-10T00:00:00Z,17.24,17.24,0,8.38,8.86,8.38,8.38,NA,Unknown,Water level accuracy is unknown,1,Department of Water Resources,NA,5167,United States Geological Survey
32202,332437N1173832W001,1259749,1960-12-07T00:00:00Z,17.24,17.24,0,8.5,8.74,8.5,8.5,NA,Unknown,Water level accuracy is unknown,1,Department of Water Resources,NA,5167,United States Geological Survey
32202,332437N1173832W001,1259748,1960-11-10T00:00:00Z,17.24,17.24,0,8.7,8.54,8.7,8.7,NA,Unknown,Water level accuracy is unknown,1,Department of Water Resources,NA,5167,United States Geological Survey
32202,332437N1173832W001,1259747,1960-10-14T00:00:00Z,17.24,17.24,0,8.64,8.6,8.64,8.64,NA,Unknown,Water level accuracy is unknown,1,Department of Water Resources,NA,5167,United States Geological Survey
32202,332437N1173832W001,1259746,1960-09-13T00:00:00Z,17.24,17.24,0,8.4,8.84,8.4,8.4,NA,Unknown,Water level accuracy is unknown,1,Department of Water Resources,NA,5167,United States Geological Survey
32202,332437N1173832W001,1259745,1960-08-18T00:00:00Z,17.24,17.24,0,8.18,9.06,8.18,8.18,NA,Unknown,Water level accuracy is unknown,1,Department of Water Resources,NA,5167,United States Geological Survey
32202,332437N1173832W001,1259744,1960-07-18T00:00:00Z,17.24,17.24,0,7.89,9.35,7.89,7.89,NA,Unknown,Water level accuracy is unknown,1,Department of Water Resources,NA,5167,United States Geological Survey
32202,332437N1173832W001,1259743,1960-06-17T00:00:00Z,17.24,17.24,0,7.71,9.53,7.71,7.71,NA,Unknown,Water level accuracy is unknown,1,Department of Water Resources,NA,5167,United States Geological Survey
32202,332437N1173832W001,1259742,1960-05-18T00:00:00Z,17.24,17.24,0,7.47,9.77,7.47,7.47,NA,Unknown,Water level accuracy is unknown,1,Department of Water Resources,NA,5167,United States Geological Survey
32202,332437N1173832W001,1259741,1960-04-21T00:00:00Z,17.24,17.24,0,7.53,9.71,7.53,7.53,NA,Unknown,Water level accuracy is unknown,1,Department of Water Resources,NA,5167,United States Geological Survey
32202,332437N1173832W001,1259740,1960-03-18T00:00:00Z,17.24,17.24,0,7.56,9.68,7.56,7.56,NA,Unknown,Water level accuracy is unknown,1,Department of Water Resources,NA,5167,United States Geological Survey
32202,332437N1173832W001,1259739,1960-02-19T00:00:00Z,17.24,17.24,0,7.87,9.37,7.87,7.87,NA,Unknown,Water level accuracy is unknown,1,Department of Water Resources,NA,5167,United States Geological Survey
32202,332437N1173832W001,1259738,1960-01-21T00:00:00Z,17.24,17.24,0,8.21,9.03,8.21,8.21,NA,Unknown,Water level accuracy is unknown,1,Department of Water Resources,NA,5167,United States Geological Survey
32202,332437N1173832W001,1259737,1959-12-22T00:00:00Z,17.24,17.24,0,8.76,8.48,8.76,8.76,NA,Unknown,Water level accuracy is unknown,1,Department of Water Resources,NA,5167,United States Geological Survey
32202,332437N1173832W001,1259736,1959-11-12T00:00:00Z,17.24,17.24,0,8.62,8.62,8.62,8.62,NA,Unknown,Water level accuracy is unknown,1,Department of Water Resources,NA,5167,United States Geological Survey
32202,332437N1173832W001,1259735,1959-09-25T00:00:00Z,17.24,17.24,0,8.21,9.03,8.21,8.21,NA,Unknown,Water level accuracy is unknown,1,Department of Water Resources,NA,5167,United States Geological Survey
32202,332437N1173832W001,1259734,1959-08-26T00:00:00Z,17.24,17.24,0,7.83,9.41,7.83,7.83,NA,Unknown,Water level accuracy is unknown,1,Department of Water Resources,NA,5167,United States Geological Survey
32202,332437N1173832W001,1259733,1959-07-29T00:00:00Z,17.24,17.24,0,7.45,9.79,7.45,7.45,NA,Unknown,Water level accuracy is unknown,1,Department of Water Resources,NA,5167,United States Geological Survey
32202,332437N1173832W001,1259732,1959-06-29T00:00:00Z,17.24,17.24,0,7.07,10.17,7.07,7.07,NA,Unknown,Water level accuracy is unknown,1,Department of Water Resources,NA,5167,United States Geological Survey
32202,332437N1173832W001,1259731,1959-05-29T00:00:00Z,17.24,17.24,0,6.72,10.52,6.72,6.72,NA,Unknown,Water level accuracy is unknown,1,Department of Water Resources,NA,5167,United States Geological Survey
32202,332437N1173832W001,1259730,1959-04-28T00:00:00Z,17.24,17.24,0,6.3,10.94,6.3,6.3,NA,Unknown,Water level accuracy is unknown,1,Department of Water Resources,NA,5167,United States Geological Survey
32202,332437N1173832W001,1259729,1959-03-26T00:00:00Z,17.24,17.24,0,6.03,11.21,6.03,6.03,NA,Unknown,Water level accuracy is unknown,1,Department of Water Resources,NA,5167,United States Geological Survey
32202,332437N1173832W001,1259728,1959-02-25T00:00:00Z,17.24,17.24,0,5.77,11.47,5.77,5.77,NA,Unknown,Water level accuracy is unknown,1,Department of Water Resources,NA,5167,United States Geological Survey
32202,332437N1173832W001,1259727,1959-01-29T00:00:00Z,17.24,17.24,0,6.45,10.79,6.45,6.45,NA,Unknown,Water level accuracy is unknown,1,Department of Water Resources,NA,5167,United States Geological Survey
32202,332437N1173832W001,1259726,1958-12-29T00:00:00Z,17.24,17.24,0,6.95,10.29,6.95,6.95,NA,Unknown,Water level accuracy is unknown,1,Department of Water Resources,NA,5167,United States Geological Survey
32202,332437N1173832W001,1259725,1958-11-26T00:00:00Z,17.24,17.24,0,6.17,11.07,6.17,6.17,NA,Unknown,Water level accuracy is unknown,1,Department of Water Resources,NA,5167,United States Geological Survey
32202,332437N1173832W001,1259724,1958-10-28T00:00:00Z,17.24,17.24,0,5.75,11.49,5.75,5.75,NA,Unknown,Water level accuracy is unknown,1,Department of Water Resources,NA,5167,United States Geological Survey
32202,332437N1173832W001,1259723,1958-09-30T00:00:00Z,17.24,17.24,0,5.23,12.01,5.23,5.23,NA,Unknown,Water level accuracy is unknown,1,Department of Water Resources,NA,5167,United States Geological Survey
32202,332437N1173832W001,1259722,1958-08-29T00:00:00Z,17.24,17.24,0,4.31,12.93,4.31,4.31,NA,Unknown,Water level accuracy is unknown,1,Department of Water Resources,NA,5167,United States Geological Survey
32202,332437N1173832W001,1259721,1958-07-28T00:00:00Z,17.24,17.24,0,3.56,13.68,3.56,3.56,NA,Unknown,Water level accuracy is unknown,1,Department of Water Resources,NA,5167,United States Geological Survey
32202,332437N1173832W001,1259720,1958-06-27T00:00:00Z,17.24,17.24,0,3.24,14,3.24,3.24,NA,Unknown,Water level accuracy is unknown,1,Department of Water Resources,NA,5167,United States Geological Survey
32202,332437N1173832W001,1259719,1958-05-26T00:00:00Z,17.24,17.24,0,3.04,14.2,3.04,3.04,NA,Unknown,Water level accuracy is unknown,1,Department of Water Resources,NA,5167,United States Geological Survey
32202,332437N1173832W001,1259718,1958-04-25T00:00:00Z,17.24,17.24,0,3.34,13.9,3.34,3.34,NA,Unknown,Water level accuracy is unknown,1,Department of Water Resources,NA,5167,United States Geological Survey
32202,332437N1173832W001,1259717,1958-03-31T00:00:00Z,17.24,17.24,0,3.71,13.53,3.71,3.71,NA,Unknown,Water level accuracy is unknown,1,Department of Water Resources,NA,5167,United States Geological Survey
32202,332437N1173832W001,1259716,1958-02-28T00:00:00Z,17.24,17.24,0,8.57,8.67,8.57,8.57,NA,Unknown,Water level accuracy is unknown,1,Department of Water Resources,NA,5167,United States Geological Survey
32202,332437N1173832W001,1259715,1958-01-30T00:00:00Z,17.24,17.24,0,9.19,8.05,9.19,9.19,NA,Unknown,Water level accuracy is unknown,1,Department of Water Resources,NA,5167,United States Geological Survey
32202,332437N1173832W001,1259714,1957-12-31T00:00:00Z,17.24,17.24,0,9.35,7.89,9.35,9.35,NA,Unknown,Water level accuracy is unknown,1,Department of Water Resources,NA,5167,United States Geological Survey
32202,332437N1173832W001,1259713,1957-11-29T00:00:00Z,17.24,17.24,0,9.63,7.61,9.63,9.63,NA,Unknown,Water level accuracy is unknown,1,Department of Water Resources,NA,5167,United States Geological Survey
32202,332437N1173832W001,1259712,1957-10-31T00:00:00Z,17.24,17.24,0,9.86,7.38,9.86,9.86,NA,Unknown,Water level accuracy is unknown,1,Department of Water Resources,NA,5167,United States Geological Survey
32202,332437N1173832W001,1259711,1957-09-27T00:00:00Z,17.24,17.24,0,9.97,7.27,9.97,9.97,NA,Unknown,Water level accuracy is unknown,1,Department of Water Resources,NA,5167,United States Geological Survey
32202,332437N1173832W001,1259710,1957-08-26T00:00:00Z,17.24,17.24,0,9.88,7.36,9.88,9.88,NA,Unknown,Water level accuracy is unknown,1,Department of Water Resources,NA,5167,United States Geological Survey
32202,332437N1173832W001,1259709,1957-07-26T00:00:00Z,17.24,17.24,0,9.65,7.59,9.65,9.65,NA,Unknown,Water level accuracy is unknown,1,Department of Water Resources,NA,5167,United States Geological Survey
32202,332437N1173832W001,1259708,1957-06-26T00:00:00Z,17.24,17.24,0,9.49,7.75,9.49,9.49,NA,Unknown,Water level accuracy is unknown,1,Department of Water Resources,NA,5167,United States Geological Survey
32202,332437N1173832W001,1259707,1957-05-28T00:00:00Z,17.24,17.24,0,9.37,7.87,9.37,9.37,NA,Unknown,Water level accuracy is unknown,1,Department of Water Resources,NA,5167,United States Geological Survey
32202,332437N1173832W001,1259706,1957-04-23T00:00:00Z,17.24,17.24,0,9.5,7.74,9.5,9.5,NA,Unknown,Water level accuracy is unknown,1,Department of Water Resources,NA,5167,United States Geological Survey
32202,332437N1173832W001,1259705,1957-03-25T00:00:00Z,17.24,17.24,0,9.67,7.57,9.67,9.67,NA,Unknown,Water level accuracy is unknown,1,Department of Water Resources,NA,5167,United States Geological Survey
32202,332437N1173832W001,1259704,1957-02-28T00:00:00Z,17.24,17.24,0,9.97,7.27,9.97,9.97,NA,Unknown,Water level accuracy is unknown,1,Department of Water Resources,NA,5167,United States Geological Survey
32202,332437N1173832W001,1259703,1957-01-29T00:00:00Z,17.24,17.24,0,10.45,6.79,10.45,10.45,NA,Unknown,Water level accuracy is unknown,1,Department of Water Resources,NA,5167,United States Geological Survey
32202,332437N1173832W001,1259702,1956-12-27T00:00:00Z,17.24,17.24,0,10.97,6.27,10.97,10.97,NA,Unknown,Water level accuracy is unknown,1,Department of Water Resources,NA,5167,United States Geological Survey
32202,332437N1173832W001,1259701,1956-11-26T00:00:00Z,17.24,17.24,0,10.96,6.28,10.96,10.96,NA,Unknown,Water level accuracy is unknown,1,Department of Water Resources,NA,5167,United States Geological Survey
32202,332437N1173832W001,1259700,1956-10-23T00:00:00Z,17.24,17.24,0,10.83,6.41,10.83,10.83,NA,Unknown,Water level accuracy is unknown,1,Department of Water Resources,NA,5167,United States Geological Survey
32202,332437N1173832W001,1259699,1956-09-25T00:00:00Z,17.24,17.24,0,10.62,6.62,10.62,10.62,NA,Unknown,Water level accuracy is unknown,1,Department of Water Resources,NA,5167,United States Geological Survey
32202,332437N1173832W001,1259698,1956-08-30T00:00:00Z,17.24,17.24,0,10.38,6.86,10.38,10.38,NA,Unknown,Water level accuracy is unknown,1,Department of Water Resources,NA,5167,United States Geological Survey
32202,332437N1173832W001,1259697,1956-07-27T00:00:00Z,17.24,17.24,0,10.15,7.09,10.15,10.15,NA,Unknown,Water level accuracy is unknown,1,Department of Water Resources,NA,5167,United States Geological Survey
32202,332437N1173832W001,1259696,1956-06-21T00:00:00Z,17.24,17.24,0,9.89,7.35,9.89,9.89,NA,Unknown,Water level accuracy is unknown,1,Department of Water Resources,NA,5167,United States Geological Survey
32202,332437N1173832W001,1259695,1956-05-28T00:00:00Z,17.24,17.24,0,9.81,7.43,9.81,9.81,NA,Unknown,Water level accuracy is unknown,1,Department of Water Resources,NA,5167,United States Geological Survey
32202,332437N1173832W001,1259694,1956-04-26T00:00:00Z,17.24,17.24,0,10,7.24,10,10,NA,Unknown,Water level accuracy is unknown,1,Department of Water Resources,NA,5167,United States Geological Survey
32202,332437N1173832W001,1259693,1956-03-29T00:00:00Z,17.24,17.24,0,10.3,6.94,10.3,10.3,NA,Unknown,Water level accuracy is unknown,1,Department of Water Resources,NA,5167,United States Geological Survey
32202,332437N1173832W001,1259692,1956-02-27T00:00:00Z,17.24,17.24,0,10.5,6.74,10.5,10.5,NA,Unknown,Water level accuracy is unknown,1,Department of Water Resources,NA,5167,United States Geological Survey
32202,332437N1173832W001,1259691,1956-01-24T00:00:00Z,17.24,17.24,0,10.96,6.28,10.96,10.96,NA,Unknown,Water level accuracy is unknown,1,Department of Water Resources,NA,5167,United States Geological Survey
32202,332437N1173832W001,1259690,1955-12-22T00:00:00Z,17.24,17.24,0,11.14,6.1,11.14,11.14,NA,Unknown,Water level accuracy is unknown,1,Department of Water Resources,NA,5167,United States Geological Survey
32202,332437N1173832W001,1259689,1955-11-21T00:00:00Z,17.24,17.24,0,11.58,5.66,11.58,11.58,NA,Unknown,Water level accuracy is unknown,1,Department of Water Resources,NA,5167,United States Geological Survey
32202,332437N1173832W001,1259688,1955-10-25T00:00:00Z,17.24,17.24,0,11.53,5.71,11.53,11.53,NA,Unknown,Water level accuracy is unknown,1,Department of Water Resources,NA,5167,United States Geological Survey
32202,332437N1173832W001,1259687,1955-09-23T00:00:00Z,17.24,17.24,0,11.23,6.01,11.23,11.23,NA,Unknown,Water level accuracy is unknown,1,Department of Water Resources,NA,5167,United States Geological Survey
32202,332437N1173832W001,1259686,1955-08-23T00:00:00Z,17.24,17.24,0,10.94,6.3,10.94,10.94,NA,Unknown,Water level accuracy is unknown,1,Department of Water Resources,NA,5167,United States Geological Survey
32202,332437N1173832W001,1259685,1955-07-20T00:00:00Z,17.24,17.24,0,10.85,6.39,10.85,10.85,NA,Unknown,Water level accuracy is unknown,1,Department of Water Resources,NA,5167,United States Geological Survey
32202,332437N1173832W001,1259684,1955-06-13T00:00:00Z,17.24,17.24,0,10.29,6.95,10.29,10.29,NA,Unknown,Water level accuracy is unknown,1,Department of Water Resources,NA,5167,United States Geological Survey
32202,332437N1173832W001,1259683,1955-05-11T00:00:00Z,17.24,17.24,0,9.77,7.47,9.77,9.77,NA,Unknown,Water level accuracy is unknown,1,Department of Water Resources,NA,5167,United States Geological Survey
32202,332437N1173832W001,1259682,1955-04-19T00:00:00Z,17.24,17.24,0,10,7.24,10,10,NA,Unknown,Water level accuracy is unknown,1,Department of Water Resources,NA,5167,United States Geological Survey
32202,332437N1173832W001,1259681,1955-03-21T00:00:00Z,17.24,17.24,0,9.65,7.59,9.65,9.65,NA,Unknown,Water level accuracy is unknown,1,Department of Water Resources,NA,5167,United States Geological Survey
32202,332437N1173832W001,1259680,1955-03-16T00:00:00Z,17.24,17.24,0,9.75,7.49,9.75,9.75,Other,Unknown,Water level accuracy is unknown,1,Department of Water Resources,NA,5167,United States Geological Survey
32202,332437N1173832W001,1259679,1955-02-23T00:00:00Z,17.24,17.24,0,9.9,7.34,9.9,9.9,Other,Unknown,Water level accuracy is unknown,1,Department of Water Resources,NA,5167,United States Geological Survey
32202,332437N1173832W001,1259678,1955-02-21T00:00:00Z,17.24,17.24,0,9.81,7.43,9.81,9.81,NA,Unknown,Water level accuracy is unknown,1,Department of Water Resources,NA,5167,United States Geological Survey
32202,332437N1173832W001,1259677,1955-01-27T00:00:00Z,17.24,17.24,0,9.9,7.34,9.9,9.9,Other,Unknown,Water level accuracy is unknown,1,Department of Water Resources,NA,5167,United States Geological Survey
32202,332437N1173832W001,1259676,1955-01-21T00:00:00Z,17.24,17.24,0,9.76,7.48,9.76,9.76,NA,Unknown,Water level accuracy is unknown,1,Department of Water Resources,NA,5167,United States Geological Survey
32202,332437N1173832W001,1259675,1954-12-13T00:00:00Z,17.24,17.24,0,10,7.24,10,10,Other,Unknown,Water level accuracy is unknown,1,Department of Water Resources,NA,5167,United States Geological Survey
32202,332437N1173832W001,1259674,1954-11-16T00:00:00Z,17.24,17.24,0,9.8,7.44,9.8,9.8,Other,Unknown,Water level accuracy is unknown,1,Department of Water Resources,NA,5167,United States Geological Survey
32202,332437N1173832W001,1259673,1954-10-20T00:00:00Z,17.24,17.24,0,9.1,8.14,9.1,9.1,Other,Unknown,Water level accuracy is unknown,1,Department of Water Resources,NA,5167,United States Geological Survey
32202,332437N1173832W001,1259672,1954-10-13T00:00:00Z,17.24,17.24,0,9.06,8.18,9.06,9.06,NA,Unknown,Water level accuracy is unknown,1,Department of Water Resources,NA,5167,United States Geological Survey
32202,332437N1173832W001,1259671,1954-09-13T00:00:00Z,17.24,17.24,0,8.4,8.84,8.4,8.4,Other,Unknown,Water level accuracy is unknown,1,Department of Water Resources,NA,5167,United States Geological Survey
32202,332437N1173832W001,1259670,1954-08-17T00:00:00Z,17.24,17.24,0,7.8,9.44,7.8,7.8,Other,Unknown,Water level accuracy is unknown,1,Department of Water Resources,NA,5167,United States Geological Survey
32202,332437N1173832W001,1259669,1954-07-12T00:00:00Z,17.24,17.24,0,7,10.24,7,7,Other,Unknown,Water level accuracy is unknown,1,Department of Water Resources,NA,5167,United States Geological Survey
32202,332437N1173832W001,1259668,1954-05-15T00:00:00Z,17.24,17.24,0,6.4,10.84,6.4,6.4,Other,Unknown,Water level accuracy is unknown,1,Department of Water Resources,NA,5167,United States Geological Survey
32202,332437N1173832W001,1259667,1954-04-21T00:00:00Z,17.24,17.24,0,5.3,11.94,5.3,5.3,Other,Unknown,Water level accuracy is unknown,1,Department of Water Resources,NA,5167,United States Geological Survey
32202,332437N1173832W001,1259666,1954-04-05T00:00:00Z,17.24,17.24,0,4.87,12.37,4.87,4.87,NA,Unknown,Water level accuracy is unknown,1,Department of Water Resources,NA,5167,United States Geological Survey
32202,332437N1173832W001,1259665,1953-10-26T00:00:00Z,17.24,17.24,0,9.81,7.43,9.81,9.81,NA,Unknown,Water level accuracy is unknown,1,Department of Water Resources,NA,5167,United States Geological Survey
32202,332437N1173832W001,1259664,1953-09-24T00:00:00Z,17.24,17.24,0,9.3,7.94,9.3,9.3,Other,Unknown,Water level accuracy is unknown,1,Department of Water Resources,NA,5167,United States Geological Survey
32202,332437N1173832W001,1259663,1953-09-08T00:00:00Z,17.24,17.24,0,9.6,7.64,9.6,9.6,Other,Unknown,Water level accuracy is unknown,1,Department of Water Resources,NA,5167,United States Geological Survey
32202,332437N1173832W001,1259662,1953-08-20T00:00:00Z,17.24,17.24,0,8.6,8.64,8.6,8.6,Other,Unknown,Water level accuracy is unknown,1,Department of Water Resources,NA,5167,United States Geological Survey
32202,332437N1173832W001,1259661,1953-07-17T00:00:00Z,17.24,17.24,0,7.7,9.54,7.7,7.7,Other,Unknown,Water level accuracy is unknown,1,Department of Water Resources,NA,5167,United States Geological Survey
32202,332437N1173832W001,1259660,1953-06-29T00:00:00Z,17.24,17.24,0,7.25,9.99,7.25,7.25,NA,Unknown,Water level accuracy is unknown,1,Department of Water Resources,NA,5167,United States Geological Survey
32202,332437N1173832W001,1259659,1953-05-26T00:00:00Z,17.24,17.24,0,6.73,10.51,6.73,6.73,NA,Unknown,Water level accuracy is unknown,1,Department of Water Resources,NA,5167,United States Geological Survey
32202,332437N1173832W001,1259658,1953-05-21T00:00:00Z,17.24,17.24,0,6.6,10.64,6.6,6.6,Other,Unknown,Water level accuracy is unknown,1,Department of Water Resources,NA,5167,United States Geological Survey
32202,332437N1173832W001,1259657,1953-04-13T00:00:00Z,17.24,17.24,0,6.2,11.04,6.2,6.2,NA,Unknown,Water level accuracy is unknown,1,Department of Water Resources,NA,5167,United States Geological Survey
32202,332437N1173832W001,1259656,1953-04-06T00:00:00Z,17.24,17.24,0,5.95,11.29,5.95,5.95,NA,Unknown,Water level accuracy is unknown,1,Department of Water Resources,NA,5167,United States Geological Survey
32202,332437N1173832W001,1259655,1953-03-30T00:00:00Z,17.24,17.24,0,5.81,11.43,5.81,5.81,Other,Unknown,Water level accuracy is unknown,1,Department of Water Resources,NA,5167,United States Geological Survey
32202,332437N1173832W001,1259654,1953-02-16T00:00:00Z,17.24,17.24,0,4.92,12.32,4.92,4.92,NA,Unknown,Water level accuracy is unknown,1,Department of Water Resources,NA,5167,United States Geological Survey
32202,332437N1173832W001,1259653,1953-01-19T00:00:00Z,17.24,17.24,0,3.92,13.32,3.92,3.92,NA,Unknown,Water level accuracy is unknown,1,Department of Water Resources,NA,5167,United States Geological Survey
32202,332437N1173832W001,1259652,1952-12-22T00:00:00Z,17.24,17.24,0,9.5,7.74,9.5,9.5,NA,Unknown,Water level accuracy is unknown,1,Department of Water Resources,NA,5167,United States Geological Survey
32202,332437N1173832W001,1259651,1952-12-04T00:00:00Z,17.24,17.24,0,9.5,7.74,9.5,9.5,Other,Unknown,Water level accuracy is unknown,1,Department of Water Resources,NA,5167,United States Geological Survey
32202,332437N1173832W001,1259650,1952-11-17T00:00:00Z,17.24,17.24,0,9.4,7.84,9.4,9.4,NA,Unknown,Water level accuracy is unknown,1,Department of Water Resources,NA,5167,United States Geological Survey
32202,332437N1173832W001,1259649,1952-10-14T00:00:00Z,17.24,17.24,0,8.82,8.42,8.82,8.82,NA,Unknown,Water level accuracy is unknown,1,Department of Water Resources,NA,5167,United States Geological Survey
32202,332437N1173832W001,1259648,1952-10-01T00:00:00Z,17.24,17.24,0,8.5,8.74,8.5,8.5,Other,Unknown,Water level accuracy is unknown,1,Department of Water Resources,NA,5167,United States Geological Survey
32202,332437N1173832W001,1259647,1952-09-09T00:00:00Z,17.24,17.24,0,8.2,9.04,8.2,8.2,Other,Unknown,Water level accuracy is unknown,1,Department of Water Resources,NA,5167,United States Geological Survey
32202,332437N1173832W001,1259646,1952-09-08T00:00:00Z,17.24,17.24,0,8.14,9.1,8.14,8.14,NA,Unknown,Water level accuracy is unknown,1,Department of Water Resources,NA,5167,United States Geological Survey
32202,332437N1173832W001,1259645,1952-08-20T00:00:00Z,17.24,17.24,0,7.7,9.54,7.7,7.7,NA,Unknown,Water level accuracy is unknown,1,Department of Water Resources,NA,5167,United States Geological Survey
32202,332437N1173832W001,1259644,1952-07-28T00:00:00Z,17.24,17.24,0,7.22,10.02,7.22,7.22,NA,Unknown,Water level accuracy is unknown,1,Department of Water Resources,NA,5167,United States Geological Survey
32202,332437N1173832W001,1259643,1952-07-14T00:00:00Z,17.24,17.24,0,6.9,10.34,6.9,6.9,NA,Unknown,Water level accuracy is unknown,1,Department of Water Resources,NA,5167,United States Geological Survey
32202,332437N1173832W001,1259642,1952-06-30T00:00:00Z,17.24,17.24,0,6.6,10.64,6.6,6.6,NA,Unknown,Water level accuracy is unknown,1,Department of Water Resources,NA,5167,United States Geological Survey
32202,332437N1173832W001,1259641,1952-06-16T00:00:00Z,17.24,17.24,0,6.29,10.95,6.29,6.29,NA,Unknown,Water level accuracy is unknown,1,Department of Water Resources,NA,5167,United States Geological Survey
32202,332437N1173832W001,1259640,1952-06-02T00:00:00Z,17.24,17.24,0,5.92,11.32,5.92,5.92,NA,Unknown,Water level accuracy is unknown,1,Department of Water Resources,NA,5167,United States Geological Survey
32202,332437N1173832W001,1259639,1952-05-19T00:00:00Z,17.24,17.24,0,5.38,11.86,5.38,5.38,NA,Unknown,Water level accuracy is unknown,1,Department of Water Resources,NA,5167,United States Geological Survey
32202,332437N1173832W001,1259638,1952-05-14T00:00:00Z,17.24,17.24,0,5.35,11.89,5.35,5.35,Other,Unknown,Water level accuracy is unknown,1,Department of Water Resources,NA,5167,United States Geological Survey
32202,332437N1173832W001,1259637,1952-05-05T00:00:00Z,17.24,17.24,0,5.14,12.1,5.14,5.14,NA,Unknown,Water level accuracy is unknown,1,Department of Water Resources,NA,5167,United States Geological Survey
32202,332437N1173832W001,1259636,1952-05-02T00:00:00Z,17.24,17.24,0,5.1,12.14,5.1,5.1,Other,Unknown,Water level accuracy is unknown,1,Department of Water Resources,NA,5167,United States Geological Survey
32202,332437N1173832W001,1259635,1952-04-28T00:00:00Z,17.24,17.24,0,5.02,12.22,5.02,5.02,NA,Unknown,Water level accuracy is unknown,1,Department of Water Resources,NA,5167,United States Geological Survey
32202,332437N1173832W001,1259634,1952-04-22T00:00:00Z,17.24,17.24,0,4.98,12.26,4.98,4.98,NA,Unknown,Water level accuracy is unknown,1,Department of Water Resources,NA,5167,United States Geological Survey
32202,332437N1173832W001,1259633,1952-04-14T00:00:00Z,17.24,17.24,0,4.71,12.53,4.71,4.71,NA,Unknown,Water level accuracy is unknown,1,Department of Water Resources,NA,5167,United States Geological Survey
32202,332437N1173832W001,1259632,1952-04-07T00:00:00Z,17.24,17.24,0,4.89,12.35,4.89,4.89,NA,Unknown,Water level accuracy is unknown,1,Department of Water Resources,NA,5167,United States Geological Survey
32202,332437N1173832W001,1259631,1952-04-04T00:00:00Z,17.24,17.24,0,5.35,11.89,5.35,5.35,Other,Unknown,Water level accuracy is unknown,1,Department of Water Resources,NA,5167,United States Geological Survey
32202,332437N1173832W001,1259630,1952-04-01T00:00:00Z,17.24,17.24,0,4.7,12.54,4.7,4.7,Other,Unknown,Water level accuracy is unknown,1,Department of Water Resources,NA,5167,United States Geological Survey
32202,332437N1173832W001,1259629,1952-03-31T00:00:00Z,17.24,17.24,0,4.62,12.62,4.62,4.62,NA,Unknown,Water level accuracy is unknown,1,Department of Water Resources,NA,5167,United States Geological Survey
32202,332437N1173832W001,1259628,1952-03-25T00:00:00Z,17.24,17.24,0,4.25,12.99,4.25,4.25,NA,Unknown,Water level accuracy is unknown,1,Department of Water Resources,NA,5167,United States Geological Survey
32202,332437N1173832W001,1259627,1952-03-18T00:00:00Z,17.24,17.24,0,3.57,13.67,3.57,3.57,NA,Unknown,Water level accuracy is unknown,1,Department of Water Resources,NA,5167,United States Geological Survey
32202,332437N1173832W001,1259626,1952-03-17T00:00:00Z,17.24,17.24,0,2.9,14.34,2.9,2.9,Other,Unknown,Water level accuracy is unknown,1,Department of Water Resources,NA,5167,United States Geological Survey
32202,332437N1173832W001,1259625,1952-03-05T00:00:00Z,17.24,17.24,0,5.9,11.34,5.9,5.9,Other,Unknown,Water level accuracy is unknown,1,Department of Water Resources,NA,5167,United States Geological Survey
32202,332437N1173832W001,1259624,1952-01-07T00:00:00Z,17.24,17.24,0,16.35,0.89,16.35,16.35,NA,Unknown,Water level accuracy is unknown,1,Department of Water Resources,NA,5167,United States Geological Survey
32202,332437N1173832W001,1259623,1952-01-04T00:00:00Z,17.24,17.24,0,16.4,0.84,16.4,16.4,NA,Unknown,Water level accuracy is unknown,1,Department of Water Resources,NA,5167,United States Geological Survey
32202,332437N1173832W001,1259622,1952-01-02T00:00:00Z,17.24,17.24,0,16.5,0.74,16.5,16.5,Other,Unknown,Water level accuracy is unknown,1,Department of Water Resources,NA,5167,United States Geological Survey
32202,332437N1173832W001,1259621,1951-12-28T00:00:00Z,17.24,17.24,0,16.5,0.74,16.5,16.5,NA,Unknown,Water level accuracy is unknown,1,Department of Water Resources,NA,5167,United States Geological Survey
32202,332437N1173832W001,1259620,1951-12-19T00:00:00Z,17.24,17.24,0,16.6,0.64,16.6,16.6,Other,Unknown,Water level accuracy is unknown,1,Department of Water Resources,NA,5167,United States Geological Survey
32202,332437N1173832W001,1259619,1951-12-18T00:00:00Z,17.24,17.24,0,16.58,0.66,16.58,16.58,NA,Unknown,Water level accuracy is unknown,1,Department of Water Resources,NA,5167,United States Geological Survey
32202,332437N1173832W001,1259618,1951-12-10T00:00:00Z,17.24,17.24,0,16.67,0.57,16.67,16.67,NA,Unknown,Water level accuracy is unknown,1,Department of Water Resources,NA,5167,United States Geological Survey
32202,332437N1173832W001,1259617,1951-12-03T00:00:00Z,17.24,17.24,0,17.15,0.09,17.15,17.15,NA,Unknown,Water level accuracy is unknown,1,Department of Water Resources,NA,5167,United States Geological Survey
32202,332437N1173832W001,1259616,1951-11-27T00:00:00Z,17.24,17.24,0,16.85,0.39,16.85,16.85,NA,Unknown,Water level accuracy is unknown,1,Department of Water Resources,NA,5167,United States Geological Survey
32202,332437N1173832W001,1259615,1951-11-21T00:00:00Z,17.24,17.24,0,16.8,0.44,16.8,16.8,Other,Unknown,Water level accuracy is unknown,1,Department of Water Resources,NA,5167,United States Geological Survey
32202,332437N1173832W001,1259614,1951-11-19T00:00:00Z,17.24,17.24,0,16.84,0.4,16.84,16.84,NA,Unknown,Water level accuracy is unknown,1,Department of Water Resources,NA,5167,United States Geological Survey
32202,332437N1173832W001,1259613,1951-11-12T00:00:00Z,17.24,17.24,0,16.86,0.38,16.86,16.86,NA,Unknown,Water level accuracy is unknown,1,Department of Water Resources,NA,5167,United States Geological Survey
32202,332437N1173832W001,1259612,1951-11-05T00:00:00Z,17.24,17.24,0,16.87,0.37,16.87,16.87,NA,Unknown,Water level accuracy is unknown,1,Department of Water Resources,NA,5167,United States Geological Survey
32202,332437N1173832W001,1259611,1951-10-29T00:00:00Z,17.24,17.24,0,16.92,0.32,16.92,16.92,NA,Unknown,Water level accuracy is unknown,1,Department of Water Resources,NA,5167,United States Geological Survey
32202,332437N1173832W001,1259610,1951-10-23T00:00:00Z,17.24,17.24,0,17.01,0.23,17.01,17.01,NA,Unknown,Water level accuracy is unknown,1,Department of Water Resources,NA,5167,United States Geological Survey
32202,332437N1173832W001,1259609,1951-10-15T00:00:00Z,17.24,17.24,0,16.99,0.25,16.99,16.99,NA,Unknown,Water level accuracy is unknown,1,Department of Water Resources,NA,5167,United States Geological Survey
32202,332437N1173832W001,1259608,1951-10-01T00:00:00Z,17.24,17.24,0,17.13,0.11,17.13,17.13,NA,Unknown,Water level accuracy is unknown,1,Department of Water Resources,NA,5167,United States Geological Survey
32202,332437N1173832W001,1259607,1951-09-27T00:00:00Z,17.24,17.24,0,17.4,-0.16,17.4,17.4,Other,Unknown,Water level accuracy is unknown,1,Department of Water Resources,NA,5167,United States Geological Survey
32202,332437N1173832W001,1259606,1951-09-12T00:00:00Z,17.24,17.24,0,17.12,0.12,17.12,17.12,NA,Unknown,Water level accuracy is unknown,1,Department of Water Resources,NA,5167,United States Geological Survey
32202,332437N1173832W001,1259605,1951-09-10T00:00:00Z,17.24,17.24,0,17.1,0.14,17.1,17.1,Other,Unknown,Water level accuracy is unknown,1,Department of Water Resources,NA,5167,United States Geological Survey
32202,332437N1173832W001,1259604,1951-08-27T00:00:00Z,17.24,17.24,0,17.2,0.04,17.2,17.2,Other,Unknown,Water level accuracy is unknown,1,Department of Water Resources,NA,5167,United States Geological Survey
32202,332437N1173832W001,1259603,1951-08-17T00:00:00Z,17.24,17.24,0,17.16,0.08,17.16,17.16,NA,Unknown,Water level accuracy is unknown,1,Department of Water Resources,NA,5167,United States Geological Survey
32202,332437N1173832W001,1259602,1951-08-07T00:00:00Z,17.24,17.24,0,17.2,0.04,17.2,17.2,Other,Unknown,Water level accuracy is unknown,1,Department of Water Resources,NA,5167,United States Geological Survey
32202,332437N1173832W001,1259601,1951-07-17T00:00:00Z,17.24,17.24,0,16.8,0.44,16.8,16.8,Other,Unknown,Water level accuracy is unknown,1,Department of Water Resources,NA,5167,United States Geological Survey
32202,332437N1173832W001,1259600,1951-07-02T00:00:00Z,17.24,17.24,0,16.7,0.54,16.7,16.7,Other,Unknown,Water level accuracy is unknown,1,Department of Water Resources,NA,5167,United States Geological Survey
32202,332437N1173832W001,1259599,1951-06-18T00:00:00Z,17.24,17.24,0,16.4,0.84,16.4,16.4,Other,Unknown,Water level accuracy is unknown,1,Department of Water Resources,NA,5167,United States Geological Survey
32202,332437N1173832W001,1259598,1951-05-29T00:00:00Z,17.24,17.24,0,16.4,0.84,16.4,16.4,Other,Unknown,Water level accuracy is unknown,1,Department of Water Resources,NA,5167,United States Geological Survey
32202,332437N1173832W001,1259597,1951-05-07T00:00:00Z,17.24,17.24,0,16.7,0.54,16.7,16.7,Other,Unknown,Water level accuracy is unknown,1,Department of Water Resources,NA,5167,United States Geological Survey
32202,332437N1173832W001,1259596,1951-04-27T00:00:00Z,17.24,17.24,0,16.9,0.34,16.9,16.9,Other,Unknown,Water level accuracy is unknown,1,Department of Water Resources,NA,5167,United States Geological Survey
32202,332437N1173832W001,1259595,1951-04-10T00:00:00Z,17.24,17.24,0,17,0.24,17,17,Other,Unknown,Water level accuracy is unknown,1,Department of Water Resources,NA,5167,United States Geological Survey
