STN_ID,SITE_CODE,WLM_ID,MSMT_DATE,WLM_RPE,WLM_GSE,RDNG_WS,RDNG_RP,WSE,RPE_WSE,GSE_WSE,WLM_QA_DESC,WLM_DESC,WLM_ACC_DESC,WLM_ORG_ID,WLM_ORG_NAME,MSMT_CMT,COOP_AGENCY_ORG_ID,COOP_ORG_NAME
32216,370055N1208371W001,1261387,1977-06-21T00:00:00Z,133.7,132,NA,NA,NA,NA,NA,Well has been destroyed,NA,NA,1,Department of Water Resources,NA,1,Department of Water Resources
32216,370055N1208371W001,1261386,1977-03-29T00:00:00Z,133.7,132,0,6.19,127.51,6.19,4.49,NA,Unknown,Water level accuracy is unknown,1,Department of Water Resources,NA,1,Department of Water Resources
32216,370055N1208371W001,1261385,1976-10-12T00:00:00Z,133.7,132,0,6.69,127.01,6.69,4.99,NA,Unknown,Water level accuracy is unknown,1,Department of Water Resources,NA,1,Department of Water Resources
32216,370055N1208371W001,1261384,1976-08-02T00:00:00Z,133.7,132,0,5.69,128.01,5.69,3.99,NA,Unknown,Water level accuracy is unknown,1,Department of Water Resources,NA,1,Department of Water Resources
32216,370055N1208371W001,1261383,1976-03-17T00:00:00Z,133.7,132,0,5.89,127.81,5.89,4.19,NA,Unknown,Water level accuracy is unknown,1,Department of Water Resources,NA,1,Department of Water Resources
32216,370055N1208371W001,1261382,1975-10-16T00:00:00Z,133.7,132,0,6.49,127.21,6.49,4.79,NA,Unknown,Water level accuracy is unknown,1,Department of Water Resources,NA,1,Department of Water Resources
32216,370055N1208371W001,1261381,1975-03-25T00:00:00Z,133.7,132,0,6.69,127.01,6.69,4.99,NA,Unknown,Water level accuracy is unknown,1,Department of Water Resources,NA,1,Department of Water Resources
32216,370055N1208371W001,1261380,1974-10-15T00:00:00Z,133.7,132,0,6.49,127.21,6.49,4.79,NA,Unknown,Water level accuracy is unknown,1,Department of Water Resources,NA,1,Department of Water Resources
32216,370055N1208371W001,1261379,1974-04-09T00:00:00Z,133.7,132,0,6.69,127.01,6.69,4.99,NA,Unknown,Water level accuracy is unknown,1,Department of Water Resources,NA,1,Department of Water Resources
32216,370055N1208371W001,1261378,1973-10-02T00:00:00Z,133.7,132,0,6.69,127.01,6.69,4.99,NA,Unknown,Water level accuracy is unknown,1,Department of Water Resources,NA,1,Department of Water Resources
32216,370055N1208371W001,1261377,1973-04-10T00:00:00Z,133.7,132,0,5.99,127.71,5.99,4.29,NA,Unknown,Water level accuracy is unknown,1,Department of Water Resources,NA,1,Department of Water Resources
32216,370055N1208371W001,1261376,1972-10-11T00:00:00Z,133.7,132,0,9.29,124.41,9.29,7.59,NA,Unknown,Water level accuracy is unknown,1,Department of Water Resources,NA,1,Department of Water Resources
32216,370055N1208371W001,1261375,1972-03-14T00:00:00Z,133.7,132,0,9.09,124.61,9.09,7.39,NA,Unknown,Water level accuracy is unknown,1,Department of Water Resources,NA,1,Department of Water Resources
32216,370055N1208371W001,1261374,1971-10-14T00:00:00Z,133.7,132,0,9.99,123.71,9.99,8.29,NA,Unknown,Water level accuracy is unknown,1,Department of Water Resources,NA,1,Department of Water Resources
32216,370055N1208371W001,1261373,1971-03-11T00:00:00Z,133.7,132,0,11,122.7,11,9.3,NA,Unknown,Water level accuracy is unknown,1,Department of Water Resources,NA,1,Department of Water Resources
32216,370055N1208371W001,1261372,1970-10-09T00:00:00Z,133.7,132,0,11.5,122.2,11.5,9.8,NA,Unknown,Water level accuracy is unknown,1,Department of Water Resources,NA,1,Department of Water Resources
32216,370055N1208371W001,1261371,1970-03-12T00:00:00Z,133.7,132,0,11.8,121.9,11.8,10.1,NA,Unknown,Water level accuracy is unknown,1,Department of Water Resources,NA,1,Department of Water Resources
32216,370055N1208371W001,1261370,1969-10-07T00:00:00Z,133.7,132,0,10.1,123.6,10.1,8.4,NA,Unknown,Water level accuracy is unknown,1,Department of Water Resources,NA,1,Department of Water Resources
32216,370055N1208371W001,1261369,1969-03-19T00:00:00Z,133.7,132,0,9.99,123.71,9.99,8.29,NA,Unknown,Water level accuracy is unknown,1,Department of Water Resources,NA,1,Department of Water Resources
32216,370055N1208371W001,1261368,1968-10-07T00:00:00Z,133.7,132,0,12,121.7,12,10.3,NA,Unknown,Water level accuracy is unknown,1,Department of Water Resources,NA,1,Department of Water Resources
32216,370055N1208371W001,1261367,1968-03-18T00:00:00Z,133.7,132,0,9.59,124.11,9.59,7.89,NA,Unknown,Water level accuracy is unknown,1,Department of Water Resources,NA,1,Department of Water Resources
32216,370055N1208371W001,1261366,1967-10-09T00:00:00Z,133.7,132,0,8.89,124.81,8.89,7.19,NA,Unknown,Water level accuracy is unknown,1,Department of Water Resources,NA,1,Department of Water Resources
32216,370055N1208371W001,1261365,1967-03-27T00:00:00Z,133.7,132,0,9.79,123.91,9.79,8.09,NA,Unknown,Water level accuracy is unknown,1,Department of Water Resources,NA,1,Department of Water Resources
32216,370055N1208371W001,1261364,1966-10-19T00:00:00Z,133.7,132,0,13.2,120.5,13.2,11.5,NA,Unknown,Water level accuracy is unknown,1,Department of Water Resources,NA,1,Department of Water Resources
32216,370055N1208371W001,1261363,1966-03-11T00:00:00Z,133.7,132,0,11.6,122.1,11.6,9.9,NA,Unknown,Water level accuracy is unknown,1,Department of Water Resources,NA,1,Department of Water Resources
32216,370055N1208371W001,1261362,1965-10-14T00:00:00Z,133.7,132,0,8.79,124.91,8.79,7.09,NA,Unknown,Water level accuracy is unknown,1,Department of Water Resources,NA,1,Department of Water Resources
32216,370055N1208371W001,1261361,1965-03-09T00:00:00Z,133.7,132,0,10.8,122.9,10.8,9.1,NA,Unknown,Water level accuracy is unknown,1,Department of Water Resources,NA,1,Department of Water Resources
32216,370055N1208371W001,1261360,1964-10-15T00:00:00Z,133.7,132,0,12,121.7,12,10.3,NA,Unknown,Water level accuracy is unknown,1,Department of Water Resources,NA,1,Department of Water Resources
32216,370055N1208371W001,1261359,1963-10-10T00:00:00Z,133.7,132,0,10.5,123.2,10.5,8.8,NA,Unknown,Water level accuracy is unknown,1,Department of Water Resources,NA,1,Department of Water Resources
32216,370055N1208371W001,1261358,1963-02-25T00:00:00Z,133.7,132,0,12.5,121.2,12.5,10.8,NA,Unknown,Water level accuracy is unknown,1,Department of Water Resources,NA,1,Department of Water Resources
32216,370055N1208371W001,1261357,1962-10-08T00:00:00Z,133.7,132,0,11.2,122.5,11.2,9.5,NA,Unknown,Water level accuracy is unknown,1,Department of Water Resources,NA,1,Department of Water Resources
32216,370055N1208371W001,1261356,1962-03-27T00:00:00Z,133.7,132,0,10.4,123.3,10.4,8.7,NA,Unknown,Water level accuracy is unknown,1,Department of Water Resources,NA,1,Department of Water Resources
32216,370055N1208371W001,1261355,1961-09-29T00:00:00Z,133.7,132,0,13,120.7,13,11.3,NA,Unknown,Water level accuracy is unknown,1,Department of Water Resources,NA,624,Bureau of Reclamation
32216,370055N1208371W001,1261354,1961-03-16T00:00:00Z,133.7,132,NA,NA,NA,NA,NA,Unable to locate well,NA,NA,1,Department of Water Resources,NA,1,Department of Water Resources
32216,370055N1208371W001,1261353,1960-10-07T00:00:00Z,133.7,132,0,12.9,120.8,12.9,11.2,NA,Unknown,Water level accuracy is unknown,1,Department of Water Resources,NA,624,Bureau of Reclamation
32216,370055N1208371W001,1261352,1960-10-01T00:00:00Z,133.7,132,0,11.9,121.8,11.9,10.2,NA,Unknown,Water level accuracy is unknown,1,Department of Water Resources,NA,624,Bureau of Reclamation
32216,370055N1208371W001,1261351,1960-03-15T00:00:00Z,133.7,132,0,12.1,121.6,12.1,10.4,NA,Unknown,Water level accuracy is unknown,1,Department of Water Resources,NA,1,Department of Water Resources
32216,370055N1208371W001,1261350,1959-10-01T00:00:00Z,133.7,132,0,11.4,122.3,11.4,9.7,Recharge or surface water effects near well,Unknown,Water level accuracy is unknown,1,Department of Water Resources,NA,624,Bureau of Reclamation
32216,370055N1208371W001,1261349,1959-03-17T00:00:00Z,133.7,132,0,8.09,125.61,8.09,6.39,NA,Unknown,Water level accuracy is unknown,1,Department of Water Resources,NA,1,Department of Water Resources
32216,370055N1208371W001,1261348,1958-09-28T00:00:00Z,133.7,132,0,10.1,123.6,10.1,8.4,NA,Unknown,Water level accuracy is unknown,1,Department of Water Resources,NA,624,Bureau of Reclamation
32216,370055N1208371W001,1261347,1958-03-19T00:00:00Z,133.7,132,0,12.3,121.4,12.3,10.6,NA,Unknown,Water level accuracy is unknown,1,Department of Water Resources,NA,624,Bureau of Reclamation
