STN_ID,SITE_CODE,WLM_ID,MSMT_DATE,WLM_RPE,WLM_GSE,RDNG_WS,RDNG_RP,WSE,RPE_WSE,GSE_WSE,WLM_QA_DESC,WLM_DESC,WLM_ACC_DESC,WLM_ORG_ID,WLM_ORG_NAME,MSMT_CMT,COOP_AGENCY_ORG_ID,COOP_ORG_NAME
32558,367355N1198988W001,1173454,2005-01-01T00:00:00Z,266.4,264.9,NA,NA,NA,NA,NA,Well has been destroyed,NA,NA,1,Department of Water Resources,NA,206,Fresno Irrigation District
32558,367355N1198988W001,1173453,2004-03-31T00:00:00Z,266.4,264.9,NA,NA,NA,NA,NA,Unable to locate well,NA,NA,1,Department of Water Resources,NA,206,Fresno Irrigation District
32558,367355N1198988W001,1173452,2003-01-01T00:00:00Z,266.4,264.9,NA,NA,NA,NA,NA,Special/Other,NA,NA,1,Department of Water Resources,NA,206,Fresno Irrigation District
32558,367355N1198988W001,1173451,2002-01-29T00:00:00Z,266.4,264.9,NA,NA,NA,NA,NA,Measurement Discontinued,NA,NA,1,Department of Water Resources,NA,206,Fresno Irrigation District
32558,367355N1198988W001,1173450,2001-10-01T00:00:00Z,266.4,264.9,NA,NA,NA,NA,NA,Special/Other,NA,NA,1,Department of Water Resources,NA,206,Fresno Irrigation District
32558,367355N1198988W001,1173449,2000-04-01T00:00:00Z,266.4,264.9,0,56.5,209.9,56.5,55,NA,Unknown,Water level accuracy is unknown,1,Department of Water Resources,NA,206,Fresno Irrigation District
32558,367355N1198988W001,1173448,1999-10-01T00:00:00Z,266.4,264.9,0,65.1,201.3,65.1,63.6,NA,Unknown,Water level accuracy is unknown,1,Department of Water Resources,NA,206,Fresno Irrigation District
32558,367355N1198988W001,1173447,1999-02-01T00:00:00Z,266.4,264.9,0,64.2,202.2,64.2,62.7,NA,Unknown,Water level accuracy is unknown,1,Department of Water Resources,NA,206,Fresno Irrigation District
32558,367355N1198988W001,1173446,1998-10-15T00:00:00Z,266.4,264.9,0,66.5,199.9,66.5,65,NA,Unknown,Water level accuracy is unknown,1,Department of Water Resources,NA,206,Fresno Irrigation District
32558,367355N1198988W001,1173445,1998-01-29T00:00:00Z,266.4,264.9,0,66.6,199.8,66.6,65.1,NA,Unknown,Water level accuracy is unknown,1,Department of Water Resources,NA,206,Fresno Irrigation District
32558,367355N1198988W001,1173444,1997-10-31T00:00:00Z,266.4,264.9,0,72.9,193.5,72.9,71.4,NA,Unknown,Water level accuracy is unknown,1,Department of Water Resources,NA,206,Fresno Irrigation District
32558,367355N1198988W001,1173443,1997-01-16T00:00:00Z,266.4,264.9,0,65.7,200.7,65.7,64.2,NA,Unknown,Water level accuracy is unknown,1,Department of Water Resources,NA,206,Fresno Irrigation District
32558,367355N1198988W001,1173442,1996-11-01T00:00:00Z,266.4,264.9,0,63.7,202.7,63.7,62.2,NA,Unknown,Water level accuracy is unknown,1,Department of Water Resources,NA,206,Fresno Irrigation District
32558,367355N1198988W001,1173441,1996-01-02T00:00:00Z,266.4,264.9,0,62,204.4,62,60.5,NA,Unknown,Water level accuracy is unknown,1,Department of Water Resources,NA,206,Fresno Irrigation District
32558,367355N1198988W001,1173440,1995-10-03T00:00:00Z,266.4,264.9,0,65.5,200.9,65.5,64,NA,Unknown,Water level accuracy is unknown,1,Department of Water Resources,NA,206,Fresno Irrigation District
32558,367355N1198988W001,1173439,1995-02-02T00:00:00Z,266.4,264.9,0,66.9,199.5,66.9,65.4,NA,Unknown,Water level accuracy is unknown,1,Department of Water Resources,NA,206,Fresno Irrigation District
32558,367355N1198988W001,1173438,1994-10-19T00:00:00Z,266.4,264.9,0,65.6,200.8,65.6,64.1,NA,Unknown,Water level accuracy is unknown,1,Department of Water Resources,NA,206,Fresno Irrigation District
32558,367355N1198988W001,1173437,1994-02-10T00:00:00Z,266.4,264.9,0,62,204.4,62,60.5,NA,Unknown,Water level accuracy is unknown,1,Department of Water Resources,NA,206,Fresno Irrigation District
32558,367355N1198988W001,1173436,1993-11-09T00:00:00Z,266.4,264.9,0,64,202.4,64,62.5,NA,Unknown,Water level accuracy is unknown,1,Department of Water Resources,NA,206,Fresno Irrigation District
32558,367355N1198988W001,1173435,1993-01-25T00:00:00Z,266.4,264.9,0,64.5,201.9,64.5,63,NA,Unknown,Water level accuracy is unknown,1,Department of Water Resources,NA,206,Fresno Irrigation District
32558,367355N1198988W001,1173434,1992-10-09T00:00:00Z,266.4,264.9,0,68.8,197.6,68.8,67.3,NA,Unknown,Water level accuracy is unknown,1,Department of Water Resources,NA,206,Fresno Irrigation District
32558,367355N1198988W001,1173433,1992-02-04T00:00:00Z,266.4,264.9,0,62.6,203.8,62.6,61.1,NA,Unknown,Water level accuracy is unknown,1,Department of Water Resources,NA,206,Fresno Irrigation District
32558,367355N1198988W001,1173432,1991-10-08T00:00:00Z,266.4,264.9,0,64.1,202.3,64.1,62.6,NA,Unknown,Water level accuracy is unknown,1,Department of Water Resources,NA,206,Fresno Irrigation District
32558,367355N1198988W001,1173431,1991-02-04T00:00:00Z,266.4,264.9,0,61,205.4,61,59.5,NA,Unknown,Water level accuracy is unknown,1,Department of Water Resources,NA,206,Fresno Irrigation District
32558,367355N1198988W001,1173430,1990-10-12T00:00:00Z,266.4,264.9,0,63.8,202.6,63.8,62.3,NA,Unknown,Water level accuracy is unknown,1,Department of Water Resources,NA,206,Fresno Irrigation District
32558,367355N1198988W001,1173429,1990-01-04T00:00:00Z,266.4,264.9,0,57.7,208.7,57.7,56.2,NA,Unknown,Water level accuracy is unknown,1,Department of Water Resources,NA,206,Fresno Irrigation District
32558,367355N1198988W001,1173428,1989-10-02T00:00:00Z,266.4,264.9,0,58.6,207.8,58.6,57.1,NA,Unknown,Water level accuracy is unknown,1,Department of Water Resources,NA,206,Fresno Irrigation District
32558,367355N1198988W001,1173427,1989-01-17T00:00:00Z,266.4,264.9,0,57,209.4,57,55.5,NA,Unknown,Water level accuracy is unknown,1,Department of Water Resources,NA,206,Fresno Irrigation District
32558,367355N1198988W001,1173426,1988-10-01T00:00:00Z,266.4,264.9,0,58.1,208.3,58.1,56.6,NA,Unknown,Water level accuracy is unknown,1,Department of Water Resources,NA,206,Fresno Irrigation District
32558,367355N1198988W001,1173425,1988-01-04T00:00:00Z,266.4,264.9,0,54.4,212,54.4,52.9,NA,Unknown,Water level accuracy is unknown,1,Department of Water Resources,NA,206,Fresno Irrigation District
32558,367355N1198988W001,1173424,1987-10-01T00:00:00Z,266.4,264.9,0,55.7,210.7,55.7,54.2,NA,Unknown,Water level accuracy is unknown,1,Department of Water Resources,NA,206,Fresno Irrigation District
32558,367355N1198988W001,1173423,1987-01-01T00:00:00Z,266.4,264.9,0,52.7,213.7,52.7,51.2,NA,Unknown,Water level accuracy is unknown,1,Department of Water Resources,NA,206,Fresno Irrigation District
32558,367355N1198988W001,1173422,1986-10-07T00:00:00Z,266.4,264.9,0,54.2,212.2,54.2,52.7,NA,Unknown,Water level accuracy is unknown,1,Department of Water Resources,NA,624,Bureau of Reclamation
32558,367355N1198988W001,1173421,1986-01-15T00:00:00Z,266.4,264.9,0,55,211.4,55,53.5,NA,Unknown,Water level accuracy is unknown,1,Department of Water Resources,NA,624,Bureau of Reclamation
32558,367355N1198988W001,1173420,1985-10-04T00:00:00Z,266.4,264.9,0,56,210.4,56,54.5,NA,Unknown,Water level accuracy is unknown,1,Department of Water Resources,NA,624,Bureau of Reclamation
32558,367355N1198988W001,1173419,1985-01-01T00:00:00Z,266.4,264.9,0,55,211.4,55,53.5,NA,Unknown,Water level accuracy is unknown,1,Department of Water Resources,NA,624,Bureau of Reclamation
32558,367355N1198988W001,1173418,1984-10-01T00:00:00Z,266.4,264.9,0,56.8,209.6,56.8,55.3,NA,Unknown,Water level accuracy is unknown,1,Department of Water Resources,NA,624,Bureau of Reclamation
32558,367355N1198988W001,1173417,1984-02-01T00:00:00Z,266.4,264.9,0,55.7,210.7,55.7,54.2,NA,Unknown,Water level accuracy is unknown,1,Department of Water Resources,NA,624,Bureau of Reclamation
32558,367355N1198988W001,1173416,1983-10-05T00:00:00Z,266.4,264.9,0,57.6,208.8,57.6,56.1,NA,Unknown,Water level accuracy is unknown,1,Department of Water Resources,NA,624,Bureau of Reclamation
32558,367355N1198988W001,1173415,1983-02-01T00:00:00Z,266.4,264.9,0,63.6,202.8,63.6,62.1,NA,Unknown,Water level accuracy is unknown,1,Department of Water Resources,NA,206,Fresno Irrigation District
32558,367355N1198988W001,1173414,1982-10-01T00:00:00Z,266.4,264.9,0,63.3,203.1,63.3,61.8,NA,Unknown,Water level accuracy is unknown,1,Department of Water Resources,NA,206,Fresno Irrigation District
32558,367355N1198988W001,1173413,1982-02-01T00:00:00Z,266.4,264.9,0,61.9,204.5,61.9,60.4,NA,Unknown,Water level accuracy is unknown,1,Department of Water Resources,NA,624,Bureau of Reclamation
32558,367355N1198988W001,1173412,1981-10-01T00:00:00Z,266.4,264.9,0,65.5,200.9,65.5,64,NA,Unknown,Water level accuracy is unknown,1,Department of Water Resources,NA,624,Bureau of Reclamation
32558,367355N1198988W001,1173411,1981-02-03T00:00:00Z,266.4,264.9,NA,NA,NA,NA,NA,Pumping,NA,NA,1,Department of Water Resources,NA,206,Fresno Irrigation District
32558,367355N1198988W001,1173410,1980-10-01T00:00:00Z,266.4,264.9,0,64.3,202.1,64.3,62.8,NA,Unknown,Water level accuracy is unknown,1,Department of Water Resources,NA,206,Fresno Irrigation District
32558,367355N1198988W001,1173409,1980-02-01T00:00:00Z,266.4,264.9,0,63.5,202.9,63.5,62,NA,Unknown,Water level accuracy is unknown,1,Department of Water Resources,NA,206,Fresno Irrigation District
32558,367355N1198988W001,1173408,1979-10-01T00:00:00Z,266.4,264.9,0,65.5,200.9,65.5,64,NA,Unknown,Water level accuracy is unknown,1,Department of Water Resources,NA,206,Fresno Irrigation District
32558,367355N1198988W001,1173407,1979-02-01T00:00:00Z,266.4,264.9,0,63.1,203.3,63.1,61.6,NA,Unknown,Water level accuracy is unknown,1,Department of Water Resources,NA,206,Fresno Irrigation District
32558,367355N1198988W001,1173406,1978-09-30T00:00:00Z,266.4,264.9,0,65.8,200.6,65.8,64.3,NA,Unknown,Water level accuracy is unknown,1,Department of Water Resources,NA,206,Fresno Irrigation District
32558,367355N1198988W001,1173405,1978-02-02T00:00:00Z,266.4,264.9,0,67.9,198.5,67.9,66.4,NA,Unknown,Water level accuracy is unknown,1,Department of Water Resources,NA,206,Fresno Irrigation District
32558,367355N1198988W001,1173404,1977-09-29T00:00:00Z,266.4,264.9,0,70.9,195.5,70.9,69.4,NA,Unknown,Water level accuracy is unknown,1,Department of Water Resources,NA,206,Fresno Irrigation District
32558,367355N1198988W001,1173403,1977-07-01T00:00:00Z,266.4,264.9,0,66.6,199.8,66.6,65.1,NA,Unknown,Water level accuracy is unknown,1,Department of Water Resources,NA,206,Fresno Irrigation District
32558,367355N1198988W001,1173402,1977-06-01T00:00:00Z,266.4,264.9,0,66,200.4,66,64.5,NA,Unknown,Water level accuracy is unknown,1,Department of Water Resources,NA,206,Fresno Irrigation District
32558,367355N1198988W001,1173401,1977-02-02T00:00:00Z,266.4,264.9,0,61.8,204.6,61.8,60.3,NA,Unknown,Water level accuracy is unknown,1,Department of Water Resources,NA,206,Fresno Irrigation District
32558,367355N1198988W001,1173400,1976-10-01T00:00:00Z,266.4,264.9,0,63.4,203,63.4,61.9,NA,Unknown,Water level accuracy is unknown,1,Department of Water Resources,NA,206,Fresno Irrigation District
32558,367355N1198988W001,1173399,1976-07-23T00:00:00Z,266.4,264.9,0,61.2,205.2,61.2,59.7,NA,Unknown,Water level accuracy is unknown,1,Department of Water Resources,NA,206,Fresno Irrigation District
32558,367355N1198988W001,1173398,1976-02-01T00:00:00Z,266.4,264.9,0,59,207.4,59,57.5,NA,Unknown,Water level accuracy is unknown,1,Department of Water Resources,NA,206,Fresno Irrigation District
32558,367355N1198988W001,1173397,1975-10-02T00:00:00Z,266.4,264.9,0,59.6,206.8,59.6,58.1,NA,Unknown,Water level accuracy is unknown,1,Department of Water Resources,NA,206,Fresno Irrigation District
32558,367355N1198988W001,1173396,1975-02-01T00:00:00Z,266.4,264.9,0,57.8,208.6,57.8,56.3,NA,Unknown,Water level accuracy is unknown,1,Department of Water Resources,NA,206,Fresno Irrigation District
32558,367355N1198988W001,1173395,1974-10-02T00:00:00Z,266.4,264.9,0,59.8,206.6,59.8,58.3,NA,Unknown,Water level accuracy is unknown,1,Department of Water Resources,NA,206,Fresno Irrigation District
32558,367355N1198988W001,1173394,1974-03-01T00:00:00Z,266.4,264.9,NA,NA,NA,NA,NA,Pumping,NA,NA,1,Department of Water Resources,NA,206,Fresno Irrigation District
32558,367355N1198988W001,1173393,1974-02-04T00:00:00Z,266.4,264.9,0,59.4,207,59.4,57.9,NA,Unknown,Water level accuracy is unknown,1,Department of Water Resources,NA,206,Fresno Irrigation District
32558,367355N1198988W001,1173392,1973-03-01T00:00:00Z,266.4,264.9,0,59.3,207.1,59.3,57.8,NA,Unknown,Water level accuracy is unknown,1,Department of Water Resources,NA,206,Fresno Irrigation District
32558,367355N1198988W001,1173391,1972-10-11T00:00:00Z,266.4,264.9,0,61,205.4,61,59.5,NA,Unknown,Water level accuracy is unknown,1,Department of Water Resources,NA,206,Fresno Irrigation District
32558,367355N1198988W001,1173390,1972-03-01T00:00:00Z,266.4,264.9,0,57.8,208.6,57.8,56.3,NA,Unknown,Water level accuracy is unknown,1,Department of Water Resources,NA,206,Fresno Irrigation District
32558,367355N1198988W001,1173389,1971-02-25T00:00:00Z,266.4,264.9,0,56.4,210,56.4,54.9,NA,Unknown,Water level accuracy is unknown,1,Department of Water Resources,NA,206,Fresno Irrigation District
32558,367355N1198988W001,1173388,1970-10-01T00:00:00Z,266.4,264.9,0,57.3,209.1,57.3,55.8,NA,Unknown,Water level accuracy is unknown,1,Department of Water Resources,NA,206,Fresno Irrigation District
32558,367355N1198988W001,1173387,1970-03-01T00:00:00Z,266.4,264.9,0,56.7,209.7,56.7,55.2,NA,Unknown,Water level accuracy is unknown,1,Department of Water Resources,NA,206,Fresno Irrigation District
32558,367355N1198988W001,1173386,1969-03-03T00:00:00Z,266.4,264.9,0,64.1,202.3,64.1,62.6,NA,Unknown,Water level accuracy is unknown,1,Department of Water Resources,NA,206,Fresno Irrigation District
32558,367355N1198988W001,1173385,1968-02-29T00:00:00Z,266.4,264.9,0,59.2,207.2,59.2,57.7,NA,Unknown,Water level accuracy is unknown,1,Department of Water Resources,NA,206,Fresno Irrigation District
32558,367355N1198988W001,1173384,1967-03-02T00:00:00Z,266.4,264.9,0,66.5,199.9,66.5,65,NA,Unknown,Water level accuracy is unknown,1,Department of Water Resources,NA,206,Fresno Irrigation District
32558,367355N1198988W001,1173383,1966-02-28T00:00:00Z,266.4,264.9,0,64.4,202,64.4,62.9,NA,Unknown,Water level accuracy is unknown,1,Department of Water Resources,NA,206,Fresno Irrigation District
32558,367355N1198988W001,1173382,1965-02-27T00:00:00Z,266.4,264.9,0,62.6,203.8,62.6,61.1,NA,Unknown,Water level accuracy is unknown,1,Department of Water Resources,NA,206,Fresno Irrigation District
32558,367355N1198988W001,1173381,1964-03-06T00:00:00Z,266.4,264.9,0,62.8,203.6,62.8,61.3,NA,Unknown,Water level accuracy is unknown,1,Department of Water Resources,NA,206,Fresno Irrigation District
32558,367355N1198988W001,1173380,1963-02-26T00:00:00Z,266.4,264.9,0,64.1,202.3,64.1,62.6,NA,Unknown,Water level accuracy is unknown,1,Department of Water Resources,NA,206,Fresno Irrigation District
32558,367355N1198988W001,1173379,1962-02-27T00:00:00Z,266.4,264.9,0,58.8,207.6,58.8,57.3,NA,Unknown,Water level accuracy is unknown,1,Department of Water Resources,NA,206,Fresno Irrigation District
32558,367355N1198988W001,1173378,1961-09-26T00:00:00Z,266.4,264.9,0,61.2,205.2,61.2,59.7,NA,Unknown,Water level accuracy is unknown,1,Department of Water Resources,NA,206,Fresno Irrigation District
32558,367355N1198988W001,1173377,1961-01-31T00:00:00Z,266.4,264.9,0,52.8,213.6,52.8,51.3,NA,Unknown,Water level accuracy is unknown,1,Department of Water Resources,NA,206,Fresno Irrigation District
32558,367355N1198988W001,1173376,1960-10-29T00:00:00Z,266.4,264.9,0,54.1,212.3,54.1,52.6,NA,Unknown,Water level accuracy is unknown,1,Department of Water Resources,NA,206,Fresno Irrigation District
32558,367355N1198988W001,1173375,1960-03-03T00:00:00Z,266.4,264.9,0,47.5,218.9,47.5,46,NA,Unknown,Water level accuracy is unknown,1,Department of Water Resources,NA,206,Fresno Irrigation District
32558,367355N1198988W001,1173374,1959-10-29T00:00:00Z,266.4,264.9,0,48.8,217.6,48.8,47.3,NA,Unknown,Water level accuracy is unknown,1,Department of Water Resources,NA,206,Fresno Irrigation District
32558,367355N1198988W001,1173373,1959-03-01T00:00:00Z,266.4,264.9,0,42,224.4,42,40.5,NA,Unknown,Water level accuracy is unknown,1,Department of Water Resources,NA,206,Fresno Irrigation District
32558,367355N1198988W001,1173372,1958-10-28T00:00:00Z,266.4,264.9,NA,NA,NA,NA,NA,Pumping,NA,NA,1,Department of Water Resources,NA,206,Fresno Irrigation District
32558,367355N1198988W001,1173371,1958-03-01T00:00:00Z,266.4,264.9,0,44.2,222.2,44.2,42.7,NA,Unknown,Water level accuracy is unknown,1,Department of Water Resources,NA,206,Fresno Irrigation District
32558,367355N1198988W001,1173370,1957-10-29T00:00:00Z,266.4,264.9,0,46.1,220.3,46.1,44.6,NA,Unknown,Water level accuracy is unknown,1,Department of Water Resources,NA,206,Fresno Irrigation District
32558,367355N1198988W001,1173369,1957-03-02T00:00:00Z,266.4,264.9,0,43,223.4,43,41.5,NA,Unknown,Water level accuracy is unknown,1,Department of Water Resources,NA,206,Fresno Irrigation District
32558,367355N1198988W001,1173368,1956-10-02T00:00:00Z,266.4,264.9,0,44.4,222,44.4,42.9,NA,Unknown,Water level accuracy is unknown,1,Department of Water Resources,NA,206,Fresno Irrigation District
32558,367355N1198988W001,1173367,1956-02-29T00:00:00Z,266.4,264.9,0,43.1,223.3,43.1,41.6,NA,Unknown,Water level accuracy is unknown,1,Department of Water Resources,NA,206,Fresno Irrigation District
32558,367355N1198988W001,1173366,1955-11-01T00:00:00Z,266.4,264.9,0,45.3,221.1,45.3,43.8,NA,Unknown,Water level accuracy is unknown,1,Department of Water Resources,NA,206,Fresno Irrigation District
32558,367355N1198988W001,1173365,1955-02-28T00:00:00Z,266.4,264.9,0,40.3,226.1,40.3,38.8,NA,Unknown,Water level accuracy is unknown,1,Department of Water Resources,NA,206,Fresno Irrigation District
