STN_ID,SITE_CODE,WLM_ID,MSMT_DATE,WLM_RPE,WLM_GSE,RDNG_WS,RDNG_RP,WSE,RPE_WSE,GSE_WSE,WLM_QA_DESC,WLM_DESC,WLM_ACC_DESC,WLM_ORG_ID,WLM_ORG_NAME,MSMT_CMT,COOP_AGENCY_ORG_ID,COOP_ORG_NAME
32570,368196N1200160W001,2461446,2019-03-25T07:45:00Z,257.41,257.41,78,150,185.41,72,72,NA,Unknown,Water level accuracy to nearest tenth of a foot,1,Department of Water Resources,NA,624,Bureau of Reclamation
32570,368196N1200160W001,2431797,2018-10-18T09:10:00Z,257.41,257.41,0,100,157.41,100,100,NA,Unknown,Water level accuracy to nearest tenth of a foot,1,Department of Water Resources,NA,624,Bureau of Reclamation
32570,368196N1200160W001,2290141,2018-03-14T08:40:00Z,257.41,257.41,101,171,187.41,70,70,NA,Unknown,Water level accuracy to nearest tenth of a foot,1,Department of Water Resources,0,624,Bureau of Reclamation
32570,368196N1200160W001,2281336,2017-10-18T16:00:00Z,257.41,257.41,50.7,120,188.11,69.3,69.3,NA,Unknown,Water level accuracy to nearest tenth of a foot,1,Department of Water Resources,NA,624,Bureau of Reclamation
32570,368196N1200160W001,2256529,2017-03-09T11:40:00Z,257.41,257.41,33,123,167.41,90,90,NA,Unknown,Water level accuracy to nearest tenth of a foot,1,Department of Water Resources,NA,624,Bureau of Reclamation
32570,368196N1200160W001,2233766,2016-10-14T08:15:00Z,257.41,257.41,49.6,123,184.01,73.4,73.4,NA,Unknown,Water level accuracy to nearest tenth of a foot,1,Department of Water Resources,NA,624,Bureau of Reclamation
32570,368196N1200160W001,2197826,2016-03-15T08:00:00Z,257.41,257.41,42,115,184.41,73,73,NA,Unknown,Water level accuracy to nearest tenth of a foot,1,Department of Water Resources,NA,624,Bureau of Reclamation
32570,368196N1200160W001,2176179,2015-10-15T09:00:00Z,257.41,257.41,2.5,75,184.91,72.5,72.5,NA,Unknown,Water level accuracy to nearest tenth of a foot,1,Department of Water Resources,NA,624,Bureau of Reclamation
32570,368196N1200160W001,2142927,2015-03-11T09:30:00Z,257.41,257.41,7.3,90,174.71,82.7,82.7,NA,Unknown,Water level accuracy to nearest tenth of a foot,1,Department of Water Resources,NA,624,Bureau of Reclamation
32570,368196N1200160W001,1989251,2014-02-10T11:45:00Z,257.41,257.41,1.3,80,178.71,78.7,78.7,NA,Unknown,Water level accuracy to nearest tenth of a foot,1,Department of Water Resources,NA,624,Bureau of Reclamation
32570,368196N1200160W001,1143843,2010-09-27T00:00:00Z,257.41,257.41,NA,NA,NA,NA,NA,Tape hung up,NA,NA,1,Department of Water Resources,NA,624,Bureau of Reclamation
32570,368196N1200160W001,1143842,2010-01-20T00:00:00Z,257.41,257.41,0,67.8,189.61,67.8,67.8,NA,Unknown,Water level accuracy is unknown,1,Department of Water Resources,NA,624,Bureau of Reclamation
32570,368196N1200160W001,1143841,2009-02-10T00:00:00Z,257.41,257.41,0,60,197.41,60,60,NA,Unknown,Water level accuracy is unknown,1,Department of Water Resources,NA,624,Bureau of Reclamation
32570,368196N1200160W001,1143838,2008-02-11T00:00:00Z,257.41,257.41,0,63.9,193.51,63.9,63.9,NA,Unknown,Water level accuracy is unknown,1,Department of Water Resources,NA,624,Bureau of Reclamation
32570,368196N1200160W001,1143839,2007-10-15T00:00:00Z,257.41,257.41,0,63.1,194.31,63.1,63.1,NA,Unknown,Water level accuracy is unknown,1,Department of Water Resources,OIL,624,Bureau of Reclamation
32570,368196N1200160W001,1143837,2007-01-29T00:00:00Z,257.41,257.41,0,56,201.41,56,56,Oil or foreign substance in casing,Unknown,Water level accuracy is unknown,1,Department of Water Resources,NA,624,Bureau of Reclamation
32570,368196N1200160W001,1143840,2006-10-11T00:00:00Z,257.41,257.41,0,68.8,188.61,68.8,68.8,NA,Unknown,Water level accuracy is unknown,1,Department of Water Resources,NA,624,Bureau of Reclamation
32570,368196N1200160W001,1143836,2005-01-31T00:00:00Z,257.41,257.41,NA,NA,NA,NA,NA,Special/Other,NA,NA,1,Department of Water Resources,NA,624,Bureau of Reclamation
32570,368196N1200160W001,1143834,2004-02-03T00:00:00Z,257.41,257.41,0,49.5,207.91,49.5,49.5,NA,Unknown,Water level accuracy is unknown,1,Department of Water Resources,NA,624,Bureau of Reclamation
32570,368196N1200160W001,1143835,2003-09-17T00:00:00Z,257.41,257.41,NA,NA,NA,NA,NA,Temporarily inaccessible,NA,NA,1,Department of Water Resources,NA,624,Bureau of Reclamation
32570,368196N1200160W001,1143831,2003-01-15T00:00:00Z,257.41,257.41,0,47.3,210.11,47.3,47.3,NA,Unknown,Water level accuracy is unknown,1,Department of Water Resources,NA,624,Bureau of Reclamation
32570,368196N1200160W001,1143833,2002-09-25T00:00:00Z,257.41,257.41,0,46.7,210.71,46.7,46.7,NA,Unknown,Water level accuracy is unknown,1,Department of Water Resources,NA,624,Bureau of Reclamation
32570,368196N1200160W001,1143832,2002-01-17T00:00:00Z,257.41,257.41,NA,NA,NA,NA,NA,Tape hung up,NA,NA,1,Department of Water Resources,NA,624,Bureau of Reclamation
32570,368196N1200160W001,1143830,2001-01-24T00:00:00Z,257.41,257.41,0,46,211.41,46,46,Oil or foreign substance in casing,Unknown,Water level accuracy is unknown,1,Department of Water Resources,NA,624,Bureau of Reclamation
32570,368196N1200160W001,1143829,2000-02-08T00:00:00Z,257.41,257.41,0,45.2,212.21,45.2,45.2,NA,Unknown,Water level accuracy is unknown,1,Department of Water Resources,NA,624,Bureau of Reclamation
32570,368196N1200160W001,1143828,1999-10-25T00:00:00Z,257.41,257.41,0,41.1,216.31,41.1,41.1,NA,Unknown,Water level accuracy is unknown,1,Department of Water Resources,NA,624,Bureau of Reclamation
32570,368196N1200160W001,1143827,1999-01-20T00:00:00Z,257.41,257.41,0,43.1,214.31,43.1,43.1,NA,Unknown,Water level accuracy is unknown,1,Department of Water Resources,NA,624,Bureau of Reclamation
32570,368196N1200160W001,1143826,1998-10-15T00:00:00Z,257.41,257.41,0,42.7,214.71,42.7,42.7,NA,Unknown,Water level accuracy is unknown,1,Department of Water Resources,NA,624,Bureau of Reclamation
32570,368196N1200160W001,1143825,1998-01-26T00:00:00Z,257.41,257.41,0,38.2,219.21,38.2,38.2,NA,Unknown,Water level accuracy is unknown,1,Department of Water Resources,NA,624,Bureau of Reclamation
32570,368196N1200160W001,1143824,1997-10-07T00:00:00Z,257.41,257.41,0,46.5,210.91,46.5,46.5,NA,Unknown,Water level accuracy is unknown,1,Department of Water Resources,NA,624,Bureau of Reclamation
32570,368196N1200160W001,1143823,1997-02-12T00:00:00Z,257.41,257.41,0,35,222.41,35,35,NA,Unknown,Water level accuracy is unknown,1,Department of Water Resources,NA,624,Bureau of Reclamation
32570,368196N1200160W001,1143822,1996-10-04T00:00:00Z,257.41,257.41,0,49.5,207.91,49.5,49.5,NA,Unknown,Water level accuracy is unknown,1,Department of Water Resources,NA,624,Bureau of Reclamation
32570,368196N1200160W001,1143821,1996-01-17T00:00:00Z,257.41,257.41,0,47.3,210.11,47.3,47.3,NA,Unknown,Water level accuracy is unknown,1,Department of Water Resources,NA,624,Bureau of Reclamation
32570,368196N1200160W001,1143820,1995-10-05T00:00:00Z,257.41,257.41,0,52,205.41,52,52,NA,Unknown,Water level accuracy is unknown,1,Department of Water Resources,NA,624,Bureau of Reclamation
32570,368196N1200160W001,1143819,1995-01-26T00:00:00Z,257.41,257.41,0,49.5,207.91,49.5,49.5,NA,Unknown,Water level accuracy is unknown,1,Department of Water Resources,NA,624,Bureau of Reclamation
32570,368196N1200160W001,1143818,1994-10-05T00:00:00Z,257.41,257.41,0,51.8,205.61,51.8,51.8,NA,Unknown,Water level accuracy is unknown,1,Department of Water Resources,NA,624,Bureau of Reclamation
32570,368196N1200160W001,1143817,1994-01-26T00:00:00Z,257.41,257.41,0,44,213.41,44,44,NA,Unknown,Water level accuracy is unknown,1,Department of Water Resources,NA,624,Bureau of Reclamation
32570,368196N1200160W001,1143816,1993-10-06T00:00:00Z,257.41,257.41,0,51.5,205.91,51.5,51.5,NA,Unknown,Water level accuracy is unknown,1,Department of Water Resources,NA,624,Bureau of Reclamation
32570,368196N1200160W001,1143815,1993-01-27T00:00:00Z,257.41,257.41,0,52,205.41,52,52,NA,Unknown,Water level accuracy is unknown,1,Department of Water Resources,NA,624,Bureau of Reclamation
32570,368196N1200160W001,1143814,1992-10-08T00:00:00Z,257.41,257.41,0,55.7,201.71,55.7,55.7,NA,Unknown,Water level accuracy is unknown,1,Department of Water Resources,NA,624,Bureau of Reclamation
32570,368196N1200160W001,1143813,1992-01-30T00:00:00Z,257.41,257.41,0,52,205.41,52,52,NA,Unknown,Water level accuracy is unknown,1,Department of Water Resources,NA,624,Bureau of Reclamation
32570,368196N1200160W001,1143812,1991-10-07T00:00:00Z,257.41,257.41,0,51.2,206.21,51.2,51.2,NA,Unknown,Water level accuracy is unknown,1,Department of Water Resources,NA,624,Bureau of Reclamation
32570,368196N1200160W001,1143811,1991-01-29T00:00:00Z,257.41,257.41,0,53.5,203.91,53.5,53.5,NA,Unknown,Water level accuracy is unknown,1,Department of Water Resources,NA,624,Bureau of Reclamation
32570,368196N1200160W001,1143810,1990-10-03T00:00:00Z,257.41,257.41,0,51,206.41,51,51,NA,Unknown,Water level accuracy is unknown,1,Department of Water Resources,NA,624,Bureau of Reclamation
32570,368196N1200160W001,1143809,1990-01-29T00:00:00Z,257.41,257.41,0,39,218.41,39,39,NA,Unknown,Water level accuracy is unknown,1,Department of Water Resources,NA,624,Bureau of Reclamation
32570,368196N1200160W001,1143808,1989-10-05T00:00:00Z,257.41,257.41,0,48,209.41,48,48,NA,Unknown,Water level accuracy is unknown,1,Department of Water Resources,NA,624,Bureau of Reclamation
32570,368196N1200160W001,1143807,1989-01-30T00:00:00Z,257.41,257.41,0,56.5,200.91,56.5,56.5,NA,Unknown,Water level accuracy is unknown,1,Department of Water Resources,NA,624,Bureau of Reclamation
32570,368196N1200160W001,1143806,1988-10-05T00:00:00Z,257.41,257.41,0,23.8,233.61,23.8,23.8,NA,Unknown,Water level accuracy is unknown,1,Department of Water Resources,NA,624,Bureau of Reclamation
32570,368196N1200160W001,1143805,1988-02-02T00:00:00Z,257.41,257.41,0,45.2,212.21,45.2,45.2,NA,Unknown,Water level accuracy is unknown,1,Department of Water Resources,NA,624,Bureau of Reclamation
32570,368196N1200160W001,1143804,1987-10-06T00:00:00Z,257.41,257.41,0,21.1,236.31,21.1,21.1,NA,Unknown,Water level accuracy is unknown,1,Department of Water Resources,NA,624,Bureau of Reclamation
32570,368196N1200160W001,1143803,1987-01-28T00:00:00Z,257.41,257.41,0,44.2,213.21,44.2,44.2,NA,Unknown,Water level accuracy is unknown,1,Department of Water Resources,NA,624,Bureau of Reclamation
32570,368196N1200160W001,1143802,1986-10-11T00:00:00Z,257.41,257.41,0,22,235.41,22,22,NA,Unknown,Water level accuracy is unknown,1,Department of Water Resources,NA,624,Bureau of Reclamation
32570,368196N1200160W001,1143801,1986-02-07T00:00:00Z,257.41,257.41,0,41.9,215.51,41.9,41.9,NA,Unknown,Water level accuracy is unknown,1,Department of Water Resources,NA,624,Bureau of Reclamation
32570,368196N1200160W001,1143800,1985-10-03T00:00:00Z,257.41,257.41,0,45.2,212.21,45.2,45.2,NA,Unknown,Water level accuracy is unknown,1,Department of Water Resources,NA,624,Bureau of Reclamation
32570,368196N1200160W001,1143799,1985-02-07T00:00:00Z,257.41,257.41,0,42.9,214.51,42.9,42.9,NA,Unknown,Water level accuracy is unknown,1,Department of Water Resources,NA,624,Bureau of Reclamation
32570,368196N1200160W001,1143798,1984-10-06T00:00:00Z,257.41,257.41,0,44.1,213.31,44.1,44.1,NA,Unknown,Water level accuracy is unknown,1,Department of Water Resources,NA,624,Bureau of Reclamation
32570,368196N1200160W001,1143797,1984-01-27T00:00:00Z,257.41,257.41,0,38,219.41,38,38,NA,Unknown,Water level accuracy is unknown,1,Department of Water Resources,NA,624,Bureau of Reclamation
32570,368196N1200160W001,1143796,1983-09-27T00:00:00Z,257.41,257.41,NA,NA,NA,NA,NA,Can't get tape in casing,NA,NA,1,Department of Water Resources,NA,624,Bureau of Reclamation
32570,368196N1200160W001,1143795,1983-02-09T00:00:00Z,257.41,257.41,0,49.6,207.81,49.6,49.6,NA,Unknown,Water level accuracy is unknown,1,Department of Water Resources,NA,624,Bureau of Reclamation
32570,368196N1200160W001,1143794,1982-10-07T00:00:00Z,257.41,257.41,0,53.9,203.51,53.9,53.9,NA,Unknown,Water level accuracy is unknown,1,Department of Water Resources,NA,624,Bureau of Reclamation
32570,368196N1200160W001,1143793,1982-01-18T00:00:00Z,257.41,257.41,0,56,201.41,56,56,NA,Unknown,Water level accuracy is unknown,1,Department of Water Resources,NA,624,Bureau of Reclamation
32570,368196N1200160W001,1143792,1981-09-11T00:00:00Z,257.41,257.41,0,55.3,202.11,55.3,55.3,NA,Unknown,Water level accuracy is unknown,1,Department of Water Resources,NA,624,Bureau of Reclamation
32570,368196N1200160W001,1143791,1981-01-27T00:00:00Z,257.41,257.41,0,53.8,203.61,53.8,53.8,NA,Unknown,Water level accuracy is unknown,1,Department of Water Resources,NA,624,Bureau of Reclamation
32570,368196N1200160W001,1143790,1980-09-27T00:00:00Z,257.41,257.41,0,51.7,205.71,51.7,51.7,NA,Unknown,Water level accuracy is unknown,1,Department of Water Resources,NA,624,Bureau of Reclamation
32570,368196N1200160W001,1143789,1980-01-28T00:00:00Z,257.41,257.41,0,51.8,205.61,51.8,51.8,NA,Unknown,Water level accuracy is unknown,1,Department of Water Resources,NA,624,Bureau of Reclamation
32570,368196N1200160W001,1143788,1979-09-21T00:00:00Z,257.41,257.41,0,53.4,204.01,53.4,53.4,NA,Unknown,Water level accuracy is unknown,1,Department of Water Resources,NA,624,Bureau of Reclamation
32570,368196N1200160W001,1143787,1979-01-25T00:00:00Z,257.41,257.41,0,56,201.41,56,56,NA,Unknown,Water level accuracy is unknown,1,Department of Water Resources,NA,624,Bureau of Reclamation
32570,368196N1200160W001,1143786,1978-09-29T00:00:00Z,257.41,257.41,0,52.8,204.61,52.8,52.8,NA,Unknown,Water level accuracy is unknown,1,Department of Water Resources,NA,624,Bureau of Reclamation
32570,368196N1200160W001,1143785,1978-01-23T00:00:00Z,257.41,257.41,0,58,199.41,58,58,NA,Unknown,Water level accuracy is unknown,1,Department of Water Resources,NA,624,Bureau of Reclamation
32570,368196N1200160W001,1143784,1977-10-05T00:00:00Z,257.41,257.41,0,61.2,196.21,61.2,61.2,NA,Unknown,Water level accuracy is unknown,1,Department of Water Resources,NA,624,Bureau of Reclamation
32570,368196N1200160W001,1143783,1977-08-10T00:00:00Z,257.41,257.41,0,59.5,197.91,59.5,59.5,NA,Unknown,Water level accuracy is unknown,1,Department of Water Resources,NA,624,Bureau of Reclamation
32570,368196N1200160W001,1143782,1977-06-08T00:00:00Z,257.41,257.41,0,64,193.41,64,64,NA,Unknown,Water level accuracy is unknown,1,Department of Water Resources,NA,624,Bureau of Reclamation
32570,368196N1200160W001,1143781,1977-01-25T00:00:00Z,257.41,257.41,0,54.6,202.81,54.6,54.6,NA,Unknown,Water level accuracy is unknown,1,Department of Water Resources,NA,624,Bureau of Reclamation
32570,368196N1200160W001,1143780,1976-10-12T00:00:00Z,257.41,257.41,0,54.4,203.01,54.4,54.4,NA,Unknown,Water level accuracy is unknown,1,Department of Water Resources,NA,624,Bureau of Reclamation
32570,368196N1200160W001,1143779,1976-07-21T00:00:00Z,257.41,257.41,0,55.1,202.31,55.1,55.1,NA,Unknown,Water level accuracy is unknown,1,Department of Water Resources,NA,624,Bureau of Reclamation
32570,368196N1200160W001,1143778,1976-01-22T00:00:00Z,257.41,257.41,0,54.1,203.31,54.1,54.1,NA,Unknown,Water level accuracy is unknown,1,Department of Water Resources,NA,624,Bureau of Reclamation
32570,368196N1200160W001,1143777,1975-09-30T00:00:00Z,257.41,257.41,0,49.1,208.31,49.1,49.1,NA,Unknown,Water level accuracy is unknown,1,Department of Water Resources,NA,624,Bureau of Reclamation
32570,368196N1200160W001,1143776,1975-01-24T00:00:00Z,257.41,257.41,0,51.7,205.71,51.7,51.7,NA,Unknown,Water level accuracy is unknown,1,Department of Water Resources,NA,624,Bureau of Reclamation
32570,368196N1200160W001,1143775,1974-10-10T00:00:00Z,257.41,257.41,0,54,203.41,54,54,NA,Unknown,Water level accuracy is unknown,1,Department of Water Resources,NA,624,Bureau of Reclamation
32570,368196N1200160W001,1143774,1974-02-05T00:00:00Z,257.41,257.41,0,49.7,207.71,49.7,49.7,NA,Unknown,Water level accuracy is unknown,1,Department of Water Resources,NA,624,Bureau of Reclamation
32570,368196N1200160W001,1143773,1973-10-17T00:00:00Z,257.41,257.41,0,47.8,209.61,47.8,47.8,NA,Unknown,Water level accuracy is unknown,1,Department of Water Resources,NA,624,Bureau of Reclamation
32570,368196N1200160W001,1143772,1973-02-08T00:00:00Z,257.41,257.41,0,52.5,204.91,52.5,52.5,NA,Unknown,Water level accuracy is unknown,1,Department of Water Resources,NA,624,Bureau of Reclamation
32570,368196N1200160W001,1143771,1972-10-10T00:00:00Z,257.41,257.41,0,56.9,200.51,56.9,56.9,NA,Unknown,Water level accuracy is unknown,1,Department of Water Resources,NA,624,Bureau of Reclamation
32570,368196N1200160W001,1143770,1972-02-04T00:00:00Z,257.41,257.41,0,50.6,206.81,50.6,50.6,NA,Unknown,Water level accuracy is unknown,1,Department of Water Resources,NA,624,Bureau of Reclamation
32570,368196N1200160W001,1143769,1971-10-04T00:00:00Z,257.41,257.41,0,52.7,204.71,52.7,52.7,NA,Unknown,Water level accuracy is unknown,1,Department of Water Resources,NA,624,Bureau of Reclamation
32570,368196N1200160W001,1143768,1971-02-05T00:00:00Z,257.41,257.41,0,51,206.41,51,51,NA,Unknown,Water level accuracy is unknown,1,Department of Water Resources,NA,624,Bureau of Reclamation
32570,368196N1200160W001,1143767,1970-09-30T00:00:00Z,257.41,257.41,0,49.3,208.11,49.3,49.3,NA,Unknown,Water level accuracy is unknown,1,Department of Water Resources,NA,624,Bureau of Reclamation
32570,368196N1200160W001,1143766,1970-02-11T00:00:00Z,257.41,257.41,0,47.3,210.11,47.3,47.3,NA,Unknown,Water level accuracy is unknown,1,Department of Water Resources,NA,624,Bureau of Reclamation
32570,368196N1200160W001,1143765,1969-10-02T00:00:00Z,257.41,257.41,0,46.9,210.51,46.9,46.9,NA,Unknown,Water level accuracy is unknown,1,Department of Water Resources,NA,624,Bureau of Reclamation
32570,368196N1200160W001,1143764,1969-02-12T00:00:00Z,257.41,257.41,0,48.8,208.61,48.8,48.8,NA,Unknown,Water level accuracy is unknown,1,Department of Water Resources,NA,624,Bureau of Reclamation
32570,368196N1200160W001,1143763,1968-02-06T00:00:00Z,257.41,257.41,0,50,207.41,50,50,NA,Unknown,Water level accuracy is unknown,1,Department of Water Resources,NA,624,Bureau of Reclamation
32570,368196N1200160W001,1143762,1967-02-07T00:00:00Z,257.41,257.41,0,51.9,205.51,51.9,51.9,NA,Unknown,Water level accuracy is unknown,1,Department of Water Resources,NA,624,Bureau of Reclamation
32570,368196N1200160W001,1143761,1966-02-08T00:00:00Z,257.41,257.41,0,55.6,201.81,55.6,55.6,NA,Unknown,Water level accuracy is unknown,1,Department of Water Resources,NA,624,Bureau of Reclamation
32570,368196N1200160W001,1143760,1965-02-09T00:00:00Z,257.41,257.41,0,56.5,200.91,56.5,56.5,NA,Unknown,Water level accuracy is unknown,1,Department of Water Resources,NA,624,Bureau of Reclamation
32570,368196N1200160W001,1143759,1964-10-07T00:00:00Z,257.41,257.41,0,53.8,203.61,53.8,53.8,NA,Unknown,Water level accuracy is unknown,1,Department of Water Resources,NA,624,Bureau of Reclamation
32570,368196N1200160W001,1143758,1964-02-12T00:00:00Z,257.41,257.41,0,53,204.41,53,53,NA,Unknown,Water level accuracy is unknown,1,Department of Water Resources,NA,624,Bureau of Reclamation
32570,368196N1200160W001,1143757,1963-02-20T00:00:00Z,257.41,257.41,0,54,203.41,54,54,NA,Unknown,Water level accuracy is unknown,1,Department of Water Resources,NA,624,Bureau of Reclamation
32570,368196N1200160W001,1143756,1962-10-22T00:00:00Z,257.41,257.41,0,55,202.41,55,55,NA,Unknown,Water level accuracy is unknown,1,Department of Water Resources,NA,624,Bureau of Reclamation
32570,368196N1200160W001,1143755,1962-03-12T00:00:00Z,257.41,257.41,0,55,202.41,55,55,NA,Unknown,Water level accuracy is unknown,1,Department of Water Resources,NA,624,Bureau of Reclamation
32570,368196N1200160W001,1143754,1961-10-17T00:00:00Z,257.41,257.41,0,55.6,201.81,55.6,55.6,NA,Unknown,Water level accuracy is unknown,1,Department of Water Resources,NA,624,Bureau of Reclamation
32570,368196N1200160W001,1143753,1961-02-21T00:00:00Z,257.41,257.41,0,52.8,204.61,52.8,52.8,NA,Unknown,Water level accuracy is unknown,1,Department of Water Resources,NA,624,Bureau of Reclamation
32570,368196N1200160W001,1143752,1960-10-19T00:00:00Z,257.41,257.41,0,55.1,202.31,55.1,55.1,NA,Unknown,Water level accuracy is unknown,1,Department of Water Resources,NA,624,Bureau of Reclamation
32570,368196N1200160W001,1143751,1960-03-01T00:00:00Z,257.41,257.41,0,51.4,206.01,51.4,51.4,NA,Unknown,Water level accuracy is unknown,1,Department of Water Resources,NA,624,Bureau of Reclamation
32570,368196N1200160W001,1143750,1959-10-08T00:00:00Z,257.41,257.41,0,56.4,201.01,56.4,56.4,NA,Unknown,Water level accuracy is unknown,1,Department of Water Resources,NA,624,Bureau of Reclamation
32570,368196N1200160W001,1143749,1959-03-05T00:00:00Z,257.41,257.41,0,49.3,208.11,49.3,49.3,NA,Unknown,Water level accuracy is unknown,1,Department of Water Resources,NA,1,Department of Water Resources
32570,368196N1200160W001,1143748,1958-10-14T00:00:00Z,257.41,257.41,0,48.2,209.21,48.2,48.2,NA,Unknown,Water level accuracy is unknown,1,Department of Water Resources,NA,1,Department of Water Resources
32570,368196N1200160W001,1143747,1958-02-27T00:00:00Z,257.41,257.41,0,47.5,209.91,47.5,47.5,NA,Unknown,Water level accuracy is unknown,1,Department of Water Resources,NA,1,Department of Water Resources
32570,368196N1200160W001,1143746,1957-10-14T00:00:00Z,257.41,257.41,0,47.9,209.51,47.9,47.9,NA,Unknown,Water level accuracy is unknown,1,Department of Water Resources,NA,624,Bureau of Reclamation
32570,368196N1200160W001,1143745,1957-02-26T00:00:00Z,257.41,257.41,0,48,209.41,48,48,NA,Unknown,Water level accuracy is unknown,1,Department of Water Resources,NA,624,Bureau of Reclamation
32570,368196N1200160W001,1143744,1956-10-22T00:00:00Z,257.41,257.41,0,45.6,211.81,45.6,45.6,NA,Unknown,Water level accuracy is unknown,1,Department of Water Resources,NA,624,Bureau of Reclamation
32570,368196N1200160W001,1143743,1956-02-20T00:00:00Z,257.41,257.41,0,45,212.41,45,45,NA,Unknown,Water level accuracy is unknown,1,Department of Water Resources,NA,624,Bureau of Reclamation
32570,368196N1200160W001,1143742,1955-09-27T00:00:00Z,257.41,257.41,0,49.7,207.71,49.7,49.7,NA,Unknown,Water level accuracy is unknown,1,Department of Water Resources,NA,624,Bureau of Reclamation
32570,368196N1200160W001,1143741,1955-01-26T00:00:00Z,257.41,257.41,0,47.8,209.61,47.8,47.8,NA,Unknown,Water level accuracy is unknown,1,Department of Water Resources,NA,624,Bureau of Reclamation
32570,368196N1200160W001,1143740,1954-10-07T00:00:00Z,257.41,257.41,0,47.8,209.61,47.8,47.8,NA,Unknown,Water level accuracy is unknown,1,Department of Water Resources,NA,624,Bureau of Reclamation
32570,368196N1200160W001,1143739,1954-01-14T00:00:00Z,257.41,257.41,0,49.4,208.01,49.4,49.4,NA,Unknown,Water level accuracy is unknown,1,Department of Water Resources,NA,624,Bureau of Reclamation
32570,368196N1200160W001,1143738,1953-09-28T00:00:00Z,257.41,257.41,0,46.7,210.71,46.7,46.7,NA,Unknown,Water level accuracy is unknown,1,Department of Water Resources,NA,624,Bureau of Reclamation
32570,368196N1200160W001,1143737,1953-01-16T00:00:00Z,257.41,257.41,0,47.6,209.81,47.6,47.6,NA,Unknown,Water level accuracy is unknown,1,Department of Water Resources,NA,624,Bureau of Reclamation
32570,368196N1200160W001,1143736,1952-10-08T00:00:00Z,257.41,257.41,0,47,210.41,47,47,NA,Unknown,Water level accuracy is unknown,1,Department of Water Resources,NA,624,Bureau of Reclamation
32570,368196N1200160W001,1143735,1952-03-03T00:00:00Z,257.41,257.41,0,44.6,212.81,44.6,44.6,NA,Unknown,Water level accuracy is unknown,1,Department of Water Resources,NA,624,Bureau of Reclamation
32570,368196N1200160W001,1143734,1951-10-12T00:00:00Z,257.41,257.41,0,46.9,210.51,46.9,46.9,NA,Unknown,Water level accuracy is unknown,1,Department of Water Resources,NA,624,Bureau of Reclamation
32570,368196N1200160W001,1143733,1951-03-19T00:00:00Z,257.41,257.41,0,43.6,213.81,43.6,43.6,NA,Unknown,Water level accuracy is unknown,1,Department of Water Resources,NA,624,Bureau of Reclamation
32570,368196N1200160W001,1143732,1950-10-26T00:00:00Z,257.41,257.41,0,49.1,208.31,49.1,49.1,NA,Unknown,Water level accuracy is unknown,1,Department of Water Resources,NA,624,Bureau of Reclamation
32570,368196N1200160W001,1143731,1950-03-15T00:00:00Z,257.41,257.41,0,48,209.41,48,48,NA,Unknown,Water level accuracy is unknown,1,Department of Water Resources,NA,624,Bureau of Reclamation
32570,368196N1200160W001,1143730,1949-12-06T00:00:00Z,257.41,257.41,0,46.9,210.51,46.9,46.9,NA,Unknown,Water level accuracy is unknown,1,Department of Water Resources,NA,624,Bureau of Reclamation
32570,368196N1200160W001,1143729,1949-03-22T00:00:00Z,257.41,257.41,0,49.4,208.01,49.4,49.4,NA,Unknown,Water level accuracy is unknown,1,Department of Water Resources,NA,624,Bureau of Reclamation
32570,368196N1200160W001,1143728,1948-12-20T00:00:00Z,257.41,257.41,0,49.1,208.31,49.1,49.1,NA,Unknown,Water level accuracy is unknown,1,Department of Water Resources,NA,624,Bureau of Reclamation
32570,368196N1200160W001,1143727,1948-03-15T00:00:00Z,257.41,257.41,0,45.7,211.71,45.7,45.7,NA,Unknown,Water level accuracy is unknown,1,Department of Water Resources,NA,624,Bureau of Reclamation
32570,368196N1200160W001,1143726,1947-12-15T00:00:00Z,257.41,257.41,0,46.5,210.91,46.5,46.5,NA,Unknown,Water level accuracy is unknown,1,Department of Water Resources,NA,624,Bureau of Reclamation
32570,368196N1200160W001,1143725,1947-03-17T00:00:00Z,257.41,257.41,0,42.6,214.81,42.6,42.6,NA,Unknown,Water level accuracy is unknown,1,Department of Water Resources,NA,624,Bureau of Reclamation
32570,368196N1200160W001,1143724,1946-12-17T00:00:00Z,257.41,257.41,0,42.2,215.21,42.2,42.2,NA,Unknown,Water level accuracy is unknown,1,Department of Water Resources,NA,624,Bureau of Reclamation
32570,368196N1200160W001,1143723,1946-02-27T00:00:00Z,257.41,257.41,0,40,217.41,40,40,NA,Unknown,Water level accuracy is unknown,1,Department of Water Resources,NA,624,Bureau of Reclamation
32570,368196N1200160W001,1143722,1945-10-18T00:00:00Z,257.41,257.41,0,40.4,217.01,40.4,40.4,NA,Unknown,Water level accuracy is unknown,1,Department of Water Resources,NA,624,Bureau of Reclamation
32570,368196N1200160W001,1143721,1945-06-13T00:00:00Z,257.41,257.41,0,38.4,219.01,38.4,38.4,NA,Unknown,Water level accuracy is unknown,1,Department of Water Resources,NA,624,Bureau of Reclamation
32570,368196N1200160W001,1143720,1944-12-15T00:00:00Z,257.41,257.41,0,42.1,215.31,42.1,42.1,NA,Unknown,Water level accuracy is unknown,1,Department of Water Resources,NA,624,Bureau of Reclamation
32570,368196N1200160W001,1143719,1944-09-08T00:00:00Z,257.41,257.41,0,40.3,217.11,40.3,40.3,NA,Unknown,Water level accuracy is unknown,1,Department of Water Resources,NA,624,Bureau of Reclamation
32570,368196N1200160W001,1143718,1943-12-14T00:00:00Z,257.41,257.41,0,41.7,215.71,41.7,41.7,NA,Unknown,Water level accuracy is unknown,1,Department of Water Resources,NA,624,Bureau of Reclamation
32570,368196N1200160W001,1143717,1943-06-17T00:00:00Z,257.41,257.41,0,37.3,220.11,37.3,37.3,NA,Unknown,Water level accuracy is unknown,1,Department of Water Resources,NA,624,Bureau of Reclamation
32570,368196N1200160W001,1143716,1942-12-11T00:00:00Z,257.41,257.41,0,40.1,217.31,40.1,40.1,NA,Unknown,Water level accuracy is unknown,1,Department of Water Resources,NA,624,Bureau of Reclamation
32570,368196N1200160W001,1143715,1942-06-25T00:00:00Z,257.41,257.41,0,36.2,221.21,36.2,36.2,NA,Unknown,Water level accuracy is unknown,1,Department of Water Resources,NA,624,Bureau of Reclamation
32570,368196N1200160W001,1143714,1941-12-16T00:00:00Z,257.41,257.41,0,35.4,222.01,35.4,35.4,NA,Unknown,Water level accuracy is unknown,1,Department of Water Resources,NA,624,Bureau of Reclamation
32570,368196N1200160W001,1143713,1940-11-27T00:00:00Z,257.41,257.41,0,42,215.41,42,42,NA,Unknown,Water level accuracy is unknown,1,Department of Water Resources,NA,624,Bureau of Reclamation
32570,368196N1200160W001,1143712,1940-05-03T00:00:00Z,257.41,257.41,0,39,218.41,39,39,NA,Unknown,Water level accuracy is unknown,1,Department of Water Resources,NA,624,Bureau of Reclamation
32570,368196N1200160W001,1143711,1939-09-21T00:00:00Z,257.41,257.41,0,42.4,215.01,42.4,42.4,NA,Unknown,Water level accuracy is unknown,1,Department of Water Resources,NA,624,Bureau of Reclamation
32570,368196N1200160W001,1143710,1939-01-05T00:00:00Z,257.41,257.41,0,40.3,217.11,40.3,40.3,NA,Unknown,Water level accuracy is unknown,1,Department of Water Resources,NA,624,Bureau of Reclamation
32570,368196N1200160W001,1143709,1938-11-12T00:00:00Z,257.41,257.41,0,40,217.41,40,40,NA,Unknown,Water level accuracy is unknown,1,Department of Water Resources,NA,624,Bureau of Reclamation
32570,368196N1200160W001,1143708,1938-08-02T00:00:00Z,257.41,257.41,0,36.3,221.11,36.3,36.3,NA,Unknown,Water level accuracy is unknown,1,Department of Water Resources,NA,624,Bureau of Reclamation
32570,368196N1200160W001,1143707,1937-12-07T00:00:00Z,257.41,257.41,0,42.7,214.71,42.7,42.7,NA,Unknown,Water level accuracy is unknown,1,Department of Water Resources,NA,624,Bureau of Reclamation
32570,368196N1200160W001,1143706,1937-10-04T00:00:00Z,257.41,257.41,0,41.4,216.01,41.4,41.4,NA,Unknown,Water level accuracy is unknown,1,Department of Water Resources,NA,624,Bureau of Reclamation
32570,368196N1200160W001,1143705,1937-06-18T00:00:00Z,257.41,257.41,0,42.2,215.21,42.2,42.2,NA,Unknown,Water level accuracy is unknown,1,Department of Water Resources,NA,624,Bureau of Reclamation
32570,368196N1200160W001,1143704,1937-01-19T00:00:00Z,257.41,257.41,0,44.2,213.21,44.2,44.2,NA,Unknown,Water level accuracy is unknown,1,Department of Water Resources,NA,624,Bureau of Reclamation
32570,368196N1200160W001,1143703,1936-12-23T00:00:00Z,257.41,257.41,0,42.3,215.11,42.3,42.3,NA,Unknown,Water level accuracy is unknown,1,Department of Water Resources,NA,624,Bureau of Reclamation
32570,368196N1200160W001,1143702,1936-05-18T00:00:00Z,257.41,257.41,0,38.6,218.81,38.6,38.6,NA,Unknown,Water level accuracy is unknown,1,Department of Water Resources,NA,624,Bureau of Reclamation
