STN_ID,SITE_CODE,WLM_ID,MSMT_DATE,WLM_RPE,WLM_GSE,RDNG_WS,RDNG_RP,WSE,RPE_WSE,GSE_WSE,WLM_QA_DESC,WLM_DESC,WLM_ACC_DESC,WLM_ORG_ID,WLM_ORG_NAME,MSMT_CMT,COOP_AGENCY_ORG_ID,COOP_ORG_NAME
32982,368943N1203285W001,2462623,2019-03-13T10:20:00Z,163.3,162.8,1,133,31.3,132,131.5,NA,Unknown,Water level accuracy to nearest tenth of a foot,1,Department of Water Resources,NA,1,Department of Water Resources
32982,368943N1203285W001,2431920,2018-10-18T00:00:00Z,163.3,162.8,NA,NA,NA,NA,NA,Well has been destroyed,NA,NA,1,Department of Water Resources,no MP remove?,1,Department of Water Resources
32982,368943N1203285W001,2256822,2017-03-10T11:00:00Z,163.3,162.8,79,161,81.3,82,81.5,NA,Unknown,Water level accuracy to nearest tenth of a foot,1,Department of Water Resources,tape hangs up,624,Bureau of Reclamation
32982,368943N1203285W001,2233633,2016-10-14T10:15:00Z,163.3,162.8,NA,NA,NA,NA,NA,Tape hung up,NA,NA,1,Department of Water Resources,NA,624,Bureau of Reclamation
32982,368943N1203285W001,2197628,2016-03-18T08:30:00Z,163.3,162.8,NA,NA,NA,NA,NA,Tape hung up,NA,NA,1,Department of Water Resources,NA,624,Bureau of Reclamation
32982,368943N1203285W001,2176290,2015-10-15T09:45:00Z,163.3,162.8,NA,NA,NA,NA,NA,Tape hung up,NA,NA,1,Department of Water Resources,NA,624,Bureau of Reclamation
32982,368943N1203285W001,2141507,2015-03-11T14:00:00Z,163.3,162.8,0,80,83.3,80,79.5,NA,Unknown,Water level accuracy to nearest tenth of a foot,1,Department of Water Resources,NA,624,Bureau of Reclamation
32982,368943N1203285W001,1989368,2014-02-27T08:45:00Z,163.3,162.8,NA,NA,NA,NA,NA,Special/Other,NA,NA,1,Department of Water Resources,dry,624,Bureau of Reclamation
32982,368943N1203285W001,1989776,2012-02-09T08:15:00Z,163.3,162.8,0,50,113.3,50,49.5,NA,Unknown,Water level accuracy to nearest tenth of a foot,1,Department of Water Resources,NA,624,Bureau of Reclamation
