STN_ID,SITE_CODE,WLM_ID,MSMT_DATE,WLM_RPE,WLM_GSE,RDNG_WS,RDNG_RP,WSE,RPE_WSE,GSE_WSE,WLM_QA_DESC,WLM_DESC,WLM_ACC_DESC,WLM_ORG_ID,WLM_ORG_NAME,MSMT_CMT,COOP_AGENCY_ORG_ID,COOP_ORG_NAME
32996,362308N1200674W001,909838,1968-12-20T00:00:00Z,332.93,330.93,0,243.3,89.63,243.3,241.3,NA,Unknown,Water level accuracy is unknown,1,Department of Water Resources,NA,1,Department of Water Resources
32996,362308N1200674W001,909837,1962-03-22T00:00:00Z,332.93,330.93,NA,NA,NA,NA,NA,Pumping,NA,NA,1,Department of Water Resources,NA,1,Department of Water Resources
32996,362308N1200674W001,909836,1960-10-14T00:00:00Z,332.93,330.93,0,317.3,15.63,317.3,315.3,NA,Unknown,Water level accuracy is unknown,1,Department of Water Resources,NA,1,Department of Water Resources
32996,362308N1200674W001,909835,1960-05-09T00:00:00Z,332.93,330.93,0,381.5,-48.57,381.5,379.5,NA,Unknown,Water level accuracy is unknown,1,Department of Water Resources,NA,5167,United States Geological Survey
