STN_ID,SITE_CODE,WLM_ID,MSMT_DATE,WLM_RPE,WLM_GSE,RDNG_WS,RDNG_RP,WSE,RPE_WSE,GSE_WSE,WLM_QA_DESC,WLM_DESC,WLM_ACC_DESC,WLM_ORG_ID,WLM_ORG_NAME,MSMT_CMT,COOP_AGENCY_ORG_ID,COOP_ORG_NAME
33652,369982N1209216W001,1262148,1969-10-07T00:00:00Z,240.51,239.11,0,36.4,204.11,36.4,35,NA,Unknown,Water level accuracy is unknown,1,Department of Water Resources,NA,1,Department of Water Resources
33652,369982N1209216W001,1262147,1969-03-19T00:00:00Z,240.51,239.11,0,31,209.51,31,29.6,NA,Unknown,Water level accuracy is unknown,1,Department of Water Resources,NA,1,Department of Water Resources
33652,369982N1209216W001,1262146,1968-10-09T00:00:00Z,240.51,239.11,0,38.7,201.81,38.7,37.3,NA,Unknown,Water level accuracy is unknown,1,Department of Water Resources,NA,1,Department of Water Resources
33652,369982N1209216W001,1262145,1968-03-18T00:00:00Z,240.51,239.11,0,37.8,202.71,37.8,36.4,NA,Unknown,Water level accuracy is unknown,1,Department of Water Resources,NA,1,Department of Water Resources
33652,369982N1209216W001,1262144,1967-10-09T00:00:00Z,240.51,239.11,0,33,207.51,33,31.6,NA,Unknown,Water level accuracy is unknown,1,Department of Water Resources,NA,1,Department of Water Resources
33652,369982N1209216W001,1262143,1967-03-22T00:00:00Z,240.51,239.11,0,36,204.51,36,34.6,NA,Unknown,Water level accuracy is unknown,1,Department of Water Resources,NA,1,Department of Water Resources
33652,369982N1209216W001,1262142,1966-10-19T00:00:00Z,240.51,239.11,0,34.7,205.81,34.7,33.3,NA,Unknown,Water level accuracy is unknown,1,Department of Water Resources,NA,1,Department of Water Resources
33652,369982N1209216W001,1262141,1966-03-11T00:00:00Z,240.51,239.11,0,35,205.51,35,33.6,NA,Unknown,Water level accuracy is unknown,1,Department of Water Resources,NA,1,Department of Water Resources
33652,369982N1209216W001,1262140,1965-10-15T00:00:00Z,240.51,239.11,NA,NA,NA,NA,NA,Pumping,NA,NA,1,Department of Water Resources,NA,1,Department of Water Resources
33652,369982N1209216W001,1262139,1965-03-09T00:00:00Z,240.51,239.11,0,32.5,208.01,32.5,31.1,NA,Unknown,Water level accuracy is unknown,1,Department of Water Resources,NA,1,Department of Water Resources
33652,369982N1209216W001,1262138,1964-10-09T00:00:00Z,240.51,239.11,0,36.2,204.31,36.2,34.8,NA,Unknown,Water level accuracy is unknown,1,Department of Water Resources,NA,1,Department of Water Resources
33652,369982N1209216W001,1262137,1963-10-10T00:00:00Z,240.51,239.11,0,37.9,202.61,37.9,36.5,NA,Unknown,Water level accuracy is unknown,1,Department of Water Resources,NA,1,Department of Water Resources
33652,369982N1209216W001,1262136,1963-02-26T00:00:00Z,240.51,239.11,0,38.2,202.31,38.2,36.8,NA,Unknown,Water level accuracy is unknown,1,Department of Water Resources,NA,1,Department of Water Resources
33652,369982N1209216W001,1262135,1962-10-10T00:00:00Z,240.51,239.11,0,36.2,204.31,36.2,34.8,NA,Unknown,Water level accuracy is unknown,1,Department of Water Resources,NA,1,Department of Water Resources
33652,369982N1209216W001,1262134,1962-03-20T00:00:00Z,240.51,239.11,0,37.5,203.01,37.5,36.1,NA,Unknown,Water level accuracy is unknown,1,Department of Water Resources,NA,624,Bureau of Reclamation
33652,369982N1209216W001,1262133,1961-10-19T00:00:00Z,240.51,239.11,0,42.2,198.31,42.2,40.8,NA,Unknown,Water level accuracy is unknown,1,Department of Water Resources,NA,624,Bureau of Reclamation
33652,369982N1209216W001,1262132,1961-03-10T00:00:00Z,240.51,239.11,0,39.8,200.71,39.8,38.4,Pumping,Unknown,Water level accuracy is unknown,1,Department of Water Resources,NA,624,Bureau of Reclamation
33652,369982N1209216W001,1262131,1960-10-18T00:00:00Z,240.51,239.11,0,37.5,203.01,37.5,36.1,NA,Unknown,Water level accuracy is unknown,1,Department of Water Resources,NA,624,Bureau of Reclamation
33652,369982N1209216W001,1262130,1960-10-01T00:00:00Z,240.51,239.11,0,37.5,203.01,37.5,36.1,NA,Unknown,Water level accuracy is unknown,1,Department of Water Resources,NA,624,Bureau of Reclamation
33652,369982N1209216W001,1262129,1960-03-03T00:00:00Z,240.51,239.11,0,35.1,205.41,35.1,33.7,NA,Unknown,Water level accuracy is unknown,1,Department of Water Resources,NA,624,Bureau of Reclamation
33652,369982N1209216W001,1262128,1959-10-01T00:00:00Z,240.51,239.11,0,37.5,203.01,37.5,36.1,NA,Unknown,Water level accuracy is unknown,1,Department of Water Resources,NA,624,Bureau of Reclamation
33652,369982N1209216W001,1262127,1959-03-18T00:00:00Z,240.51,239.11,0,33.5,207.01,33.5,32.1,NA,Unknown,Water level accuracy is unknown,1,Department of Water Resources,NA,624,Bureau of Reclamation
33652,369982N1209216W001,1262126,1958-09-25T00:00:00Z,240.51,239.11,0,35.5,205.01,35.5,34.1,NA,Unknown,Water level accuracy is unknown,1,Department of Water Resources,NA,624,Bureau of Reclamation
33652,369982N1209216W001,1262125,1958-04-16T00:00:00Z,240.51,239.11,0,32,208.51,32,30.6,NA,Unknown,Water level accuracy is unknown,1,Department of Water Resources,NA,624,Bureau of Reclamation
