STN_ID,SITE_CODE,WLM_ID,MSMT_DATE,WLM_RPE,WLM_GSE,RDNG_WS,RDNG_RP,WSE,RPE_WSE,GSE_WSE,WLM_QA_DESC,WLM_DESC,WLM_ACC_DESC,WLM_ORG_ID,WLM_ORG_NAME,MSMT_CMT,COOP_AGENCY_ORG_ID,COOP_ORG_NAME
33691,367691N1200968W001,1989242,2014-02-13T09:30:00Z,224.45,223.45,NA,NA,NA,NA,NA,Can't get tape in casing,NA,NA,1,Department of Water Resources,NA,624,Bureau of Reclamation
33691,367691N1200968W001,1141715,2011-02-17T00:00:00Z,224.45,223.45,0,69.5,154.95,69.5,68.5,NA,Unknown,Water level accuracy is unknown,1,Department of Water Resources,NA,624,Bureau of Reclamation
33691,367691N1200968W001,1141714,2010-09-27T00:00:00Z,224.45,223.45,0,73.1,151.35,73.1,72.1,NA,Unknown,Water level accuracy is unknown,1,Department of Water Resources,NA,624,Bureau of Reclamation
33691,367691N1200968W001,1141713,2010-01-21T00:00:00Z,224.45,223.45,0,67.2,157.25,67.2,66.2,Oil or foreign substance in casing,Unknown,Water level accuracy is unknown,1,Department of Water Resources,NA,624,Bureau of Reclamation
33691,367691N1200968W001,1141712,2009-02-11T00:00:00Z,224.45,223.45,0,65,159.45,65,64,Oil or foreign substance in casing,Unknown,Water level accuracy is unknown,1,Department of Water Resources,DOGS,624,Bureau of Reclamation
33691,367691N1200968W001,1141709,2008-02-21T00:00:00Z,224.45,223.45,NA,NA,NA,NA,NA,Temporarily inaccessible,NA,NA,1,Department of Water Resources,DOG,624,Bureau of Reclamation
33691,367691N1200968W001,1141710,2007-10-11T00:00:00Z,224.45,223.45,NA,NA,NA,NA,NA,Tape hung up,NA,NA,1,Department of Water Resources,NA,624,Bureau of Reclamation
33691,367691N1200968W001,1141708,2007-01-24T00:00:00Z,224.45,223.45,NA,NA,NA,NA,NA,Temporarily inaccessible,NA,NA,1,Department of Water Resources,DOGS,624,Bureau of Reclamation
33691,367691N1200968W001,1141711,2006-09-28T00:00:00Z,224.45,223.45,NA,NA,NA,NA,NA,Can't get tape in casing,NA,NA,1,Department of Water Resources,NA,624,Bureau of Reclamation
33691,367691N1200968W001,1141707,2006-02-07T00:00:00Z,224.45,223.45,NA,NA,NA,NA,NA,Tape hung up,NA,NA,1,Department of Water Resources,NA,624,Bureau of Reclamation
33691,367691N1200968W001,1141706,2005-02-11T00:00:00Z,224.45,223.45,0,50.7,173.75,50.7,49.7,NA,Unknown,Water level accuracy is unknown,1,Department of Water Resources,NA,624,Bureau of Reclamation
33691,367691N1200968W001,1141704,2004-01-28T00:00:00Z,224.45,223.45,0,80.8,143.65,80.8,79.8,NA,Unknown,Water level accuracy is unknown,1,Department of Water Resources,NA,624,Bureau of Reclamation
33691,367691N1200968W001,1141705,2003-09-17T00:00:00Z,224.45,223.45,NA,NA,NA,NA,NA,Can't get tape in casing,NA,NA,1,Department of Water Resources,NA,624,Bureau of Reclamation
33691,367691N1200968W001,1141701,2003-01-24T00:00:00Z,224.45,223.45,NA,NA,NA,NA,NA,Can't get tape in casing,NA,NA,1,Department of Water Resources,NA,624,Bureau of Reclamation
33691,367691N1200968W001,1141703,2002-09-19T00:00:00Z,224.45,223.45,NA,NA,NA,NA,NA,Can't get tape in casing,NA,NA,1,Department of Water Resources,NA,624,Bureau of Reclamation
33691,367691N1200968W001,1141702,2002-01-15T00:00:00Z,224.45,223.45,NA,NA,NA,NA,NA,Temporarily inaccessible,NA,NA,1,Department of Water Resources,NA,624,Bureau of Reclamation
33691,367691N1200968W001,1141700,2001-01-29T00:00:00Z,224.45,223.45,0,51.1,173.35,51.1,50.1,Oil or foreign substance in casing,Unknown,Water level accuracy is unknown,1,Department of Water Resources,NA,624,Bureau of Reclamation
33691,367691N1200968W001,1141699,2000-02-29T00:00:00Z,224.45,223.45,0,53.7,170.75,53.7,52.7,Oil or foreign substance in casing,Unknown,Water level accuracy is unknown,1,Department of Water Resources,NA,624,Bureau of Reclamation
33691,367691N1200968W001,1141698,1999-11-08T00:00:00Z,224.45,223.45,NA,NA,NA,NA,NA,Pumping,NA,NA,1,Department of Water Resources,NA,624,Bureau of Reclamation
33691,367691N1200968W001,1141697,1999-01-29T00:00:00Z,224.45,223.45,0,51.1,173.35,51.1,50.1,Oil or foreign substance in casing,Unknown,Water level accuracy is unknown,1,Department of Water Resources,NA,624,Bureau of Reclamation
33691,367691N1200968W001,1141696,1998-10-07T00:00:00Z,224.45,223.45,0,56.5,167.95,56.5,55.5,Oil or foreign substance in casing,Unknown,Water level accuracy is unknown,1,Department of Water Resources,NA,624,Bureau of Reclamation
33691,367691N1200968W001,1141695,1998-02-05T00:00:00Z,224.45,223.45,NA,NA,NA,NA,NA,Temporarily inaccessible,NA,NA,1,Department of Water Resources,NA,624,Bureau of Reclamation
33691,367691N1200968W001,1141694,1997-10-15T00:00:00Z,224.45,223.45,0,59.3,165.15,59.3,58.3,Oil or foreign substance in casing,Unknown,Water level accuracy is unknown,1,Department of Water Resources,NA,624,Bureau of Reclamation
33691,367691N1200968W001,1141693,1997-02-27T00:00:00Z,224.45,223.45,0,60.3,164.15,60.3,59.3,Oil or foreign substance in casing,Unknown,Water level accuracy is unknown,1,Department of Water Resources,NA,624,Bureau of Reclamation
33691,367691N1200968W001,1141692,1996-10-09T00:00:00Z,224.45,223.45,0,58.8,165.65,58.8,57.8,Oil or foreign substance in casing,Unknown,Water level accuracy is unknown,1,Department of Water Resources,NA,624,Bureau of Reclamation
33691,367691N1200968W001,1141691,1996-01-18T00:00:00Z,224.45,223.45,NA,NA,NA,NA,NA,Temporarily inaccessible,NA,NA,1,Department of Water Resources,NA,624,Bureau of Reclamation
33691,367691N1200968W001,1141690,1995-10-03T00:00:00Z,224.45,223.45,NA,NA,NA,NA,NA,Temporarily inaccessible,NA,NA,1,Department of Water Resources,NA,624,Bureau of Reclamation
33691,367691N1200968W001,1141689,1995-01-26T00:00:00Z,224.45,223.45,NA,NA,NA,NA,NA,Special/Other,NA,NA,1,Department of Water Resources,NA,624,Bureau of Reclamation
33691,367691N1200968W001,1141688,1994-10-06T00:00:00Z,224.45,223.45,NA,NA,NA,NA,NA,Temporarily inaccessible,NA,NA,1,Department of Water Resources,NA,624,Bureau of Reclamation
33691,367691N1200968W001,1141687,1994-01-24T00:00:00Z,224.45,223.45,NA,NA,NA,NA,NA,Temporarily inaccessible,NA,NA,1,Department of Water Resources,NA,624,Bureau of Reclamation
33691,367691N1200968W001,1141686,1993-10-07T00:00:00Z,224.45,223.45,NA,NA,NA,NA,NA,Pumping,NA,NA,1,Department of Water Resources,NA,624,Bureau of Reclamation
33691,367691N1200968W001,1141685,1993-01-29T00:00:00Z,224.45,223.45,NA,NA,NA,NA,NA,Temporarily inaccessible,NA,NA,1,Department of Water Resources,NA,624,Bureau of Reclamation
33691,367691N1200968W001,1141684,1992-10-09T00:00:00Z,224.45,223.45,0,72.5,151.95,72.5,71.5,NA,Unknown,Water level accuracy is unknown,1,Department of Water Resources,NA,624,Bureau of Reclamation
33691,367691N1200968W001,1141683,1992-01-27T00:00:00Z,224.45,223.45,0,64.5,159.95,64.5,63.5,NA,Unknown,Water level accuracy is unknown,1,Department of Water Resources,NA,624,Bureau of Reclamation
33691,367691N1200968W001,1141682,1991-10-08T00:00:00Z,224.45,223.45,0,68,156.45,68,67,NA,Unknown,Water level accuracy is unknown,1,Department of Water Resources,NA,624,Bureau of Reclamation
33691,367691N1200968W001,1141681,1991-01-31T00:00:00Z,224.45,223.45,NA,NA,NA,NA,NA,Temporarily inaccessible,NA,NA,1,Department of Water Resources,NA,624,Bureau of Reclamation
33691,367691N1200968W001,1141680,1990-10-05T00:00:00Z,224.45,223.45,0,66.6,157.85,66.6,65.6,NA,Unknown,Water level accuracy is unknown,1,Department of Water Resources,NA,624,Bureau of Reclamation
33691,367691N1200968W001,1141679,1990-01-22T00:00:00Z,224.45,223.45,NA,NA,NA,NA,NA,Temporarily inaccessible,NA,NA,1,Department of Water Resources,NA,624,Bureau of Reclamation
33691,367691N1200968W001,1141678,1989-10-02T00:00:00Z,224.45,223.45,0,46.5,177.95,46.5,45.5,NA,Unknown,Water level accuracy is unknown,1,Department of Water Resources,NA,624,Bureau of Reclamation
33691,367691N1200968W001,1141677,1989-01-31T00:00:00Z,224.45,223.45,0,55.9,168.55,55.9,54.9,NA,Unknown,Water level accuracy is unknown,1,Department of Water Resources,NA,624,Bureau of Reclamation
33691,367691N1200968W001,1141676,1988-10-25T00:00:00Z,224.45,223.45,0,56.8,167.65,56.8,55.8,NA,Unknown,Water level accuracy is unknown,1,Department of Water Resources,NA,624,Bureau of Reclamation
33691,367691N1200968W001,1141675,1988-02-05T00:00:00Z,224.45,223.45,0,62,162.45,62,61,NA,Unknown,Water level accuracy is unknown,1,Department of Water Resources,NA,624,Bureau of Reclamation
33691,367691N1200968W001,1141674,1987-10-20T00:00:00Z,224.45,223.45,0,57,167.45,57,56,NA,Unknown,Water level accuracy is unknown,1,Department of Water Resources,NA,624,Bureau of Reclamation
33691,367691N1200968W001,1141673,1987-01-30T00:00:00Z,224.45,223.45,0,55,169.45,55,54,NA,Unknown,Water level accuracy is unknown,1,Department of Water Resources,NA,624,Bureau of Reclamation
33691,367691N1200968W001,1141672,1986-09-29T00:00:00Z,224.45,223.45,0,50,174.45,50,49,NA,Unknown,Water level accuracy is unknown,1,Department of Water Resources,NA,624,Bureau of Reclamation
33691,367691N1200968W001,1141671,1986-01-24T00:00:00Z,224.45,223.45,0,57,167.45,57,56,NA,Unknown,Water level accuracy is unknown,1,Department of Water Resources,NA,624,Bureau of Reclamation
33691,367691N1200968W001,1141670,1985-10-11T00:00:00Z,224.45,223.45,NA,NA,NA,NA,NA,Can't get tape in casing,NA,NA,1,Department of Water Resources,NA,624,Bureau of Reclamation
33691,367691N1200968W001,1141669,1985-02-11T00:00:00Z,224.45,223.45,NA,NA,NA,NA,NA,Can't get tape in casing,NA,NA,1,Department of Water Resources,NA,624,Bureau of Reclamation
33691,367691N1200968W001,1141668,1984-10-03T00:00:00Z,224.45,223.45,NA,NA,NA,NA,NA,Temporarily inaccessible,NA,NA,1,Department of Water Resources,NA,624,Bureau of Reclamation
33691,367691N1200968W001,1141667,1984-01-27T00:00:00Z,224.45,223.45,0,43.8,180.65,43.8,42.8,NA,Unknown,Water level accuracy is unknown,1,Department of Water Resources,NA,624,Bureau of Reclamation
33691,367691N1200968W001,1141666,1983-10-07T00:00:00Z,224.45,223.45,0,50.6,173.85,50.6,49.6,NA,Unknown,Water level accuracy is unknown,1,Department of Water Resources,NA,624,Bureau of Reclamation
33691,367691N1200968W001,1141665,1983-02-09T00:00:00Z,224.45,223.45,0,48.6,175.85,48.6,47.6,NA,Unknown,Water level accuracy is unknown,1,Department of Water Resources,NA,624,Bureau of Reclamation
33691,367691N1200968W001,1141664,1982-10-08T00:00:00Z,224.45,223.45,0,55.8,168.65,55.8,54.8,NA,Unknown,Water level accuracy is unknown,1,Department of Water Resources,NA,624,Bureau of Reclamation
33691,367691N1200968W001,1141663,1982-01-31T00:00:00Z,224.45,223.45,0,57.9,166.55,57.9,56.9,NA,Unknown,Water level accuracy is unknown,1,Department of Water Resources,NA,624,Bureau of Reclamation
33691,367691N1200968W001,1141662,1981-09-15T00:00:00Z,224.45,223.45,NA,NA,NA,NA,NA,Temporarily inaccessible,NA,NA,1,Department of Water Resources,NA,624,Bureau of Reclamation
33691,367691N1200968W001,1141661,1981-01-28T00:00:00Z,224.45,223.45,0,55.3,169.15,55.3,54.3,NA,Unknown,Water level accuracy is unknown,1,Department of Water Resources,NA,624,Bureau of Reclamation
33691,367691N1200968W001,1141660,1980-09-28T00:00:00Z,224.45,223.45,0,65.8,158.65,65.8,64.8,NA,Unknown,Water level accuracy is unknown,1,Department of Water Resources,NA,624,Bureau of Reclamation
33691,367691N1200968W001,1141659,1980-01-18T00:00:00Z,224.45,223.45,0,59.5,164.95,59.5,58.5,NA,Unknown,Water level accuracy is unknown,1,Department of Water Resources,NA,624,Bureau of Reclamation
33691,367691N1200968W001,1141658,1979-09-24T00:00:00Z,224.45,223.45,0,62.6,161.85,62.6,61.6,NA,Unknown,Water level accuracy is unknown,1,Department of Water Resources,NA,624,Bureau of Reclamation
33691,367691N1200968W001,1141657,1979-01-25T00:00:00Z,224.45,223.45,0,63.8,160.65,63.8,62.8,NA,Unknown,Water level accuracy is unknown,1,Department of Water Resources,NA,624,Bureau of Reclamation
33691,367691N1200968W001,1141656,1978-10-03T00:00:00Z,224.45,223.45,0,63,161.45,63,62,NA,Unknown,Water level accuracy is unknown,1,Department of Water Resources,NA,624,Bureau of Reclamation
33691,367691N1200968W001,1141655,1978-01-17T00:00:00Z,224.45,223.45,0,68.2,156.25,68.2,67.2,NA,Unknown,Water level accuracy is unknown,1,Department of Water Resources,NA,624,Bureau of Reclamation
33691,367691N1200968W001,1141654,1977-10-07T00:00:00Z,224.45,223.45,0,70.5,153.95,70.5,69.5,NA,Unknown,Water level accuracy is unknown,1,Department of Water Resources,NA,624,Bureau of Reclamation
33691,367691N1200968W001,1141653,1977-01-13T00:00:00Z,224.45,223.45,NA,NA,NA,NA,NA,Can't get tape in casing,NA,NA,1,Department of Water Resources,NA,624,Bureau of Reclamation
33691,367691N1200968W001,1141652,1976-10-13T00:00:00Z,224.45,223.45,NA,NA,NA,NA,NA,Can't get tape in casing,NA,NA,1,Department of Water Resources,NA,624,Bureau of Reclamation
33691,367691N1200968W001,1141651,1976-01-20T00:00:00Z,224.45,223.45,0,50.5,173.95,50.5,49.5,NA,Unknown,Water level accuracy is unknown,1,Department of Water Resources,NA,624,Bureau of Reclamation
33691,367691N1200968W001,1141650,1975-10-06T00:00:00Z,224.45,223.45,0,48.3,176.15,48.3,47.3,NA,Unknown,Water level accuracy is unknown,1,Department of Water Resources,NA,624,Bureau of Reclamation
33691,367691N1200968W001,1141649,1975-01-23T00:00:00Z,224.45,223.45,NA,NA,NA,NA,NA,Can't get tape in casing,NA,NA,1,Department of Water Resources,NA,624,Bureau of Reclamation
33691,367691N1200968W001,1141648,1974-10-10T00:00:00Z,224.45,223.45,0,49.9,174.55,49.9,48.9,NA,Unknown,Water level accuracy is unknown,1,Department of Water Resources,NA,624,Bureau of Reclamation
33691,367691N1200968W001,1141647,1974-02-04T00:00:00Z,224.45,223.45,0,50.6,173.85,50.6,49.6,NA,Unknown,Water level accuracy is unknown,1,Department of Water Resources,NA,624,Bureau of Reclamation
33691,367691N1200968W001,1141646,1973-10-19T00:00:00Z,224.45,223.45,0,52.3,172.15,52.3,51.3,NA,Unknown,Water level accuracy is unknown,1,Department of Water Resources,NA,624,Bureau of Reclamation
33691,367691N1200968W001,1141645,1973-02-08T00:00:00Z,224.45,223.45,0,55.3,169.15,55.3,54.3,NA,Unknown,Water level accuracy is unknown,1,Department of Water Resources,NA,624,Bureau of Reclamation
33691,367691N1200968W001,1141644,1972-10-11T00:00:00Z,224.45,223.45,0,66.1,158.35,66.1,65.1,NA,Unknown,Water level accuracy is unknown,1,Department of Water Resources,NA,624,Bureau of Reclamation
33691,367691N1200968W001,1141643,1972-02-03T00:00:00Z,224.45,223.45,0,52.2,172.25,52.2,51.2,NA,Unknown,Water level accuracy is unknown,1,Department of Water Resources,NA,624,Bureau of Reclamation
33691,367691N1200968W001,1141642,1971-10-05T00:00:00Z,224.45,223.45,0,50.2,174.25,50.2,49.2,NA,Unknown,Water level accuracy is unknown,1,Department of Water Resources,NA,624,Bureau of Reclamation
33691,367691N1200968W001,1141641,1971-02-04T00:00:00Z,224.45,223.45,0,51.6,172.85,51.6,50.6,NA,Unknown,Water level accuracy is unknown,1,Department of Water Resources,NA,624,Bureau of Reclamation
33691,367691N1200968W001,1141640,1970-09-29T00:00:00Z,224.45,223.45,0,48.2,176.25,48.2,47.2,NA,Unknown,Water level accuracy is unknown,1,Department of Water Resources,NA,624,Bureau of Reclamation
33691,367691N1200968W001,1141639,1970-02-10T00:00:00Z,224.45,223.45,0,46.2,178.25,46.2,45.2,NA,Unknown,Water level accuracy is unknown,1,Department of Water Resources,NA,624,Bureau of Reclamation
33691,367691N1200968W001,1141638,1969-10-01T00:00:00Z,224.45,223.45,0,48.2,176.25,48.2,47.2,NA,Unknown,Water level accuracy is unknown,1,Department of Water Resources,NA,624,Bureau of Reclamation
33691,367691N1200968W001,1141637,1969-02-13T00:00:00Z,224.45,223.45,0,52.6,171.85,52.6,51.6,NA,Unknown,Water level accuracy is unknown,1,Department of Water Resources,NA,624,Bureau of Reclamation
33691,367691N1200968W001,1141636,1968-02-06T00:00:00Z,224.45,223.45,0,48.1,176.35,48.1,47.1,NA,Unknown,Water level accuracy is unknown,1,Department of Water Resources,NA,624,Bureau of Reclamation
33691,367691N1200968W001,1141635,1967-02-07T00:00:00Z,224.45,223.45,0,53.9,170.55,53.9,52.9,NA,Unknown,Water level accuracy is unknown,1,Department of Water Resources,NA,624,Bureau of Reclamation
33691,367691N1200968W001,1141634,1966-02-09T00:00:00Z,224.45,223.45,0,55,169.45,55,54,NA,Unknown,Water level accuracy is unknown,1,Department of Water Resources,NA,624,Bureau of Reclamation
33691,367691N1200968W001,1141633,1965-02-09T00:00:00Z,224.45,223.45,0,60.5,163.95,60.5,59.5,NA,Unknown,Water level accuracy is unknown,1,Department of Water Resources,NA,624,Bureau of Reclamation
33691,367691N1200968W001,1141632,1964-10-07T00:00:00Z,224.45,223.45,0,62,162.45,62,61,NA,Unknown,Water level accuracy is unknown,1,Department of Water Resources,NA,624,Bureau of Reclamation
33691,367691N1200968W001,1141631,1964-02-11T00:00:00Z,224.45,223.45,0,54,170.45,54,53,NA,Unknown,Water level accuracy is unknown,1,Department of Water Resources,NA,624,Bureau of Reclamation
