STN_ID,SITE_CODE,WLM_ID,MSMT_DATE,WLM_RPE,WLM_GSE,RDNG_WS,RDNG_RP,WSE,RPE_WSE,GSE_WSE,WLM_QA_DESC,WLM_DESC,WLM_ACC_DESC,WLM_ORG_ID,WLM_ORG_NAME,MSMT_CMT,COOP_AGENCY_ORG_ID,COOP_ORG_NAME
33875,391955N1229639W001,1785933,1987-03-03T00:00:00Z,1397.68,1396.88,0,5,1392.68,5,4.2,NA,Unknown,Water level accuracy is unknown,1,Department of Water Resources,NA,614,Lake County Watershed Protection District
33875,391955N1229639W001,1785932,1986-10-15T00:00:00Z,1397.68,1396.88,0,20.7,1376.98,20.7,19.9,NA,Unknown,Water level accuracy is unknown,1,Department of Water Resources,NA,614,Lake County Watershed Protection District
33875,391955N1229639W001,1785931,1986-04-03T00:00:00Z,1397.68,1396.88,0,3.2,1394.48,3.2,2.4,NA,Unknown,Water level accuracy is unknown,1,Department of Water Resources,NA,614,Lake County Watershed Protection District
33875,391955N1229639W001,1785930,1985-10-03T00:00:00Z,1397.68,1396.88,0,20.8,1376.88,20.8,20,NA,Unknown,Water level accuracy is unknown,1,Department of Water Resources,NA,614,Lake County Watershed Protection District
33875,391955N1229639W001,1785929,1985-04-02T00:00:00Z,1397.68,1396.88,0,3.6,1394.08,3.6,2.8,NA,Unknown,Water level accuracy is unknown,1,Department of Water Resources,NA,614,Lake County Watershed Protection District
33875,391955N1229639W001,1785928,1984-10-12T00:00:00Z,1397.68,1396.88,0,20.6,1377.08,20.6,19.8,NA,Unknown,Water level accuracy is unknown,1,Department of Water Resources,NA,614,Lake County Watershed Protection District
33875,391955N1229639W001,1785927,1984-04-04T00:00:00Z,1397.68,1396.88,0,4.6,1393.08,4.6,3.8,NA,Unknown,Water level accuracy is unknown,1,Department of Water Resources,NA,614,Lake County Watershed Protection District
33875,391955N1229639W001,1785926,1983-10-03T00:00:00Z,1397.68,1396.88,0,16.9,1380.78,16.9,16.1,NA,Unknown,Water level accuracy is unknown,1,Department of Water Resources,NA,614,Lake County Watershed Protection District
33875,391955N1229639W001,1785925,1983-04-14T00:00:00Z,1397.68,1396.88,0,4.9,1392.78,4.9,4.1,NA,Unknown,Water level accuracy is unknown,1,Department of Water Resources,NA,614,Lake County Watershed Protection District
33875,391955N1229639W001,1785924,1982-10-07T00:00:00Z,1397.68,1396.88,0,19.9,1377.78,19.9,19.1,NA,Unknown,Water level accuracy is unknown,1,Department of Water Resources,NA,614,Lake County Watershed Protection District
33875,391955N1229639W001,1785923,1982-04-05T00:00:00Z,1397.68,1396.88,0,1.6,1396.08,1.6,0.8,NA,Unknown,Water level accuracy is unknown,1,Department of Water Resources,NA,614,Lake County Watershed Protection District
33875,391955N1229639W001,1785922,1981-09-30T00:00:00Z,1397.68,1396.88,0,22.5,1375.18,22.5,21.7,NA,Unknown,Water level accuracy is unknown,1,Department of Water Resources,NA,614,Lake County Watershed Protection District
33875,391955N1229639W001,1785921,1981-03-17T00:00:00Z,1397.68,1396.88,0,4.6,1393.08,4.6,3.8,NA,Unknown,Water level accuracy is unknown,1,Department of Water Resources,NA,614,Lake County Watershed Protection District
33875,391955N1229639W001,1785920,1980-10-07T00:00:00Z,1397.68,1396.88,0,20.5,1377.18,20.5,19.7,NA,Unknown,Water level accuracy is unknown,1,Department of Water Resources,NA,614,Lake County Watershed Protection District
33875,391955N1229639W001,1785919,1969-11-12T00:00:00Z,1397.68,1396.88,0,22.5,1375.18,22.5,21.7,NA,Unknown,Water level accuracy is unknown,1,Department of Water Resources,NA,614,Lake County Watershed Protection District
33875,391955N1229639W001,1785918,1969-04-11T00:00:00Z,1397.68,1396.88,0,6.5,1391.18,6.5,5.7,NA,Unknown,Water level accuracy is unknown,1,Department of Water Resources,NA,614,Lake County Watershed Protection District
33875,391955N1229639W001,1785917,1968-10-21T00:00:00Z,1397.68,1396.88,0,22.3,1375.38,22.3,21.5,NA,Unknown,Water level accuracy is unknown,1,Department of Water Resources,NA,614,Lake County Watershed Protection District
33875,391955N1229639W001,1785916,1968-04-04T00:00:00Z,1397.68,1396.88,0,6.1,1391.58,6.1,5.3,NA,Unknown,Water level accuracy is unknown,1,Department of Water Resources,NA,614,Lake County Watershed Protection District
33875,391955N1229639W001,1785915,1967-10-19T00:00:00Z,1399.88,1396.88,0,23.4,1376.48,23.4,20.4,NA,Unknown,Water level accuracy is unknown,1,Department of Water Resources,NA,614,Lake County Watershed Protection District
33875,391955N1229639W001,1785914,1967-03-27T00:00:00Z,1399.88,1396.88,0,7.3,1392.58,7.3,4.3,NA,Unknown,Water level accuracy is unknown,1,Department of Water Resources,NA,614,Lake County Watershed Protection District
33875,391955N1229639W001,1785913,1966-11-03T00:00:00Z,1399.88,1396.88,0,19.9,1379.98,19.9,16.9,NA,Unknown,Water level accuracy is unknown,1,Department of Water Resources,NA,614,Lake County Watershed Protection District
33875,391955N1229639W001,1785912,1966-03-07T00:00:00Z,1399.88,1396.88,0,8.1,1391.78,8.1,5.1,NA,Unknown,Water level accuracy is unknown,1,Department of Water Resources,NA,614,Lake County Watershed Protection District
33875,391955N1229639W001,1785911,1965-10-07T00:00:00Z,1399.88,1396.88,0,23.1,1376.78,23.1,20.1,NA,Unknown,Water level accuracy is unknown,1,Department of Water Resources,NA,614,Lake County Watershed Protection District
33875,391955N1229639W001,1785910,1965-03-22T00:00:00Z,1399.88,1396.88,0,8.4,1391.48,8.4,5.4,NA,Unknown,Water level accuracy is unknown,1,Department of Water Resources,NA,614,Lake County Watershed Protection District
33875,391955N1229639W001,1785909,1964-10-05T00:00:00Z,1399.88,1396.88,0,24.4,1375.48,24.4,21.4,NA,Unknown,Water level accuracy is unknown,1,Department of Water Resources,NA,614,Lake County Watershed Protection District
33875,391955N1229639W001,1785908,1964-03-26T00:00:00Z,1399.88,1396.88,0,11.3,1388.58,11.3,8.3,NA,Unknown,Water level accuracy is unknown,1,Department of Water Resources,NA,614,Lake County Watershed Protection District
33875,391955N1229639W001,1785907,1963-10-14T00:00:00Z,1399.88,1396.88,0,22.6,1377.28,22.6,19.6,NA,Unknown,Water level accuracy is unknown,1,Department of Water Resources,NA,614,Lake County Watershed Protection District
33875,391955N1229639W001,1785906,1963-03-19T00:00:00Z,1399.88,1396.88,0,8.9,1390.98,8.9,5.9,NA,Unknown,Water level accuracy is unknown,1,Department of Water Resources,NA,614,Lake County Watershed Protection District
33875,391955N1229639W001,1785905,1962-10-01T00:00:00Z,1399.88,1396.88,0,24.3,1375.58,24.3,21.3,NA,Unknown,Water level accuracy is unknown,1,Department of Water Resources,NA,614,Lake County Watershed Protection District
33875,391955N1229639W001,1785904,1962-03-07T00:00:00Z,1399.88,1396.88,0,5.1,1394.78,5.1,2.1,NA,Unknown,Water level accuracy is unknown,1,Department of Water Resources,NA,614,Lake County Watershed Protection District
33875,391955N1229639W001,1785903,1961-10-24T00:00:00Z,1399.88,1396.88,0,24.6,1375.28,24.6,21.6,NA,Unknown,Water level accuracy is unknown,1,Department of Water Resources,NA,614,Lake County Watershed Protection District
33875,391955N1229639W001,1785902,1961-03-06T00:00:00Z,1399.88,1396.88,0,8.5,1391.38,8.5,5.5,NA,Unknown,Water level accuracy is unknown,1,Department of Water Resources,NA,614,Lake County Watershed Protection District
33875,391955N1229639W001,1785901,1960-10-05T00:00:00Z,1399.88,1396.88,0,24.5,1375.38,24.5,21.5,NA,Unknown,Water level accuracy is unknown,1,Department of Water Resources,NA,1,Department of Water Resources
33875,391955N1229639W001,1785900,1960-03-02T00:00:00Z,1399.88,1396.88,0,8.7,1391.18,8.7,5.7,NA,Unknown,Water level accuracy is unknown,1,Department of Water Resources,NA,1,Department of Water Resources
33875,391955N1229639W001,1785899,1959-10-02T00:00:00Z,1399.88,1396.88,0,24.3,1375.58,24.3,21.3,NA,Unknown,Water level accuracy is unknown,1,Department of Water Resources,NA,1,Department of Water Resources
33875,391955N1229639W001,1785898,1959-03-05T00:00:00Z,1399.88,1396.88,0,6.7,1393.18,6.7,3.7,NA,Unknown,Water level accuracy is unknown,1,Department of Water Resources,NA,1,Department of Water Resources
33875,391955N1229639W001,1785897,1958-10-02T00:00:00Z,1399.88,1396.88,NA,NA,NA,NA,NA,Pump house locked,NA,NA,1,Department of Water Resources,NA,1,Department of Water Resources
33875,391955N1229639W001,1785896,1958-06-05T00:00:00Z,1399.88,1396.88,0,9.7,1390.18,9.7,6.7,NA,Unknown,Water level accuracy is unknown,1,Department of Water Resources,NA,1,Department of Water Resources
33875,391955N1229639W001,1785895,1953-10-20T00:00:00Z,1399.88,1396.88,0,22.4,1377.48,22.4,19.4,NA,Unknown,Water level accuracy is unknown,1,Department of Water Resources,NA,1,Department of Water Resources
33875,391955N1229639W001,1785894,1953-03-17T00:00:00Z,1399.88,1396.88,0,9.9,1389.98,9.9,6.9,NA,Unknown,Water level accuracy is unknown,1,Department of Water Resources,NA,1,Department of Water Resources
33875,391955N1229639W001,1785893,1952-11-05T00:00:00Z,1399.88,1396.88,0,24.3,1375.58,24.3,21.3,NA,Unknown,Water level accuracy is unknown,1,Department of Water Resources,NA,1,Department of Water Resources
33875,391955N1229639W001,1785892,1952-04-04T00:00:00Z,1399.88,1396.88,0,6.5,1393.38,6.5,3.5,NA,Unknown,Water level accuracy is unknown,1,Department of Water Resources,NA,1,Department of Water Resources
33875,391955N1229639W001,1785891,1951-11-01T00:00:00Z,1399.88,1396.88,0,24.2,1375.68,24.2,21.2,NA,Unknown,Water level accuracy is unknown,1,Department of Water Resources,NA,1,Department of Water Resources
33875,391955N1229639W001,1785890,1951-03-26T00:00:00Z,1399.88,1396.88,0,9,1390.88,9,6,NA,Unknown,Water level accuracy is unknown,1,Department of Water Resources,NA,1,Department of Water Resources
33875,391955N1229639W001,1785889,1950-11-03T00:00:00Z,1399.88,1396.88,0,19.4,1380.48,19.4,16.4,NA,Unknown,Water level accuracy is unknown,1,Department of Water Resources,NA,1,Department of Water Resources
33875,391955N1229639W001,1785888,1950-04-26T00:00:00Z,1399.88,1396.88,0,9,1390.88,9,6,NA,Unknown,Water level accuracy is unknown,1,Department of Water Resources,NA,1,Department of Water Resources
33875,391955N1229639W001,1785887,1950-04-05T00:00:00Z,1399.88,1396.88,0,8.1,1391.78,8.1,5.1,NA,Unknown,Water level accuracy is unknown,1,Department of Water Resources,NA,1,Department of Water Resources
33875,391955N1229639W001,1785886,1950-03-01T00:00:00Z,1399.88,1396.88,0,8.6,1391.28,8.6,5.6,NA,Unknown,Water level accuracy is unknown,1,Department of Water Resources,NA,1,Department of Water Resources
33875,391955N1229639W001,1785885,1950-02-01T00:00:00Z,1399.88,1396.88,0,6.3,1393.58,6.3,3.3,NA,Unknown,Water level accuracy is unknown,1,Department of Water Resources,NA,1,Department of Water Resources
33875,391955N1229639W001,1785884,1950-01-03T00:00:00Z,1399.88,1396.88,0,25.5,1374.38,25.5,22.5,NA,Unknown,Water level accuracy is unknown,1,Department of Water Resources,NA,1,Department of Water Resources
33875,391955N1229639W001,1785883,1949-12-12T00:00:00Z,1399.88,1396.88,0,25.6,1374.28,25.6,22.6,NA,Unknown,Water level accuracy is unknown,1,Department of Water Resources,NA,1,Department of Water Resources
33875,391955N1229639W001,1785882,1949-11-03T00:00:00Z,1399.88,1396.88,0,25.1,1374.78,25.1,22.1,NA,Unknown,Water level accuracy is unknown,1,Department of Water Resources,NA,1,Department of Water Resources
33875,391955N1229639W001,1785881,1949-10-01T00:00:00Z,1399.88,1396.88,0,24.3,1375.58,24.3,21.3,NA,Unknown,Water level accuracy is unknown,1,Department of Water Resources,NA,1,Department of Water Resources
33875,391955N1229639W001,1785880,1949-09-01T00:00:00Z,1399.88,1396.88,0,22.5,1377.38,22.5,19.5,NA,Unknown,Water level accuracy is unknown,1,Department of Water Resources,NA,1,Department of Water Resources
33875,391955N1229639W001,1785879,1949-08-01T00:00:00Z,1399.88,1396.88,0,19.8,1380.08,19.8,16.8,NA,Unknown,Water level accuracy is unknown,1,Department of Water Resources,NA,1,Department of Water Resources
33875,391955N1229639W001,1785878,1949-07-05T00:00:00Z,1399.88,1396.88,0,15.8,1384.08,15.8,12.8,NA,Unknown,Water level accuracy is unknown,1,Department of Water Resources,NA,1,Department of Water Resources
33875,391955N1229639W001,1785877,1949-06-01T00:00:00Z,1399.88,1396.88,0,10.8,1389.08,10.8,7.8,NA,Unknown,Water level accuracy is unknown,1,Department of Water Resources,NA,1,Department of Water Resources
33875,391955N1229639W001,1785876,1949-05-03T00:00:00Z,1399.88,1396.88,0,9.4,1390.48,9.4,6.4,NA,Unknown,Water level accuracy is unknown,1,Department of Water Resources,NA,1,Department of Water Resources
33875,391955N1229639W001,1785875,1949-04-04T00:00:00Z,1399.88,1396.88,0,8.4,1391.48,8.4,5.4,NA,Unknown,Water level accuracy is unknown,1,Department of Water Resources,NA,1,Department of Water Resources
33875,391955N1229639W001,1785874,1949-03-01T00:00:00Z,1399.88,1396.88,0,8,1391.88,8,5,NA,Unknown,Water level accuracy is unknown,1,Department of Water Resources,NA,1,Department of Water Resources
33875,391955N1229639W001,1785873,1949-02-03T00:00:00Z,1399.88,1396.88,0,19.4,1380.48,19.4,16.4,NA,Unknown,Water level accuracy is unknown,1,Department of Water Resources,NA,1,Department of Water Resources
33875,391955N1229639W001,1785872,1949-01-05T00:00:00Z,1399.88,1396.88,0,17.3,1382.58,17.3,14.3,NA,Unknown,Water level accuracy is unknown,1,Department of Water Resources,NA,1,Department of Water Resources
33875,391955N1229639W001,1785871,1948-12-06T00:00:00Z,1399.88,1396.88,0,23.9,1375.98,23.9,20.9,NA,Unknown,Water level accuracy is unknown,1,Department of Water Resources,NA,1,Department of Water Resources
33875,391955N1229639W001,1785870,1948-11-12T00:00:00Z,1399.88,1396.88,0,24.3,1375.58,24.3,21.3,NA,Unknown,Water level accuracy is unknown,1,Department of Water Resources,NA,1,Department of Water Resources
