STN_ID,SITE_CODE,WLM_ID,MSMT_DATE,WLM_RPE,WLM_GSE,RDNG_WS,RDNG_RP,WSE,RPE_WSE,GSE_WSE,WLM_QA_DESC,WLM_DESC,WLM_ACC_DESC,WLM_ORG_ID,WLM_ORG_NAME,MSMT_CMT,COOP_AGENCY_ORG_ID,COOP_ORG_NAME
34303,360511N1193759W001,93412,2011-02-04T09:45:00Z,249.22,248.72,0,139.2,110.02,139.2,138.7,NA,Unknown,Water level accuracy to nearest tenth of a foot,1,Department of Water Resources,NA,1,Department of Water Resources
34303,360511N1193759W001,805639,2010-01-20T00:00:00Z,249.22,248.72,0,150,99.22,150,149.5,NA,Unknown,Water level accuracy is unknown,1,Department of Water Resources,NA,1099,"TULE RIVER, LOWER, IRRIGATION DISTRICT"
34303,360511N1193759W001,805638,2009-02-18T00:00:00Z,249.22,248.72,0,143.9,105.32,143.9,143.4,NA,Unknown,Water level accuracy is unknown,1,Department of Water Resources,NA,1099,"TULE RIVER, LOWER, IRRIGATION DISTRICT"
34303,360511N1193759W001,805636,2008-02-12T00:00:00Z,249.22,248.72,0,136.4,112.82,136.4,135.9,NA,Unknown,Water level accuracy is unknown,1,Department of Water Resources,NA,1099,"TULE RIVER, LOWER, IRRIGATION DISTRICT"
34303,360511N1193759W001,805637,2007-10-09T00:00:00Z,249.22,248.72,0,143.3,105.92,143.3,142.8,NA,Unknown,Water level accuracy is unknown,1,Department of Water Resources,NA,1099,"TULE RIVER, LOWER, IRRIGATION DISTRICT"
34303,360511N1193759W001,805635,2007-01-29T00:00:00Z,249.22,248.72,0,119.8,129.42,119.8,119.3,NA,Unknown,Water level accuracy is unknown,1,Department of Water Resources,NA,1099,"TULE RIVER, LOWER, IRRIGATION DISTRICT"
34303,360511N1193759W001,805634,2006-01-30T00:00:00Z,249.22,248.72,NA,NA,NA,NA,NA,Temporarily inaccessible,NA,NA,1,Department of Water Resources,NA,1099,"TULE RIVER, LOWER, IRRIGATION DISTRICT"
34303,360511N1193759W001,805632,2004-01-29T00:00:00Z,249.22,248.72,0,162.4,86.82,162.4,161.9,NA,Unknown,Water level accuracy is unknown,1,Department of Water Resources,NA,1099,"TULE RIVER, LOWER, IRRIGATION DISTRICT"
34303,360511N1193759W001,805633,2003-09-22T00:00:00Z,249.22,248.72,0,183.5,65.72,183.5,183,NA,Unknown,Water level accuracy is unknown,1,Department of Water Resources,NA,1099,"TULE RIVER, LOWER, IRRIGATION DISTRICT"
34303,360511N1193759W001,805631,2003-02-03T00:00:00Z,249.22,248.72,0,150.8,98.42,150.8,150.3,NA,Unknown,Water level accuracy is unknown,1,Department of Water Resources,NA,1099,"TULE RIVER, LOWER, IRRIGATION DISTRICT"
34303,360511N1193759W001,805630,2001-02-02T00:00:00Z,249.22,248.72,NA,NA,NA,NA,NA,Can't get tape in casing,NA,NA,1,Department of Water Resources,NA,1099,"TULE RIVER, LOWER, IRRIGATION DISTRICT"
34303,360511N1193759W001,805629,2000-02-07T00:00:00Z,249.22,248.72,NA,NA,NA,NA,NA,Can't get tape in casing,NA,NA,1,Department of Water Resources,NA,1099,"TULE RIVER, LOWER, IRRIGATION DISTRICT"
34303,360511N1193759W001,805628,1999-10-06T00:00:00Z,249.22,248.72,NA,NA,NA,NA,NA,Can't get tape in casing,NA,NA,1,Department of Water Resources,NA,1099,"TULE RIVER, LOWER, IRRIGATION DISTRICT"
34303,360511N1193759W001,805627,1999-01-28T00:00:00Z,249.22,248.72,NA,NA,NA,NA,NA,Tape hung up,NA,NA,1,Department of Water Resources,NA,1099,"TULE RIVER, LOWER, IRRIGATION DISTRICT"
34303,360511N1193759W001,805626,1998-10-08T00:00:00Z,249.22,248.72,NA,NA,NA,NA,NA,Can't get tape in casing,NA,NA,1,Department of Water Resources,NA,1099,"TULE RIVER, LOWER, IRRIGATION DISTRICT"
34303,360511N1193759W001,805625,1998-02-13T00:00:00Z,249.22,248.72,NA,NA,NA,NA,NA,Can't get tape in casing,NA,NA,1,Department of Water Resources,NA,1099,"TULE RIVER, LOWER, IRRIGATION DISTRICT"
34303,360511N1193759W001,805624,1997-10-08T00:00:00Z,249.22,248.72,NA,NA,NA,NA,NA,Can't get tape in casing,NA,NA,1,Department of Water Resources,NA,1099,"TULE RIVER, LOWER, IRRIGATION DISTRICT"
34303,360511N1193759W001,805623,1997-02-06T00:00:00Z,249.22,248.72,NA,NA,NA,NA,NA,Can't get tape in casing,NA,NA,1,Department of Water Resources,NA,1099,"TULE RIVER, LOWER, IRRIGATION DISTRICT"
34303,360511N1193759W001,805622,1996-10-07T00:00:00Z,249.22,248.72,NA,NA,NA,NA,NA,Tape hung up,NA,NA,1,Department of Water Resources,NA,1099,"TULE RIVER, LOWER, IRRIGATION DISTRICT"
34303,360511N1193759W001,805621,1996-02-02T00:00:00Z,249.22,248.72,NA,NA,NA,NA,NA,Can't get tape in casing,NA,NA,1,Department of Water Resources,NA,1099,"TULE RIVER, LOWER, IRRIGATION DISTRICT"
34303,360511N1193759W001,805620,1995-10-04T00:00:00Z,249.22,248.72,NA,NA,NA,NA,NA,Can't get tape in casing,NA,NA,1,Department of Water Resources,NA,1099,"TULE RIVER, LOWER, IRRIGATION DISTRICT"
34303,360511N1193759W001,805619,1995-02-03T00:00:00Z,249.22,248.72,NA,NA,NA,NA,NA,Can't get tape in casing,NA,NA,1,Department of Water Resources,NA,1099,"TULE RIVER, LOWER, IRRIGATION DISTRICT"
34303,360511N1193759W001,805618,1994-10-06T00:00:00Z,249.22,248.72,NA,NA,NA,NA,NA,Can't get tape in casing,NA,NA,1,Department of Water Resources,NA,1099,"TULE RIVER, LOWER, IRRIGATION DISTRICT"
34303,360511N1193759W001,805617,1994-01-31T00:00:00Z,249.22,248.72,NA,NA,NA,NA,NA,Can't get tape in casing,NA,NA,1,Department of Water Resources,NA,1099,"TULE RIVER, LOWER, IRRIGATION DISTRICT"
34303,360511N1193759W001,805616,1993-10-14T00:00:00Z,249.22,248.72,NA,NA,NA,NA,NA,Temporarily inaccessible,NA,NA,1,Department of Water Resources,NA,1099,"TULE RIVER, LOWER, IRRIGATION DISTRICT"
34303,360511N1193759W001,805615,1993-02-12T00:00:00Z,249.22,248.72,NA,NA,NA,NA,NA,Can't get tape in casing,NA,NA,1,Department of Water Resources,NA,1099,"TULE RIVER, LOWER, IRRIGATION DISTRICT"
34303,360511N1193759W001,805614,1992-10-19T00:00:00Z,249.22,248.72,NA,NA,NA,NA,NA,Can't get tape in casing,NA,NA,1,Department of Water Resources,NA,1099,"TULE RIVER, LOWER, IRRIGATION DISTRICT"
34303,360511N1193759W001,805613,1992-02-05T00:00:00Z,249.22,248.72,NA,NA,NA,NA,NA,Can't get tape in casing,NA,NA,1,Department of Water Resources,NA,1099,"TULE RIVER, LOWER, IRRIGATION DISTRICT"
34303,360511N1193759W001,805612,1991-10-10T00:00:00Z,249.22,248.72,NA,NA,NA,NA,NA,Can't get tape in casing,NA,NA,1,Department of Water Resources,NA,1099,"TULE RIVER, LOWER, IRRIGATION DISTRICT"
34303,360511N1193759W001,805611,1991-02-07T00:00:00Z,249.22,248.72,NA,NA,NA,NA,NA,Can't get tape in casing,NA,NA,1,Department of Water Resources,NA,1099,"TULE RIVER, LOWER, IRRIGATION DISTRICT"
34303,360511N1193759W001,805610,1990-10-08T00:00:00Z,249.22,248.72,NA,NA,NA,NA,NA,Can't get tape in casing,NA,NA,1,Department of Water Resources,NA,1099,"TULE RIVER, LOWER, IRRIGATION DISTRICT"
34303,360511N1193759W001,805609,1990-02-28T00:00:00Z,249.22,248.72,NA,NA,NA,NA,NA,Can't get tape in casing,NA,NA,1,Department of Water Resources,NA,1099,"TULE RIVER, LOWER, IRRIGATION DISTRICT"
34303,360511N1193759W001,805608,1989-10-10T00:00:00Z,249.22,248.72,NA,NA,NA,NA,NA,Temporarily inaccessible,NA,NA,1,Department of Water Resources,NA,1099,"TULE RIVER, LOWER, IRRIGATION DISTRICT"
34303,360511N1193759W001,805607,1989-01-27T00:00:00Z,249.22,248.72,NA,NA,NA,NA,NA,Can't get tape in casing,NA,NA,1,Department of Water Resources,NA,1099,"TULE RIVER, LOWER, IRRIGATION DISTRICT"
34303,360511N1193759W001,805606,1988-10-03T00:00:00Z,249.22,248.72,NA,NA,NA,NA,NA,Can't get tape in casing,NA,NA,1,Department of Water Resources,NA,1099,"TULE RIVER, LOWER, IRRIGATION DISTRICT"
34303,360511N1193759W001,805605,1988-02-05T00:00:00Z,249.22,248.72,NA,NA,NA,NA,NA,Can't get tape in casing,NA,NA,1,Department of Water Resources,NA,1099,"TULE RIVER, LOWER, IRRIGATION DISTRICT"
34303,360511N1193759W001,805604,1987-10-12T00:00:00Z,249.22,248.72,NA,NA,NA,NA,NA,Can't get tape in casing,NA,NA,1,Department of Water Resources,NA,1099,"TULE RIVER, LOWER, IRRIGATION DISTRICT"
34303,360511N1193759W001,805603,1987-02-06T00:00:00Z,249.22,248.72,NA,NA,NA,NA,NA,Can't get tape in casing,NA,NA,1,Department of Water Resources,NA,1099,"TULE RIVER, LOWER, IRRIGATION DISTRICT"
34303,360511N1193759W001,805602,1986-10-05T00:00:00Z,249.22,248.72,NA,NA,NA,NA,NA,Can't get tape in casing,NA,NA,1,Department of Water Resources,NA,624,Bureau of Reclamation
34303,360511N1193759W001,805601,1986-02-04T00:00:00Z,249.22,248.72,NA,NA,NA,NA,NA,Can't get tape in casing,NA,NA,1,Department of Water Resources,NA,624,Bureau of Reclamation
34303,360511N1193759W001,805600,1985-10-22T00:00:00Z,249.22,248.72,NA,NA,NA,NA,NA,Can't get tape in casing,NA,NA,1,Department of Water Resources,NA,624,Bureau of Reclamation
34303,360511N1193759W001,805599,1985-01-31T00:00:00Z,249.22,248.72,0,64.3,184.92,64.3,63.8,NA,Unknown,Water level accuracy is unknown,1,Department of Water Resources,NA,624,Bureau of Reclamation
34303,360511N1193759W001,805598,1984-10-25T00:00:00Z,249.22,248.72,0,67.4,181.82,67.4,66.9,NA,Unknown,Water level accuracy is unknown,1,Department of Water Resources,NA,624,Bureau of Reclamation
34303,360511N1193759W001,805597,1984-02-15T00:00:00Z,249.22,248.72,0,71.3,177.92,71.3,70.8,NA,Unknown,Water level accuracy is unknown,1,Department of Water Resources,NA,624,Bureau of Reclamation
34303,360511N1193759W001,805596,1983-10-04T00:00:00Z,249.22,248.72,0,77.5,171.72,77.5,77,NA,Unknown,Water level accuracy is unknown,1,Department of Water Resources,NA,624,Bureau of Reclamation
34303,360511N1193759W001,805595,1983-03-03T00:00:00Z,249.22,248.72,0,82.6,166.62,82.6,82.1,NA,Unknown,Water level accuracy is unknown,1,Department of Water Resources,NA,1099,"TULE RIVER, LOWER, IRRIGATION DISTRICT"
34303,360511N1193759W001,805594,1982-10-07T00:00:00Z,249.22,248.72,0,91.3,157.92,91.3,90.8,NA,Unknown,Water level accuracy is unknown,1,Department of Water Resources,NA,1099,"TULE RIVER, LOWER, IRRIGATION DISTRICT"
34303,360511N1193759W001,805593,1982-02-03T00:00:00Z,249.22,248.72,0,94.2,155.02,94.2,93.7,NA,Unknown,Water level accuracy is unknown,1,Department of Water Resources,NA,624,Bureau of Reclamation
34303,360511N1193759W001,805592,1981-10-06T00:00:00Z,249.22,248.72,0,101.4,147.82,101.4,100.9,NA,Unknown,Water level accuracy is unknown,1,Department of Water Resources,NA,624,Bureau of Reclamation
34303,360511N1193759W001,805591,1981-02-06T00:00:00Z,249.22,248.72,0,86.5,162.72,86.5,86,NA,Unknown,Water level accuracy is unknown,1,Department of Water Resources,NA,1099,"TULE RIVER, LOWER, IRRIGATION DISTRICT"
34303,360511N1193759W001,805590,1980-09-25T00:00:00Z,249.22,248.72,0,93,156.22,93,92.5,NA,Unknown,Water level accuracy is unknown,1,Department of Water Resources,NA,1099,"TULE RIVER, LOWER, IRRIGATION DISTRICT"
34303,360511N1193759W001,805589,1980-01-26T00:00:00Z,249.22,248.72,0,94.2,155.02,94.2,93.7,NA,Unknown,Water level accuracy is unknown,1,Department of Water Resources,NA,1099,"TULE RIVER, LOWER, IRRIGATION DISTRICT"
34303,360511N1193759W001,805588,1979-09-21T00:00:00Z,249.22,248.72,0,101.2,148.02,101.2,100.7,NA,Unknown,Water level accuracy is unknown,1,Department of Water Resources,NA,1099,"TULE RIVER, LOWER, IRRIGATION DISTRICT"
34303,360511N1193759W001,805587,1979-01-26T00:00:00Z,249.22,248.72,0,99.2,150.02,99.2,98.7,NA,Unknown,Water level accuracy is unknown,1,Department of Water Resources,NA,1099,"TULE RIVER, LOWER, IRRIGATION DISTRICT"
34303,360511N1193759W001,805586,1978-10-14T00:00:00Z,249.22,248.72,0,107.4,141.82,107.4,106.9,NA,Unknown,Water level accuracy is unknown,1,Department of Water Resources,NA,1099,"TULE RIVER, LOWER, IRRIGATION DISTRICT"
34303,360511N1193759W001,805585,1978-02-28T00:00:00Z,249.22,248.72,0,110.5,138.72,110.5,110,NA,Unknown,Water level accuracy is unknown,1,Department of Water Resources,NA,1099,"TULE RIVER, LOWER, IRRIGATION DISTRICT"
34303,360511N1193759W001,805584,1977-10-06T00:00:00Z,249.22,248.72,0,117,132.22,117,116.5,NA,Unknown,Water level accuracy is unknown,1,Department of Water Resources,NA,1099,"TULE RIVER, LOWER, IRRIGATION DISTRICT"
34303,360511N1193759W001,805583,1977-01-28T00:00:00Z,249.22,248.72,0,98.6,150.62,98.6,98.1,NA,Unknown,Water level accuracy is unknown,1,Department of Water Resources,NA,1099,"TULE RIVER, LOWER, IRRIGATION DISTRICT"
34303,360511N1193759W001,805582,1976-11-10T00:00:00Z,249.22,248.72,0,99.8,149.42,99.8,99.3,NA,Unknown,Water level accuracy is unknown,1,Department of Water Resources,NA,1099,"TULE RIVER, LOWER, IRRIGATION DISTRICT"
34303,360511N1193759W001,805581,1976-01-28T00:00:00Z,249.22,248.72,0,92.9,156.32,92.9,92.4,NA,Unknown,Water level accuracy is unknown,1,Department of Water Resources,NA,1099,"TULE RIVER, LOWER, IRRIGATION DISTRICT"
34303,360511N1193759W001,805580,1975-10-01T00:00:00Z,249.22,248.72,0,92.9,156.32,92.9,92.4,NA,Unknown,Water level accuracy is unknown,1,Department of Water Resources,NA,1099,"TULE RIVER, LOWER, IRRIGATION DISTRICT"
34303,360511N1193759W001,805579,1975-02-19T00:00:00Z,249.22,248.72,0,91.4,157.82,91.4,90.9,NA,Unknown,Water level accuracy is unknown,1,Department of Water Resources,NA,1099,"TULE RIVER, LOWER, IRRIGATION DISTRICT"
34303,360511N1193759W001,805578,1974-10-14T00:00:00Z,249.22,248.72,0,96,153.22,96,95.5,NA,Unknown,Water level accuracy is unknown,1,Department of Water Resources,NA,1099,"TULE RIVER, LOWER, IRRIGATION DISTRICT"
34303,360511N1193759W001,805577,1974-02-12T00:00:00Z,249.22,248.72,0,90.7,158.52,90.7,90.2,NA,Unknown,Water level accuracy is unknown,1,Department of Water Resources,NA,1099,"TULE RIVER, LOWER, IRRIGATION DISTRICT"
34303,360511N1193759W001,805576,1973-10-02T00:00:00Z,249.22,248.72,0,97.9,151.32,97.9,97.4,NA,Unknown,Water level accuracy is unknown,1,Department of Water Resources,NA,1099,"TULE RIVER, LOWER, IRRIGATION DISTRICT"
34303,360511N1193759W001,805575,1973-02-15T00:00:00Z,249.22,248.72,0,96.5,152.72,96.5,96,NA,Unknown,Water level accuracy is unknown,1,Department of Water Resources,NA,1099,"TULE RIVER, LOWER, IRRIGATION DISTRICT"
34303,360511N1193759W001,805574,1972-10-06T00:00:00Z,249.22,248.72,0,105.9,143.32,105.9,105.4,NA,Unknown,Water level accuracy is unknown,1,Department of Water Resources,NA,1099,"TULE RIVER, LOWER, IRRIGATION DISTRICT"
34303,360511N1193759W001,805573,1972-02-02T00:00:00Z,249.22,248.72,0,88.8,160.42,88.8,88.3,NA,Unknown,Water level accuracy is unknown,1,Department of Water Resources,NA,1099,"TULE RIVER, LOWER, IRRIGATION DISTRICT"
34303,360511N1193759W001,805572,1971-09-30T00:00:00Z,249.22,248.72,0,91.2,158.02,91.2,90.7,NA,Unknown,Water level accuracy is unknown,1,Department of Water Resources,NA,1099,"TULE RIVER, LOWER, IRRIGATION DISTRICT"
34303,360511N1193759W001,805571,1971-02-01T00:00:00Z,249.22,248.72,0,84.2,165.02,84.2,83.7,NA,Unknown,Water level accuracy is unknown,1,Department of Water Resources,NA,1099,"TULE RIVER, LOWER, IRRIGATION DISTRICT"
34303,360511N1193759W001,805570,1970-10-01T00:00:00Z,249.22,248.72,0,91.1,158.12,91.1,90.6,NA,Unknown,Water level accuracy is unknown,1,Department of Water Resources,NA,1099,"TULE RIVER, LOWER, IRRIGATION DISTRICT"
34303,360511N1193759W001,805569,1970-02-03T00:00:00Z,249.22,248.72,0,86,163.22,86,85.5,NA,Unknown,Water level accuracy is unknown,1,Department of Water Resources,NA,1099,"TULE RIVER, LOWER, IRRIGATION DISTRICT"
34303,360511N1193759W001,805568,1969-10-08T00:00:00Z,249.22,248.72,0,93.2,156.02,93.2,92.7,NA,Unknown,Water level accuracy is unknown,1,Department of Water Resources,NA,624,Bureau of Reclamation
34303,360511N1193759W001,805567,1969-02-12T00:00:00Z,249.22,248.72,0,96.2,153.02,96.2,95.7,NA,Unknown,Water level accuracy is unknown,1,Department of Water Resources,NA,1099,"TULE RIVER, LOWER, IRRIGATION DISTRICT"
34303,360511N1193759W001,805566,1968-02-06T00:00:00Z,249.22,248.72,0,88.2,161.02,88.2,87.7,NA,Unknown,Water level accuracy is unknown,1,Department of Water Resources,NA,1099,"TULE RIVER, LOWER, IRRIGATION DISTRICT"
34303,360511N1193759W001,805565,1967-02-05T00:00:00Z,249.22,248.72,0,101.3,147.92,101.3,100.8,NA,Unknown,Water level accuracy is unknown,1,Department of Water Resources,NA,1099,"TULE RIVER, LOWER, IRRIGATION DISTRICT"
34303,360511N1193759W001,805564,1966-02-05T00:00:00Z,249.22,248.72,0,99.7,149.52,99.7,99.2,NA,Unknown,Water level accuracy is unknown,1,Department of Water Resources,NA,1099,"TULE RIVER, LOWER, IRRIGATION DISTRICT"
34303,360511N1193759W001,805563,1965-01-28T00:00:00Z,249.22,248.72,0,102.1,147.12,102.1,101.6,NA,Unknown,Water level accuracy is unknown,1,Department of Water Resources,NA,1099,"TULE RIVER, LOWER, IRRIGATION DISTRICT"
34303,360511N1193759W001,805562,1964-09-24T00:00:00Z,249.22,248.72,0,106.8,142.42,106.8,106.3,NA,Unknown,Water level accuracy is unknown,1,Department of Water Resources,NA,1099,"TULE RIVER, LOWER, IRRIGATION DISTRICT"
34303,360511N1193759W001,805561,1964-02-06T00:00:00Z,249.22,248.72,0,95.5,153.72,95.5,95,NA,Unknown,Water level accuracy is unknown,1,Department of Water Resources,NA,1099,"TULE RIVER, LOWER, IRRIGATION DISTRICT"
34303,360511N1193759W001,805560,1963-09-27T00:00:00Z,249.22,248.72,0,102.5,146.72,102.5,102,NA,Unknown,Water level accuracy is unknown,1,Department of Water Resources,NA,1099,"TULE RIVER, LOWER, IRRIGATION DISTRICT"
34303,360511N1193759W001,805559,1963-02-07T00:00:00Z,249.22,248.72,0,102,147.22,102,101.5,NA,Unknown,Water level accuracy is unknown,1,Department of Water Resources,NA,1099,"TULE RIVER, LOWER, IRRIGATION DISTRICT"
34303,360511N1193759W001,805558,1962-02-15T00:00:00Z,249.22,248.72,0,105.5,143.72,105.5,105,NA,Unknown,Water level accuracy is unknown,1,Department of Water Resources,NA,1099,"TULE RIVER, LOWER, IRRIGATION DISTRICT"
34303,360511N1193759W001,805557,1961-09-28T00:00:00Z,249.22,248.72,0,113.5,135.72,113.5,113,NA,Unknown,Water level accuracy is unknown,1,Department of Water Resources,NA,1099,"TULE RIVER, LOWER, IRRIGATION DISTRICT"
34303,360511N1193759W001,805556,1961-02-10T00:00:00Z,249.22,248.72,0,96,153.22,96,95.5,NA,Unknown,Water level accuracy is unknown,1,Department of Water Resources,NA,1099,"TULE RIVER, LOWER, IRRIGATION DISTRICT"
