STN_ID,SITE_CODE,WLM_ID,MSMT_DATE,WLM_RPE,WLM_GSE,RDNG_WS,RDNG_RP,WSE,RPE_WSE,GSE_WSE,WLM_QA_DESC,WLM_DESC,WLM_ACC_DESC,WLM_ORG_ID,WLM_ORG_NAME,MSMT_CMT,COOP_AGENCY_ORG_ID,COOP_ORG_NAME
34317,394661N1221076W001,2662502,2020-08-06T12:00:00Z,92.42,92.42,NA,NA,NA,NA,NA,Special/Other,NA,NA,1,Department of Water Resources,Domestic wells not monitored during COVID-19 (Shelter in Place),1,Department of Water Resources
34317,394661N1221076W001,2539231,2020-03-09T12:00:00Z,92.42,92.42,0,4.55,87.87,4.55,4.55,NA,Electric sounder measurement,Water level accuracy to nearest hundredth of a foot,1,Department of Water Resources,NA,1,Department of Water Resources
34317,394661N1221076W001,2482440,2019-10-14T12:00:00Z,92.42,92.42,0,9.21,83.21,9.21,9.21,Pumped recently,Electric sounder measurement,Water level accuracy to nearest hundredth of a foot,1,Department of Water Resources,Let WL even out ~10 min,1,Department of Water Resources
34317,394661N1221076W001,2473413,2019-07-29T12:00:00Z,92.42,92.42,0,4.28,88.14,4.28,4.28,NA,Electric sounder measurement,Water level accuracy to nearest tenth of a foot,1,Department of Water Resources,NA,1,Department of Water Resources
34317,394661N1221076W001,2450757,2019-03-18T12:00:00Z,92.42,92.42,0,1.36,91.06,1.36,1.36,NA,Electric sounder measurement,Water level accuracy to nearest hundredth of a foot,1,Department of Water Resources,NA,1,Department of Water Resources
34317,394661N1221076W001,2414755,2018-10-15T12:00:00Z,92.42,92.42,0,9.22,83.2,9.22,9.22,NA,Electric sounder measurement,Water level accuracy to nearest hundredth of a foot,1,Department of Water Resources,NA,1,Department of Water Resources
34317,394661N1221076W001,2307982,2018-08-07T12:00:00Z,92.42,92.42,0,3.87,88.55,3.87,3.87,NA,Electric sounder measurement,Water level accuracy to nearest hundredth of a foot,1,Department of Water Resources,NA,1,Department of Water Resources
34317,394661N1221076W001,2285242,2018-03-21T00:00:00Z,92.42,92.42,0,4.83,87.59,4.83,4.83,NA,Electric sounder measurement,Water level accuracy to nearest hundredth of a foot,1,Department of Water Resources,NA,1,Department of Water Resources
34317,394661N1221076W001,2266589,2017-10-10T00:00:00Z,92.42,92.42,0,8.05,84.37,8.05,8.05,NA,Electric sounder measurement,Water level accuracy to nearest hundredth of a foot,1,Department of Water Resources,NA,1,Department of Water Resources
34317,394661N1221076W001,2260098,2017-07-31T00:00:00Z,92.42,92.42,0,3.89,88.53,3.89,3.89,NA,Electric sounder measurement,Water level accuracy to nearest hundredth of a foot,1,Department of Water Resources,NA,1,Department of Water Resources
34317,394661N1221076W001,2235273,2017-03-14T00:00:00Z,92.42,92.42,0,1.75,90.67,1.75,1.75,NA,Electric sounder measurement,Water level accuracy to nearest hundredth of a foot,1,Department of Water Resources,NA,1,Department of Water Resources
34317,394661N1221076W001,2213100,2016-10-10T00:00:00Z,92.42,92.42,0,8.22,84.2,8.22,8.22,NA,Electric sounder measurement,Water level accuracy to nearest hundredth of a foot,1,Department of Water Resources,NA,1,Department of Water Resources
34317,394661N1221076W001,2204415,2016-08-02T00:00:00Z,92.42,92.42,0,4.55,87.87,4.55,4.55,NA,Electric sounder measurement,Water level accuracy to nearest hundredth of a foot,1,Department of Water Resources,NA,1,Department of Water Resources
34317,394661N1221076W001,2197094,2016-06-06T00:00:00Z,92.42,92.42,0,7.4,85.02,7.4,7.4,NA,Electric sounder measurement,Water level accuracy to nearest hundredth of a foot,1,Department of Water Resources,NA,1,Department of Water Resources
34317,394661N1221076W001,2183596,2016-03-15T23:00:00Z,92.42,92.42,0,1.16,91.26,1.16,1.16,NA,Electric sounder measurement,Water level accuracy to nearest hundredth of a foot,1,Department of Water Resources,NA,1,Department of Water Resources
34317,394661N1221076W001,2182427,2016-02-19T00:00:00Z,92.42,92.42,6,9,89.42,3,3,NA,Steel tape measurement,Water level accuracy to nearest tenth of a foot,1,Department of Water Resources,NA,1,Department of Water Resources
34317,394661N1221076W001,2180146,2016-01-20T00:00:00Z,92.42,92.42,5.4,7,90.82,1.6,1.6,NA,Steel tape measurement,Water level accuracy to nearest tenth of a foot,1,Department of Water Resources,NA,1,Department of Water Resources
34317,394661N1221076W001,2177091,2015-12-17T00:00:00Z,92.42,92.42,0,6.61,85.81,6.61,6.61,NA,Electric sounder measurement,Water level accuracy to nearest tenth of a foot,1,Department of Water Resources,NA,1,Department of Water Resources
34317,394661N1221076W001,2175952,2015-11-17T00:00:00Z,92.42,92.42,0,7.66,84.76,7.66,7.66,NA,Electric sounder measurement,Water level accuracy to nearest tenth of a foot,1,Department of Water Resources,NA,1,Department of Water Resources
34317,394661N1221076W001,2157851,2015-10-20T00:00:00Z,92.42,92.42,0,12,80.42,12,12,NA,Electric sounder measurement,Water level accuracy to nearest tenth of a foot,1,Department of Water Resources,NA,1,Department of Water Resources
34317,394661N1221076W001,2156819,2015-10-13T23:00:00Z,92.42,92.42,0,11.73,80.69,11.73,11.73,NA,Electric sounder measurement,Water level accuracy to nearest hundredth of a foot,1,Department of Water Resources,NA,1,Department of Water Resources
34317,394661N1221076W001,2156502,2015-10-07T00:00:00Z,92.42,92.42,0,9.07,83.35,9.07,9.07,NA,Electric sounder measurement,Water level accuracy to nearest tenth of a foot,1,Department of Water Resources,NA,1,Department of Water Resources
34317,394661N1221076W001,2156317,2015-10-01T00:00:00Z,92.42,92.42,0,7.65,84.77,7.65,7.65,NA,Electric sounder measurement,Water level accuracy to nearest tenth of a foot,1,Department of Water Resources,NA,1,Department of Water Resources
34317,394661N1221076W001,2152992,2015-09-24T00:00:00Z,92.42,92.42,0,6.05,86.37,6.05,6.05,NA,Electric sounder measurement,Water level accuracy to nearest tenth of a foot,1,Department of Water Resources,NA,1,Department of Water Resources
34317,394661N1221076W001,2152973,2015-09-17T00:00:00Z,92.42,92.42,0,4.44,87.98,4.44,4.44,NA,Electric sounder measurement,Water level accuracy to nearest tenth of a foot,1,Department of Water Resources,NA,1,Department of Water Resources
34317,394661N1221076W001,2151577,2015-09-10T00:00:00Z,92.42,92.42,0,3.27,89.15,3.27,3.27,NA,Electric sounder measurement,Water level accuracy to nearest tenth of a foot,1,Department of Water Resources,NA,1,Department of Water Resources
34317,394661N1221076W001,2151558,2015-09-02T00:00:00Z,92.42,92.42,0,3.54,88.88,3.54,3.54,NA,Electric sounder measurement,Water level accuracy to nearest tenth of a foot,1,Department of Water Resources,NA,1,Department of Water Resources
34317,394661N1221076W001,2151125,2015-08-26T00:00:00Z,92.42,92.42,0,4.6,87.82,4.6,4.6,NA,Electric sounder measurement,Water level accuracy to nearest tenth of a foot,1,Department of Water Resources,NA,1,Department of Water Resources
34317,394661N1221076W001,2150458,2015-08-18T00:00:00Z,92.42,92.42,0,8.31,84.11,8.31,8.31,NA,Electric sounder measurement,Water level accuracy to nearest tenth of a foot,1,Department of Water Resources,NA,1,Department of Water Resources
34317,394661N1221076W001,2151106,2015-08-13T00:00:00Z,92.42,92.42,0,4.29,88.13,4.29,4.29,NA,Electric sounder measurement,Water level accuracy to nearest tenth of a foot,1,Department of Water Resources,NA,1,Department of Water Resources
34317,394661N1221076W001,2149616,2015-08-03T00:00:00Z,92.42,92.42,0,7.36,85.06,7.36,7.36,NA,Electric sounder measurement,Water level accuracy to nearest hundredth of a foot,1,Department of Water Resources,NA,1,Department of Water Resources
34317,394661N1221076W001,2148105,2015-07-29T00:00:00Z,92.42,92.42,0,8.51,83.91,8.51,8.51,NA,Electric sounder measurement,Water level accuracy to nearest tenth of a foot,1,Department of Water Resources,NA,1,Department of Water Resources
34317,394661N1221076W001,2147479,2015-07-22T00:00:00Z,92.42,92.42,0,9.97,82.45,9.97,9.97,NA,Electric sounder measurement,Water level accuracy to nearest tenth of a foot,1,Department of Water Resources,NA,1,Department of Water Resources
34317,394661N1221076W001,2146045,2015-07-15T00:00:00Z,92.42,92.42,0,11.7,80.72,11.7,11.7,NA,Electric sounder measurement,Water level accuracy to nearest tenth of a foot,1,Department of Water Resources,NA,1,Department of Water Resources
34317,394661N1221076W001,2145009,2015-07-08T00:00:00Z,92.42,92.42,0,29.15,63.27,29.15,29.15,NA,Electric sounder measurement,Water level accuracy to nearest tenth of a foot,1,Department of Water Resources,NA,1,Department of Water Resources
34317,394661N1221076W001,2143579,2015-07-02T00:00:00Z,92.42,92.42,0,35.52,56.9,35.52,35.52,NA,Electric sounder measurement,Water level accuracy to nearest tenth of a foot,1,Department of Water Resources,NA,1,Department of Water Resources
34317,394661N1221076W001,2142993,2015-06-24T00:00:00Z,92.42,92.42,0,35.7,56.72,35.7,35.7,NA,Electric sounder measurement,Water level accuracy to nearest tenth of a foot,1,Department of Water Resources,NA,1,Department of Water Resources
34317,394661N1221076W001,2142654,2015-06-15T00:00:00Z,92.42,92.42,0,15.22,77.2,15.22,15.22,NA,Electric sounder measurement,Water level accuracy to nearest tenth of a foot,1,Department of Water Resources,NA,1,Department of Water Resources
34317,394661N1221076W001,2141205,2015-06-10T00:00:00Z,92.42,92.42,0,11.73,80.69,11.73,11.73,NA,Electric sounder measurement,Water level accuracy to nearest tenth of a foot,1,Department of Water Resources,NA,1,Department of Water Resources
34317,394661N1221076W001,2140618,2015-06-01T00:00:00Z,92.42,92.42,0,12.48,79.94,12.48,12.48,NA,Electric sounder measurement,Water level accuracy to nearest hundredth of a foot,1,Department of Water Resources,NA,1,Department of Water Resources
34317,394661N1221076W001,2140405,2015-05-27T00:00:00Z,92.42,92.42,0,8.57,83.85,8.57,8.57,NA,Electric sounder measurement,Water level accuracy to nearest tenth of a foot,1,Department of Water Resources,NA,1,Department of Water Resources
34317,394661N1221076W001,2140367,2015-05-21T00:00:00Z,92.42,92.42,0,20.03,72.39,20.03,20.03,NA,Electric sounder measurement,Water level accuracy to nearest tenth of a foot,1,Department of Water Resources,NA,1,Department of Water Resources
34317,394661N1221076W001,2138171,2015-05-12T00:00:00Z,92.42,92.42,0,33.45,58.97,33.45,33.45,NA,Electric sounder measurement,Water level accuracy to nearest hundredth of a foot,1,Department of Water Resources,NA,1,Department of Water Resources
34317,394661N1221076W001,2135972,2015-04-21T00:00:00Z,92.42,92.42,0,17.51,74.91,17.51,17.51,NA,Electric sounder measurement,Water level accuracy to nearest tenth of a foot,1,Department of Water Resources,NA,1,Department of Water Resources
34317,394661N1221076W001,2117093,2015-03-16T00:00:00Z,92.42,92.42,0,4.38,88.04,4.38,4.38,NA,Electric sounder measurement,Water level accuracy to nearest hundredth of a foot,1,Department of Water Resources,NA,1,Department of Water Resources
34317,394661N1221076W001,2115017,2015-02-19T00:00:00Z,92.42,92.42,0,1.8,90.62,1.8,1.8,NA,Electric sounder measurement,Water level accuracy to nearest tenth of a foot,1,Department of Water Resources,NA,1,Department of Water Resources
34317,394661N1221076W001,2112797,2015-01-15T00:00:00Z,92.42,92.42,0,4.1,88.32,4.1,4.1,NA,Electric sounder measurement,Water level accuracy to nearest tenth of a foot,1,Department of Water Resources,NA,1,Department of Water Resources
34317,394661N1221076W001,2109451,2014-12-22T00:00:00Z,92.42,92.42,0,3.96,88.46,3.96,3.96,NA,Electric sounder measurement,Water level accuracy to nearest tenth of a foot,1,Department of Water Resources,NA,1,Department of Water Resources
34317,394661N1221076W001,2106789,2014-11-20T00:00:00Z,92.42,92.42,0,11.74,80.68,11.74,11.74,NA,Electric sounder measurement,Water level accuracy to nearest tenth of a foot,1,Department of Water Resources,NA,1,Department of Water Resources
34317,394661N1221076W001,2016550,2014-10-13T00:00:00Z,92.42,92.42,0,11.6,80.82,11.6,11.6,NA,Electric sounder measurement,Water level accuracy to nearest hundredth of a foot,1,Department of Water Resources,NA,1,Department of Water Resources
34317,394661N1221076W001,1993659,2014-08-06T00:00:00Z,92.42,92.42,0,6.78,85.64,6.78,6.78,NA,Electric sounder measurement,Water level accuracy to nearest hundredth of a foot,1,Department of Water Resources,NA,1,Department of Water Resources
34317,394661N1221076W001,1992455,2014-07-17T12:00:00Z,92.42,92.42,6.7,20,79.12,13.3,13.3,NA,Steel tape measurement,Water level accuracy to nearest tenth of a foot,1,Department of Water Resources,NA,1,Department of Water Resources
34317,394661N1221076W001,1991490,2014-06-26T12:00:00Z,92.42,92.42,-0.25,15,77.17,15.25,15.25,NA,Steel tape measurement,Water level accuracy to nearest tenth of a foot,1,Department of Water Resources,NA,1,Department of Water Resources
34317,394661N1221076W001,1879313,2014-03-17T00:00:00Z,92.42,92.42,0,2.81,89.61,2.81,2.81,NA,Electric sounder measurement,Water level accuracy to nearest hundredth of a foot,1,Department of Water Resources,NA,1,Department of Water Resources
34317,394661N1221076W001,1879362,2014-03-17T00:00:00Z,92.42,92.42,0,2.81,89.61,2.81,2.81,NA,Electric sounder measurement,Water level accuracy to nearest hundredth of a foot,1,Department of Water Resources,NA,1,Department of Water Resources
34317,394661N1221076W001,1796336,2013-10-15T00:00:00Z,92.42,92.42,0,7.57,84.85,7.57,7.57,NA,Electric sounder measurement,Water level accuracy to nearest hundredth of a foot,1,Department of Water Resources,NA,1,Department of Water Resources
34317,394661N1221076W001,1738760,2013-07-29T00:00:00Z,92.42,92.42,0,3.22,89.2,3.22,3.22,NA,Electric sounder measurement,Water level accuracy to nearest hundredth of a foot,1,Department of Water Resources,NA,1,Department of Water Resources
34317,394661N1221076W001,1684126,2013-03-18T00:00:00Z,92.42,92.42,0,4.15,88.27,4.15,4.15,NA,Electric sounder measurement,Water level accuracy to nearest hundredth of a foot,1,Department of Water Resources,NA,1,Department of Water Resources
34317,394661N1221076W001,68964,2012-10-16T00:00:00Z,92.42,92.42,0,7.11,85.31,7.11,7.11,NA,Electric sounder measurement,Water level accuracy to nearest hundredth of a foot,1,Department of Water Resources,NA,1,Department of Water Resources
34317,394661N1221076W001,62708,2012-07-31T00:00:00Z,92.42,92.42,0,2.71,89.71,2.71,2.71,NA,Electric sounder measurement,Water level accuracy to nearest hundredth of a foot,1,Department of Water Resources,NA,1,Department of Water Resources
34317,394661N1221076W001,57749,2012-03-27T00:00:00Z,92.42,92.42,0,2.75,89.67,2.75,2.75,NA,Electric sounder measurement,Water level accuracy to nearest hundredth of a foot,1,Department of Water Resources,NA,1,Department of Water Resources
34317,394661N1221076W001,39625,2011-10-11T00:00:00Z,92.42,92.42,0,5.41,87.01,5.41,5.41,NA,Electric sounder measurement,Water level accuracy to nearest hundredth of a foot,1,Department of Water Resources,NA,1,Department of Water Resources
34317,394661N1221076W001,1759823,2011-10-11T00:00:00Z,92.42,92.42,0,5.41,87.01,5.41,5.41,NA,Unknown,Water level accuracy is unknown,1,Department of Water Resources,NA,1,Department of Water Resources
34317,394661N1221076W001,1759822,2011-08-02T00:00:00Z,92.42,92.42,0,3.3,89.12,3.3,3.3,NA,Unknown,Water level accuracy is unknown,1,Department of Water Resources,NA,1,Department of Water Resources
34317,394661N1221076W001,1759821,2011-04-04T00:00:00Z,92.42,92.42,0,1.75,90.67,1.75,1.75,NA,Unknown,Water level accuracy is unknown,1,Department of Water Resources,NA,1,Department of Water Resources
34317,394661N1221076W001,1759820,2010-10-19T00:00:00Z,92.42,92.42,0,8.51,83.91,8.51,8.51,NA,Unknown,Water level accuracy is unknown,1,Department of Water Resources,NA,1,Department of Water Resources
34317,394661N1221076W001,1759819,2010-08-04T00:00:00Z,92.42,92.42,0,2.69,89.73,2.69,2.69,NA,Unknown,Water level accuracy is unknown,1,Department of Water Resources,NA,1,Department of Water Resources
34317,394661N1221076W001,1759818,2010-03-23T00:00:00Z,92.42,92.42,0,3.33,89.09,3.33,3.33,NA,Unknown,Water level accuracy is unknown,1,Department of Water Resources,NA,1,Department of Water Resources
34317,394661N1221076W001,1759817,2009-10-21T00:00:00Z,92.42,92.42,0,7.09,85.33,7.09,7.09,NA,Unknown,Water level accuracy is unknown,1,Department of Water Resources,NA,1,Department of Water Resources
34317,394661N1221076W001,1759816,2009-09-14T00:00:00Z,92.42,92.42,0,2.73,89.69,2.73,2.73,NA,Unknown,Water level accuracy is unknown,1,Department of Water Resources,NA,1,Department of Water Resources
34317,394661N1221076W001,1759815,2009-08-04T00:00:00Z,92.42,92.42,0,4.6,87.82,4.6,4.6,NA,Unknown,Water level accuracy is unknown,1,Department of Water Resources,NA,1,Department of Water Resources
34317,394661N1221076W001,1759814,2009-06-24T00:00:00Z,92.42,92.42,0,7.2,85.22,7.2,7.2,NA,Unknown,Water level accuracy is unknown,1,Department of Water Resources,NA,1,Department of Water Resources
34317,394661N1221076W001,1759813,2009-05-12T00:00:00Z,92.42,92.42,0,6.9,85.52,6.9,6.9,NA,Unknown,Water level accuracy is unknown,1,Department of Water Resources,NA,1,Department of Water Resources
34317,394661N1221076W001,1759812,2009-03-26T00:00:00Z,92.42,92.42,0,3.6,88.82,3.6,3.6,NA,Unknown,Water level accuracy is unknown,1,Department of Water Resources,NA,1,Department of Water Resources
34317,394661N1221076W001,1759811,2009-01-13T00:00:00Z,92.42,92.42,0,7.6,84.82,7.6,7.6,NA,Unknown,Water level accuracy is unknown,1,Department of Water Resources,NA,1,Department of Water Resources
34317,394661N1221076W001,1759810,2008-10-20T00:00:00Z,92.42,92.42,0,6.6,85.82,6.6,6.6,NA,Unknown,Water level accuracy is unknown,1,Department of Water Resources,NA,1,Department of Water Resources
34317,394661N1221076W001,1759809,2008-08-05T00:00:00Z,92.42,92.42,0,4.5,87.92,4.5,4.5,NA,Unknown,Water level accuracy is unknown,1,Department of Water Resources,NA,1,Department of Water Resources
34317,394661N1221076W001,1759808,2008-03-11T00:00:00Z,92.42,92.42,0,2.3,90.12,2.3,2.3,NA,Unknown,Water level accuracy is unknown,1,Department of Water Resources,NA,1,Department of Water Resources
34317,394661N1221076W001,1759807,2007-10-15T00:00:00Z,92.42,92.42,0,6.9,85.52,6.9,6.9,NA,Unknown,Water level accuracy is unknown,1,Department of Water Resources,NA,1,Department of Water Resources
34317,394661N1221076W001,1759806,2007-08-07T00:00:00Z,92.42,92.42,0,4.2,88.22,4.2,4.2,NA,Unknown,Water level accuracy is unknown,1,Department of Water Resources,NA,1,Department of Water Resources
34317,394661N1221076W001,1759805,2007-03-21T00:00:00Z,92.42,92.42,0,3.9,88.52,3.9,3.9,NA,Unknown,Water level accuracy is unknown,1,Department of Water Resources,NA,1,Department of Water Resources
34317,394661N1221076W001,1759804,2006-10-11T00:00:00Z,92.42,92.42,0,6.2,86.22,6.2,6.2,NA,Unknown,Water level accuracy is unknown,1,Department of Water Resources,NA,1,Department of Water Resources
34317,394661N1221076W001,1759803,2006-07-31T00:00:00Z,92.42,92.42,0,9.6,82.82,9.6,9.6,NA,Unknown,Water level accuracy is unknown,1,Department of Water Resources,NA,1,Department of Water Resources
34317,394661N1221076W001,1759802,2006-05-17T00:00:00Z,92.42,92.42,0,5.7,86.72,5.7,5.7,NA,Unknown,Water level accuracy is unknown,1,Department of Water Resources,NA,1,Department of Water Resources
34317,394661N1221076W001,1759801,2006-03-28T00:00:00Z,92.42,92.42,0,1.5,90.92,1.5,1.5,NA,Unknown,Water level accuracy is unknown,1,Department of Water Resources,NA,1,Department of Water Resources
34317,394661N1221076W001,1759800,2005-10-18T00:00:00Z,92.42,92.42,0,7.7,84.72,7.7,7.7,NA,Unknown,Water level accuracy is unknown,1,Department of Water Resources,NA,1,Department of Water Resources
34317,394661N1221076W001,1759799,2005-09-27T00:00:00Z,92.42,92.42,0,5.9,86.52,5.9,5.9,NA,Unknown,Water level accuracy is unknown,1,Department of Water Resources,NA,1,Department of Water Resources
34317,394661N1221076W001,1759798,2005-08-23T00:00:00Z,92.42,92.42,0,3.5,88.92,3.5,3.5,NA,Unknown,Water level accuracy is unknown,1,Department of Water Resources,NA,1,Department of Water Resources
34317,394661N1221076W001,1759797,2005-07-26T00:00:00Z,92.42,92.42,0,3.9,88.52,3.9,3.9,NA,Unknown,Water level accuracy is unknown,1,Department of Water Resources,NA,1,Department of Water Resources
34317,394661N1221076W001,1759796,2005-06-21T00:00:00Z,92.42,92.42,0,5.9,86.52,5.9,5.9,NA,Unknown,Water level accuracy is unknown,1,Department of Water Resources,NA,1,Department of Water Resources
34317,394661N1221076W001,1759795,2005-05-24T00:00:00Z,92.42,92.42,0,2.2,90.22,2.2,2.2,NA,Unknown,Water level accuracy is unknown,1,Department of Water Resources,NA,1,Department of Water Resources
34317,394661N1221076W001,1759794,2005-04-27T00:00:00Z,92.42,92.42,0,3.6,88.82,3.6,3.6,NA,Unknown,Water level accuracy is unknown,1,Department of Water Resources,NA,1,Department of Water Resources
34317,394661N1221076W001,1759793,2005-03-30T00:00:00Z,92.42,92.42,0,2.2,90.22,2.2,2.2,NA,Unknown,Water level accuracy is unknown,1,Department of Water Resources,NA,1,Department of Water Resources
34317,394661N1221076W001,1759792,2004-11-17T00:00:00Z,92.42,92.42,0,2.6,89.82,2.6,2.6,NA,Unknown,Water level accuracy is unknown,1,Department of Water Resources,NA,1,Department of Water Resources
34317,394661N1221076W001,1759791,2004-10-19T00:00:00Z,92.42,92.42,0,6.2,86.22,6.2,6.2,NA,Unknown,Water level accuracy is unknown,1,Department of Water Resources,NA,1,Department of Water Resources
34317,394661N1221076W001,1759790,2004-09-21T00:00:00Z,92.42,92.42,0,5.6,86.82,5.6,5.6,NA,Unknown,Water level accuracy is unknown,1,Department of Water Resources,NA,1,Department of Water Resources
34317,394661N1221076W001,1759789,2004-08-23T00:00:00Z,92.42,92.42,0,2.7,89.72,2.7,2.7,NA,Unknown,Water level accuracy is unknown,1,Department of Water Resources,NA,1,Department of Water Resources
34317,394661N1221076W001,1759788,2004-07-28T00:00:00Z,92.42,92.42,0,3.5,88.92,3.5,3.5,NA,Unknown,Water level accuracy is unknown,1,Department of Water Resources,NA,1,Department of Water Resources
34317,394661N1221076W001,1759787,2004-06-23T00:00:00Z,92.42,92.42,0,4,88.42,4,4,NA,Unknown,Water level accuracy is unknown,1,Department of Water Resources,NA,1,Department of Water Resources
34317,394661N1221076W001,1759786,2004-05-25T00:00:00Z,92.42,92.42,0,3.1,89.32,3.1,3.1,NA,Unknown,Water level accuracy is unknown,1,Department of Water Resources,NA,1,Department of Water Resources
34317,394661N1221076W001,1759785,2004-04-29T00:00:00Z,92.42,92.42,0,4,88.42,4,4,NA,Unknown,Water level accuracy is unknown,1,Department of Water Resources,NA,1,Department of Water Resources
34317,394661N1221076W001,1759784,2004-04-01T00:00:00Z,92.42,92.42,0,3.4,89.02,3.4,3.4,NA,Unknown,Water level accuracy is unknown,1,Department of Water Resources,NA,1,Department of Water Resources
34317,394661N1221076W001,1759783,2003-11-18T00:00:00Z,92.42,92.42,0,2.9,89.52,2.9,2.9,NA,Unknown,Water level accuracy is unknown,1,Department of Water Resources,NA,1,Department of Water Resources
34317,394661N1221076W001,1759782,2003-10-14T00:00:00Z,92.42,92.42,0,6.9,85.52,6.9,6.9,NA,Unknown,Water level accuracy is unknown,1,Department of Water Resources,NA,1,Department of Water Resources
34317,394661N1221076W001,1759781,2003-09-17T00:00:00Z,92.42,92.42,0,4.4,88.02,4.4,4.4,NA,Unknown,Water level accuracy is unknown,1,Department of Water Resources,NA,1,Department of Water Resources
34317,394661N1221076W001,1759780,2003-08-29T00:00:00Z,92.42,92.42,0,2.8,89.62,2.8,2.8,NA,Unknown,Water level accuracy is unknown,1,Department of Water Resources,NA,1,Department of Water Resources
34317,394661N1221076W001,1759779,2003-07-29T00:00:00Z,92.42,92.42,0,3.5,88.92,3.5,3.5,NA,Unknown,Water level accuracy is unknown,1,Department of Water Resources,NA,1,Department of Water Resources
34317,394661N1221076W001,1759778,2003-06-19T00:00:00Z,92.42,92.42,0,3.2,89.22,3.2,3.2,NA,Unknown,Water level accuracy is unknown,1,Department of Water Resources,NA,1,Department of Water Resources
34317,394661N1221076W001,1759777,2003-05-19T00:00:00Z,92.42,92.42,0,5.3,87.12,5.3,5.3,NA,Unknown,Water level accuracy is unknown,1,Department of Water Resources,NA,1,Department of Water Resources
34317,394661N1221076W001,1759776,2003-04-10T00:00:00Z,92.42,92.42,0,3.8,88.62,3.8,3.8,NA,Unknown,Water level accuracy is unknown,1,Department of Water Resources,NA,1,Department of Water Resources
34317,394661N1221076W001,1759775,2003-03-11T00:00:00Z,92.42,92.42,0,2.8,89.62,2.8,2.8,NA,Unknown,Water level accuracy is unknown,1,Department of Water Resources,NA,1,Department of Water Resources
34317,394661N1221076W001,1759774,2002-11-22T00:00:00Z,92.42,92.42,0,3.2,89.22,3.2,3.2,NA,Unknown,Water level accuracy is unknown,1,Department of Water Resources,NA,1,Department of Water Resources
34317,394661N1221076W001,1759773,2002-10-15T00:00:00Z,92.42,92.42,0,7,85.42,7,7,Pumped recently,Unknown,Water level accuracy is unknown,1,Department of Water Resources,NA,1,Department of Water Resources
34317,394661N1221076W001,1759772,2002-09-25T00:00:00Z,92.42,92.42,0,5.2,87.22,5.2,5.2,NA,Unknown,Water level accuracy is unknown,1,Department of Water Resources,NA,1,Department of Water Resources
34317,394661N1221076W001,1759771,2002-08-19T00:00:00Z,92.42,92.42,0,1.9,90.52,1.9,1.9,NA,Unknown,Water level accuracy is unknown,1,Department of Water Resources,NA,1,Department of Water Resources
34317,394661N1221076W001,1759770,2002-07-23T00:00:00Z,92.42,92.42,0,2.5,89.92,2.5,2.5,NA,Unknown,Water level accuracy is unknown,1,Department of Water Resources,NA,1,Department of Water Resources
34317,394661N1221076W001,1759769,2002-06-25T00:00:00Z,92.42,92.42,0,3.4,89.02,3.4,3.4,NA,Unknown,Water level accuracy is unknown,1,Department of Water Resources,NA,1,Department of Water Resources
34317,394661N1221076W001,1759768,2002-05-22T00:00:00Z,92.42,92.42,0,1.2,91.22,1.2,1.2,NA,Unknown,Water level accuracy is unknown,1,Department of Water Resources,NA,1,Department of Water Resources
34317,394661N1221076W001,1759767,2002-04-24T00:00:00Z,92.42,92.42,0,5,87.42,5,5,NA,Unknown,Water level accuracy is unknown,1,Department of Water Resources,NA,1,Department of Water Resources
34317,394661N1221076W001,1759766,2002-03-19T00:00:00Z,92.42,92.42,0,4,88.42,4,4,NA,Unknown,Water level accuracy is unknown,1,Department of Water Resources,NA,1,Department of Water Resources
34317,394661N1221076W001,1759765,2001-11-09T00:00:00Z,92.42,92.42,0,2.9,89.52,2.9,2.9,NA,Unknown,Water level accuracy is unknown,1,Department of Water Resources,NA,1,Department of Water Resources
34317,394661N1221076W001,1759764,2001-10-11T00:00:00Z,92.42,92.42,0,7,85.42,7,7,NA,Unknown,Water level accuracy is unknown,1,Department of Water Resources,NA,1,Department of Water Resources
34317,394661N1221076W001,1759763,2001-09-04T00:00:00Z,92.42,92.42,0,2.9,89.52,2.9,2.9,NA,Unknown,Water level accuracy is unknown,1,Department of Water Resources,NA,1,Department of Water Resources
34317,394661N1221076W001,1759762,2001-08-15T00:00:00Z,92.42,92.42,0,4,88.42,4,4,NA,Unknown,Water level accuracy is unknown,1,Department of Water Resources,NA,1,Department of Water Resources
34317,394661N1221076W001,1759761,2001-07-31T00:00:00Z,92.42,92.42,0,6,86.42,6,6,NA,Unknown,Water level accuracy is unknown,1,Department of Water Resources,NA,1,Department of Water Resources
34317,394661N1221076W001,1759760,2001-07-19T00:00:00Z,92.42,92.42,0,7.2,85.22,7.2,7.2,NA,Unknown,Water level accuracy is unknown,1,Department of Water Resources,NA,1,Department of Water Resources
34317,394661N1221076W001,1759759,2001-03-20T00:00:00Z,92.42,92.42,0,2,90.42,2,2,NA,Unknown,Water level accuracy is unknown,1,Department of Water Resources,NA,1,Department of Water Resources
34317,394661N1221076W001,1759758,2000-10-04T00:00:00Z,92.42,92.42,0,6.8,85.62,6.8,6.8,NA,Unknown,Water level accuracy is unknown,1,Department of Water Resources,NA,1,Department of Water Resources
34317,394661N1221076W001,1759757,2000-03-23T00:00:00Z,92.42,92.42,0,2.6,89.82,2.6,2.6,NA,Unknown,Water level accuracy is unknown,1,Department of Water Resources,NA,1,Department of Water Resources
34317,394661N1221076W001,1759755,1999-10-05T00:00:00Z,92.42,92.42,0,5.8,86.62,5.8,5.8,NA,Unknown,Water level accuracy is unknown,1,Department of Water Resources,NA,1,Department of Water Resources
34317,394661N1221076W001,1759756,1999-03-11T00:00:00Z,92.42,92.42,0,2.4,90.02,2.4,2.4,NA,Unknown,Water level accuracy is unknown,1,Department of Water Resources,NA,1,Department of Water Resources
34317,394661N1221076W001,1759753,1998-10-08T00:00:00Z,92.42,92.42,0,5.8,86.62,5.8,5.8,NA,Unknown,Water level accuracy is unknown,1,Department of Water Resources,NA,1,Department of Water Resources
34317,394661N1221076W001,1759754,1998-03-11T00:00:00Z,92.42,92.42,0,1,91.42,1,1,NA,Unknown,Water level accuracy is unknown,1,Department of Water Resources,NA,1,Department of Water Resources
34317,394661N1221076W001,1759752,1997-10-07T00:00:00Z,92.42,92.42,0,6.2,86.22,6.2,6.2,NA,Unknown,Water level accuracy is unknown,1,Department of Water Resources,NA,1,Department of Water Resources
34317,394661N1221076W001,1759751,1997-03-04T00:00:00Z,92.42,92.42,0,3.8,88.62,3.8,3.8,NA,Unknown,Water level accuracy is unknown,1,Department of Water Resources,NA,1,Department of Water Resources
34317,394661N1221076W001,1759750,1996-10-08T00:00:00Z,92.42,92.42,0,7,85.42,7,7,NA,Unknown,Water level accuracy is unknown,1,Department of Water Resources,NA,1,Department of Water Resources
34317,394661N1221076W001,1759749,1996-03-27T00:00:00Z,92.42,92.42,0,2.8,89.62,2.8,2.8,NA,Unknown,Water level accuracy is unknown,1,Department of Water Resources,NA,1,Department of Water Resources
34317,394661N1221076W001,1759748,1995-10-03T00:00:00Z,92.92,92.42,0,3.6,89.32,3.6,3.1,NA,Unknown,Water level accuracy is unknown,1,Department of Water Resources,NA,1,Department of Water Resources
34317,394661N1221076W001,1759747,1995-04-18T00:00:00Z,92.92,92.42,0,3.6,89.32,3.6,3.1,NA,Unknown,Water level accuracy is unknown,1,Department of Water Resources,NA,1,Department of Water Resources
34317,394661N1221076W001,1759746,1995-03-07T00:00:00Z,92.92,92.42,0,3.9,89.02,3.9,3.4,NA,Unknown,Water level accuracy is unknown,1,Department of Water Resources,NA,1,Department of Water Resources
34317,394661N1221076W001,1759745,1994-10-18T00:00:00Z,92.92,92.42,0,10.9,82.02,10.9,10.4,NA,Unknown,Water level accuracy is unknown,1,Department of Water Resources,NA,1,Department of Water Resources
34317,394661N1221076W001,1759744,1994-03-15T00:00:00Z,92.92,92.42,0,3.2,89.72,3.2,2.7,NA,Unknown,Water level accuracy is unknown,1,Department of Water Resources,NA,1,Department of Water Resources
34317,394661N1221076W001,1759743,1993-10-05T00:00:00Z,92.92,92.42,0,5,87.92,5,4.5,NA,Unknown,Water level accuracy is unknown,1,Department of Water Resources,NA,1,Department of Water Resources
34317,394661N1221076W001,1759742,1993-03-16T00:00:00Z,92.92,92.42,0,2.3,90.62,2.3,1.8,NA,Unknown,Water level accuracy is unknown,1,Department of Water Resources,NA,1,Department of Water Resources
34317,394661N1221076W001,1759741,1992-10-06T00:00:00Z,92.92,92.42,0,10.2,82.72,10.2,9.7,NA,Unknown,Water level accuracy is unknown,1,Department of Water Resources,NA,1,Department of Water Resources
34317,394661N1221076W001,1759740,1992-03-04T00:00:00Z,92.92,92.42,0,2.3,90.62,2.3,1.8,NA,Unknown,Water level accuracy is unknown,1,Department of Water Resources,NA,308,County of Glenn
34317,394661N1221076W001,1759739,1991-12-16T00:00:00Z,92.92,92.42,0,5.5,87.42,5.5,5,NA,Unknown,Water level accuracy is unknown,1,Department of Water Resources,NA,308,County of Glenn
34317,394661N1221076W001,1759738,1991-11-13T00:00:00Z,92.92,92.42,0,5.4,87.52,5.4,4.9,NA,Unknown,Water level accuracy is unknown,1,Department of Water Resources,NA,308,County of Glenn
34317,394661N1221076W001,1759737,1991-10-01T00:00:00Z,92.92,92.42,0,3.3,89.62,3.3,2.8,NA,Unknown,Water level accuracy is unknown,1,Department of Water Resources,NA,308,County of Glenn
34317,394661N1221076W001,1759736,1991-09-12T00:00:00Z,92.92,92.42,0,4,88.92,4,3.5,Pumped recently,Unknown,Water level accuracy is unknown,1,Department of Water Resources,NA,308,County of Glenn
34317,394661N1221076W001,1759735,1991-08-08T00:00:00Z,92.92,92.42,0,9.7,83.22,9.7,9.2,NA,Unknown,Water level accuracy is unknown,1,Department of Water Resources,NA,308,County of Glenn
34317,394661N1221076W001,1759734,1991-07-09T00:00:00Z,92.92,92.42,0,15.4,77.52,15.4,14.9,Pumped recently,Unknown,Water level accuracy is unknown,1,Department of Water Resources,NA,308,County of Glenn
34317,394661N1221076W001,1759733,1991-06-11T00:00:00Z,92.92,92.42,0,15.4,77.52,15.4,14.9,Pumping,Unknown,Water level accuracy is unknown,1,Department of Water Resources,NA,308,County of Glenn
34317,394661N1221076W001,1759732,1991-03-12T00:00:00Z,92.92,92.42,0,3,89.92,3,2.5,NA,Unknown,Water level accuracy is unknown,1,Department of Water Resources,NA,308,County of Glenn
34317,394661N1221076W001,1759731,1990-10-12T00:00:00Z,92.92,92.42,0,7.8,85.12,7.8,7.3,NA,Unknown,Water level accuracy is unknown,1,Department of Water Resources,NA,308,County of Glenn
34317,394661N1221076W001,1759730,1990-03-13T00:00:00Z,92.92,92.42,0,4.4,88.52,4.4,3.9,NA,Unknown,Water level accuracy is unknown,1,Department of Water Resources,NA,308,County of Glenn
34317,394661N1221076W001,1759729,1989-10-17T00:00:00Z,92.92,92.42,0,5,87.92,5,4.5,NA,Unknown,Water level accuracy is unknown,1,Department of Water Resources,NA,308,County of Glenn
34317,394661N1221076W001,1759728,1989-03-08T00:00:00Z,93.42,92.42,0,4.1,89.32,4.1,3.1,NA,Unknown,Water level accuracy is unknown,1,Department of Water Resources,NA,308,County of Glenn
34317,394661N1221076W001,1759727,1988-11-09T00:00:00Z,93.42,92.42,0,4.7,88.72,4.7,3.7,NA,Unknown,Water level accuracy is unknown,1,Department of Water Resources,NA,308,County of Glenn
34317,394661N1221076W001,1759726,1988-03-09T00:00:00Z,93.42,92.42,0,4.6,88.82,4.6,3.6,NA,Unknown,Water level accuracy is unknown,1,Department of Water Resources,NA,308,County of Glenn
34317,394661N1221076W001,1759725,1987-10-13T00:00:00Z,93.42,92.42,0,6.2,87.22,6.2,5.2,NA,Unknown,Water level accuracy is unknown,1,Department of Water Resources,NA,308,County of Glenn
34317,394661N1221076W001,1759724,1987-04-18T00:00:00Z,93.42,92.42,0,4.4,89.02,4.4,3.4,NA,Unknown,Water level accuracy is unknown,1,Department of Water Resources,NA,308,County of Glenn
34317,394661N1221076W001,1759723,1986-10-06T00:00:00Z,93.42,92.42,0,4.3,89.12,4.3,3.3,NA,Unknown,Water level accuracy is unknown,1,Department of Water Resources,NA,308,County of Glenn
34317,394661N1221076W001,1759722,1986-03-14T00:00:00Z,93.42,92.42,0,1,92.42,1,0,NA,Unknown,Water level accuracy is unknown,1,Department of Water Resources,NA,308,County of Glenn
34317,394661N1221076W001,1759721,1985-09-30T00:00:00Z,93.42,92.42,0,4.1,89.32,4.1,3.1,NA,Unknown,Water level accuracy is unknown,1,Department of Water Resources,NA,308,County of Glenn
34317,394661N1221076W001,1759720,1985-03-08T00:00:00Z,93.42,92.42,0,4.7,88.72,4.7,3.7,NA,Unknown,Water level accuracy is unknown,1,Department of Water Resources,NA,308,County of Glenn
34317,394661N1221076W001,1759719,1984-10-09T00:00:00Z,93.42,92.42,0,5.5,87.92,5.5,4.5,NA,Unknown,Water level accuracy is unknown,1,Department of Water Resources,NA,308,County of Glenn
34317,394661N1221076W001,1759718,1984-03-09T00:00:00Z,93.42,92.42,0,4.5,88.92,4.5,3.5,NA,Unknown,Water level accuracy is unknown,1,Department of Water Resources,NA,308,County of Glenn
34317,394661N1221076W001,1759717,1983-10-10T00:00:00Z,93.42,92.42,0,3.9,89.52,3.9,2.9,NA,Unknown,Water level accuracy is unknown,1,Department of Water Resources,NA,308,County of Glenn
34317,394661N1221076W001,1759716,1983-04-04T00:00:00Z,93.42,92.42,0,1.6,91.82,1.6,0.6,NA,Unknown,Water level accuracy is unknown,1,Department of Water Resources,NA,308,County of Glenn
34317,394661N1221076W001,1759715,1982-10-06T00:00:00Z,93.42,92.42,0,4.3,89.12,4.3,3.3,NA,Unknown,Water level accuracy is unknown,1,Department of Water Resources,NA,308,County of Glenn
34317,394661N1221076W001,1759714,1982-10-05T00:00:00Z,93.42,92.42,NA,NA,NA,NA,NA,Temporarily inaccessible,NA,NA,1,Department of Water Resources,NA,308,County of Glenn
34317,394661N1221076W001,1759713,1982-03-12T00:00:00Z,93.42,92.42,0,3.1,90.32,3.1,2.1,NA,Unknown,Water level accuracy is unknown,1,Department of Water Resources,NA,308,County of Glenn
34317,394661N1221076W001,1759712,1981-10-13T00:00:00Z,93.42,92.42,0,4.2,89.22,4.2,3.2,NA,Unknown,Water level accuracy is unknown,1,Department of Water Resources,NA,308,County of Glenn
34317,394661N1221076W001,1759711,1981-03-05T00:00:00Z,93.42,92.42,0,3.3,90.12,3.3,2.3,NA,Unknown,Water level accuracy is unknown,1,Department of Water Resources,NA,308,County of Glenn
34317,394661N1221076W001,1759710,1980-10-20T00:00:00Z,93.42,92.42,0,7.2,86.22,7.2,6.2,NA,Unknown,Water level accuracy is unknown,1,Department of Water Resources,NA,308,County of Glenn
34317,394661N1221076W001,1759709,1980-03-19T00:00:00Z,93.42,92.42,0,2.7,90.72,2.7,1.7,NA,Unknown,Water level accuracy is unknown,1,Department of Water Resources,NA,308,County of Glenn
34317,394661N1221076W001,1759708,1979-10-29T00:00:00Z,93.42,92.42,0,7.1,86.32,7.1,6.1,NA,Unknown,Water level accuracy is unknown,1,Department of Water Resources,NA,308,County of Glenn
34317,394661N1221076W001,1759707,1979-03-14T00:00:00Z,93.42,92.42,0,8.8,84.62,8.8,7.8,NA,Unknown,Water level accuracy is unknown,1,Department of Water Resources,NA,308,County of Glenn
34317,394661N1221076W001,1759706,1978-10-31T00:00:00Z,93.42,92.42,0,6.1,87.32,6.1,5.1,NA,Unknown,Water level accuracy is unknown,1,Department of Water Resources,NA,308,County of Glenn
34317,394661N1221076W001,1759705,1978-03-17T00:00:00Z,93.42,92.42,0,1.7,91.72,1.7,0.7,NA,Unknown,Water level accuracy is unknown,1,Department of Water Resources,NA,308,County of Glenn
34317,394661N1221076W001,1759704,1977-11-02T00:00:00Z,93.42,92.42,0,5.6,87.82,5.6,4.6,NA,Unknown,Water level accuracy is unknown,1,Department of Water Resources,NA,308,County of Glenn
34317,394661N1221076W001,1759703,1977-03-02T00:00:00Z,93.42,92.42,0,5.8,87.62,5.8,4.8,NA,Unknown,Water level accuracy is unknown,1,Department of Water Resources,NA,308,County of Glenn
34317,394661N1221076W001,1759702,1976-11-03T00:00:00Z,93.42,92.42,0,6,87.42,6,5,NA,Unknown,Water level accuracy is unknown,1,Department of Water Resources,NA,308,County of Glenn
34317,394661N1221076W001,1759701,1976-03-10T00:00:00Z,93.42,92.42,0,5.8,87.62,5.8,4.8,NA,Unknown,Water level accuracy is unknown,1,Department of Water Resources,NA,308,County of Glenn
34317,394661N1221076W001,1759700,1975-10-29T00:00:00Z,93.42,92.42,0,4.6,88.82,4.6,3.6,NA,Unknown,Water level accuracy is unknown,1,Department of Water Resources,NA,308,County of Glenn
34317,394661N1221076W001,1759699,1975-03-27T00:00:00Z,93.42,92.42,0,2.4,91.02,2.4,1.4,NA,Unknown,Water level accuracy is unknown,1,Department of Water Resources,NA,308,County of Glenn
34317,394661N1221076W001,1759698,1974-11-13T00:00:00Z,93.42,92.42,0,5.4,88.02,5.4,4.4,NA,Unknown,Water level accuracy is unknown,1,Department of Water Resources,NA,308,County of Glenn
34317,394661N1221076W001,1759697,1974-03-20T00:00:00Z,93.42,92.42,0,3.9,89.52,3.9,2.9,NA,Unknown,Water level accuracy is unknown,1,Department of Water Resources,NA,308,County of Glenn
34317,394661N1221076W001,1759696,1973-10-10T00:00:00Z,93.42,92.42,0,3.7,89.72,3.7,2.7,NA,Unknown,Water level accuracy is unknown,1,Department of Water Resources,NA,308,County of Glenn
34317,394661N1221076W001,1759695,1973-03-31T00:00:00Z,93.42,92.42,0,2.8,90.62,2.8,1.8,NA,Unknown,Water level accuracy is unknown,1,Department of Water Resources,NA,308,County of Glenn
34317,394661N1221076W001,1759694,1972-10-23T00:00:00Z,93.42,92.42,0,4.7,88.72,4.7,3.7,NA,Unknown,Water level accuracy is unknown,1,Department of Water Resources,NA,308,County of Glenn
34317,394661N1221076W001,1759693,1972-02-29T00:00:00Z,93.42,92.42,0,5.5,87.92,5.5,4.5,NA,Unknown,Water level accuracy is unknown,1,Department of Water Resources,NA,308,County of Glenn
34317,394661N1221076W001,1759692,1971-11-01T00:00:00Z,93.42,92.42,0,5.1,88.32,5.1,4.1,NA,Unknown,Water level accuracy is unknown,1,Department of Water Resources,NA,308,County of Glenn
34317,394661N1221076W001,1759691,1971-03-02T00:00:00Z,93.42,92.42,0,4.9,88.52,4.9,3.9,NA,Unknown,Water level accuracy is unknown,1,Department of Water Resources,NA,308,County of Glenn
34317,394661N1221076W001,1759690,1970-10-28T00:00:00Z,93.42,92.42,0,5.8,87.62,5.8,4.8,NA,Unknown,Water level accuracy is unknown,1,Department of Water Resources,NA,308,County of Glenn
34317,394661N1221076W001,1759689,1970-03-18T00:00:00Z,93.42,92.42,0,3.4,90.02,3.4,2.4,NA,Unknown,Water level accuracy is unknown,1,Department of Water Resources,NA,308,County of Glenn
34317,394661N1221076W001,1759688,1969-11-05T00:00:00Z,93.42,92.42,0,5.1,88.32,5.1,4.1,NA,Unknown,Water level accuracy is unknown,1,Department of Water Resources,NA,308,County of Glenn
34317,394661N1221076W001,1759687,1969-03-27T00:00:00Z,93.42,92.42,0,3.2,90.22,3.2,2.2,NA,Unknown,Water level accuracy is unknown,1,Department of Water Resources,NA,308,County of Glenn
34317,394661N1221076W001,1759686,1968-10-16T00:00:00Z,93.42,92.42,0,5.3,88.12,5.3,4.3,NA,Unknown,Water level accuracy is unknown,1,Department of Water Resources,NA,308,County of Glenn
34317,394661N1221076W001,1759685,1968-03-09T00:00:00Z,93.42,92.42,0,3.2,90.22,3.2,2.2,NA,Unknown,Water level accuracy is unknown,1,Department of Water Resources,NA,308,County of Glenn
34317,394661N1221076W001,1759684,1967-10-10T00:00:00Z,93.42,92.42,0,5,88.42,5,4,NA,Unknown,Water level accuracy is unknown,1,Department of Water Resources,NA,308,County of Glenn
34317,394661N1221076W001,1759683,1967-03-15T00:00:00Z,93.42,92.42,0,4.8,88.62,4.8,3.8,NA,Unknown,Water level accuracy is unknown,1,Department of Water Resources,NA,308,County of Glenn
34317,394661N1221076W001,1759682,1966-10-19T00:00:00Z,93.42,92.42,0,5.4,88.02,5.4,4.4,NA,Unknown,Water level accuracy is unknown,1,Department of Water Resources,NA,308,County of Glenn
34317,394661N1221076W001,1759681,1966-03-15T00:00:00Z,93.42,92.42,0,4.3,89.12,4.3,3.3,NA,Unknown,Water level accuracy is unknown,1,Department of Water Resources,NA,308,County of Glenn
34317,394661N1221076W001,1759680,1965-10-13T00:00:00Z,93.42,92.42,0,4.5,88.92,4.5,3.5,NA,Unknown,Water level accuracy is unknown,1,Department of Water Resources,NA,308,County of Glenn
34317,394661N1221076W001,1759679,1965-03-16T00:00:00Z,93.42,92.42,0,3,90.42,3,2,NA,Unknown,Water level accuracy is unknown,1,Department of Water Resources,NA,308,County of Glenn
34317,394661N1221076W001,1759678,1964-10-13T00:00:00Z,93.42,92.42,0,4.6,88.82,4.6,3.6,NA,Unknown,Water level accuracy is unknown,1,Department of Water Resources,NA,308,County of Glenn
34317,394661N1221076W001,1759677,1964-03-16T00:00:00Z,93.42,92.42,0,6.4,87.02,6.4,5.4,NA,Unknown,Water level accuracy is unknown,1,Department of Water Resources,NA,308,County of Glenn
34317,394661N1221076W001,1759676,1963-10-10T00:00:00Z,93.42,92.42,0,5,88.42,5,4,NA,Unknown,Water level accuracy is unknown,1,Department of Water Resources,NA,308,County of Glenn
34317,394661N1221076W001,1759675,1963-03-22T00:00:00Z,93.42,92.42,0,5.2,88.22,5.2,4.2,NA,Unknown,Water level accuracy is unknown,1,Department of Water Resources,NA,308,County of Glenn
34317,394661N1221076W001,1759674,1962-10-20T00:00:00Z,93.42,92.42,0,4,89.42,4,3,NA,Unknown,Water level accuracy is unknown,1,Department of Water Resources,NA,308,County of Glenn
34317,394661N1221076W001,1759673,1962-03-26T00:00:00Z,93.42,92.42,0,3.9,89.52,3.9,2.9,NA,Unknown,Water level accuracy is unknown,1,Department of Water Resources,NA,308,County of Glenn
34317,394661N1221076W001,1759672,1961-10-09T00:00:00Z,93.42,92.42,0,5.8,87.62,5.8,4.8,NA,Unknown,Water level accuracy is unknown,1,Department of Water Resources,NA,308,County of Glenn
34317,394661N1221076W001,1759671,1961-03-10T00:00:00Z,93.42,92.42,0,4,89.42,4,3,NA,Unknown,Water level accuracy is unknown,1,Department of Water Resources,NA,308,County of Glenn
34317,394661N1221076W001,1759670,1960-10-10T00:00:00Z,93.42,92.42,0,5.7,87.72,5.7,4.7,NA,Unknown,Water level accuracy is unknown,1,Department of Water Resources,NA,308,County of Glenn
34317,394661N1221076W001,1759669,1960-03-15T00:00:00Z,93.42,92.42,0,3.7,89.72,3.7,2.7,NA,Unknown,Water level accuracy is unknown,1,Department of Water Resources,NA,308,County of Glenn
34317,394661N1221076W001,1759668,1959-10-16T00:00:00Z,93.42,92.42,0,4.9,88.52,4.9,3.9,NA,Unknown,Water level accuracy is unknown,1,Department of Water Resources,NA,308,County of Glenn
34317,394661N1221076W001,1759667,1959-03-12T00:00:00Z,93.42,92.42,0,3.9,89.52,3.9,2.9,NA,Unknown,Water level accuracy is unknown,1,Department of Water Resources,NA,308,County of Glenn
34317,394661N1221076W001,1759666,1958-09-30T00:00:00Z,93.42,92.42,0,2,91.42,2,1,NA,Unknown,Water level accuracy is unknown,1,Department of Water Resources,NA,308,County of Glenn
34317,394661N1221076W001,1759665,1958-03-04T00:00:00Z,93.42,92.42,0,1.3,92.12,1.3,0.3,NA,Unknown,Water level accuracy is unknown,1,Department of Water Resources,NA,624,Bureau of Reclamation
34317,394661N1221076W001,1759664,1957-10-04T00:00:00Z,93.42,92.42,0,3.2,90.22,3.2,2.2,NA,Unknown,Water level accuracy is unknown,1,Department of Water Resources,NA,624,Bureau of Reclamation
34317,394661N1221076W001,1759663,1957-03-12T00:00:00Z,93.42,92.42,0,4,89.42,4,3,NA,Unknown,Water level accuracy is unknown,1,Department of Water Resources,NA,624,Bureau of Reclamation
34317,394661N1221076W001,1759662,1956-10-26T00:00:00Z,93.42,92.42,0,5.4,88.02,5.4,4.4,NA,Unknown,Water level accuracy is unknown,1,Department of Water Resources,NA,624,Bureau of Reclamation
34317,394661N1221076W001,1759661,1956-03-30T00:00:00Z,93.42,92.42,0,4.3,89.12,4.3,3.3,NA,Unknown,Water level accuracy is unknown,1,Department of Water Resources,NA,624,Bureau of Reclamation
34317,394661N1221076W001,1759660,1955-10-19T00:00:00Z,93.42,92.42,0,4.1,89.32,4.1,3.1,NA,Unknown,Water level accuracy is unknown,1,Department of Water Resources,NA,624,Bureau of Reclamation
34317,394661N1221076W001,1759659,1955-03-22T00:00:00Z,93.42,92.42,0,5.1,88.32,5.1,4.1,NA,Unknown,Water level accuracy is unknown,1,Department of Water Resources,NA,624,Bureau of Reclamation
34317,394661N1221076W001,1759658,1954-10-26T00:00:00Z,93.42,92.42,0,3.9,89.52,3.9,2.9,NA,Unknown,Water level accuracy is unknown,1,Department of Water Resources,NA,624,Bureau of Reclamation
34317,394661N1221076W001,1759657,1954-04-06T00:00:00Z,93.42,92.42,0,3,90.42,3,2,NA,Unknown,Water level accuracy is unknown,1,Department of Water Resources,NA,624,Bureau of Reclamation
34317,394661N1221076W001,1759656,1953-10-28T00:00:00Z,93.42,92.42,0,4.1,89.32,4.1,3.1,NA,Unknown,Water level accuracy is unknown,1,Department of Water Resources,NA,624,Bureau of Reclamation
34317,394661N1221076W001,1759655,1953-04-20T00:00:00Z,93.42,92.42,0,2.9,90.52,2.9,1.9,NA,Unknown,Water level accuracy is unknown,1,Department of Water Resources,NA,624,Bureau of Reclamation
34317,394661N1221076W001,1759654,1952-09-22T00:00:00Z,93.42,92.42,0,1.5,91.92,1.5,0.5,NA,Unknown,Water level accuracy is unknown,1,Department of Water Resources,NA,624,Bureau of Reclamation
34317,394661N1221076W001,1759653,1952-04-15T00:00:00Z,93.42,92.42,0,4.3,89.12,4.3,3.3,NA,Unknown,Water level accuracy is unknown,1,Department of Water Resources,NA,624,Bureau of Reclamation
34317,394661N1221076W001,1759652,1951-11-15T00:00:00Z,93.42,92.42,0,4.4,89.02,4.4,3.4,NA,Unknown,Water level accuracy is unknown,1,Department of Water Resources,NA,624,Bureau of Reclamation
34317,394661N1221076W001,2217494,1948-07-28T00:00:00Z,93.42,92.42,NA,NA,NA,NA,NA,Special/Other,NA,NA,1,Department of Water Resources,Not measured again until 11/15/1951.,1,Department of Water Resources
34317,394661N1221076W001,1759651,1948-07-27T00:00:00Z,93.42,92.42,0,1.5,91.92,1.5,0.5,NA,Unknown,Water level accuracy is unknown,1,Department of Water Resources,NA,624,Bureau of Reclamation
34317,394661N1221076W001,1759650,1948-02-27T00:00:00Z,93.42,92.42,0,5.3,88.12,5.3,4.3,NA,Unknown,Water level accuracy is unknown,1,Department of Water Resources,NA,624,Bureau of Reclamation
34317,394661N1221076W001,1759649,1947-12-02T00:00:00Z,93.42,92.42,0,4.6,88.82,4.6,3.6,NA,Unknown,Water level accuracy is unknown,1,Department of Water Resources,NA,624,Bureau of Reclamation
34317,394661N1221076W001,1759648,1947-10-26T00:00:00Z,93.42,92.42,0,3.8,89.62,3.8,2.8,NA,Unknown,Water level accuracy is unknown,1,Department of Water Resources,NA,624,Bureau of Reclamation
34317,394661N1221076W001,1759647,1947-08-28T00:00:00Z,93.42,92.42,0,1.2,92.22,1.2,0.2,NA,Unknown,Water level accuracy is unknown,1,Department of Water Resources,NA,624,Bureau of Reclamation
34317,394661N1221076W001,1759646,1947-08-16T00:00:00Z,93.42,92.42,0,2.2,91.22,2.2,1.2,Other,Unknown,Water level accuracy is unknown,1,Department of Water Resources,NA,624,Bureau of Reclamation
34317,394661N1221076W001,1759645,1947-06-04T00:00:00Z,93.42,92.42,0,1.6,91.82,1.6,0.6,Other,Unknown,Water level accuracy is unknown,1,Department of Water Resources,NA,624,Bureau of Reclamation
34317,394661N1221076W001,1759644,1947-04-14T00:00:00Z,93.42,92.42,NA,NA,NA,NA,NA,Can't get tape in casing,NA,NA,1,Department of Water Resources,NA,624,Bureau of Reclamation
34317,394661N1221076W001,1759643,1947-03-25T00:00:00Z,93.42,92.42,0,3.9,89.52,3.9,2.9,NA,Unknown,Water level accuracy is unknown,1,Department of Water Resources,NA,624,Bureau of Reclamation
34317,394661N1221076W001,1759642,1947-02-17T00:00:00Z,93.42,92.42,0,1.9,91.52,1.9,0.9,NA,Unknown,Water level accuracy is unknown,1,Department of Water Resources,NA,624,Bureau of Reclamation
34317,394661N1221076W001,1759641,1947-01-13T00:00:00Z,93.42,92.42,0,3.8,89.62,3.8,2.8,NA,Unknown,Water level accuracy is unknown,1,Department of Water Resources,NA,624,Bureau of Reclamation
34317,394661N1221076W001,1759640,1946-12-24T00:00:00Z,93.42,92.42,0,3.1,90.32,3.1,2.1,NA,Unknown,Water level accuracy is unknown,1,Department of Water Resources,NA,624,Bureau of Reclamation
34317,394661N1221076W001,1759639,1946-11-26T00:00:00Z,93.42,92.42,0,3.1,90.32,3.1,2.1,NA,Unknown,Water level accuracy is unknown,1,Department of Water Resources,NA,624,Bureau of Reclamation
34317,394661N1221076W001,1759638,1946-10-22T00:00:00Z,93.42,92.42,0,3.2,90.22,3.2,2.2,NA,Unknown,Water level accuracy is unknown,1,Department of Water Resources,NA,624,Bureau of Reclamation
34317,394661N1221076W001,1759637,1946-10-02T00:00:00Z,93.42,92.42,0,2.2,91.22,2.2,1.2,NA,Unknown,Water level accuracy is unknown,1,Department of Water Resources,NA,624,Bureau of Reclamation
34317,394661N1221076W001,1759636,1946-09-17T00:00:00Z,93.42,92.42,0,1.4,92.02,1.4,0.4,Other,Unknown,Water level accuracy is unknown,1,Department of Water Resources,NA,624,Bureau of Reclamation
34317,394661N1221076W001,1759635,1946-09-03T00:00:00Z,93.42,92.42,0,2.2,91.22,2.2,1.2,Other,Unknown,Water level accuracy is unknown,1,Department of Water Resources,NA,624,Bureau of Reclamation
34317,394661N1221076W001,1759634,1946-08-06T00:00:00Z,93.42,92.42,0,1.2,92.22,1.2,0.2,Other,Unknown,Water level accuracy is unknown,1,Department of Water Resources,NA,624,Bureau of Reclamation
34317,394661N1221076W001,1759633,1946-07-23T00:00:00Z,93.42,92.42,0,2.5,90.92,2.5,1.5,Other,Unknown,Water level accuracy is unknown,1,Department of Water Resources,NA,624,Bureau of Reclamation
34317,394661N1221076W001,1759632,1946-07-08T00:00:00Z,93.42,92.42,0,2.6,90.82,2.6,1.6,Other,Unknown,Water level accuracy is unknown,1,Department of Water Resources,NA,624,Bureau of Reclamation
34317,394661N1221076W001,1759631,1946-06-20T00:00:00Z,93.42,92.42,0,2.7,90.72,2.7,1.7,Other,Unknown,Water level accuracy is unknown,1,Department of Water Resources,NA,624,Bureau of Reclamation
34317,394661N1221076W001,1759630,1946-06-03T00:00:00Z,93.42,92.42,0,2.4,91.02,2.4,1.4,Other,Unknown,Water level accuracy is unknown,1,Department of Water Resources,NA,624,Bureau of Reclamation
34317,394661N1221076W001,1759629,1946-05-20T00:00:00Z,93.42,92.42,0,2.8,90.62,2.8,1.8,Other,Unknown,Water level accuracy is unknown,1,Department of Water Resources,NA,624,Bureau of Reclamation
34317,394661N1221076W001,1759628,1946-05-06T00:00:00Z,93.42,92.42,0,3,90.42,3,2,Other,Unknown,Water level accuracy is unknown,1,Department of Water Resources,NA,624,Bureau of Reclamation
34317,394661N1221076W001,1759627,1946-04-22T00:00:00Z,93.42,92.42,0,4,89.42,4,3,NA,Unknown,Water level accuracy is unknown,1,Department of Water Resources,NA,624,Bureau of Reclamation
34317,394661N1221076W001,1759626,1946-04-08T00:00:00Z,93.42,92.42,0,4.8,88.62,4.8,3.8,NA,Unknown,Water level accuracy is unknown,1,Department of Water Resources,NA,624,Bureau of Reclamation
34317,394661N1221076W001,1759625,1946-03-25T00:00:00Z,93.42,92.42,0,5.2,88.22,5.2,4.2,NA,Unknown,Water level accuracy is unknown,1,Department of Water Resources,NA,624,Bureau of Reclamation
34317,394661N1221076W001,1759624,1946-03-12T00:00:00Z,93.42,92.42,0,4.8,88.62,4.8,3.8,NA,Unknown,Water level accuracy is unknown,1,Department of Water Resources,NA,624,Bureau of Reclamation
34317,394661N1221076W001,1759623,1946-03-04T00:00:00Z,93.42,92.42,0,4.8,88.62,4.8,3.8,NA,Unknown,Water level accuracy is unknown,1,Department of Water Resources,NA,624,Bureau of Reclamation
34317,394661N1221076W001,1759622,1946-02-25T00:00:00Z,93.42,92.42,0,4.5,88.92,4.5,3.5,NA,Unknown,Water level accuracy is unknown,1,Department of Water Resources,NA,624,Bureau of Reclamation
34317,394661N1221076W001,1759621,1946-02-18T00:00:00Z,93.42,92.42,0,4.4,89.02,4.4,3.4,NA,Unknown,Water level accuracy is unknown,1,Department of Water Resources,NA,624,Bureau of Reclamation
34317,394661N1221076W001,1759620,1946-02-12T00:00:00Z,93.42,92.42,0,4.3,89.12,4.3,3.3,NA,Unknown,Water level accuracy is unknown,1,Department of Water Resources,NA,624,Bureau of Reclamation
34317,394661N1221076W001,1759619,1946-02-04T00:00:00Z,93.42,92.42,0,4,89.42,4,3,NA,Unknown,Water level accuracy is unknown,1,Department of Water Resources,NA,624,Bureau of Reclamation
34317,394661N1221076W001,1759618,1946-01-29T00:00:00Z,93.42,92.42,0,3.7,89.72,3.7,2.7,NA,Unknown,Water level accuracy is unknown,1,Department of Water Resources,NA,624,Bureau of Reclamation
34317,394661N1221076W001,1759617,1946-01-22T00:00:00Z,93.42,92.42,0,3.3,90.12,3.3,2.3,NA,Unknown,Water level accuracy is unknown,1,Department of Water Resources,NA,624,Bureau of Reclamation
34317,394661N1221076W001,1759616,1946-01-16T00:00:00Z,93.42,92.42,0,2.9,90.52,2.9,1.9,NA,Unknown,Water level accuracy is unknown,1,Department of Water Resources,NA,624,Bureau of Reclamation
34317,394661N1221076W001,1759615,1946-01-07T00:00:00Z,93.42,92.42,0,1.3,92.12,1.3,0.3,NA,Unknown,Water level accuracy is unknown,1,Department of Water Resources,NA,624,Bureau of Reclamation
34317,394661N1221076W001,1759614,1945-12-17T00:00:00Z,93.42,92.42,0,3.1,90.32,3.1,2.1,NA,Unknown,Water level accuracy is unknown,1,Department of Water Resources,NA,624,Bureau of Reclamation
34317,394661N1221076W001,1759613,1945-10-30T00:00:00Z,93.42,92.42,0,4.1,89.32,4.1,3.1,NA,Unknown,Water level accuracy is unknown,1,Department of Water Resources,NA,624,Bureau of Reclamation
34317,394661N1221076W001,1759612,1945-10-08T00:00:00Z,93.42,92.42,0,3,90.42,3,2,NA,Unknown,Water level accuracy is unknown,1,Department of Water Resources,NA,624,Bureau of Reclamation
34317,394661N1221076W001,1759611,1945-08-23T00:00:00Z,93.42,92.42,0,1.1,92.32,1.1,0.1,NA,Unknown,Water level accuracy is unknown,1,Department of Water Resources,NA,624,Bureau of Reclamation
34317,394661N1221076W001,1759610,1945-06-28T00:00:00Z,93.42,92.42,0,2.1,91.32,2.1,1.1,Other,Unknown,Water level accuracy is unknown,1,Department of Water Resources,NA,624,Bureau of Reclamation
34317,394661N1221076W001,1759609,1945-04-23T00:00:00Z,93.42,92.42,0,3.8,89.62,3.8,2.8,NA,Unknown,Water level accuracy is unknown,1,Department of Water Resources,NA,624,Bureau of Reclamation
34317,394661N1221076W001,1759608,1945-03-20T00:00:00Z,93.42,92.42,0,3.7,89.72,3.7,2.7,NA,Unknown,Water level accuracy is unknown,1,Department of Water Resources,NA,624,Bureau of Reclamation
34317,394661N1221076W001,1759607,1945-02-05T00:00:00Z,93.42,92.42,0,1.2,92.22,1.2,0.2,NA,Unknown,Water level accuracy is unknown,1,Department of Water Resources,NA,624,Bureau of Reclamation
34317,394661N1221076W001,1759606,1945-01-22T00:00:00Z,93.42,92.42,0,3.2,90.22,3.2,2.2,NA,Unknown,Water level accuracy is unknown,1,Department of Water Resources,NA,624,Bureau of Reclamation
34317,394661N1221076W001,1759605,1944-11-16T00:00:00Z,93.42,92.42,0,2.6,90.82,2.6,1.6,NA,Unknown,Water level accuracy is unknown,1,Department of Water Resources,NA,624,Bureau of Reclamation
34317,394661N1221076W001,1759604,1944-10-25T00:00:00Z,93.42,92.42,0,3.6,89.82,3.6,2.6,NA,Unknown,Water level accuracy is unknown,1,Department of Water Resources,NA,624,Bureau of Reclamation
34317,394661N1221076W001,1759603,1944-08-28T00:00:00Z,93.42,92.42,0,1.1,92.32,1.1,0.1,NA,Unknown,Water level accuracy is unknown,1,Department of Water Resources,NA,624,Bureau of Reclamation
34317,394661N1221076W001,1759602,1944-07-26T00:00:00Z,93.42,92.42,0,1.2,92.22,1.2,0.2,NA,Unknown,Water level accuracy is unknown,1,Department of Water Resources,NA,624,Bureau of Reclamation
34317,394661N1221076W001,1759601,1944-06-12T00:00:00Z,93.42,92.42,0,1.3,92.12,1.3,0.3,NA,Unknown,Water level accuracy is unknown,1,Department of Water Resources,NA,624,Bureau of Reclamation
34317,394661N1221076W001,1759600,1944-05-22T00:00:00Z,93.42,92.42,0,1.1,92.32,1.1,0.1,NA,Unknown,Water level accuracy is unknown,1,Department of Water Resources,NA,624,Bureau of Reclamation
34317,394661N1221076W001,1759599,1944-05-09T00:00:00Z,93.42,92.42,0,1.3,92.12,1.3,0.3,Other,Unknown,Water level accuracy is unknown,1,Department of Water Resources,NA,624,Bureau of Reclamation
34317,394661N1221076W001,1759598,1944-04-14T00:00:00Z,93.42,92.42,0,3.9,89.52,3.9,2.9,NA,Unknown,Water level accuracy is unknown,1,Department of Water Resources,NA,624,Bureau of Reclamation
34317,394661N1221076W001,1759597,1944-04-08T00:00:00Z,93.42,92.42,0,3.1,90.32,3.1,2.1,NA,Unknown,Water level accuracy is unknown,1,Department of Water Resources,NA,624,Bureau of Reclamation
34317,394661N1221076W001,1759596,1944-03-13T00:00:00Z,93.42,92.42,0,2.6,90.82,2.6,1.6,NA,Unknown,Water level accuracy is unknown,1,Department of Water Resources,NA,624,Bureau of Reclamation
34317,394661N1221076W001,1759595,1944-02-15T00:00:00Z,93.42,92.42,0,2.2,91.22,2.2,1.2,NA,Unknown,Water level accuracy is unknown,1,Department of Water Resources,NA,624,Bureau of Reclamation
34317,394661N1221076W001,1759594,1944-01-26T00:00:00Z,93.42,92.42,0,3.7,89.72,3.7,2.7,NA,Unknown,Water level accuracy is unknown,1,Department of Water Resources,NA,624,Bureau of Reclamation
34317,394661N1221076W001,1759593,1944-01-10T00:00:00Z,93.42,92.42,0,2.9,90.52,2.9,1.9,NA,Unknown,Water level accuracy is unknown,1,Department of Water Resources,NA,624,Bureau of Reclamation
34317,394661N1221076W001,1759592,1943-12-20T00:00:00Z,93.42,92.42,0,4,89.42,4,3,NA,Unknown,Water level accuracy is unknown,1,Department of Water Resources,NA,624,Bureau of Reclamation
34317,394661N1221076W001,1759591,1943-12-01T00:00:00Z,93.42,92.42,0,3.9,89.52,3.9,2.9,NA,Unknown,Water level accuracy is unknown,1,Department of Water Resources,NA,624,Bureau of Reclamation
34317,394661N1221076W001,1759590,1943-11-15T00:00:00Z,93.42,92.42,0,3.6,89.82,3.6,2.6,NA,Unknown,Water level accuracy is unknown,1,Department of Water Resources,NA,624,Bureau of Reclamation
34317,394661N1221076W001,1759589,1943-10-15T00:00:00Z,93.42,92.42,0,3.9,89.52,3.9,2.9,NA,Unknown,Water level accuracy is unknown,1,Department of Water Resources,NA,624,Bureau of Reclamation
34317,394661N1221076W001,1759588,1943-09-15T00:00:00Z,93.42,92.42,0,1,92.42,1,0,NA,Unknown,Water level accuracy is unknown,1,Department of Water Resources,NA,624,Bureau of Reclamation
34317,394661N1221076W001,1759587,1943-08-11T00:00:00Z,93.42,92.42,0,1.1,92.32,1.1,0.1,Other,Unknown,Water level accuracy is unknown,1,Department of Water Resources,NA,624,Bureau of Reclamation
34317,394661N1221076W001,1759586,1943-07-06T00:00:00Z,93.42,92.42,0,1.4,92.02,1.4,0.4,NA,Unknown,Water level accuracy is unknown,1,Department of Water Resources,NA,624,Bureau of Reclamation
34317,394661N1221076W001,1759585,1943-06-02T00:00:00Z,93.42,92.42,0,1.6,91.82,1.6,0.6,NA,Unknown,Water level accuracy is unknown,1,Department of Water Resources,NA,624,Bureau of Reclamation
34317,394661N1221076W001,1759584,1943-05-11T00:00:00Z,93.42,92.42,0,2,91.42,2,1,NA,Unknown,Water level accuracy is unknown,1,Department of Water Resources,NA,624,Bureau of Reclamation
34317,394661N1221076W001,1759583,1943-04-26T00:00:00Z,93.42,92.42,0,3.1,90.32,3.1,2.1,NA,Unknown,Water level accuracy is unknown,1,Department of Water Resources,NA,624,Bureau of Reclamation
34317,394661N1221076W001,1759582,1943-04-14T00:00:00Z,93.42,92.42,0,3.6,89.82,3.6,2.6,NA,Unknown,Water level accuracy is unknown,1,Department of Water Resources,NA,624,Bureau of Reclamation
34317,394661N1221076W001,1759581,1943-03-22T00:00:00Z,93.42,92.42,0,2.3,91.12,2.3,1.3,NA,Unknown,Water level accuracy is unknown,1,Department of Water Resources,NA,624,Bureau of Reclamation
34317,394661N1221076W001,1759580,1943-03-11T00:00:00Z,93.42,92.42,0,2.1,91.32,2.1,1.1,NA,Unknown,Water level accuracy is unknown,1,Department of Water Resources,NA,624,Bureau of Reclamation
34317,394661N1221076W001,1759579,1943-02-03T00:00:00Z,93.42,92.42,0,1.1,92.32,1.1,0.1,NA,Unknown,Water level accuracy is unknown,1,Department of Water Resources,NA,624,Bureau of Reclamation
34317,394661N1221076W001,1759578,1943-01-20T00:00:00Z,93.42,92.42,0,3.1,90.32,3.1,2.1,NA,Unknown,Water level accuracy is unknown,1,Department of Water Resources,NA,624,Bureau of Reclamation
34317,394661N1221076W001,1759577,1942-12-21T00:00:00Z,93.42,92.42,0,3.7,89.72,3.7,2.7,NA,Unknown,Water level accuracy is unknown,1,Department of Water Resources,NA,624,Bureau of Reclamation
34317,394661N1221076W001,1759576,1942-11-23T00:00:00Z,93.42,92.42,0,3.2,90.22,3.2,2.2,NA,Unknown,Water level accuracy is unknown,1,Department of Water Resources,NA,624,Bureau of Reclamation
34317,394661N1221076W001,1759575,1942-10-26T00:00:00Z,93.42,92.42,0,3.2,90.22,3.2,2.2,NA,Unknown,Water level accuracy is unknown,1,Department of Water Resources,NA,624,Bureau of Reclamation
34317,394661N1221076W001,1759574,1942-09-09T00:00:00Z,93.42,92.42,0,0.8,92.62,0.8,-0.2,NA,Unknown,Water level accuracy is unknown,1,Department of Water Resources,NA,624,Bureau of Reclamation
34317,394661N1221076W001,1759573,1942-08-04T00:00:00Z,93.42,92.42,0,1.2,92.22,1.2,0.2,NA,Unknown,Water level accuracy is unknown,1,Department of Water Resources,NA,624,Bureau of Reclamation
34317,394661N1221076W001,1759572,1942-07-20T00:00:00Z,93.42,92.42,0,1.8,91.62,1.8,0.8,NA,Unknown,Water level accuracy is unknown,1,Department of Water Resources,NA,624,Bureau of Reclamation
34317,394661N1221076W001,1759571,1942-07-01T00:00:00Z,93.42,92.42,0,1.4,92.02,1.4,0.4,NA,Unknown,Water level accuracy is unknown,1,Department of Water Resources,NA,624,Bureau of Reclamation
34317,394661N1221076W001,1759570,1942-06-23T00:00:00Z,93.42,92.42,0,2.9,90.52,2.9,1.9,NA,Unknown,Water level accuracy is unknown,1,Department of Water Resources,NA,624,Bureau of Reclamation
34317,394661N1221076W001,1759569,1942-06-08T00:00:00Z,93.42,92.42,0,1.4,92.02,1.4,0.4,NA,Unknown,Water level accuracy is unknown,1,Department of Water Resources,NA,624,Bureau of Reclamation
34317,394661N1221076W001,1759568,1942-05-21T00:00:00Z,93.42,92.42,0,1.6,91.82,1.6,0.6,Other,Unknown,Water level accuracy is unknown,1,Department of Water Resources,NA,624,Bureau of Reclamation
34317,394661N1221076W001,1759567,1942-05-11T00:00:00Z,93.42,92.42,0,2.6,90.82,2.6,1.6,NA,Unknown,Water level accuracy is unknown,1,Department of Water Resources,NA,624,Bureau of Reclamation
34317,394661N1221076W001,1759566,1942-04-30T00:00:00Z,93.42,92.42,0,3,90.42,3,2,NA,Unknown,Water level accuracy is unknown,1,Department of Water Resources,NA,624,Bureau of Reclamation
34317,394661N1221076W001,1759565,1942-04-22T00:00:00Z,93.42,92.42,0,2.7,90.72,2.7,1.7,NA,Unknown,Water level accuracy is unknown,1,Department of Water Resources,NA,624,Bureau of Reclamation
34317,394661N1221076W001,1759564,1942-04-07T00:00:00Z,93.42,92.42,0,1.9,91.52,1.9,0.9,NA,Unknown,Water level accuracy is unknown,1,Department of Water Resources,NA,624,Bureau of Reclamation
34317,394661N1221076W001,1759563,1942-03-20T00:00:00Z,93.42,92.42,0,2.6,90.82,2.6,1.6,NA,Unknown,Water level accuracy is unknown,1,Department of Water Resources,NA,624,Bureau of Reclamation
34317,394661N1221076W001,1759562,1942-03-09T00:00:00Z,93.42,92.42,0,3.4,90.02,3.4,2.4,NA,Unknown,Water level accuracy is unknown,1,Department of Water Resources,NA,624,Bureau of Reclamation
34317,394661N1221076W001,1759561,1942-02-20T00:00:00Z,93.42,92.42,0,1.6,91.82,1.6,0.6,NA,Unknown,Water level accuracy is unknown,1,Department of Water Resources,NA,624,Bureau of Reclamation
34317,394661N1221076W001,1759560,1942-02-14T00:00:00Z,93.42,92.42,0,1,92.42,1,0,NA,Unknown,Water level accuracy is unknown,1,Department of Water Resources,NA,624,Bureau of Reclamation
34317,394661N1221076W001,1759559,1942-02-04T00:00:00Z,93.42,92.42,0,0.2,93.22,0.2,-0.8,NA,Unknown,Water level accuracy is unknown,1,Department of Water Resources,NA,624,Bureau of Reclamation
34317,394661N1221076W001,1759558,1942-01-26T00:00:00Z,93.42,92.42,0,0.4,93.02,0.4,-0.6,NA,Unknown,Water level accuracy is unknown,1,Department of Water Resources,NA,624,Bureau of Reclamation
34317,394661N1221076W001,1759557,1942-01-06T00:00:00Z,93.42,92.42,0,1.6,91.82,1.6,0.6,NA,Unknown,Water level accuracy is unknown,1,Department of Water Resources,NA,624,Bureau of Reclamation
34317,394661N1221076W001,1759556,1941-12-29T00:00:00Z,93.42,92.42,0,0.9,92.52,0.9,-0.1,NA,Unknown,Water level accuracy is unknown,1,Department of Water Resources,NA,624,Bureau of Reclamation
34317,394661N1221076W001,1759555,1941-11-25T00:00:00Z,93.42,92.42,0,3.2,90.22,3.2,2.2,NA,Unknown,Water level accuracy is unknown,1,Department of Water Resources,NA,624,Bureau of Reclamation
34317,394661N1221076W001,1759554,1941-11-05T00:00:00Z,93.42,92.42,0,2,91.42,2,1,NA,Unknown,Water level accuracy is unknown,1,Department of Water Resources,NA,624,Bureau of Reclamation
34317,394661N1221076W001,1759553,1941-10-06T00:00:00Z,93.42,92.42,0,2,91.42,2,1,NA,Unknown,Water level accuracy is unknown,1,Department of Water Resources,NA,624,Bureau of Reclamation
34317,394661N1221076W001,1759552,1941-09-13T00:00:00Z,93.42,92.42,0,1.7,91.72,1.7,0.7,NA,Unknown,Water level accuracy is unknown,1,Department of Water Resources,NA,624,Bureau of Reclamation
