STN_ID,SITE_CODE,WLM_ID,MSMT_DATE,WLM_RPE,WLM_GSE,RDNG_WS,RDNG_RP,WSE,RPE_WSE,GSE_WSE,WLM_QA_DESC,WLM_DESC,WLM_ACC_DESC,WLM_ORG_ID,WLM_ORG_NAME,MSMT_CMT,COOP_AGENCY_ORG_ID,COOP_ORG_NAME
34465,361672N1191145W001,957331,2011-02-16T00:00:00Z,360.19,358.69,0,67,293.19,67,65.5,NA,Unknown,Water level accuracy is unknown,1,Department of Water Resources,NA,1097,LINDMORE IRRIGATION DISTRICT
34465,361672N1191145W001,957330,2010-09-29T00:00:00Z,360.19,358.69,0,66.5,293.69,66.5,65,NA,Unknown,Water level accuracy is unknown,1,Department of Water Resources,NA,1097,LINDMORE IRRIGATION DISTRICT
34465,361672N1191145W001,957329,2010-01-21T00:00:00Z,360.19,358.69,0,69,291.19,69,67.5,NA,Unknown,Water level accuracy is unknown,1,Department of Water Resources,NA,1097,LINDMORE IRRIGATION DISTRICT
34465,361672N1191145W001,957328,2009-02-13T00:00:00Z,360.19,358.69,0,82,278.19,82,80.5,NA,Unknown,Water level accuracy is unknown,1,Department of Water Resources,NA,1097,LINDMORE IRRIGATION DISTRICT
34465,361672N1191145W001,957325,2008-02-12T00:00:00Z,360.19,358.69,0,75.3,284.89,75.3,73.8,NA,Unknown,Water level accuracy is unknown,1,Department of Water Resources,NA,1097,LINDMORE IRRIGATION DISTRICT
34465,361672N1191145W001,957326,2007-10-16T00:00:00Z,360.19,358.69,0,62.5,297.69,62.5,61,NA,Unknown,Water level accuracy is unknown,1,Department of Water Resources,NA,1097,LINDMORE IRRIGATION DISTRICT
34465,361672N1191145W001,957324,2007-01-25T00:00:00Z,360.19,358.69,0,60.2,299.99,60.2,58.7,NA,Unknown,Water level accuracy is unknown,1,Department of Water Resources,NA,1097,LINDMORE IRRIGATION DISTRICT
34465,361672N1191145W001,957327,2006-10-02T00:00:00Z,360.19,358.69,0,43.3,316.89,43.3,41.8,NA,Unknown,Water level accuracy is unknown,1,Department of Water Resources,NA,1097,LINDMORE IRRIGATION DISTRICT
34465,361672N1191145W001,957323,2006-01-26T00:00:00Z,360.19,358.69,0,50.1,310.09,50.1,48.6,NA,Unknown,Water level accuracy is unknown,1,Department of Water Resources,NA,1097,LINDMORE IRRIGATION DISTRICT
34465,361672N1191145W001,957322,2005-01-27T00:00:00Z,360.19,358.69,0,48.1,312.09,48.1,46.6,NA,Unknown,Water level accuracy is unknown,1,Department of Water Resources,NA,1097,LINDMORE IRRIGATION DISTRICT
34465,361672N1191145W001,957320,2004-01-29T00:00:00Z,360.19,358.69,0,43,317.19,43,41.5,NA,Unknown,Water level accuracy is unknown,1,Department of Water Resources,NA,1097,LINDMORE IRRIGATION DISTRICT
34465,361672N1191145W001,957321,2003-09-18T00:00:00Z,360.19,358.69,0,38,322.19,38,36.5,NA,Unknown,Water level accuracy is unknown,1,Department of Water Resources,NA,1097,LINDMORE IRRIGATION DISTRICT
34465,361672N1191145W001,957317,2003-01-27T00:00:00Z,360.19,358.69,0,32.9,327.29,32.9,31.4,NA,Unknown,Water level accuracy is unknown,1,Department of Water Resources,NA,1097,LINDMORE IRRIGATION DISTRICT
34465,361672N1191145W001,957319,2002-09-18T00:00:00Z,360.19,358.69,0,34,326.19,34,32.5,NA,Unknown,Water level accuracy is unknown,1,Department of Water Resources,NA,624,Bureau of Reclamation
34465,361672N1191145W001,957318,2002-01-16T00:00:00Z,360.19,358.69,0,30.6,329.59,30.6,29.1,NA,Unknown,Water level accuracy is unknown,1,Department of Water Resources,NA,624,Bureau of Reclamation
34465,361672N1191145W001,957316,2001-01-29T00:00:00Z,360.19,358.69,0,28.9,331.29,28.9,27.4,NA,Unknown,Water level accuracy is unknown,1,Department of Water Resources,NA,1097,LINDMORE IRRIGATION DISTRICT
34465,361672N1191145W001,957315,2000-01-25T00:00:00Z,360.19,358.69,0,27.7,332.49,27.7,26.2,NA,Unknown,Water level accuracy is unknown,1,Department of Water Resources,NA,1097,LINDMORE IRRIGATION DISTRICT
34465,361672N1191145W001,957314,1999-10-06T00:00:00Z,360.19,358.69,0,26.8,333.39,26.8,25.3,NA,Unknown,Water level accuracy is unknown,1,Department of Water Resources,NA,1097,LINDMORE IRRIGATION DISTRICT
34465,361672N1191145W001,957313,1999-01-27T00:00:00Z,360.19,358.69,0,26.9,333.29,26.9,25.4,NA,Unknown,Water level accuracy is unknown,1,Department of Water Resources,NA,1097,LINDMORE IRRIGATION DISTRICT
34465,361672N1191145W001,957312,1998-10-06T00:00:00Z,360.19,358.69,0,29,331.19,29,27.5,NA,Unknown,Water level accuracy is unknown,1,Department of Water Resources,NA,1097,LINDMORE IRRIGATION DISTRICT
34465,361672N1191145W001,957311,1998-01-21T00:00:00Z,360.19,358.69,0,35,325.19,35,33.5,NA,Unknown,Water level accuracy is unknown,1,Department of Water Resources,NA,1097,LINDMORE IRRIGATION DISTRICT
34465,361672N1191145W001,957310,1997-10-07T00:00:00Z,360.19,358.69,0,36.4,323.79,36.4,34.9,NA,Unknown,Water level accuracy is unknown,1,Department of Water Resources,NA,1097,LINDMORE IRRIGATION DISTRICT
34465,361672N1191145W001,957309,1997-01-14T00:00:00Z,360.19,358.69,0,39,321.19,39,37.5,NA,Unknown,Water level accuracy is unknown,1,Department of Water Resources,NA,1097,LINDMORE IRRIGATION DISTRICT
34465,361672N1191145W001,957308,1996-10-01T00:00:00Z,360.19,358.69,0,42.8,317.39,42.8,41.3,NA,Unknown,Water level accuracy is unknown,1,Department of Water Resources,NA,1097,LINDMORE IRRIGATION DISTRICT
34465,361672N1191145W001,957307,1996-01-17T00:00:00Z,360.19,358.69,0,44.5,315.69,44.5,43,NA,Unknown,Water level accuracy is unknown,1,Department of Water Resources,NA,1097,LINDMORE IRRIGATION DISTRICT
34465,361672N1191145W001,957306,1995-10-03T00:00:00Z,360.19,358.69,0,46,314.19,46,44.5,NA,Unknown,Water level accuracy is unknown,1,Department of Water Resources,NA,1097,LINDMORE IRRIGATION DISTRICT
34465,361672N1191145W001,957305,1995-01-24T00:00:00Z,360.19,358.69,0,52.5,307.69,52.5,51,NA,Unknown,Water level accuracy is unknown,1,Department of Water Resources,NA,1097,LINDMORE IRRIGATION DISTRICT
34465,361672N1191145W001,957304,1994-10-04T00:00:00Z,360.19,358.69,0,57.1,303.09,57.1,55.6,NA,Unknown,Water level accuracy is unknown,1,Department of Water Resources,NA,1097,LINDMORE IRRIGATION DISTRICT
34465,361672N1191145W001,957303,1994-01-26T00:00:00Z,360.19,358.69,0,35,325.19,35,33.5,NA,Unknown,Water level accuracy is unknown,1,Department of Water Resources,NA,1097,LINDMORE IRRIGATION DISTRICT
34465,361672N1191145W001,957302,1993-10-06T00:00:00Z,360.19,358.69,0,49.6,310.59,49.6,48.1,NA,Unknown,Water level accuracy is unknown,1,Department of Water Resources,NA,1097,LINDMORE IRRIGATION DISTRICT
34465,361672N1191145W001,957301,1993-01-26T00:00:00Z,360.19,358.69,0,53.9,306.29,53.9,52.4,NA,Unknown,Water level accuracy is unknown,1,Department of Water Resources,NA,1097,LINDMORE IRRIGATION DISTRICT
34465,361672N1191145W001,957300,1992-10-06T00:00:00Z,360.19,358.69,0,56.7,303.49,56.7,55.2,NA,Unknown,Water level accuracy is unknown,1,Department of Water Resources,NA,1097,LINDMORE IRRIGATION DISTRICT
34465,361672N1191145W001,957299,1992-01-29T00:00:00Z,360.19,358.69,0,53,307.19,53,51.5,NA,Unknown,Water level accuracy is unknown,1,Department of Water Resources,NA,1097,LINDMORE IRRIGATION DISTRICT
34465,361672N1191145W001,957298,1991-10-02T00:00:00Z,360.19,358.69,0,54.9,305.29,54.9,53.4,NA,Unknown,Water level accuracy is unknown,1,Department of Water Resources,NA,1097,LINDMORE IRRIGATION DISTRICT
34465,361672N1191145W001,957297,1991-01-29T00:00:00Z,360.19,358.69,0,55,305.19,55,53.5,NA,Unknown,Water level accuracy is unknown,1,Department of Water Resources,NA,1097,LINDMORE IRRIGATION DISTRICT
34465,361672N1191145W001,957296,1990-10-03T00:00:00Z,360.19,358.69,0,55,305.19,55,53.5,NA,Unknown,Water level accuracy is unknown,1,Department of Water Resources,NA,1097,LINDMORE IRRIGATION DISTRICT
34465,361672N1191145W001,957295,1990-01-24T00:00:00Z,360.19,358.69,0,39.7,320.49,39.7,38.2,NA,Unknown,Water level accuracy is unknown,1,Department of Water Resources,NA,1097,LINDMORE IRRIGATION DISTRICT
34465,361672N1191145W001,957294,1989-10-04T00:00:00Z,360.19,358.69,0,50.5,309.69,50.5,49,NA,Unknown,Water level accuracy is unknown,1,Department of Water Resources,NA,1097,LINDMORE IRRIGATION DISTRICT
34465,361672N1191145W001,957293,1989-01-26T00:00:00Z,360.19,358.69,0,35.3,324.89,35.3,33.8,NA,Unknown,Water level accuracy is unknown,1,Department of Water Resources,NA,1097,LINDMORE IRRIGATION DISTRICT
34465,361672N1191145W001,957292,1988-10-04T00:00:00Z,360.19,358.69,0,36,324.19,36,34.5,NA,Unknown,Water level accuracy is unknown,1,Department of Water Resources,NA,1097,LINDMORE IRRIGATION DISTRICT
34465,361672N1191145W001,957291,1988-02-03T00:00:00Z,360.19,358.69,0,29.3,330.89,29.3,27.8,NA,Unknown,Water level accuracy is unknown,1,Department of Water Resources,NA,1097,LINDMORE IRRIGATION DISTRICT
34465,361672N1191145W001,957290,1987-10-08T00:00:00Z,360.19,358.69,0,29.3,330.89,29.3,27.8,NA,Unknown,Water level accuracy is unknown,1,Department of Water Resources,NA,1097,LINDMORE IRRIGATION DISTRICT
34465,361672N1191145W001,957289,1987-02-03T00:00:00Z,360.19,358.69,0,23.4,336.79,23.4,21.9,NA,Unknown,Water level accuracy is unknown,1,Department of Water Resources,NA,1097,LINDMORE IRRIGATION DISTRICT
34465,361672N1191145W001,957288,1986-09-29T00:00:00Z,360.19,358.69,0,22.1,338.09,22.1,20.6,NA,Unknown,Water level accuracy is unknown,1,Department of Water Resources,NA,624,Bureau of Reclamation
34465,361672N1191145W001,957287,1986-01-28T00:00:00Z,360.19,358.69,0,26.8,333.39,26.8,25.3,NA,Unknown,Water level accuracy is unknown,1,Department of Water Resources,NA,624,Bureau of Reclamation
34465,361672N1191145W001,957286,1985-10-01T00:00:00Z,360.19,358.69,0,28,332.19,28,26.5,NA,Unknown,Water level accuracy is unknown,1,Department of Water Resources,NA,624,Bureau of Reclamation
34465,361672N1191145W001,957285,1985-01-29T00:00:00Z,360.19,358.69,0,23.4,336.79,23.4,21.9,NA,Unknown,Water level accuracy is unknown,1,Department of Water Resources,NA,624,Bureau of Reclamation
34465,361672N1191145W001,957284,1984-10-02T00:00:00Z,360.19,358.69,0,24,336.19,24,22.5,NA,Unknown,Water level accuracy is unknown,1,Department of Water Resources,NA,624,Bureau of Reclamation
34465,361672N1191145W001,957283,1984-01-31T00:00:00Z,360.19,358.69,0,26,334.19,26,24.5,NA,Unknown,Water level accuracy is unknown,1,Department of Water Resources,NA,624,Bureau of Reclamation
34465,361672N1191145W001,957282,1983-09-27T00:00:00Z,360.19,358.69,0,28,332.19,28,26.5,NA,Unknown,Water level accuracy is unknown,1,Department of Water Resources,NA,624,Bureau of Reclamation
34465,361672N1191145W001,957281,1983-01-25T00:00:00Z,360.19,358.69,0,33.9,326.29,33.9,32.4,NA,Unknown,Water level accuracy is unknown,1,Department of Water Resources,NA,1097,LINDMORE IRRIGATION DISTRICT
34465,361672N1191145W001,957280,1982-09-28T00:00:00Z,360.19,358.69,0,36.5,323.69,36.5,35,NA,Unknown,Water level accuracy is unknown,1,Department of Water Resources,NA,1097,LINDMORE IRRIGATION DISTRICT
34465,361672N1191145W001,957279,1982-01-26T00:00:00Z,360.19,358.69,0,41.9,318.29,41.9,40.4,NA,Unknown,Water level accuracy is unknown,1,Department of Water Resources,NA,624,Bureau of Reclamation
34465,361672N1191145W001,957278,1981-09-22T00:00:00Z,360.19,358.69,0,40,320.19,40,38.5,NA,Unknown,Water level accuracy is unknown,1,Department of Water Resources,NA,624,Bureau of Reclamation
34465,361672N1191145W001,957277,1981-01-27T00:00:00Z,360.19,358.69,0,45.2,314.99,45.2,43.7,NA,Unknown,Water level accuracy is unknown,1,Department of Water Resources,NA,1097,LINDMORE IRRIGATION DISTRICT
34465,361672N1191145W001,957276,1980-09-23T00:00:00Z,360.19,358.69,0,41,319.19,41,39.5,NA,Unknown,Water level accuracy is unknown,1,Department of Water Resources,NA,1097,LINDMORE IRRIGATION DISTRICT
34465,361672N1191145W001,957275,1980-01-22T00:00:00Z,360.19,358.69,0,51,309.19,51,49.5,NA,Unknown,Water level accuracy is unknown,1,Department of Water Resources,NA,1097,LINDMORE IRRIGATION DISTRICT
34465,361672N1191145W001,957274,1979-09-25T00:00:00Z,360.19,358.69,0,50.5,309.69,50.5,49,NA,Unknown,Water level accuracy is unknown,1,Department of Water Resources,NA,1097,LINDMORE IRRIGATION DISTRICT
34465,361672N1191145W001,957273,1979-01-23T00:00:00Z,360.19,358.69,0,51.2,308.99,51.2,49.7,NA,Unknown,Water level accuracy is unknown,1,Department of Water Resources,NA,1097,LINDMORE IRRIGATION DISTRICT
34465,361672N1191145W001,957272,1978-10-03T00:00:00Z,360.19,358.69,0,57,303.19,57,55.5,NA,Unknown,Water level accuracy is unknown,1,Department of Water Resources,NA,1097,LINDMORE IRRIGATION DISTRICT
34465,361672N1191145W001,957271,1978-01-24T00:00:00Z,360.19,358.69,0,60.9,299.29,60.9,59.4,NA,Unknown,Water level accuracy is unknown,1,Department of Water Resources,NA,1097,LINDMORE IRRIGATION DISTRICT
34465,361672N1191145W001,957270,1977-10-05T00:00:00Z,360.19,358.69,0,68.8,291.39,68.8,67.3,NA,Unknown,Water level accuracy is unknown,1,Department of Water Resources,NA,1097,LINDMORE IRRIGATION DISTRICT
34465,361672N1191145W001,957269,1977-08-01T00:00:00Z,360.19,358.69,0,68.5,291.69,68.5,67,NA,Unknown,Water level accuracy is unknown,1,Department of Water Resources,NA,1097,LINDMORE IRRIGATION DISTRICT
34465,361672N1191145W001,957268,1977-06-02T00:00:00Z,360.19,358.69,0,61,299.19,61,59.5,NA,Unknown,Water level accuracy is unknown,1,Department of Water Resources,NA,1097,LINDMORE IRRIGATION DISTRICT
34465,361672N1191145W001,957267,1977-01-25T00:00:00Z,360.19,358.69,0,45,315.19,45,43.5,NA,Unknown,Water level accuracy is unknown,1,Department of Water Resources,NA,1097,LINDMORE IRRIGATION DISTRICT
34465,361672N1191145W001,957266,1976-09-28T00:00:00Z,360.19,358.69,0,53.8,306.39,53.8,52.3,NA,Unknown,Water level accuracy is unknown,1,Department of Water Resources,NA,1097,LINDMORE IRRIGATION DISTRICT
34465,361672N1191145W001,957265,1976-07-26T00:00:00Z,360.19,358.69,0,53.2,306.99,53.2,51.7,NA,Unknown,Water level accuracy is unknown,1,Department of Water Resources,NA,1097,LINDMORE IRRIGATION DISTRICT
34465,361672N1191145W001,957264,1976-01-27T00:00:00Z,360.19,358.69,0,49.6,310.59,49.6,48.1,NA,Unknown,Water level accuracy is unknown,1,Department of Water Resources,NA,1097,LINDMORE IRRIGATION DISTRICT
34465,361672N1191145W001,957263,1975-09-30T00:00:00Z,360.19,358.69,0,41.2,318.99,41.2,39.7,NA,Unknown,Water level accuracy is unknown,1,Department of Water Resources,NA,1097,LINDMORE IRRIGATION DISTRICT
34465,361672N1191145W001,957262,1975-02-04T00:00:00Z,360.19,358.69,0,39.6,320.59,39.6,38.1,NA,Unknown,Water level accuracy is unknown,1,Department of Water Resources,NA,1097,LINDMORE IRRIGATION DISTRICT
34465,361672N1191145W001,957261,1974-10-01T00:00:00Z,360.19,358.69,0,40,320.19,40,38.5,NA,Unknown,Water level accuracy is unknown,1,Department of Water Resources,NA,1097,LINDMORE IRRIGATION DISTRICT
34465,361672N1191145W001,957260,1974-02-05T00:00:00Z,360.19,358.69,0,44,316.19,44,42.5,NA,Unknown,Water level accuracy is unknown,1,Department of Water Resources,NA,1097,LINDMORE IRRIGATION DISTRICT
34465,361672N1191145W001,957259,1973-10-02T00:00:00Z,360.19,358.69,0,39.7,320.49,39.7,38.2,NA,Unknown,Water level accuracy is unknown,1,Department of Water Resources,NA,1097,LINDMORE IRRIGATION DISTRICT
34465,361672N1191145W001,957258,1973-02-05T00:00:00Z,360.19,358.69,0,52,308.19,52,50.5,NA,Unknown,Water level accuracy is unknown,1,Department of Water Resources,NA,1097,LINDMORE IRRIGATION DISTRICT
34465,361672N1191145W001,957257,1972-10-03T00:00:00Z,360.19,358.69,0,58.2,301.99,58.2,56.7,NA,Unknown,Water level accuracy is unknown,1,Department of Water Resources,NA,1097,LINDMORE IRRIGATION DISTRICT
34465,361672N1191145W001,957256,1972-01-31T00:00:00Z,360.19,358.69,0,59,301.19,59,57.5,NA,Unknown,Water level accuracy is unknown,1,Department of Water Resources,NA,1097,LINDMORE IRRIGATION DISTRICT
34465,361672N1191145W001,957255,1971-09-30T00:00:00Z,360.19,358.69,0,66.8,293.39,66.8,65.3,NA,Unknown,Water level accuracy is unknown,1,Department of Water Resources,NA,1097,LINDMORE IRRIGATION DISTRICT
34465,361672N1191145W001,957254,1971-01-26T00:00:00Z,360.19,358.69,0,66,294.19,66,64.5,NA,Unknown,Water level accuracy is unknown,1,Department of Water Resources,NA,1097,LINDMORE IRRIGATION DISTRICT
34465,361672N1191145W001,957253,1970-09-22T00:00:00Z,360.19,358.69,0,72.8,287.39,72.8,71.3,NA,Unknown,Water level accuracy is unknown,1,Department of Water Resources,NA,1097,LINDMORE IRRIGATION DISTRICT
34465,361672N1191145W001,957252,1970-01-27T00:00:00Z,360.19,358.69,0,64,296.19,64,62.5,NA,Unknown,Water level accuracy is unknown,1,Department of Water Resources,NA,1097,LINDMORE IRRIGATION DISTRICT
34465,361672N1191145W001,957251,1969-09-22T00:00:00Z,360.19,358.69,0,70.5,289.69,70.5,69,NA,Unknown,Water level accuracy is unknown,1,Department of Water Resources,NA,624,Bureau of Reclamation
34465,361672N1191145W001,957250,1969-02-05T00:00:00Z,360.19,358.69,0,70.8,289.39,70.8,69.3,NA,Unknown,Water level accuracy is unknown,1,Department of Water Resources,NA,1097,LINDMORE IRRIGATION DISTRICT
34465,361672N1191145W001,957249,1968-02-06T00:00:00Z,360.19,358.69,0,70.8,289.39,70.8,69.3,NA,Unknown,Water level accuracy is unknown,1,Department of Water Resources,NA,1097,LINDMORE IRRIGATION DISTRICT
34465,361672N1191145W001,957248,1967-02-07T00:00:00Z,360.19,358.69,0,70.2,289.99,70.2,68.7,NA,Unknown,Water level accuracy is unknown,1,Department of Water Resources,NA,1097,LINDMORE IRRIGATION DISTRICT
34465,361672N1191145W001,957247,1966-02-01T00:00:00Z,360.19,358.69,0,73.8,286.39,73.8,72.3,NA,Unknown,Water level accuracy is unknown,1,Department of Water Resources,NA,1097,LINDMORE IRRIGATION DISTRICT
34465,361672N1191145W001,957246,1965-02-02T00:00:00Z,360.19,358.69,0,77,283.19,77,75.5,NA,Unknown,Water level accuracy is unknown,1,Department of Water Resources,NA,1097,LINDMORE IRRIGATION DISTRICT
34465,361672N1191145W001,957245,1964-09-29T00:00:00Z,360.19,358.69,0,89,271.19,89,87.5,NA,Unknown,Water level accuracy is unknown,1,Department of Water Resources,NA,1097,LINDMORE IRRIGATION DISTRICT
34465,361672N1191145W001,957244,1964-02-04T00:00:00Z,360.19,358.69,0,82.5,277.69,82.5,81,NA,Unknown,Water level accuracy is unknown,1,Department of Water Resources,NA,1097,LINDMORE IRRIGATION DISTRICT
34465,361672N1191145W001,957243,1963-09-26T00:00:00Z,360.19,358.69,0,85.8,274.39,85.8,84.3,NA,Unknown,Water level accuracy is unknown,1,Department of Water Resources,NA,1097,LINDMORE IRRIGATION DISTRICT
34465,361672N1191145W001,957242,1963-02-06T00:00:00Z,360.19,358.69,0,89,271.19,89,87.5,NA,Unknown,Water level accuracy is unknown,1,Department of Water Resources,NA,1097,LINDMORE IRRIGATION DISTRICT
34465,361672N1191145W001,957241,1962-02-08T00:00:00Z,360.19,358.69,0,100,260.19,100,98.5,NA,Unknown,Water level accuracy is unknown,1,Department of Water Resources,NA,1097,LINDMORE IRRIGATION DISTRICT
34465,361672N1191145W001,957240,1961-09-29T00:00:00Z,360.19,358.69,0,115,245.19,115,113.5,NA,Unknown,Water level accuracy is unknown,1,Department of Water Resources,NA,1097,LINDMORE IRRIGATION DISTRICT
