STN_ID,SITE_CODE,WLM_ID,MSMT_DATE,WLM_RPE,WLM_GSE,RDNG_WS,RDNG_RP,WSE,RPE_WSE,GSE_WSE,WLM_QA_DESC,WLM_DESC,WLM_ACC_DESC,WLM_ORG_ID,WLM_ORG_NAME,MSMT_CMT,COOP_AGENCY_ORG_ID,COOP_ORG_NAME
34854,364081N1201029W002,1055139,1959-10-15T00:00:00Z,241.94,240.94,0,83,158.94,83,82,Nearby pump operating,Unknown,Water level accuracy is unknown,1,Department of Water Resources,NA,1,Department of Water Resources
34854,364081N1201029W002,1055138,1959-05-06T00:00:00Z,241.94,240.94,0,81.7,160.24,81.7,80.7,NA,Unknown,Water level accuracy is unknown,1,Department of Water Resources,NA,5167,United States Geological Survey
34854,364081N1201029W002,1055137,1958-10-21T00:00:00Z,241.94,240.94,0,81.4,160.54,81.4,80.4,Nearby pump operating,Unknown,Water level accuracy is unknown,1,Department of Water Resources,NA,1,Department of Water Resources
34854,364081N1201029W002,1055136,1958-05-07T00:00:00Z,241.94,240.94,0,80.7,161.24,80.7,79.7,NA,Unknown,Water level accuracy is unknown,1,Department of Water Resources,NA,5167,United States Geological Survey
