STN_ID,SITE_CODE,WLM_ID,MSMT_DATE,WLM_RPE,WLM_GSE,RDNG_WS,RDNG_RP,WSE,RPE_WSE,GSE_WSE,WLM_QA_DESC,WLM_DESC,WLM_ACC_DESC,WLM_ORG_ID,WLM_ORG_NAME,MSMT_CMT,COOP_AGENCY_ORG_ID,COOP_ORG_NAME
34868,363793N1191170W001,901003,1987-09-22T00:00:00Z,415.71,415.21,NA,NA,NA,NA,NA,Measurement Discontinued,NA,NA,1,Department of Water Resources,NA,5155,Kaweah Delta Water Conservation District
34868,363793N1191170W001,901002,1987-01-21T00:00:00Z,415.71,415.21,0,23,392.71,23,22.5,NA,Unknown,Water level accuracy is unknown,1,Department of Water Resources,NA,5155,Kaweah Delta Water Conservation District
34868,363793N1191170W001,901001,1986-09-24T00:00:00Z,415.71,415.21,0,16,399.71,16,15.5,NA,Unknown,Water level accuracy is unknown,1,Department of Water Resources,NA,624,Bureau of Reclamation
34868,363793N1191170W001,901000,1986-01-23T00:00:00Z,415.71,415.21,0,13,402.71,13,12.5,NA,Unknown,Water level accuracy is unknown,1,Department of Water Resources,NA,624,Bureau of Reclamation
34868,363793N1191170W001,900999,1985-10-03T00:00:00Z,415.71,415.21,0,18,397.71,18,17.5,NA,Unknown,Water level accuracy is unknown,1,Department of Water Resources,NA,624,Bureau of Reclamation
34868,363793N1191170W001,900998,1985-02-04T00:00:00Z,415.71,415.21,0,12,403.71,12,11.5,NA,Unknown,Water level accuracy is unknown,1,Department of Water Resources,NA,624,Bureau of Reclamation
34868,363793N1191170W001,900997,1984-10-05T00:00:00Z,415.71,415.21,0,17,398.71,17,16.5,NA,Unknown,Water level accuracy is unknown,1,Department of Water Resources,NA,624,Bureau of Reclamation
34868,363793N1191170W001,900996,1984-02-02T00:00:00Z,415.71,415.21,0,10,405.71,10,9.5,NA,Unknown,Water level accuracy is unknown,1,Department of Water Resources,NA,624,Bureau of Reclamation
34868,363793N1191170W001,900995,1983-09-29T00:00:00Z,415.71,415.21,0,11,404.71,11,10.5,NA,Unknown,Water level accuracy is unknown,1,Department of Water Resources,NA,624,Bureau of Reclamation
34868,363793N1191170W001,900994,1983-01-25T00:00:00Z,415.71,415.21,0,10,405.71,10,9.5,NA,Unknown,Water level accuracy is unknown,1,Department of Water Resources,NA,5155,Kaweah Delta Water Conservation District
34868,363793N1191170W001,900993,1982-10-01T00:00:00Z,415.71,415.21,0,13,402.71,13,12.5,Other,Unknown,Water level accuracy is unknown,1,Department of Water Resources,NA,5155,Kaweah Delta Water Conservation District
34868,363793N1191170W001,900992,1982-02-01T00:00:00Z,415.71,415.21,0,15,400.71,15,14.5,NA,Unknown,Water level accuracy is unknown,1,Department of Water Resources,NA,624,Bureau of Reclamation
34868,363793N1191170W001,900991,1981-09-24T00:00:00Z,415.71,415.21,0,17,398.71,17,16.5,NA,Unknown,Water level accuracy is unknown,1,Department of Water Resources,NA,624,Bureau of Reclamation
34868,363793N1191170W001,900990,1981-02-03T00:00:00Z,415.71,415.21,0,18,397.71,18,17.5,NA,Unknown,Water level accuracy is unknown,1,Department of Water Resources,NA,5155,Kaweah Delta Water Conservation District
34868,363793N1191170W001,900989,1980-09-22T00:00:00Z,415.71,415.21,0,13,402.71,13,12.5,NA,Unknown,Water level accuracy is unknown,1,Department of Water Resources,NA,5155,Kaweah Delta Water Conservation District
34868,363793N1191170W001,900988,1980-01-21T00:00:00Z,415.71,415.21,0,13,402.71,13,12.5,NA,Unknown,Water level accuracy is unknown,1,Department of Water Resources,NA,5155,Kaweah Delta Water Conservation District
34868,363793N1191170W001,900987,1979-09-20T00:00:00Z,415.71,415.21,0,14,401.71,14,13.5,NA,Unknown,Water level accuracy is unknown,1,Department of Water Resources,NA,5155,Kaweah Delta Water Conservation District
34868,363793N1191170W001,900986,1979-01-16T00:00:00Z,415.71,415.21,0,10,405.71,10,9.5,NA,Unknown,Water level accuracy is unknown,1,Department of Water Resources,NA,5155,Kaweah Delta Water Conservation District
34868,363793N1191170W001,900985,1978-10-02T00:00:00Z,415.71,415.21,0,26,389.71,26,25.5,NA,Unknown,Water level accuracy is unknown,1,Department of Water Resources,NA,5155,Kaweah Delta Water Conservation District
34868,363793N1191170W001,900984,1978-02-08T00:00:00Z,415.71,415.21,0,16,399.71,16,15.5,NA,Unknown,Water level accuracy is unknown,1,Department of Water Resources,NA,5155,Kaweah Delta Water Conservation District
34868,363793N1191170W001,900983,1977-10-11T00:00:00Z,415.71,415.21,0,21,394.71,21,20.5,NA,Unknown,Water level accuracy is unknown,1,Department of Water Resources,NA,5155,Kaweah Delta Water Conservation District
34868,363793N1191170W001,900982,1977-08-08T00:00:00Z,415.71,415.21,0,21,394.71,21,20.5,NA,Unknown,Water level accuracy is unknown,1,Department of Water Resources,NA,5155,Kaweah Delta Water Conservation District
34868,363793N1191170W001,900981,1977-06-01T00:00:00Z,415.71,415.21,0,23,392.71,23,22.5,NA,Unknown,Water level accuracy is unknown,1,Department of Water Resources,NA,5155,Kaweah Delta Water Conservation District
34868,363793N1191170W001,900980,1977-01-19T00:00:00Z,415.71,415.21,0,17,398.71,17,16.5,NA,Unknown,Water level accuracy is unknown,1,Department of Water Resources,NA,5155,Kaweah Delta Water Conservation District
34868,363793N1191170W001,900979,1976-10-01T00:00:00Z,415.71,415.21,0,18,397.71,18,17.5,NA,Unknown,Water level accuracy is unknown,1,Department of Water Resources,NA,5155,Kaweah Delta Water Conservation District
34868,363793N1191170W001,900978,1976-07-28T00:00:00Z,415.71,415.21,0,15,400.71,15,14.5,Casing leaking or wet,Unknown,Water level accuracy is unknown,1,Department of Water Resources,NA,5155,Kaweah Delta Water Conservation District
34868,363793N1191170W001,900977,1976-01-22T00:00:00Z,415.71,415.21,0,22,393.71,22,21.5,NA,Unknown,Water level accuracy is unknown,1,Department of Water Resources,NA,5155,Kaweah Delta Water Conservation District
34868,363793N1191170W001,900976,1975-09-30T00:00:00Z,415.71,415.21,0,12,403.71,12,11.5,NA,Unknown,Water level accuracy is unknown,1,Department of Water Resources,NA,5155,Kaweah Delta Water Conservation District
34868,363793N1191170W001,900975,1975-02-25T00:00:00Z,415.71,415.21,0,17,398.71,17,16.5,Pumped recently,Unknown,Water level accuracy is unknown,1,Department of Water Resources,NA,5155,Kaweah Delta Water Conservation District
34868,363793N1191170W001,900974,1974-10-04T00:00:00Z,415.71,415.21,0,15,400.71,15,14.5,NA,Unknown,Water level accuracy is unknown,1,Department of Water Resources,NA,5155,Kaweah Delta Water Conservation District
34868,363793N1191170W001,900973,1974-02-01T00:00:00Z,415.71,415.21,0,12,403.71,12,11.5,NA,Unknown,Water level accuracy is unknown,1,Department of Water Resources,NA,5155,Kaweah Delta Water Conservation District
34868,363793N1191170W001,900972,1973-02-15T00:00:00Z,415.71,415.21,0,15,400.71,15,14.5,NA,Unknown,Water level accuracy is unknown,1,Department of Water Resources,NA,5155,Kaweah Delta Water Conservation District
34868,363793N1191170W001,900971,1972-10-04T00:00:00Z,415.71,415.21,NA,NA,NA,NA,NA,Pumping,NA,NA,1,Department of Water Resources,NA,5155,Kaweah Delta Water Conservation District
34868,363793N1191170W001,900970,1972-02-01T00:00:00Z,415.71,415.21,0,16,399.71,16,15.5,NA,Unknown,Water level accuracy is unknown,1,Department of Water Resources,NA,5155,Kaweah Delta Water Conservation District
34868,363793N1191170W001,900969,1971-09-23T00:00:00Z,415.71,415.21,NA,NA,NA,NA,NA,Pumping,NA,NA,1,Department of Water Resources,NA,5155,Kaweah Delta Water Conservation District
34868,363793N1191170W001,900968,1971-02-01T00:00:00Z,415.71,415.21,0,13.7,402.01,13.7,13.2,NA,Unknown,Water level accuracy is unknown,1,Department of Water Resources,NA,5155,Kaweah Delta Water Conservation District
34868,363793N1191170W001,900967,1970-09-28T00:00:00Z,415.71,415.21,0,18.2,397.51,18.2,17.7,NA,Unknown,Water level accuracy is unknown,1,Department of Water Resources,NA,5155,Kaweah Delta Water Conservation District
34868,363793N1191170W001,900966,1970-02-04T00:00:00Z,415.71,415.21,0,8.8,406.91,8.8,8.3,NA,Unknown,Water level accuracy is unknown,1,Department of Water Resources,NA,5155,Kaweah Delta Water Conservation District
34868,363793N1191170W001,900965,1969-10-01T00:00:00Z,415.71,415.21,0,15,400.71,15,14.5,NA,Unknown,Water level accuracy is unknown,1,Department of Water Resources,NA,624,Bureau of Reclamation
34868,363793N1191170W001,900964,1969-02-04T00:00:00Z,415.71,415.21,0,12,403.71,12,11.5,NA,Unknown,Water level accuracy is unknown,1,Department of Water Resources,NA,5155,Kaweah Delta Water Conservation District
34868,363793N1191170W001,900963,1968-02-07T00:00:00Z,415.71,415.21,0,10,405.71,10,9.5,NA,Unknown,Water level accuracy is unknown,1,Department of Water Resources,NA,5155,Kaweah Delta Water Conservation District
34868,363793N1191170W001,900962,1967-02-10T00:00:00Z,415.71,415.21,0,10.2,405.51,10.2,9.7,NA,Unknown,Water level accuracy is unknown,1,Department of Water Resources,NA,5155,Kaweah Delta Water Conservation District
34868,363793N1191170W001,900961,1966-02-07T00:00:00Z,415.71,415.21,0,9.8,405.91,9.8,9.3,NA,Unknown,Water level accuracy is unknown,1,Department of Water Resources,NA,5155,Kaweah Delta Water Conservation District
34868,363793N1191170W001,900960,1965-02-08T00:00:00Z,415.71,415.21,0,9.5,406.21,9.5,9,NA,Unknown,Water level accuracy is unknown,1,Department of Water Resources,NA,5155,Kaweah Delta Water Conservation District
34868,363793N1191170W001,900959,1964-10-01T00:00:00Z,415.71,415.21,0,12.9,402.81,12.9,12.4,NA,Unknown,Water level accuracy is unknown,1,Department of Water Resources,NA,5155,Kaweah Delta Water Conservation District
34868,363793N1191170W001,900958,1963-09-25T00:00:00Z,415.71,415.21,0,9,406.71,9,8.5,NA,Unknown,Water level accuracy is unknown,1,Department of Water Resources,NA,5155,Kaweah Delta Water Conservation District
34868,363793N1191170W001,900957,1963-02-25T00:00:00Z,415.71,415.21,0,9.8,405.91,9.8,9.3,NA,Unknown,Water level accuracy is unknown,1,Department of Water Resources,NA,5155,Kaweah Delta Water Conservation District
34868,363793N1191170W001,900956,1962-02-27T00:00:00Z,415.71,415.21,0,10.9,404.81,10.9,10.4,NA,Unknown,Water level accuracy is unknown,1,Department of Water Resources,NA,5155,Kaweah Delta Water Conservation District
34868,363793N1191170W001,900955,1961-10-15T00:00:00Z,415.71,415.21,0,12.3,403.41,12.3,11.8,NA,Unknown,Water level accuracy is unknown,1,Department of Water Resources,NA,5155,Kaweah Delta Water Conservation District
