STN_ID,SITE_CODE,WLM_ID,MSMT_DATE,WLM_RPE,WLM_GSE,RDNG_WS,RDNG_RP,WSE,RPE_WSE,GSE_WSE,WLM_QA_DESC,WLM_DESC,WLM_ACC_DESC,WLM_ORG_ID,WLM_ORG_NAME,MSMT_CMT,COOP_AGENCY_ORG_ID,COOP_ORG_NAME
34883,396874N1202341W001,2620100,2020-04-24T12:00:00Z,4965.4,4964.7,0,14,4951.4,14,13.3,NA,Electric sounder measurement,Water level accuracy to nearest hundredth of a foot,1,Department of Water Resources,NA,1,Department of Water Resources
34883,396874N1202341W001,2493704,2019-10-23T12:00:00Z,4965.4,4964.7,0,15.7,4949.7,15.7,15,NA,Electric sounder measurement,Water level accuracy to nearest hundredth of a foot,1,Department of Water Resources,NA,1,Department of Water Resources
34883,396874N1202341W001,2454941,2019-04-10T12:00:00Z,4965.4,4964.7,0,8.55,4956.85,8.55,7.85,NA,Electric sounder measurement,Water level accuracy to nearest hundredth of a foot,1,Department of Water Resources,NA,1,Department of Water Resources
34883,396874N1202341W001,2415009,2018-10-24T12:00:00Z,4965.4,4964.7,0,17.9,4947.5,17.9,17.2,NA,Electric sounder measurement,Water level accuracy to nearest hundredth of a foot,1,Department of Water Resources,NA,1,Department of Water Resources
34883,396874N1202341W001,2285948,2018-04-02T12:00:00Z,4965.4,4964.7,0,12,4953.4,12,11.3,NA,Electric sounder measurement,Water level accuracy to nearest hundredth of a foot,1,Department of Water Resources,NA,1,Department of Water Resources
34883,396874N1202341W001,2267988,2017-10-16T00:00:00Z,4965.4,4964.7,0,20.25,4945.15,20.25,19.55,NA,Electric sounder measurement,Water level accuracy to nearest hundredth of a foot,1,Department of Water Resources,NA,1,Department of Water Resources
34883,396874N1202341W001,2244276,2017-04-03T00:00:00Z,4965.4,4964.7,0,12.25,4953.15,12.25,11.55,NA,Electric sounder measurement,Water level accuracy to nearest hundredth of a foot,1,Department of Water Resources,NA,1,Department of Water Resources
34883,396874N1202341W001,2214106,2016-10-24T00:00:00Z,4965.4,4964.7,0,33.75,4931.65,33.75,33.05,NA,Electric sounder measurement,Water level accuracy to nearest hundredth of a foot,1,Department of Water Resources,NA,1,Department of Water Resources
34883,396874N1202341W001,2184572,2016-03-21T00:00:00Z,4965.4,4964.7,0,21.36,4944.04,21.36,20.66,NA,Electric sounder measurement,Water level accuracy to nearest hundredth of a foot,1,Department of Water Resources,NA,1,Department of Water Resources
34883,396874N1202341W001,2157046,2015-10-19T00:00:00Z,4965.4,4964.7,0,35.71,4929.69,35.71,35.01,NA,Electric sounder measurement,Water level accuracy to nearest hundredth of a foot,1,Department of Water Resources,NA,1,Department of Water Resources
34883,396874N1202341W001,2119758,2015-03-23T00:00:00Z,4965.4,4964.7,0,31.31,4934.09,31.31,30.61,NA,Electric sounder measurement,Water level accuracy to nearest hundredth of a foot,1,Department of Water Resources,NA,1,Department of Water Resources
34883,396874N1202341W001,2020273,2014-10-20T20:00:00Z,4965.4,4964.7,0,32.98,4932.42,32.98,32.28,NA,Electric sounder measurement,Water level accuracy to nearest hundredth of a foot,1,Department of Water Resources,NA,1,Department of Water Resources
34883,396874N1202341W001,1880756,2014-03-14T00:00:00Z,4965.4,4964.7,0,27.8,4937.6,27.8,27.1,NA,Electric sounder measurement,Water level accuracy to nearest hundredth of a foot,1,Department of Water Resources,NA,1,Department of Water Resources
34883,396874N1202341W001,1797098,2013-10-21T00:00:00Z,4965.4,4964.7,0,28.85,4936.55,28.85,28.15,NA,Electric sounder measurement,Water level accuracy to nearest hundredth of a foot,1,Department of Water Resources,NA,1,Department of Water Resources
34883,396874N1202341W001,1684417,2013-03-25T00:00:00Z,4965.36,4964.66,0,23.95,4941.41,23.95,23.25,NA,Electric sounder measurement,Water level accuracy to nearest hundredth of a foot,1,Department of Water Resources,NA,1,Department of Water Resources
34883,396874N1202341W001,69358,2012-10-30T00:00:00Z,4965.36,4964.66,0,25.44,4939.92,25.44,24.74,NA,Electric sounder measurement,Water level accuracy to nearest hundredth of a foot,1,Department of Water Resources,NA,1,Department of Water Resources
34883,396874N1202341W001,59940,2012-04-17T00:00:00Z,4965.36,4964.66,0,18.8,4946.56,18.8,18.1,NA,Electric sounder measurement,Water level accuracy to nearest hundredth of a foot,1,Department of Water Resources,NA,1,Department of Water Resources
34883,396874N1202341W001,39788,2011-10-18T00:00:00Z,4965.36,4964.66,0,18.72,4946.64,18.72,18.02,NA,Electric sounder measurement,Water level accuracy to nearest hundredth of a foot,1,Department of Water Resources,NA,1,Department of Water Resources
34883,396874N1202341W001,1751702,2011-10-18T00:00:00Z,4965.4,4964.7,0,18.72,4946.68,18.72,18.02,NA,Unknown,Water level accuracy is unknown,1,Department of Water Resources,NA,1,Department of Water Resources
34883,396874N1202341W001,1751701,2011-04-25T00:00:00Z,4965.4,4964.7,0,11.12,4954.28,11.12,10.42,NA,Unknown,Water level accuracy is unknown,1,Department of Water Resources,NA,1,Department of Water Resources
34883,396874N1202341W001,1751700,2010-10-25T00:00:00Z,4965.4,4964.7,0,26.55,4938.85,26.55,25.85,NA,Unknown,Water level accuracy is unknown,1,Department of Water Resources,NA,1,Department of Water Resources
34883,396874N1202341W001,1751699,2010-04-06T00:00:00Z,4965.4,4964.7,0,24,4941.4,24,23.3,NA,Unknown,Water level accuracy is unknown,1,Department of Water Resources,NA,1,Department of Water Resources
34883,396874N1202341W001,1751698,2009-10-28T00:00:00Z,4965.4,4964.7,0,27.6,4937.8,27.6,26.9,NA,Unknown,Water level accuracy is unknown,1,Department of Water Resources,NA,1,Department of Water Resources
34883,396874N1202341W001,1751697,2009-04-13T00:00:00Z,4965.4,4964.7,0,22,4943.4,22,21.3,NA,Unknown,Water level accuracy is unknown,1,Department of Water Resources,NA,1,Department of Water Resources
34883,396874N1202341W001,1751696,2008-10-27T00:00:00Z,4965.4,4964.7,0,26.5,4938.9,26.5,25.8,NA,Unknown,Water level accuracy is unknown,1,Department of Water Resources,NA,1,Department of Water Resources
34883,396874N1202341W001,1751694,2008-04-09T00:00:00Z,4965.4,4964.7,0,16.9,4948.5,16.9,16.2,NA,Unknown,Water level accuracy is unknown,1,Department of Water Resources,NA,1,Department of Water Resources
34883,396874N1202341W001,1751695,2007-10-25T00:00:00Z,4965.4,4964.7,NA,NA,NA,NA,NA,Temporarily inaccessible,NA,NA,1,Department of Water Resources,NA,1,Department of Water Resources
34883,396874N1202341W001,1751693,2007-04-10T00:00:00Z,4965.4,4964.7,0,16.7,4948.7,16.7,16,NA,Unknown,Water level accuracy is unknown,1,Department of Water Resources,NA,1,Department of Water Resources
34883,396874N1202341W001,1751692,2006-10-17T00:00:00Z,4965.4,4964.7,0,17.6,4947.8,17.6,16.9,NA,Unknown,Water level accuracy is unknown,1,Department of Water Resources,NA,1,Department of Water Resources
34883,396874N1202341W001,1751691,2006-04-18T00:00:00Z,4965.4,4964.7,0,9.1,4956.3,9.1,8.4,NA,Unknown,Water level accuracy is unknown,1,Department of Water Resources,NA,1,Department of Water Resources
34883,396874N1202341W001,1751690,2005-10-27T00:00:00Z,4965.4,4964.7,0,25.5,4939.9,25.5,24.8,NA,Unknown,Water level accuracy is unknown,1,Department of Water Resources,NA,1,Department of Water Resources
34883,396874N1202341W001,1751689,2005-04-05T00:00:00Z,4965.4,4964.7,0,15.9,4949.5,15.9,15.2,NA,Unknown,Water level accuracy is unknown,1,Department of Water Resources,NA,1,Department of Water Resources
34883,396874N1202341W001,1751688,2004-10-14T00:00:00Z,4965.4,4964.7,0,28.9,4936.5,28.9,28.2,NA,Unknown,Water level accuracy is unknown,1,Department of Water Resources,NA,1,Department of Water Resources
34883,396874N1202341W001,1751687,2004-04-07T00:00:00Z,4965.4,4964.7,0,22,4943.4,22,21.3,NA,Unknown,Water level accuracy is unknown,1,Department of Water Resources,NA,1,Department of Water Resources
34883,396874N1202341W001,1751686,2003-10-29T00:00:00Z,4965.4,4964.7,0,29.5,4935.9,29.5,28.8,NA,Unknown,Water level accuracy is unknown,1,Department of Water Resources,NA,1,Department of Water Resources
34883,396874N1202341W001,1751685,2003-03-28T00:00:00Z,4965.4,4964.7,0,21.1,4944.3,21.1,20.4,NA,Unknown,Water level accuracy is unknown,1,Department of Water Resources,NA,1,Department of Water Resources
34883,396874N1202341W001,1751684,2002-10-23T00:00:00Z,4965.4,4964.7,0,28.6,4936.8,28.6,27.9,NA,Unknown,Water level accuracy is unknown,1,Department of Water Resources,NA,1,Department of Water Resources
34883,396874N1202341W001,1751683,2002-03-27T00:00:00Z,4965.4,4964.7,0,23.9,4941.5,23.9,23.2,NA,Unknown,Water level accuracy is unknown,1,Department of Water Resources,NA,1,Department of Water Resources
34883,396874N1202341W001,1751682,2002-03-26T00:00:00Z,4965.4,4964.7,0,23.9,4941.5,23.9,23.2,NA,Unknown,Water level accuracy is unknown,1,Department of Water Resources,NA,1,Department of Water Resources
34883,396874N1202341W001,1751681,2001-10-17T00:00:00Z,4965.4,4964.7,0,25.4,4940,25.4,24.7,NA,Unknown,Water level accuracy is unknown,1,Department of Water Resources,NA,1,Department of Water Resources
34883,396874N1202341W001,1751680,2001-03-27T00:00:00Z,4965.4,4964.7,0,18.3,4947.1,18.3,17.6,NA,Unknown,Water level accuracy is unknown,1,Department of Water Resources,NA,1,Department of Water Resources
34883,396874N1202341W001,1751679,2000-10-18T00:00:00Z,4965.4,4964.7,0,17.9,4947.5,17.9,17.2,NA,Unknown,Water level accuracy is unknown,1,Department of Water Resources,NA,1,Department of Water Resources
34883,396874N1202341W001,1751678,2000-03-26T00:00:00Z,4965.4,4964.7,0,8.6,4956.8,8.6,7.9,NA,Unknown,Water level accuracy is unknown,1,Department of Water Resources,NA,1,Department of Water Resources
34883,396874N1202341W001,1751676,1999-10-13T00:00:00Z,4965.4,4964.7,0,16.1,4949.3,16.1,15.4,NA,Unknown,Water level accuracy is unknown,1,Department of Water Resources,NA,1,Department of Water Resources
34883,396874N1202341W001,1751677,1999-04-15T00:00:00Z,4965.4,4964.7,0,7.5,4957.9,7.5,6.8,NA,Unknown,Water level accuracy is unknown,1,Department of Water Resources,NA,1,Department of Water Resources
34883,396874N1202341W001,1751675,1998-10-14T00:00:00Z,4965.4,4964.7,0,17,4948.4,17,16.3,NA,Unknown,Water level accuracy is unknown,1,Department of Water Resources,NA,1,Department of Water Resources
34883,396874N1202341W001,1751674,1998-05-15T00:00:00Z,4965.4,4964.7,0,9.1,4956.3,9.1,8.4,NA,Unknown,Water level accuracy is unknown,1,Department of Water Resources,NA,1,Department of Water Resources
34883,396874N1202341W001,1751673,1997-10-17T00:00:00Z,4965.4,4964.7,0,19.9,4945.5,19.9,19.2,NA,Unknown,Water level accuracy is unknown,1,Department of Water Resources,NA,1,Department of Water Resources
34883,396874N1202341W001,1751672,1997-04-04T00:00:00Z,4965.4,4964.7,0,9,4956.4,9,8.3,NA,Unknown,Water level accuracy is unknown,1,Department of Water Resources,NA,1,Department of Water Resources
34883,396874N1202341W001,1751635,1996-10-30T00:00:00Z,4965.4,4964.7,0,20.3,4945.1,20.3,19.6,NA,Unknown,Water level accuracy is unknown,1,Department of Water Resources,NA,1,Department of Water Resources
34883,396874N1202341W001,1751671,1996-05-07T00:00:00Z,4965.4,4964.7,0,9.2,4956.2,9.2,8.5,NA,Unknown,Water level accuracy is unknown,1,Department of Water Resources,NA,1,Department of Water Resources
34883,396874N1202341W001,1751670,1995-10-25T00:00:00Z,4965.4,4964.7,0,24.6,4940.8,24.6,23.9,NA,Unknown,Water level accuracy is unknown,1,Department of Water Resources,NA,1,Department of Water Resources
34883,396874N1202341W001,1751669,1995-06-01T00:00:00Z,4965.4,4964.7,0,17.1,4948.3,17.1,16.4,NA,Unknown,Water level accuracy is unknown,1,Department of Water Resources,NA,1,Department of Water Resources
34883,396874N1202341W001,1751668,1994-10-29T00:00:00Z,4965.4,4964.7,0,37.2,4928.2,37.2,36.5,NA,Unknown,Water level accuracy is unknown,1,Department of Water Resources,NA,1,Department of Water Resources
34883,396874N1202341W001,1751667,1994-03-31T00:00:00Z,4965.4,4964.7,0,29.1,4936.3,29.1,28.4,NA,Unknown,Water level accuracy is unknown,1,Department of Water Resources,NA,1,Department of Water Resources
34883,396874N1202341W001,1751666,1993-10-21T00:00:00Z,4965.4,4964.7,0,33,4932.4,33,32.3,NA,Unknown,Water level accuracy is unknown,1,Department of Water Resources,NA,1,Department of Water Resources
34883,396874N1202341W001,1751665,1993-04-21T00:00:00Z,4965.4,4964.7,0,27.2,4938.2,27.2,26.5,NA,Unknown,Water level accuracy is unknown,1,Department of Water Resources,NA,1,Department of Water Resources
34883,396874N1202341W001,1751664,1992-10-22T00:00:00Z,4965.4,4964.7,0,39.8,4925.6,39.8,39.1,NA,Unknown,Water level accuracy is unknown,1,Department of Water Resources,NA,1,Department of Water Resources
34883,396874N1202341W001,1751663,1992-03-24T00:00:00Z,4965.4,4964.7,0,31.1,4934.3,31.1,30.4,NA,Unknown,Water level accuracy is unknown,1,Department of Water Resources,NA,1,Department of Water Resources
34883,396874N1202341W001,1751662,1991-10-22T00:00:00Z,4965.4,4964.7,0,35.5,4929.9,35.5,34.8,NA,Unknown,Water level accuracy is unknown,1,Department of Water Resources,NA,1,Department of Water Resources
34883,396874N1202341W001,1751661,1991-02-26T00:00:00Z,4965.4,4964.7,0,29.7,4935.7,29.7,29,NA,Unknown,Water level accuracy is unknown,1,Department of Water Resources,NA,1,Department of Water Resources
34883,396874N1202341W001,1751660,1990-10-25T00:00:00Z,4965.4,4964.7,0,33.7,4931.7,33.7,33,Other,Unknown,Water level accuracy is unknown,1,Department of Water Resources,NA,1,Department of Water Resources
34883,396874N1202341W001,1751659,1990-04-12T00:00:00Z,4965.4,4964.7,0,25.8,4939.6,25.8,25.1,Other,Unknown,Water level accuracy is unknown,1,Department of Water Resources,NA,388,Sierra Valley Groundwater Management District
34883,396874N1202341W001,1751658,1989-09-26T00:00:00Z,4965.4,4964.7,0,35.2,4930.2,35.2,34.5,NA,Unknown,Water level accuracy is unknown,1,Department of Water Resources,NA,1,Department of Water Resources
34883,396874N1202341W001,1751657,1989-04-16T00:00:00Z,4965.4,4964.7,0,30,4935.4,30,29.3,NA,Unknown,Water level accuracy is unknown,1,Department of Water Resources,NA,1,Department of Water Resources
34883,396874N1202341W001,1751656,1988-11-05T00:00:00Z,4965.4,4964.7,0,33,4932.4,33,32.3,NA,Unknown,Water level accuracy is unknown,1,Department of Water Resources,NA,1,Department of Water Resources
34883,396874N1202341W001,1751655,1988-03-23T00:00:00Z,4965.4,4964.7,0,23.4,4942,23.4,22.7,NA,Unknown,Water level accuracy is unknown,1,Department of Water Resources,NA,1,Department of Water Resources
34883,396874N1202341W001,1751654,1987-10-20T00:00:00Z,4965.4,4964.7,NA,NA,NA,NA,NA,Temporarily inaccessible,NA,NA,1,Department of Water Resources,NA,1,Department of Water Resources
34883,396874N1202341W001,1751653,1987-04-08T00:00:00Z,4965.4,4964.7,0,16,4949.4,16,15.3,NA,Unknown,Water level accuracy is unknown,1,Department of Water Resources,NA,1,Department of Water Resources
34883,396874N1202341W001,1751652,1986-10-02T00:00:00Z,4965.4,4964.7,0,21.5,4943.9,21.5,20.8,NA,Unknown,Water level accuracy is unknown,1,Department of Water Resources,NA,1,Department of Water Resources
34883,396874N1202341W001,1751651,1986-04-01T00:00:00Z,4965.4,4964.7,0,7.1,4958.3,7.1,6.4,NA,Unknown,Water level accuracy is unknown,1,Department of Water Resources,NA,1,Department of Water Resources
34883,396874N1202341W001,1751650,1985-10-06T00:00:00Z,4965.4,4964.7,0,22.2,4943.2,22.2,21.5,NA,Unknown,Water level accuracy is unknown,1,Department of Water Resources,NA,1,Department of Water Resources
34883,396874N1202341W001,1751649,1985-04-01T00:00:00Z,4965.4,4964.7,0,8.7,4956.7,8.7,8,NA,Unknown,Water level accuracy is unknown,1,Department of Water Resources,NA,1,Department of Water Resources
34883,396874N1202341W001,1751648,1984-10-03T00:00:00Z,4965.4,4964.7,0,20.7,4944.7,20.7,20,NA,Unknown,Water level accuracy is unknown,1,Department of Water Resources,NA,1,Department of Water Resources
34883,396874N1202341W001,1751647,1984-03-12T00:00:00Z,4965.4,4964.7,0,6.8,4958.6,6.8,6.1,NA,Unknown,Water level accuracy is unknown,1,Department of Water Resources,NA,1,Department of Water Resources
34883,396874N1202341W001,1751646,1983-09-28T00:00:00Z,4965.4,4964.7,0,19.2,4946.2,19.2,18.5,NA,Unknown,Water level accuracy is unknown,1,Department of Water Resources,NA,1,Department of Water Resources
34883,396874N1202341W001,1751645,1983-04-18T00:00:00Z,4965.4,4964.7,0,12.4,4953,12.4,11.7,NA,Unknown,Water level accuracy is unknown,1,Department of Water Resources,NA,1,Department of Water Resources
34883,396874N1202341W001,1751644,1982-10-15T00:00:00Z,4965.4,4964.7,0,26.2,4939.2,26.2,25.5,NA,Unknown,Water level accuracy is unknown,1,Department of Water Resources,NA,1,Department of Water Resources
34883,396874N1202341W001,1751643,1982-10-07T00:00:00Z,4965.4,4964.7,0,27.1,4938.3,27.1,26.4,NA,Unknown,Water level accuracy is unknown,1,Department of Water Resources,NA,1,Department of Water Resources
34883,396874N1202341W001,1751642,1982-10-06T00:00:00Z,4965.4,4964.7,0,27.4,4938,27.4,26.7,NA,Unknown,Water level accuracy is unknown,1,Department of Water Resources,NA,1,Department of Water Resources
34883,396874N1202341W001,1751641,1982-04-28T00:00:00Z,4965.4,4964.7,NA,NA,NA,NA,NA,Can't get tape in casing,NA,NA,1,Department of Water Resources,NA,1,Department of Water Resources
34883,396874N1202341W001,1751640,1981-10-15T00:00:00Z,4965.4,4964.7,0,50,4915.4,50,49.3,NA,Unknown,Water level accuracy is unknown,1,Department of Water Resources,NA,1,Department of Water Resources
34883,396874N1202341W001,1751639,1981-10-07T00:00:00Z,4965.4,4964.7,0,51.7,4913.7,51.7,51,NA,Unknown,Water level accuracy is unknown,1,Department of Water Resources,NA,1,Department of Water Resources
34883,396874N1202341W001,1751638,1981-10-01T00:00:00Z,4965.4,4964.7,0,49.8,4915.6,49.8,49.1,NA,Unknown,Water level accuracy is unknown,1,Department of Water Resources,NA,1,Department of Water Resources
34883,396874N1202341W001,1751637,1981-09-17T00:00:00Z,4965.4,4964.7,0,61,4904.4,61,60.3,NA,Unknown,Water level accuracy is unknown,1,Department of Water Resources,NA,1,Department of Water Resources
34883,396874N1202341W001,1751636,1981-04-17T00:00:00Z,4965.4,4964.7,0,32.5,4932.9,32.5,31.8,NA,Unknown,Water level accuracy is unknown,1,Department of Water Resources,NA,1,Department of Water Resources
