STN_ID,SITE_CODE,WLM_ID,MSMT_DATE,WLM_RPE,WLM_GSE,RDNG_WS,RDNG_RP,WSE,RPE_WSE,GSE_WSE,WLM_QA_DESC,WLM_DESC,WLM_ACC_DESC,WLM_ORG_ID,WLM_ORG_NAME,MSMT_CMT,COOP_AGENCY_ORG_ID,COOP_ORG_NAME
34897,360219N1192684W001,808037,1967-01-30T00:00:00Z,296.7,296.7,0,145,151.7,145,145,NA,Unknown,Water level accuracy is unknown,1,Department of Water Resources,NA,1,Department of Water Resources
34897,360219N1192684W001,808036,1964-02-06T00:00:00Z,296.7,296.7,0,150,146.7,150,150,NA,Unknown,Water level accuracy is unknown,1,Department of Water Resources,NA,1099,"TULE RIVER, LOWER, IRRIGATION DISTRICT"
34897,360219N1192684W001,808035,1963-09-26T00:00:00Z,296.7,296.7,0,157,139.7,157,157,NA,Unknown,Water level accuracy is unknown,1,Department of Water Resources,NA,1099,"TULE RIVER, LOWER, IRRIGATION DISTRICT"
34897,360219N1192684W001,808034,1963-03-06T00:00:00Z,296.7,296.7,0,164,132.7,164,164,NA,Unknown,Water level accuracy is unknown,1,Department of Water Resources,NA,1099,"TULE RIVER, LOWER, IRRIGATION DISTRICT"
34897,360219N1192684W001,808033,1963-02-07T00:00:00Z,296.7,296.7,0,146,150.7,146,146,NA,Unknown,Water level accuracy is unknown,1,Department of Water Resources,NA,1099,"TULE RIVER, LOWER, IRRIGATION DISTRICT"
34897,360219N1192684W001,808032,1962-08-16T00:00:00Z,296.7,296.7,0,174,122.7,174,174,NA,Unknown,Water level accuracy is unknown,1,Department of Water Resources,NA,1099,"TULE RIVER, LOWER, IRRIGATION DISTRICT"
34897,360219N1192684W001,808031,1962-07-19T00:00:00Z,296.7,296.7,0,178,118.7,178,178,NA,Unknown,Water level accuracy is unknown,1,Department of Water Resources,NA,1099,"TULE RIVER, LOWER, IRRIGATION DISTRICT"
34897,360219N1192684W001,808030,1962-06-19T00:00:00Z,296.7,296.7,0,171,125.7,171,171,NA,Unknown,Water level accuracy is unknown,1,Department of Water Resources,NA,1099,"TULE RIVER, LOWER, IRRIGATION DISTRICT"
34897,360219N1192684W001,808029,1962-05-11T00:00:00Z,296.7,296.7,0,155.5,141.2,155.5,155.5,NA,Unknown,Water level accuracy is unknown,1,Department of Water Resources,NA,1099,"TULE RIVER, LOWER, IRRIGATION DISTRICT"
34897,360219N1192684W001,808028,1962-04-17T00:00:00Z,296.7,296.7,0,175,121.7,175,175,NA,Unknown,Water level accuracy is unknown,1,Department of Water Resources,NA,1099,"TULE RIVER, LOWER, IRRIGATION DISTRICT"
34897,360219N1192684W001,808027,1962-03-26T00:00:00Z,296.7,296.7,0,149,147.7,149,149,NA,Unknown,Water level accuracy is unknown,1,Department of Water Resources,NA,1099,"TULE RIVER, LOWER, IRRIGATION DISTRICT"
34897,360219N1192684W001,808026,1962-02-15T00:00:00Z,296.7,296.7,0,160,136.7,160,160,NA,Unknown,Water level accuracy is unknown,1,Department of Water Resources,NA,1099,"TULE RIVER, LOWER, IRRIGATION DISTRICT"
34897,360219N1192684W001,808025,1962-01-23T00:00:00Z,296.7,296.7,0,145,151.7,145,145,NA,Unknown,Water level accuracy is unknown,1,Department of Water Resources,NA,1099,"TULE RIVER, LOWER, IRRIGATION DISTRICT"
34897,360219N1192684W001,808024,1961-12-18T00:00:00Z,296.7,296.7,0,166,130.7,166,166,NA,Unknown,Water level accuracy is unknown,1,Department of Water Resources,NA,1099,"TULE RIVER, LOWER, IRRIGATION DISTRICT"
34897,360219N1192684W001,808023,1961-11-14T00:00:00Z,296.7,296.7,0,180,116.7,180,180,NA,Unknown,Water level accuracy is unknown,1,Department of Water Resources,NA,1099,"TULE RIVER, LOWER, IRRIGATION DISTRICT"
34897,360219N1192684W001,808022,1961-09-28T00:00:00Z,296.7,296.7,0,192.5,104.2,192.5,192.5,NA,Unknown,Water level accuracy is unknown,1,Department of Water Resources,NA,1099,"TULE RIVER, LOWER, IRRIGATION DISTRICT"
34897,360219N1192684W001,808021,1961-09-15T00:00:00Z,296.7,296.7,0,186.5,110.2,186.5,186.5,NA,Unknown,Water level accuracy is unknown,1,Department of Water Resources,NA,1099,"TULE RIVER, LOWER, IRRIGATION DISTRICT"
34897,360219N1192684W001,808020,1961-08-08T00:00:00Z,296.7,296.7,0,183,113.7,183,183,NA,Unknown,Water level accuracy is unknown,1,Department of Water Resources,NA,1099,"TULE RIVER, LOWER, IRRIGATION DISTRICT"
34897,360219N1192684W001,808019,1961-07-22T00:00:00Z,296.7,296.7,NA,NA,NA,NA,NA,Pumping,NA,NA,1,Department of Water Resources,NA,1099,"TULE RIVER, LOWER, IRRIGATION DISTRICT"
34897,360219N1192684W001,808018,1961-06-05T00:00:00Z,296.7,296.7,NA,NA,NA,NA,NA,Pumping,NA,NA,1,Department of Water Resources,NA,1099,"TULE RIVER, LOWER, IRRIGATION DISTRICT"
34897,360219N1192684W001,808017,1961-05-05T00:00:00Z,296.7,296.7,0,184,112.7,184,184,NA,Unknown,Water level accuracy is unknown,1,Department of Water Resources,NA,1099,"TULE RIVER, LOWER, IRRIGATION DISTRICT"
34897,360219N1192684W001,808016,1961-04-11T00:00:00Z,296.7,296.7,NA,NA,NA,NA,NA,Pumping,NA,NA,1,Department of Water Resources,NA,1099,"TULE RIVER, LOWER, IRRIGATION DISTRICT"
34897,360219N1192684W001,808015,1961-03-15T00:00:00Z,296.7,296.7,NA,NA,NA,NA,NA,Pumping,NA,NA,1,Department of Water Resources,NA,1099,"TULE RIVER, LOWER, IRRIGATION DISTRICT"
34897,360219N1192684W001,808014,1961-02-14T00:00:00Z,296.7,296.7,0,135,161.7,135,135,NA,Unknown,Water level accuracy is unknown,1,Department of Water Resources,NA,1099,"TULE RIVER, LOWER, IRRIGATION DISTRICT"
34897,360219N1192684W001,808013,1961-01-09T00:00:00Z,296.7,296.7,0,156,140.7,156,156,NA,Unknown,Water level accuracy is unknown,1,Department of Water Resources,NA,1099,"TULE RIVER, LOWER, IRRIGATION DISTRICT"
34897,360219N1192684W001,808012,1960-10-07T00:00:00Z,296.7,296.7,0,179,117.7,179,179,NA,Unknown,Water level accuracy is unknown,1,Department of Water Resources,NA,1099,"TULE RIVER, LOWER, IRRIGATION DISTRICT"
34897,360219N1192684W001,808011,1960-02-16T00:00:00Z,296.7,296.7,0,137,159.7,137,137,NA,Unknown,Water level accuracy is unknown,1,Department of Water Resources,NA,1099,"TULE RIVER, LOWER, IRRIGATION DISTRICT"
34897,360219N1192684W001,808010,1959-10-11T00:00:00Z,296.7,296.7,0,129.6,167.1,129.6,129.6,NA,Unknown,Water level accuracy is unknown,1,Department of Water Resources,NA,1099,"TULE RIVER, LOWER, IRRIGATION DISTRICT"
34897,360219N1192684W001,808009,1959-03-04T00:00:00Z,296.7,296.7,0,120.3,176.4,120.3,120.3,NA,Unknown,Water level accuracy is unknown,1,Department of Water Resources,NA,1099,"TULE RIVER, LOWER, IRRIGATION DISTRICT"
34897,360219N1192684W001,808008,1958-10-14T00:00:00Z,296.7,296.7,0,129,167.7,129,129,NA,Unknown,Water level accuracy is unknown,1,Department of Water Resources,NA,1099,"TULE RIVER, LOWER, IRRIGATION DISTRICT"
34897,360219N1192684W001,808007,1958-04-02T00:00:00Z,296.7,296.7,0,120.2,176.5,120.2,120.2,NA,Unknown,Water level accuracy is unknown,1,Department of Water Resources,NA,1099,"TULE RIVER, LOWER, IRRIGATION DISTRICT"
34897,360219N1192684W001,808006,1958-03-08T00:00:00Z,296.7,296.7,0,122.7,174,122.7,122.7,NA,Unknown,Water level accuracy is unknown,1,Department of Water Resources,NA,1099,"TULE RIVER, LOWER, IRRIGATION DISTRICT"
34897,360219N1192684W001,808005,1958-02-07T00:00:00Z,296.7,296.7,0,123,173.7,123,123,NA,Unknown,Water level accuracy is unknown,1,Department of Water Resources,NA,1099,"TULE RIVER, LOWER, IRRIGATION DISTRICT"
34897,360219N1192684W001,808004,1957-11-07T00:00:00Z,296.7,296.7,0,156,140.7,156,156,NA,Unknown,Water level accuracy is unknown,1,Department of Water Resources,NA,1099,"TULE RIVER, LOWER, IRRIGATION DISTRICT"
34897,360219N1192684W001,808003,1957-10-05T00:00:00Z,296.7,296.7,0,146.8,149.9,146.8,146.8,NA,Unknown,Water level accuracy is unknown,1,Department of Water Resources,NA,1099,"TULE RIVER, LOWER, IRRIGATION DISTRICT"
34897,360219N1192684W001,808002,1957-09-10T00:00:00Z,296.7,296.7,0,158,138.7,158,158,NA,Unknown,Water level accuracy is unknown,1,Department of Water Resources,NA,1099,"TULE RIVER, LOWER, IRRIGATION DISTRICT"
34897,360219N1192684W001,808001,1957-08-06T00:00:00Z,296.7,296.7,0,159.8,136.9,159.8,159.8,NA,Unknown,Water level accuracy is unknown,1,Department of Water Resources,NA,1099,"TULE RIVER, LOWER, IRRIGATION DISTRICT"
34897,360219N1192684W001,808000,1957-07-08T00:00:00Z,296.7,296.7,0,139,157.7,139,139,NA,Unknown,Water level accuracy is unknown,1,Department of Water Resources,NA,1099,"TULE RIVER, LOWER, IRRIGATION DISTRICT"
34897,360219N1192684W001,807999,1957-06-06T00:00:00Z,296.7,296.7,0,137,159.7,137,137,NA,Unknown,Water level accuracy is unknown,1,Department of Water Resources,NA,1099,"TULE RIVER, LOWER, IRRIGATION DISTRICT"
34897,360219N1192684W001,807998,1957-02-13T00:00:00Z,296.7,296.7,0,131.2,165.5,131.2,131.2,NA,Unknown,Water level accuracy is unknown,1,Department of Water Resources,NA,1099,"TULE RIVER, LOWER, IRRIGATION DISTRICT"
34897,360219N1192684W001,807997,1956-10-05T00:00:00Z,296.7,296.7,0,161.2,135.5,161.2,161.2,NA,Unknown,Water level accuracy is unknown,1,Department of Water Resources,NA,1099,"TULE RIVER, LOWER, IRRIGATION DISTRICT"
34897,360219N1192684W001,807996,1956-02-07T00:00:00Z,296.7,296.7,0,133.9,162.8,133.9,133.9,NA,Unknown,Water level accuracy is unknown,1,Department of Water Resources,NA,1099,"TULE RIVER, LOWER, IRRIGATION DISTRICT"
34897,360219N1192684W001,807995,1955-10-01T00:00:00Z,296.7,296.7,0,146.5,150.2,146.5,146.5,NA,Unknown,Water level accuracy is unknown,1,Department of Water Resources,NA,1099,"TULE RIVER, LOWER, IRRIGATION DISTRICT"
34897,360219N1192684W001,807994,1955-02-08T00:00:00Z,296.7,296.7,0,142.2,154.5,142.2,142.2,NA,Unknown,Water level accuracy is unknown,1,Department of Water Resources,NA,1099,"TULE RIVER, LOWER, IRRIGATION DISTRICT"
34897,360219N1192684W001,807993,1954-09-18T00:00:00Z,296.7,296.7,0,152.6,144.1,152.6,152.6,NA,Unknown,Water level accuracy is unknown,1,Department of Water Resources,NA,1099,"TULE RIVER, LOWER, IRRIGATION DISTRICT"
34897,360219N1192684W001,807992,1954-02-06T00:00:00Z,296.7,296.7,0,133.3,163.4,133.3,133.3,NA,Unknown,Water level accuracy is unknown,1,Department of Water Resources,NA,1099,"TULE RIVER, LOWER, IRRIGATION DISTRICT"
