STN_ID,SITE_CODE,WLM_ID,MSMT_DATE,WLM_RPE,WLM_GSE,RDNG_WS,RDNG_RP,WSE,RPE_WSE,GSE_WSE,WLM_QA_DESC,WLM_DESC,WLM_ACC_DESC,WLM_ORG_ID,WLM_ORG_NAME,MSMT_CMT,COOP_AGENCY_ORG_ID,COOP_ORG_NAME
35009,361586N1193782W001,2447775,2019-01-31T10:30:00Z,245.87,245.13,8,100,153.87,92,91.26,NA,Steel tape measurement,Water level accuracy to nearest foot,5030,Tulare Irrigation District,NA,5030,Tulare Irrigation District
35009,361586N1193782W001,2415764,2018-10-10T10:30:00Z,245.87,245.13,12,105,152.87,93,92.26,NA,Steel tape measurement,Water level accuracy to nearest foot,5030,Tulare Irrigation District,NA,5030,Tulare Irrigation District
35009,361586N1193782W001,2282167,2018-02-02T10:30:00Z,245.87,245.13,11,105,151.87,94,93.26,NA,Steel tape measurement,Water level accuracy to nearest foot,5030,Tulare Irrigation District,NA,5030,Tulare Irrigation District
35009,361586N1193782W001,2262964,2017-09-28T10:30:00Z,245.87,245.13,20,110,155.87,90,89.26,NA,Steel tape measurement,Water level accuracy to nearest foot,5030,Tulare Irrigation District,NA,5030,Tulare Irrigation District
35009,361586N1193782W001,2250771,2017-01-27T08:30:00Z,245.87,245.13,1,100,146.87,99,98.26,NA,Steel tape measurement,Water level accuracy to nearest foot,5030,Tulare Irrigation District,NA,5030,Tulare Irrigation District
35009,361586N1193782W001,2231647,2016-10-24T00:00:00Z,245.87,245.13,20,120,145.87,100,99.26,NA,Steel tape measurement,Water level accuracy to nearest foot,5030,Tulare Irrigation District,NA,5030,Tulare Irrigation District
35009,361586N1193782W001,1989003,2013-03-06T13:15:00Z,260.223,260.223,10,100,170.223,90,90,Oil or foreign substance in casing,Unknown,Water level accuracy to nearest tenth of a foot,1,Department of Water Resources,tape=90,1,Department of Water Resources
35009,361586N1193782W001,93930,2011-02-14T09:45:00Z,260.223,260.223,37,105,192.223,68,68,Oil or foreign substance in casing,Unknown,Water level accuracy to nearest tenth of a foot,1,Department of Water Resources,Oil in Casing,1,Department of Water Resources
35009,361586N1193782W001,950548,2010-01-19T00:00:00Z,260.22,260.22,0,86,174.22,86,86,NA,Unknown,Water level accuracy is unknown,1,Department of Water Resources,NA,5030,Tulare Irrigation District
35009,361586N1193782W001,950547,2009-03-04T00:00:00Z,260.22,260.22,0,90,170.22,90,90,Oil or foreign substance in casing,Unknown,Water level accuracy is unknown,1,Department of Water Resources,OIL IN CASING,5030,Tulare Irrigation District
35009,361586N1193782W001,950545,2007-10-16T00:00:00Z,260.22,260.22,0,84,176.22,84,84,Oil or foreign substance in casing,Unknown,Water level accuracy is unknown,1,Department of Water Resources,OIL IN CASING,5030,Tulare Irrigation District
35009,361586N1193782W001,950546,2006-10-03T00:00:00Z,260.22,260.22,0,61,199.22,61,61,Oil or foreign substance in casing,Unknown,Water level accuracy is unknown,1,Department of Water Resources,TAPE-61 FEET,5030,Tulare Irrigation District
35009,361586N1193782W001,950544,2006-01-26T00:00:00Z,260.22,260.22,0,65,195.22,65,65,Oil or foreign substance in casing,Unknown,Water level accuracy is unknown,1,Department of Water Resources,NA,5030,Tulare Irrigation District
35009,361586N1193782W001,950543,2005-02-03T00:00:00Z,260.22,260.22,0,70,190.22,70,70,NA,Unknown,Water level accuracy is unknown,1,Department of Water Resources,NA,5030,Tulare Irrigation District
35009,361586N1193782W001,950542,2003-09-23T00:00:00Z,260.22,260.22,0,64,196.22,64,64,Oil or foreign substance in casing,Unknown,Water level accuracy is unknown,1,Department of Water Resources,TAPE-64',5030,Tulare Irrigation District
35009,361586N1193782W001,950539,2003-01-24T00:00:00Z,260.22,260.22,0,65,195.22,65,65,Oil or foreign substance in casing,Unknown,Water level accuracy is unknown,1,Department of Water Resources,NA,5030,Tulare Irrigation District
35009,361586N1193782W001,950541,2002-09-23T00:00:00Z,260.22,260.22,0,65,195.22,65,65,Pumped recently,Unknown,Water level accuracy is unknown,1,Department of Water Resources,NA,624,Bureau of Reclamation
35009,361586N1193782W001,950540,2002-01-18T00:00:00Z,260.22,260.22,0,65,195.22,65,65,Oil or foreign substance in casing,Unknown,Water level accuracy is unknown,1,Department of Water Resources,NA,624,Bureau of Reclamation
35009,361586N1193782W001,950538,2001-01-22T00:00:00Z,260.22,260.22,0,71,189.22,71,71,Pumping,Unknown,Water level accuracy is unknown,1,Department of Water Resources,NA,5030,Tulare Irrigation District
35009,361586N1193782W001,950537,2000-01-21T00:00:00Z,260.22,260.22,0,65,195.22,65,65,Oil or foreign substance in casing,Unknown,Water level accuracy is unknown,1,Department of Water Resources,NA,5030,Tulare Irrigation District
35009,361586N1193782W001,950536,1999-10-08T00:00:00Z,260.22,260.22,0,69,191.22,69,69,Oil or foreign substance in casing,Unknown,Water level accuracy is unknown,1,Department of Water Resources,NA,5030,Tulare Irrigation District
35009,361586N1193782W001,950535,1999-01-19T00:00:00Z,260.22,260.22,0,65,195.22,65,65,Oil or foreign substance in casing,Unknown,Water level accuracy is unknown,1,Department of Water Resources,NA,5030,Tulare Irrigation District
35009,361586N1193782W001,950534,1998-10-08T00:00:00Z,260.22,260.22,0,73,187.22,73,73,Oil or foreign substance in casing,Unknown,Water level accuracy is unknown,1,Department of Water Resources,NA,5030,Tulare Irrigation District
35009,361586N1193782W001,950533,1998-01-20T00:00:00Z,260.22,260.22,0,72,188.22,72,72,Oil or foreign substance in casing,Unknown,Water level accuracy is unknown,1,Department of Water Resources,NA,5030,Tulare Irrigation District
35009,361586N1193782W001,950532,1997-10-09T00:00:00Z,260.22,260.22,0,73,187.22,73,73,Oil or foreign substance in casing,Unknown,Water level accuracy is unknown,1,Department of Water Resources,NA,5030,Tulare Irrigation District
35009,361586N1193782W001,950531,1997-01-14T00:00:00Z,260.22,260.22,0,72,188.22,72,72,Oil or foreign substance in casing,Unknown,Water level accuracy is unknown,1,Department of Water Resources,NA,5030,Tulare Irrigation District
35009,361586N1193782W001,950530,1996-10-04T00:00:00Z,260.22,260.22,0,75,185.22,75,75,Oil or foreign substance in casing,Unknown,Water level accuracy is unknown,1,Department of Water Resources,NA,5030,Tulare Irrigation District
35009,361586N1193782W001,950529,1996-01-17T00:00:00Z,260.22,260.22,0,75,185.22,75,75,NA,Unknown,Water level accuracy is unknown,1,Department of Water Resources,NA,5030,Tulare Irrigation District
35009,361586N1193782W001,950528,1995-10-09T00:00:00Z,260.22,260.22,0,75,185.22,75,75,NA,Unknown,Water level accuracy is unknown,1,Department of Water Resources,NA,5030,Tulare Irrigation District
35009,361586N1193782W001,950527,1995-02-03T00:00:00Z,260.22,260.22,0,80,180.22,80,80,Oil or foreign substance in casing,Unknown,Water level accuracy is unknown,1,Department of Water Resources,NA,5030,Tulare Irrigation District
35009,361586N1193782W001,950526,1994-10-06T00:00:00Z,260.22,260.22,0,81,179.22,81,81,Oil or foreign substance in casing,Unknown,Water level accuracy is unknown,1,Department of Water Resources,NA,5030,Tulare Irrigation District
35009,361586N1193782W001,950525,1994-01-21T00:00:00Z,260.22,260.22,0,71,189.22,71,71,NA,Unknown,Water level accuracy is unknown,1,Department of Water Resources,NA,5030,Tulare Irrigation District
35009,361586N1193782W001,950524,1993-10-08T00:00:00Z,260.22,260.22,0,73,187.22,73,73,NA,Unknown,Water level accuracy is unknown,1,Department of Water Resources,NA,5030,Tulare Irrigation District
35009,361586N1193782W001,950523,1993-01-29T00:00:00Z,260.22,260.22,0,73,187.22,73,73,NA,Unknown,Water level accuracy is unknown,1,Department of Water Resources,NA,5030,Tulare Irrigation District
35009,361586N1193782W001,950522,1992-10-09T00:00:00Z,260.22,260.22,0,75,185.22,75,75,NA,Unknown,Water level accuracy is unknown,1,Department of Water Resources,NA,5030,Tulare Irrigation District
35009,361586N1193782W001,950521,1992-01-27T00:00:00Z,260.22,260.22,0,70,190.22,70,70,NA,Unknown,Water level accuracy is unknown,1,Department of Water Resources,NA,5030,Tulare Irrigation District
35009,361586N1193782W001,950520,1991-10-07T00:00:00Z,260.22,260.22,0,70,190.22,70,70,NA,Unknown,Water level accuracy is unknown,1,Department of Water Resources,NA,5030,Tulare Irrigation District
35009,361586N1193782W001,950519,1991-01-22T00:00:00Z,260.22,260.22,0,83,177.22,83,83,NA,Unknown,Water level accuracy is unknown,1,Department of Water Resources,NA,5030,Tulare Irrigation District
35009,361586N1193782W001,950518,1990-10-10T00:00:00Z,260.22,260.22,0,82,178.22,82,82,Acoustical sounder,Unknown,Water level accuracy is unknown,1,Department of Water Resources,NA,5030,Tulare Irrigation District
35009,361586N1193782W001,950517,1990-01-25T00:00:00Z,260.22,260.22,0,48,212.22,48,48,NA,Unknown,Water level accuracy is unknown,1,Department of Water Resources,NA,5030,Tulare Irrigation District
35009,361586N1193782W001,950516,1989-10-06T00:00:00Z,260.22,260.22,0,47,213.22,47,47,NA,Unknown,Water level accuracy is unknown,1,Department of Water Resources,NA,5030,Tulare Irrigation District
35009,361586N1193782W001,950515,1989-01-31T00:00:00Z,260.22,260.22,0,41,219.22,41,41,NA,Unknown,Water level accuracy is unknown,1,Department of Water Resources,NA,5030,Tulare Irrigation District
35009,361586N1193782W001,950514,1988-10-06T00:00:00Z,260.22,260.22,0,41,219.22,41,41,NA,Unknown,Water level accuracy is unknown,1,Department of Water Resources,NA,5030,Tulare Irrigation District
35009,361586N1193782W001,950513,1988-01-25T00:00:00Z,260.22,260.22,0,34,226.22,34,34,NA,Unknown,Water level accuracy is unknown,1,Department of Water Resources,NA,5030,Tulare Irrigation District
35009,361586N1193782W001,950512,1987-10-12T00:00:00Z,260.22,260.22,0,35,225.22,35,35,NA,Unknown,Water level accuracy is unknown,1,Department of Water Resources,NA,5030,Tulare Irrigation District
35009,361586N1193782W001,950511,1987-02-05T00:00:00Z,260.22,260.22,0,27,233.22,27,27,NA,Unknown,Water level accuracy is unknown,1,Department of Water Resources,NA,5030,Tulare Irrigation District
35009,361586N1193782W001,950510,1986-10-02T00:00:00Z,260.22,260.22,0,35,225.22,35,35,NA,Unknown,Water level accuracy is unknown,1,Department of Water Resources,NA,624,Bureau of Reclamation
35009,361586N1193782W001,950509,1986-02-19T00:00:00Z,260.22,260.22,0,37,223.22,37,37,NA,Unknown,Water level accuracy is unknown,1,Department of Water Resources,NA,624,Bureau of Reclamation
35009,361586N1193782W001,950508,1985-10-02T00:00:00Z,260.22,260.22,0,37,223.22,37,37,NA,Unknown,Water level accuracy is unknown,1,Department of Water Resources,NA,624,Bureau of Reclamation
35009,361586N1193782W001,950507,1985-02-25T00:00:00Z,260.22,260.22,0,34,226.22,34,34,NA,Unknown,Water level accuracy is unknown,1,Department of Water Resources,NA,624,Bureau of Reclamation
35009,361586N1193782W001,950506,1984-10-15T00:00:00Z,260.22,260.22,0,36,224.22,36,36,NA,Unknown,Water level accuracy is unknown,1,Department of Water Resources,NA,624,Bureau of Reclamation
35009,361586N1193782W001,950505,1984-02-16T00:00:00Z,260.22,260.22,0,39,221.22,39,39,NA,Unknown,Water level accuracy is unknown,1,Department of Water Resources,NA,624,Bureau of Reclamation
35009,361586N1193782W001,950504,1983-10-12T00:00:00Z,260.22,260.22,0,50,210.22,50,50,NA,Unknown,Water level accuracy is unknown,1,Department of Water Resources,NA,624,Bureau of Reclamation
35009,361586N1193782W001,950503,1983-02-09T00:00:00Z,260.22,260.22,0,52,208.22,52,52,Oil or foreign substance in casing,Unknown,Water level accuracy is unknown,1,Department of Water Resources,NA,5030,Tulare Irrigation District
35009,361586N1193782W001,950502,1982-10-05T00:00:00Z,260.22,260.22,0,53,207.22,53,53,NA,Unknown,Water level accuracy is unknown,1,Department of Water Resources,NA,5030,Tulare Irrigation District
35009,361586N1193782W001,950501,1982-02-04T00:00:00Z,260.22,260.22,0,83,177.22,83,83,NA,Unknown,Water level accuracy is unknown,1,Department of Water Resources,NA,624,Bureau of Reclamation
35009,361586N1193782W001,950500,1981-09-23T00:00:00Z,260.22,260.22,0,66,194.22,66,66,NA,Unknown,Water level accuracy is unknown,1,Department of Water Resources,NA,624,Bureau of Reclamation
35009,361586N1193782W001,950499,1981-01-26T00:00:00Z,260.22,260.22,0,64.5,195.72,64.5,64.5,NA,Unknown,Water level accuracy is unknown,1,Department of Water Resources,NA,5030,Tulare Irrigation District
35009,361586N1193782W001,950498,1980-09-23T00:00:00Z,260.22,260.22,0,64,196.22,64,64,NA,Unknown,Water level accuracy is unknown,1,Department of Water Resources,NA,5030,Tulare Irrigation District
35009,361586N1193782W001,950497,1980-01-30T00:00:00Z,260.22,260.22,0,75,185.22,75,75,NA,Unknown,Water level accuracy is unknown,1,Department of Water Resources,NA,5030,Tulare Irrigation District
35009,361586N1193782W001,950496,1979-09-27T00:00:00Z,260.22,260.22,0,79,181.22,79,79,NA,Unknown,Water level accuracy is unknown,1,Department of Water Resources,NA,5030,Tulare Irrigation District
35009,361586N1193782W001,950495,1979-01-24T00:00:00Z,260.22,260.22,0,74.5,185.72,74.5,74.5,NA,Unknown,Water level accuracy is unknown,1,Department of Water Resources,NA,5030,Tulare Irrigation District
35009,361586N1193782W001,950494,1978-10-05T00:00:00Z,260.22,260.22,0,83.5,176.72,83.5,83.5,NA,Unknown,Water level accuracy is unknown,1,Department of Water Resources,NA,5030,Tulare Irrigation District
35009,361586N1193782W001,950493,1978-02-01T00:00:00Z,260.22,260.22,0,92.5,167.72,92.5,92.5,NA,Unknown,Water level accuracy is unknown,1,Department of Water Resources,NA,5030,Tulare Irrigation District
35009,361586N1193782W001,950492,1977-10-06T00:00:00Z,260.22,260.22,0,94,166.22,94,94,NA,Unknown,Water level accuracy is unknown,1,Department of Water Resources,NA,5030,Tulare Irrigation District
35009,361586N1193782W001,950491,1977-01-26T00:00:00Z,260.22,260.22,0,76,184.22,76,76,NA,Unknown,Water level accuracy is unknown,1,Department of Water Resources,NA,5030,Tulare Irrigation District
35009,361586N1193782W001,950490,1976-10-08T00:00:00Z,260.22,260.22,0,112.5,147.72,112.5,112.5,NA,Unknown,Water level accuracy is unknown,1,Department of Water Resources,NA,5030,Tulare Irrigation District
35009,361586N1193782W001,950489,1976-01-27T00:00:00Z,260.22,260.22,0,84,176.22,84,84,NA,Unknown,Water level accuracy is unknown,1,Department of Water Resources,NA,5030,Tulare Irrigation District
35009,361586N1193782W001,950488,1975-09-30T00:00:00Z,260.22,260.22,NA,NA,NA,NA,NA,Special/Other,NA,NA,1,Department of Water Resources,NA,5030,Tulare Irrigation District
35009,361586N1193782W001,950487,1975-02-13T00:00:00Z,260.22,260.22,0,65,195.22,65,65,NA,Unknown,Water level accuracy is unknown,1,Department of Water Resources,NA,5030,Tulare Irrigation District
35009,361586N1193782W001,950486,1974-10-04T00:00:00Z,260.22,260.22,0,65,195.22,65,65,NA,Unknown,Water level accuracy is unknown,1,Department of Water Resources,NA,5155,Kaweah Delta Water Conservation District
