STN_ID,SITE_CODE,WLM_ID,MSMT_DATE,WLM_RPE,WLM_GSE,RDNG_WS,RDNG_RP,WSE,RPE_WSE,GSE_WSE,WLM_QA_DESC,WLM_DESC,WLM_ACC_DESC,WLM_ORG_ID,WLM_ORG_NAME,MSMT_CMT,COOP_AGENCY_ORG_ID,COOP_ORG_NAME
35545,361817N1201743W001,938587,1966-12-28T00:00:00Z,448.95,447.95,NA,NA,NA,NA,NA,Well has been destroyed,NA,NA,1,Department of Water Resources,NA,1,Department of Water Resources
35545,361817N1201743W001,938586,1965-12-17T00:00:00Z,448.95,447.95,NA,NA,NA,NA,NA,Special/Other,NA,NA,1,Department of Water Resources,NA,1,Department of Water Resources
35545,361817N1201743W001,938585,1963-12-16T00:00:00Z,448.95,447.95,0,500,-51.05,500,499,NA,Unknown,Water level accuracy is unknown,1,Department of Water Resources,NA,1,Department of Water Resources
35545,361817N1201743W001,938584,1962-03-21T00:00:00Z,448.95,447.95,0,503.6,-54.65,503.6,502.6,NA,Unknown,Water level accuracy is unknown,1,Department of Water Resources,NA,1,Department of Water Resources
