STN_ID,SITE_CODE,WLM_ID,MSMT_DATE,WLM_RPE,WLM_GSE,RDNG_WS,RDNG_RP,WSE,RPE_WSE,GSE_WSE,WLM_QA_DESC,WLM_DESC,WLM_ACC_DESC,WLM_ORG_ID,WLM_ORG_NAME,MSMT_CMT,COOP_AGENCY_ORG_ID,COOP_ORG_NAME
35586,364418N1197988W001,1058769,1966-02-09T00:00:00Z,234.75,233.75,NA,NA,NA,NA,NA,Unable to locate well,NA,NA,1,Department of Water Resources,NA,1,Department of Water Resources
35586,364418N1197988W001,1058768,1965-02-05T00:00:00Z,234.75,233.75,NA,NA,NA,NA,NA,Well has been destroyed,NA,NA,1,Department of Water Resources,NA,1,Department of Water Resources
35586,364418N1197988W001,1058767,1964-02-06T00:00:00Z,234.75,233.75,0,48,186.75,48,47,NA,Unknown,Water level accuracy is unknown,1,Department of Water Resources,NA,1,Department of Water Resources
35586,364418N1197988W001,1058766,1962-03-01T00:00:00Z,234.75,233.75,0,45.5,189.25,45.5,44.5,NA,Unknown,Water level accuracy is unknown,1,Department of Water Resources,NA,1,Department of Water Resources
35586,364418N1197988W001,1058765,1961-04-04T00:00:00Z,234.75,233.75,NA,NA,NA,NA,NA,Pumping,NA,NA,1,Department of Water Resources,NA,1,Department of Water Resources
35586,364418N1197988W001,1058764,1960-11-15T00:00:00Z,234.75,233.75,0,41.1,193.65,41.1,40.1,NA,Unknown,Water level accuracy is unknown,1,Department of Water Resources,NA,1,Department of Water Resources
35586,364418N1197988W001,1058763,1960-03-01T00:00:00Z,234.75,233.75,0,32.5,202.25,32.5,31.5,NA,Unknown,Water level accuracy is unknown,1,Department of Water Resources,NA,1,Department of Water Resources
35586,364418N1197988W001,1058762,1959-10-21T00:00:00Z,234.75,233.75,0,30.1,204.65,30.1,29.1,NA,Unknown,Water level accuracy is unknown,1,Department of Water Resources,NA,1,Department of Water Resources
35586,364418N1197988W001,1058761,1959-02-20T00:00:00Z,234.75,233.75,0,24.6,210.15,24.6,23.6,NA,Unknown,Water level accuracy is unknown,1,Department of Water Resources,NA,1,Department of Water Resources
35586,364418N1197988W001,1058760,1958-10-16T00:00:00Z,234.75,233.75,0,32.6,202.15,32.6,31.6,NA,Unknown,Water level accuracy is unknown,1,Department of Water Resources,NA,1,Department of Water Resources
35586,364418N1197988W001,1058759,1958-02-13T00:00:00Z,234.75,233.75,0,27.8,206.95,27.8,26.8,NA,Unknown,Water level accuracy is unknown,1,Department of Water Resources,NA,1,Department of Water Resources
35586,364418N1197988W001,1058758,1957-10-16T00:00:00Z,234.75,233.75,0,31.2,203.55,31.2,30.2,NA,Unknown,Water level accuracy is unknown,1,Department of Water Resources,NA,1,Department of Water Resources
35586,364418N1197988W001,1058757,1957-02-18T00:00:00Z,234.75,233.75,0,24.4,210.35,24.4,23.4,NA,Unknown,Water level accuracy is unknown,1,Department of Water Resources,NA,1,Department of Water Resources
35586,364418N1197988W001,1058756,1956-11-09T00:00:00Z,234.75,233.75,0,25.9,208.85,25.9,24.9,NA,Unknown,Water level accuracy is unknown,1,Department of Water Resources,NA,1,Department of Water Resources
35586,364418N1197988W001,1058755,1956-02-17T00:00:00Z,234.75,233.75,0,28.6,206.15,28.6,27.6,NA,Unknown,Water level accuracy is unknown,1,Department of Water Resources,NA,1,Department of Water Resources
35586,364418N1197988W001,1058754,1955-10-05T00:00:00Z,234.75,233.75,0,39,195.75,39,38,NA,Unknown,Water level accuracy is unknown,1,Department of Water Resources,NA,1,Department of Water Resources
35586,364418N1197988W001,1058753,1954-10-13T00:00:00Z,234.75,233.75,0,32.2,202.55,32.2,31.2,NA,Unknown,Water level accuracy is unknown,1,Department of Water Resources,NA,1,Department of Water Resources
35586,364418N1197988W001,1058752,1953-10-16T00:00:00Z,234.75,233.75,0,28.6,206.15,28.6,27.6,NA,Unknown,Water level accuracy is unknown,1,Department of Water Resources,NA,1,Department of Water Resources
35586,364418N1197988W001,1058751,1952-09-22T00:00:00Z,234.75,233.75,0,24.4,210.35,24.4,23.4,NA,Unknown,Water level accuracy is unknown,1,Department of Water Resources,NA,1,Department of Water Resources
35586,364418N1197988W001,1058750,1951-10-01T00:00:00Z,234.75,233.75,0,31.5,203.25,31.5,30.5,NA,Unknown,Water level accuracy is unknown,1,Department of Water Resources,NA,1,Department of Water Resources
35586,364418N1197988W001,1058749,1950-09-18T00:00:00Z,234.75,233.75,0,30.3,204.45,30.3,29.3,NA,Unknown,Water level accuracy is unknown,1,Department of Water Resources,NA,1,Department of Water Resources
35586,364418N1197988W001,1058748,1949-09-26T00:00:00Z,234.75,233.75,0,29,205.75,29,28,NA,Unknown,Water level accuracy is unknown,1,Department of Water Resources,NA,1,Department of Water Resources
35586,364418N1197988W001,1058747,1948-10-08T00:00:00Z,234.75,233.75,0,22.8,211.95,22.8,21.8,NA,Unknown,Water level accuracy is unknown,1,Department of Water Resources,NA,1,Department of Water Resources
