STN_ID,SITE_CODE,WLM_ID,MSMT_DATE,WLM_RPE,WLM_GSE,RDNG_WS,RDNG_RP,WSE,RPE_WSE,GSE_WSE,WLM_QA_DESC,WLM_DESC,WLM_ACC_DESC,WLM_ORG_ID,WLM_ORG_NAME,MSMT_CMT,COOP_AGENCY_ORG_ID,COOP_ORG_NAME
35592,325493N1170884W001,907891,1983-12-02T00:00:00Z,28.16,28.16,0,8.3,19.86,8.3,8.3,NA,Unknown,Water level accuracy is unknown,1,Department of Water Resources,NA,5167,United States Geological Survey
35592,325493N1170884W001,907890,1983-03-11T00:00:00Z,28.16,28.16,0,4.15,24.01,4.15,4.15,NA,Unknown,Water level accuracy is unknown,1,Department of Water Resources,NA,5167,United States Geological Survey
35592,325493N1170884W001,907889,1982-05-12T00:00:00Z,28.16,28.16,0,7.12,21.04,7.12,7.12,NA,Unknown,Water level accuracy is unknown,1,Department of Water Resources,NA,5167,United States Geological Survey
35592,325493N1170884W001,907888,1981-08-25T00:00:00Z,28.16,28.16,0,9.94,18.22,9.94,9.94,NA,Unknown,Water level accuracy is unknown,1,Department of Water Resources,NA,5167,United States Geological Survey
35592,325493N1170884W001,907887,1981-01-29T00:00:00Z,28.16,28.16,0,6.83,21.33,6.83,6.83,NA,Unknown,Water level accuracy is unknown,1,Department of Water Resources,NA,5167,United States Geological Survey
35592,325493N1170884W001,907886,1980-07-14T00:00:00Z,28.16,28.16,0,7.8,20.36,7.8,7.8,NA,Unknown,Water level accuracy is unknown,1,Department of Water Resources,NA,5167,United States Geological Survey
35592,325493N1170884W001,907885,1979-12-19T00:00:00Z,28.16,28.16,0,9.72,18.44,9.72,9.72,NA,Unknown,Water level accuracy is unknown,1,Department of Water Resources,NA,5167,United States Geological Survey
35592,325493N1170884W001,907884,1978-12-07T00:00:00Z,28.16,28.16,0,12.87,15.29,12.87,12.87,NA,Unknown,Water level accuracy is unknown,1,Department of Water Resources,NA,5167,United States Geological Survey
