STN_ID,SITE_CODE,WLM_ID,MSMT_DATE,WLM_RPE,WLM_GSE,RDNG_WS,RDNG_RP,WSE,RPE_WSE,GSE_WSE,WLM_QA_DESC,WLM_DESC,WLM_ACC_DESC,WLM_ORG_ID,WLM_ORG_NAME,MSMT_CMT,COOP_AGENCY_ORG_ID,COOP_ORG_NAME
35747,361822N1190831W001,2660021,2020-03-15T12:00:00Z,388.7,387.7,0,105,283.7,105,104,NA,Unknown,Water level accuracy is unknown,6722,East Kaweah GSA,NA,6722,East Kaweah GSA
35747,361822N1190831W001,2660058,2019-10-15T12:00:00Z,388.7,387.7,0,116,272.7,116,115,NA,Unknown,Water level accuracy is unknown,6722,East Kaweah GSA,NA,6722,East Kaweah GSA
35747,361822N1190831W001,2619945,2019-03-15T12:00:00Z,388.7,387.7,0,101,287.7,101,100,NA,Unknown,Water level accuracy is unknown,6722,East Kaweah GSA,NA,6722,East Kaweah GSA
35747,361822N1190831W001,2619898,2018-10-15T12:00:00Z,388.7,387.7,0,131,257.7,131,130,NA,Unknown,Water level accuracy is unknown,6722,East Kaweah GSA,NA,6722,East Kaweah GSA
35747,361822N1190831W001,2185482,2016-03-15T00:00:00Z,388.7,387.7,10,120,278.7,110,109,NA,Steel tape measurement,Water level accuracy to nearest foot,1097,LINDMORE IRRIGATION DISTRICT,NA,1097,LINDMORE IRRIGATION DISTRICT
35747,361822N1190831W001,2162836,2015-10-14T00:00:00Z,388.7,387.7,26,150,264.7,124,123,NA,Steel tape measurement,Water level accuracy to nearest foot,1097,LINDMORE IRRIGATION DISTRICT,NA,1097,LINDMORE IRRIGATION DISTRICT
35747,361822N1190831W001,2133956,2015-02-27T00:00:00Z,388.7,387.7,35,120,303.7,85,84,NA,Steel tape measurement,Water level accuracy to nearest foot,1097,LINDMORE IRRIGATION DISTRICT,NA,1097,LINDMORE IRRIGATION DISTRICT
35747,361822N1190831W001,2030401,2014-10-24T00:00:00Z,388.7,387.7,7,90,305.7,83,82,NA,Steel tape measurement,Water level accuracy to nearest foot,1097,LINDMORE IRRIGATION DISTRICT,NA,1097,LINDMORE IRRIGATION DISTRICT
35747,361822N1190831W001,1887312,2014-02-11T00:00:00Z,388.7,387.7,45,100,333.7,55,54,NA,Steel tape measurement,Water level accuracy to nearest foot,1097,LINDMORE IRRIGATION DISTRICT,NA,1097,LINDMORE IRRIGATION DISTRICT
35747,361822N1190831W001,2030387,2014-02-11T00:00:00Z,388.7,387.7,45,100,333.7,55,54,NA,Steel tape measurement,Water level accuracy to nearest foot,1097,LINDMORE IRRIGATION DISTRICT,NA,1097,LINDMORE IRRIGATION DISTRICT
35747,361822N1190831W001,2030268,2014-02-11T00:00:00Z,388.7,387.7,45,100,333.7,55,54,NA,Steel tape measurement,Water level accuracy to nearest foot,1097,LINDMORE IRRIGATION DISTRICT,NA,1097,LINDMORE IRRIGATION DISTRICT
35747,361822N1190831W001,2029592,2014-02-11T00:00:00Z,388.7,387.7,7,90,305.7,83,82,NA,Steel tape measurement,Water level accuracy to nearest foot,1097,LINDMORE IRRIGATION DISTRICT,NA,1097,LINDMORE IRRIGATION DISTRICT
35747,361822N1190831W001,1887298,2013-10-24T00:00:00Z,388.7,387.7,1.1,60,329.8,58.9,57.9,NA,Steel tape measurement,Water level accuracy to nearest foot,1097,LINDMORE IRRIGATION DISTRICT,NA,1097,LINDMORE IRRIGATION DISTRICT
35747,361822N1190831W001,1722434,2013-03-11T00:00:00Z,467.73,467.73,4,50,421.73,46,46,NA,Steel tape measurement,Water level accuracy to nearest tenth of a foot,5155,Kaweah Delta Water Conservation District,NA,5155,Kaweah Delta Water Conservation District
35747,361822N1190831W001,89589,2012-10-10T00:00:00Z,467.73,467.73,1,50,418.73,49,49,NA,Steel tape measurement,Water level accuracy to nearest tenth of a foot,5155,Kaweah Delta Water Conservation District,NA,5155,Kaweah Delta Water Conservation District
35747,361822N1190831W001,89571,2012-02-06T00:00:00Z,467.73,467.73,0.3,40,428.03,39.7,39.7,NA,Steel tape measurement,Water level accuracy to nearest tenth of a foot,5155,Kaweah Delta Water Conservation District,NA,5155,Kaweah Delta Water Conservation District
35747,361822N1190831W001,41979,2011-10-17T00:00:00Z,467.73,467.73,8,45,430.73,37,37,NA,Steel tape measurement,Water level accuracy to nearest tenth of a foot,5155,Kaweah Delta Water Conservation District,NA,5155,Kaweah Delta Water Conservation District
