STN_ID,SITE_CODE,WLM_ID,MSMT_DATE,WLM_RPE,WLM_GSE,RDNG_WS,RDNG_RP,WSE,RPE_WSE,GSE_WSE,WLM_QA_DESC,WLM_DESC,WLM_ACC_DESC,WLM_ORG_ID,WLM_ORG_NAME,MSMT_CMT,COOP_AGENCY_ORG_ID,COOP_ORG_NAME
35790,364997N1195121W001,1030586,1969-03-28T00:00:00Z,299.67,299.67,NA,NA,NA,NA,NA,Measurement Discontinued,NA,NA,1,Department of Water Resources,NA,785,Alta Irrigation District
35790,364997N1195121W001,1030585,1968-02-27T00:00:00Z,299.67,299.67,0,20,279.67,20,20,NA,Unknown,Water level accuracy is unknown,1,Department of Water Resources,NA,785,Alta Irrigation District
35790,364997N1195121W001,1030584,1967-02-28T00:00:00Z,299.67,299.67,0,26.1,273.57,26.1,26.1,NA,Unknown,Water level accuracy is unknown,1,Department of Water Resources,NA,785,Alta Irrigation District
35790,364997N1195121W001,1030583,1966-01-27T00:00:00Z,299.67,299.67,0,23.3,276.37,23.3,23.3,NA,Unknown,Water level accuracy is unknown,1,Department of Water Resources,NA,785,Alta Irrigation District
35790,364997N1195121W001,1030582,1965-02-24T00:00:00Z,299.67,299.67,0,27.4,272.27,27.4,27.4,NA,Unknown,Water level accuracy is unknown,1,Department of Water Resources,NA,785,Alta Irrigation District
35790,364997N1195121W001,1030581,1964-02-27T00:00:00Z,299.67,299.67,NA,NA,NA,NA,NA,Pumping,NA,NA,1,Department of Water Resources,NA,785,Alta Irrigation District
35790,364997N1195121W001,1030580,1963-02-26T00:00:00Z,299.67,299.67,0,28.5,271.17,28.5,28.5,NA,Unknown,Water level accuracy is unknown,1,Department of Water Resources,NA,785,Alta Irrigation District
35790,364997N1195121W001,1030579,1962-02-26T00:00:00Z,299.67,299.67,0,33.3,266.37,33.3,33.3,NA,Unknown,Water level accuracy is unknown,1,Department of Water Resources,NA,785,Alta Irrigation District
35790,364997N1195121W001,1030578,1961-09-28T00:00:00Z,299.67,299.67,0,36.4,263.27,36.4,36.4,NA,Unknown,Water level accuracy is unknown,1,Department of Water Resources,NA,785,Alta Irrigation District
35790,364997N1195121W001,1030577,1961-02-27T00:00:00Z,299.67,299.67,0,25.2,274.47,25.2,25.2,NA,Unknown,Water level accuracy is unknown,1,Department of Water Resources,NA,785,Alta Irrigation District
35790,364997N1195121W001,1030576,1960-10-28T00:00:00Z,299.67,299.67,NA,NA,NA,NA,NA,Pumping,NA,NA,1,Department of Water Resources,NA,785,Alta Irrigation District
35790,364997N1195121W001,1030575,1960-02-27T00:00:00Z,299.67,299.67,0,22.6,277.07,22.6,22.6,NA,Unknown,Water level accuracy is unknown,1,Department of Water Resources,NA,785,Alta Irrigation District
35790,364997N1195121W001,1030574,1959-10-30T00:00:00Z,299.67,299.67,0,22.2,277.47,22.2,22.2,NA,Unknown,Water level accuracy is unknown,1,Department of Water Resources,NA,785,Alta Irrigation District
35790,364997N1195121W001,1030573,1959-02-27T00:00:00Z,299.67,299.67,0,18,281.67,18,18,NA,Unknown,Water level accuracy is unknown,1,Department of Water Resources,NA,785,Alta Irrigation District
35790,364997N1195121W001,1030572,1958-11-03T00:00:00Z,299.67,299.67,0,16.6,283.07,16.6,16.6,NA,Unknown,Water level accuracy is unknown,1,Department of Water Resources,NA,785,Alta Irrigation District
35790,364997N1195121W001,1030571,1958-02-27T00:00:00Z,299.67,299.67,0,19.6,280.07,19.6,19.6,NA,Unknown,Water level accuracy is unknown,1,Department of Water Resources,NA,785,Alta Irrigation District
35790,364997N1195121W001,1030570,1958-01-30T00:00:00Z,299.67,299.67,0,19.8,279.87,19.8,19.8,NA,Unknown,Water level accuracy is unknown,1,Department of Water Resources,NA,785,Alta Irrigation District
35790,364997N1195121W001,1030569,1957-12-28T00:00:00Z,299.67,299.67,0,20,279.67,20,20,NA,Unknown,Water level accuracy is unknown,1,Department of Water Resources,NA,785,Alta Irrigation District
35790,364997N1195121W001,1030568,1957-11-27T00:00:00Z,299.67,299.67,0,19.8,279.87,19.8,19.8,NA,Unknown,Water level accuracy is unknown,1,Department of Water Resources,NA,785,Alta Irrigation District
35790,364997N1195121W001,1030567,1957-10-30T00:00:00Z,299.67,299.67,0,19.2,280.47,19.2,19.2,NA,Unknown,Water level accuracy is unknown,1,Department of Water Resources,NA,785,Alta Irrigation District
35790,364997N1195121W001,1030566,1957-09-28T00:00:00Z,299.67,299.67,0,18.6,281.07,18.6,18.6,NA,Unknown,Water level accuracy is unknown,1,Department of Water Resources,NA,785,Alta Irrigation District
35790,364997N1195121W001,1030565,1957-08-30T00:00:00Z,299.67,299.67,0,22.2,277.47,22.2,22.2,NA,Unknown,Water level accuracy is unknown,1,Department of Water Resources,NA,785,Alta Irrigation District
35790,364997N1195121W001,1030564,1957-07-31T00:00:00Z,299.67,299.67,0,18.2,281.47,18.2,18.2,NA,Unknown,Water level accuracy is unknown,1,Department of Water Resources,NA,785,Alta Irrigation District
35790,364997N1195121W001,1030563,1957-02-27T00:00:00Z,299.67,299.67,0,19,280.67,19,19,NA,Unknown,Water level accuracy is unknown,1,Department of Water Resources,NA,785,Alta Irrigation District
35790,364997N1195121W001,1030562,1956-10-30T00:00:00Z,299.67,299.67,0,17.5,282.17,17.5,17.5,NA,Unknown,Water level accuracy is unknown,1,Department of Water Resources,NA,785,Alta Irrigation District
35790,364997N1195121W001,1030561,1956-07-31T00:00:00Z,299.67,299.67,0,17.5,282.17,17.5,17.5,NA,Unknown,Water level accuracy is unknown,1,Department of Water Resources,NA,785,Alta Irrigation District
35790,364997N1195121W001,1030560,1956-04-06T00:00:00Z,299.67,299.67,0,20.3,279.37,20.3,20.3,NA,Unknown,Water level accuracy is unknown,1,Department of Water Resources,NA,785,Alta Irrigation District
35790,364997N1195121W001,1030559,1956-02-29T00:00:00Z,299.67,299.67,0,21.3,278.37,21.3,21.3,NA,Unknown,Water level accuracy is unknown,1,Department of Water Resources,NA,785,Alta Irrigation District
35790,364997N1195121W001,1030558,1956-01-31T00:00:00Z,299.67,299.67,0,22.6,277.07,22.6,22.6,NA,Unknown,Water level accuracy is unknown,1,Department of Water Resources,NA,785,Alta Irrigation District
35790,364997N1195121W001,1030557,1955-11-30T00:00:00Z,299.67,299.67,0,24,275.67,24,24,NA,Unknown,Water level accuracy is unknown,1,Department of Water Resources,NA,785,Alta Irrigation District
35790,364997N1195121W001,1030556,1955-10-28T00:00:00Z,299.67,299.67,0,24.2,275.47,24.2,24.2,NA,Unknown,Water level accuracy is unknown,1,Department of Water Resources,NA,785,Alta Irrigation District
35790,364997N1195121W001,1030555,1955-09-23T00:00:00Z,299.67,299.67,0,24.3,275.37,24.3,24.3,NA,Unknown,Water level accuracy is unknown,1,Department of Water Resources,NA,785,Alta Irrigation District
35790,364997N1195121W001,1030554,1955-08-30T00:00:00Z,299.67,299.67,0,26.8,272.87,26.8,26.8,NA,Unknown,Water level accuracy is unknown,1,Department of Water Resources,NA,785,Alta Irrigation District
35790,364997N1195121W001,1030553,1955-06-28T00:00:00Z,299.67,299.67,0,22.6,277.07,22.6,22.6,NA,Unknown,Water level accuracy is unknown,1,Department of Water Resources,NA,785,Alta Irrigation District
35790,364997N1195121W001,1030552,1955-05-25T00:00:00Z,299.67,299.67,0,24,275.67,24,24,NA,Unknown,Water level accuracy is unknown,1,Department of Water Resources,NA,785,Alta Irrigation District
35790,364997N1195121W001,1030551,1955-02-25T00:00:00Z,299.67,299.67,0,22,277.67,22,22,NA,Unknown,Water level accuracy is unknown,1,Department of Water Resources,NA,785,Alta Irrigation District
35790,364997N1195121W001,1030550,1954-12-31T00:00:00Z,299.67,299.67,0,22.8,276.87,22.8,22.8,NA,Unknown,Water level accuracy is unknown,1,Department of Water Resources,NA,785,Alta Irrigation District
35790,364997N1195121W001,1030549,1954-11-09T00:00:00Z,299.67,299.67,0,23.8,275.87,23.8,23.8,NA,Unknown,Water level accuracy is unknown,1,Department of Water Resources,NA,785,Alta Irrigation District
35790,364997N1195121W001,1030548,1954-10-07T00:00:00Z,299.67,299.67,0,21.9,277.77,21.9,21.9,NA,Unknown,Water level accuracy is unknown,1,Department of Water Resources,NA,785,Alta Irrigation District
35790,364997N1195121W001,1030547,1954-09-08T00:00:00Z,299.67,299.67,0,25.3,274.37,25.3,25.3,NA,Unknown,Water level accuracy is unknown,1,Department of Water Resources,NA,785,Alta Irrigation District
35790,364997N1195121W001,1030546,1954-08-04T00:00:00Z,299.67,299.67,0,21.5,278.17,21.5,21.5,NA,Unknown,Water level accuracy is unknown,1,Department of Water Resources,NA,785,Alta Irrigation District
35790,364997N1195121W001,1030545,1954-07-01T00:00:00Z,299.67,299.67,0,21.3,278.37,21.3,21.3,NA,Unknown,Water level accuracy is unknown,1,Department of Water Resources,NA,785,Alta Irrigation District
35790,364997N1195121W001,1030544,1954-06-07T00:00:00Z,299.67,299.67,0,20.3,279.37,20.3,20.3,NA,Unknown,Water level accuracy is unknown,1,Department of Water Resources,NA,785,Alta Irrigation District
35790,364997N1195121W001,1030543,1954-04-06T00:00:00Z,299.67,299.67,0,21.5,278.17,21.5,21.5,NA,Unknown,Water level accuracy is unknown,1,Department of Water Resources,NA,785,Alta Irrigation District
35790,364997N1195121W001,1030542,1954-02-05T00:00:00Z,299.67,299.67,0,21.9,277.77,21.9,21.9,NA,Unknown,Water level accuracy is unknown,1,Department of Water Resources,NA,785,Alta Irrigation District
35790,364997N1195121W001,1030541,1953-12-05T00:00:00Z,299.67,299.67,0,22.2,277.47,22.2,22.2,NA,Unknown,Water level accuracy is unknown,1,Department of Water Resources,NA,785,Alta Irrigation District
35790,364997N1195121W001,1030540,1953-10-07T00:00:00Z,299.67,299.67,0,23,276.67,23,23,NA,Unknown,Water level accuracy is unknown,1,Department of Water Resources,NA,785,Alta Irrigation District
35790,364997N1195121W001,1030539,1953-09-10T00:00:00Z,299.67,299.67,0,25.4,274.27,25.4,25.4,NA,Unknown,Water level accuracy is unknown,1,Department of Water Resources,NA,785,Alta Irrigation District
35790,364997N1195121W001,1030538,1953-07-06T00:00:00Z,299.67,299.67,0,18.2,281.47,18.2,18.2,NA,Unknown,Water level accuracy is unknown,1,Department of Water Resources,NA,785,Alta Irrigation District
35790,364997N1195121W001,1030537,1953-05-07T00:00:00Z,299.67,299.67,0,19.9,279.77,19.9,19.9,NA,Unknown,Water level accuracy is unknown,1,Department of Water Resources,NA,785,Alta Irrigation District
35790,364997N1195121W001,1030536,1953-03-05T00:00:00Z,299.67,299.67,0,18.6,281.07,18.6,18.6,NA,Unknown,Water level accuracy is unknown,1,Department of Water Resources,NA,785,Alta Irrigation District
35790,364997N1195121W001,1030535,1952-12-05T00:00:00Z,299.67,299.67,0,18.2,281.47,18.2,18.2,NA,Unknown,Water level accuracy is unknown,1,Department of Water Resources,NA,785,Alta Irrigation District
35790,364997N1195121W001,1030534,1952-11-06T00:00:00Z,299.67,299.67,0,17.8,281.87,17.8,17.8,NA,Unknown,Water level accuracy is unknown,1,Department of Water Resources,NA,785,Alta Irrigation District
35790,364997N1195121W001,1030533,1952-10-04T00:00:00Z,299.67,299.67,0,17.1,282.57,17.1,17.1,NA,Unknown,Water level accuracy is unknown,1,Department of Water Resources,NA,785,Alta Irrigation District
35790,364997N1195121W001,1030532,1952-09-03T00:00:00Z,299.67,299.67,0,16.2,283.47,16.2,16.2,NA,Unknown,Water level accuracy is unknown,1,Department of Water Resources,NA,785,Alta Irrigation District
35790,364997N1195121W001,1030531,1952-07-07T00:00:00Z,299.67,299.67,0,14.2,285.47,14.2,14.2,NA,Unknown,Water level accuracy is unknown,1,Department of Water Resources,NA,785,Alta Irrigation District
35790,364997N1195121W001,1030530,1952-06-05T00:00:00Z,299.67,299.67,0,14.6,285.07,14.6,14.6,NA,Unknown,Water level accuracy is unknown,1,Department of Water Resources,NA,785,Alta Irrigation District
35790,364997N1195121W001,1030529,1952-05-06T00:00:00Z,299.67,299.67,0,17.1,282.57,17.1,17.1,NA,Unknown,Water level accuracy is unknown,1,Department of Water Resources,NA,785,Alta Irrigation District
35790,364997N1195121W001,1030528,1952-03-05T00:00:00Z,299.67,299.67,0,19.2,280.47,19.2,19.2,NA,Unknown,Water level accuracy is unknown,1,Department of Water Resources,NA,785,Alta Irrigation District
35790,364997N1195121W001,1030527,1952-02-05T00:00:00Z,299.67,299.67,0,19.2,280.47,19.2,19.2,NA,Unknown,Water level accuracy is unknown,1,Department of Water Resources,NA,785,Alta Irrigation District
35790,364997N1195121W001,1030526,1952-01-08T00:00:00Z,299.67,299.67,0,21.8,277.87,21.8,21.8,NA,Unknown,Water level accuracy is unknown,1,Department of Water Resources,NA,785,Alta Irrigation District
35790,364997N1195121W001,1030525,1951-12-13T00:00:00Z,299.67,299.67,0,23.7,275.97,23.7,23.7,NA,Unknown,Water level accuracy is unknown,1,Department of Water Resources,NA,785,Alta Irrigation District
35790,364997N1195121W001,1030524,1951-10-27T00:00:00Z,299.67,299.67,0,24.7,274.97,24.7,24.7,NA,Unknown,Water level accuracy is unknown,1,Department of Water Resources,NA,785,Alta Irrigation District
35790,364997N1195121W001,1030523,1951-09-05T00:00:00Z,299.67,299.67,0,25.3,274.37,25.3,25.3,NA,Unknown,Water level accuracy is unknown,1,Department of Water Resources,NA,785,Alta Irrigation District
35790,364997N1195121W001,1030522,1951-07-04T00:00:00Z,299.67,299.67,0,21.4,278.27,21.4,21.4,NA,Unknown,Water level accuracy is unknown,1,Department of Water Resources,NA,785,Alta Irrigation District
35790,364997N1195121W001,1030521,1951-06-06T00:00:00Z,299.67,299.67,0,18.7,280.97,18.7,18.7,NA,Unknown,Water level accuracy is unknown,1,Department of Water Resources,NA,785,Alta Irrigation District
35790,364997N1195121W001,1030520,1951-04-02T00:00:00Z,299.67,299.67,0,20.7,278.97,20.7,20.7,NA,Unknown,Water level accuracy is unknown,1,Department of Water Resources,NA,785,Alta Irrigation District
35790,364997N1195121W001,1030519,1951-03-05T00:00:00Z,299.67,299.67,0,18.5,281.17,18.5,18.5,NA,Unknown,Water level accuracy is unknown,1,Department of Water Resources,NA,785,Alta Irrigation District
35790,364997N1195121W001,1030518,1951-02-07T00:00:00Z,299.67,299.67,0,18.3,281.37,18.3,18.3,NA,Unknown,Water level accuracy is unknown,1,Department of Water Resources,NA,785,Alta Irrigation District
35790,364997N1195121W001,1030517,1950-12-09T00:00:00Z,299.67,299.67,0,18.1,281.57,18.1,18.1,NA,Unknown,Water level accuracy is unknown,1,Department of Water Resources,NA,785,Alta Irrigation District
35790,364997N1195121W001,1030516,1950-10-27T00:00:00Z,299.67,299.67,0,24.8,274.87,24.8,24.8,NA,Unknown,Water level accuracy is unknown,1,Department of Water Resources,NA,785,Alta Irrigation District
35790,364997N1195121W001,1030515,1950-10-05T00:00:00Z,299.67,299.67,0,24.4,275.27,24.4,24.4,NA,Unknown,Water level accuracy is unknown,1,Department of Water Resources,NA,785,Alta Irrigation District
35790,364997N1195121W001,1030514,1950-09-05T00:00:00Z,299.67,299.67,0,27,272.67,27,27,NA,Unknown,Water level accuracy is unknown,1,Department of Water Resources,NA,785,Alta Irrigation District
35790,364997N1195121W001,1030513,1950-08-04T00:00:00Z,299.67,299.67,0,24.3,275.37,24.3,24.3,NA,Unknown,Water level accuracy is unknown,1,Department of Water Resources,NA,785,Alta Irrigation District
35790,364997N1195121W001,1030512,1950-07-08T00:00:00Z,299.67,299.67,0,19.3,280.37,19.3,19.3,NA,Unknown,Water level accuracy is unknown,1,Department of Water Resources,NA,785,Alta Irrigation District
35790,364997N1195121W001,1030511,1950-06-06T00:00:00Z,299.67,299.67,0,18.5,281.17,18.5,18.5,NA,Unknown,Water level accuracy is unknown,1,Department of Water Resources,NA,785,Alta Irrigation District
35790,364997N1195121W001,1030510,1950-05-06T00:00:00Z,299.67,299.67,0,22.6,277.07,22.6,22.6,NA,Unknown,Water level accuracy is unknown,1,Department of Water Resources,NA,785,Alta Irrigation District
35790,364997N1195121W001,1030509,1950-03-03T00:00:00Z,299.67,299.67,0,22,277.67,22,22,NA,Unknown,Water level accuracy is unknown,1,Department of Water Resources,NA,785,Alta Irrigation District
35790,364997N1195121W001,1030508,1950-01-06T00:00:00Z,299.67,299.67,0,23.1,276.57,23.1,23.1,NA,Unknown,Water level accuracy is unknown,1,Department of Water Resources,NA,785,Alta Irrigation District
35790,364997N1195121W001,1030507,1949-12-05T00:00:00Z,299.67,299.67,0,24.2,275.47,24.2,24.2,NA,Unknown,Water level accuracy is unknown,1,Department of Water Resources,NA,785,Alta Irrigation District
35790,364997N1195121W001,1030506,1949-11-10T00:00:00Z,299.67,299.67,0,25.1,274.57,25.1,25.1,NA,Unknown,Water level accuracy is unknown,1,Department of Water Resources,NA,785,Alta Irrigation District
35790,364997N1195121W001,1030505,1949-09-05T00:00:00Z,299.67,299.67,0,24.9,274.77,24.9,24.9,NA,Unknown,Water level accuracy is unknown,1,Department of Water Resources,NA,785,Alta Irrigation District
35790,364997N1195121W001,1030504,1949-07-07T00:00:00Z,299.67,299.67,0,21.5,278.17,21.5,21.5,NA,Unknown,Water level accuracy is unknown,1,Department of Water Resources,NA,785,Alta Irrigation District
35790,364997N1195121W001,1030503,1949-06-04T00:00:00Z,299.67,299.67,0,18.4,281.27,18.4,18.4,NA,Unknown,Water level accuracy is unknown,1,Department of Water Resources,NA,785,Alta Irrigation District
35790,364997N1195121W001,1030502,1949-04-06T00:00:00Z,299.67,299.67,0,21.7,277.97,21.7,21.7,NA,Unknown,Water level accuracy is unknown,1,Department of Water Resources,NA,785,Alta Irrigation District
35790,364997N1195121W001,1030501,1949-03-08T00:00:00Z,299.67,299.67,0,22.2,277.47,22.2,22.2,NA,Unknown,Water level accuracy is unknown,1,Department of Water Resources,NA,785,Alta Irrigation District
35790,364997N1195121W001,1030500,1949-01-07T00:00:00Z,299.67,299.67,0,22.5,277.17,22.5,22.5,NA,Unknown,Water level accuracy is unknown,1,Department of Water Resources,NA,785,Alta Irrigation District
35790,364997N1195121W001,1030499,1948-12-06T00:00:00Z,299.67,299.67,0,23.5,276.17,23.5,23.5,NA,Unknown,Water level accuracy is unknown,1,Department of Water Resources,NA,785,Alta Irrigation District
35790,364997N1195121W001,1030498,1948-11-04T00:00:00Z,299.67,299.67,0,24.8,274.87,24.8,24.8,NA,Unknown,Water level accuracy is unknown,1,Department of Water Resources,NA,785,Alta Irrigation District
35790,364997N1195121W001,1030497,1948-10-06T00:00:00Z,299.67,299.67,0,25,274.67,25,25,NA,Unknown,Water level accuracy is unknown,1,Department of Water Resources,NA,785,Alta Irrigation District
35790,364997N1195121W001,1030496,1948-08-05T00:00:00Z,299.67,299.67,0,24.7,274.97,24.7,24.7,NA,Unknown,Water level accuracy is unknown,1,Department of Water Resources,NA,785,Alta Irrigation District
35790,364997N1195121W001,1030495,1948-07-06T00:00:00Z,299.67,299.67,0,20.3,279.37,20.3,20.3,NA,Unknown,Water level accuracy is unknown,1,Department of Water Resources,NA,785,Alta Irrigation District
35790,364997N1195121W001,1030494,1948-06-05T00:00:00Z,299.67,299.67,0,19,280.67,19,19,NA,Unknown,Water level accuracy is unknown,1,Department of Water Resources,NA,785,Alta Irrigation District
35790,364997N1195121W001,1030493,1948-05-03T00:00:00Z,299.67,299.67,0,21.8,277.87,21.8,21.8,NA,Unknown,Water level accuracy is unknown,1,Department of Water Resources,NA,785,Alta Irrigation District
35790,364997N1195121W001,1030492,1948-03-05T00:00:00Z,299.67,299.67,0,23.3,276.37,23.3,23.3,NA,Unknown,Water level accuracy is unknown,1,Department of Water Resources,NA,785,Alta Irrigation District
35790,364997N1195121W001,1030491,1948-01-05T00:00:00Z,299.67,299.67,0,21.2,278.47,21.2,21.2,NA,Unknown,Water level accuracy is unknown,1,Department of Water Resources,NA,785,Alta Irrigation District
35790,364997N1195121W001,1030490,1947-12-03T00:00:00Z,299.67,299.67,0,21.4,278.27,21.4,21.4,NA,Unknown,Water level accuracy is unknown,1,Department of Water Resources,NA,785,Alta Irrigation District
35790,364997N1195121W001,1030489,1947-11-05T00:00:00Z,299.67,299.67,0,22,277.67,22,22,NA,Unknown,Water level accuracy is unknown,1,Department of Water Resources,NA,785,Alta Irrigation District
35790,364997N1195121W001,1030488,1947-08-05T00:00:00Z,299.67,299.67,0,21.5,278.17,21.5,21.5,NA,Unknown,Water level accuracy is unknown,1,Department of Water Resources,NA,785,Alta Irrigation District
35790,364997N1195121W001,1030487,1947-06-04T00:00:00Z,299.67,299.67,0,17.9,281.77,17.9,17.9,NA,Unknown,Water level accuracy is unknown,1,Department of Water Resources,NA,785,Alta Irrigation District
35790,364997N1195121W001,1030486,1947-03-05T00:00:00Z,299.67,299.67,0,17.7,281.97,17.7,17.7,NA,Unknown,Water level accuracy is unknown,1,Department of Water Resources,NA,785,Alta Irrigation District
35790,364997N1195121W001,1030485,1946-12-05T00:00:00Z,299.67,299.67,0,17.7,281.97,17.7,17.7,NA,Unknown,Water level accuracy is unknown,1,Department of Water Resources,NA,785,Alta Irrigation District
35790,364997N1195121W001,1030484,1946-10-11T00:00:00Z,299.67,299.67,0,18.7,280.97,18.7,18.7,NA,Unknown,Water level accuracy is unknown,1,Department of Water Resources,NA,785,Alta Irrigation District
35790,364997N1195121W001,1030483,1946-08-06T00:00:00Z,299.67,299.67,0,17.4,282.27,17.4,17.4,NA,Unknown,Water level accuracy is unknown,1,Department of Water Resources,NA,785,Alta Irrigation District
35790,364997N1195121W001,1030482,1946-04-03T00:00:00Z,299.67,299.67,0,16.5,283.17,16.5,16.5,NA,Unknown,Water level accuracy is unknown,1,Department of Water Resources,NA,785,Alta Irrigation District
35790,364997N1195121W001,1030481,1946-02-06T00:00:00Z,299.67,299.67,0,16.1,283.57,16.1,16.1,NA,Unknown,Water level accuracy is unknown,1,Department of Water Resources,NA,785,Alta Irrigation District
35790,364997N1195121W001,1030480,1945-12-07T00:00:00Z,299.67,299.67,0,16.2,283.47,16.2,16.2,NA,Unknown,Water level accuracy is unknown,1,Department of Water Resources,NA,785,Alta Irrigation District
35790,364997N1195121W001,1030479,1945-11-05T00:00:00Z,299.67,299.67,0,16.6,283.07,16.6,16.6,NA,Unknown,Water level accuracy is unknown,1,Department of Water Resources,NA,785,Alta Irrigation District
35790,364997N1195121W001,1030478,1945-10-04T00:00:00Z,299.67,299.67,0,16.8,282.87,16.8,16.8,NA,Unknown,Water level accuracy is unknown,1,Department of Water Resources,NA,785,Alta Irrigation District
35790,364997N1195121W001,1030477,1945-09-06T00:00:00Z,299.67,299.67,0,15.9,283.77,15.9,15.9,NA,Unknown,Water level accuracy is unknown,1,Department of Water Resources,NA,785,Alta Irrigation District
35790,364997N1195121W001,1030476,1945-03-02T00:00:00Z,299.67,299.67,0,16.3,283.37,16.3,16.3,NA,Unknown,Water level accuracy is unknown,1,Department of Water Resources,NA,785,Alta Irrigation District
35790,364997N1195121W001,1030475,1945-02-06T00:00:00Z,299.67,299.67,0,17.1,282.57,17.1,17.1,NA,Unknown,Water level accuracy is unknown,1,Department of Water Resources,NA,785,Alta Irrigation District
35790,364997N1195121W001,1030474,1945-01-04T00:00:00Z,299.67,299.67,0,18.5,281.17,18.5,18.5,NA,Unknown,Water level accuracy is unknown,1,Department of Water Resources,NA,785,Alta Irrigation District
35790,364997N1195121W001,1030473,1944-12-05T00:00:00Z,299.67,299.67,0,18.9,280.77,18.9,18.9,NA,Unknown,Water level accuracy is unknown,1,Department of Water Resources,NA,785,Alta Irrigation District
35790,364997N1195121W001,1030472,1944-11-01T00:00:00Z,299.67,299.67,0,19.4,280.27,19.4,19.4,NA,Unknown,Water level accuracy is unknown,1,Department of Water Resources,NA,785,Alta Irrigation District
35790,364997N1195121W001,1030471,1944-10-05T00:00:00Z,299.67,299.67,0,18.9,280.77,18.9,18.9,NA,Unknown,Water level accuracy is unknown,1,Department of Water Resources,NA,785,Alta Irrigation District
35790,364997N1195121W001,1030470,1944-09-04T00:00:00Z,299.67,299.67,0,18.3,281.37,18.3,18.3,NA,Unknown,Water level accuracy is unknown,1,Department of Water Resources,NA,785,Alta Irrigation District
35790,364997N1195121W001,1030469,1944-08-03T00:00:00Z,299.67,299.67,0,17.5,282.17,17.5,17.5,NA,Unknown,Water level accuracy is unknown,1,Department of Water Resources,NA,785,Alta Irrigation District
35790,364997N1195121W001,1030468,1944-07-05T00:00:00Z,299.67,299.67,0,16.3,283.37,16.3,16.3,NA,Unknown,Water level accuracy is unknown,1,Department of Water Resources,NA,785,Alta Irrigation District
35790,364997N1195121W001,1030467,1944-06-03T00:00:00Z,299.67,299.67,0,16.1,283.57,16.1,16.1,NA,Unknown,Water level accuracy is unknown,1,Department of Water Resources,NA,785,Alta Irrigation District
35790,364997N1195121W001,1030466,1944-03-06T00:00:00Z,299.67,299.67,0,16.7,282.97,16.7,16.7,NA,Unknown,Water level accuracy is unknown,1,Department of Water Resources,NA,785,Alta Irrigation District
35790,364997N1195121W001,1030465,1944-02-04T00:00:00Z,299.67,299.67,0,16.7,282.97,16.7,16.7,NA,Unknown,Water level accuracy is unknown,1,Department of Water Resources,NA,785,Alta Irrigation District
35790,364997N1195121W001,1030464,1944-01-06T00:00:00Z,299.67,299.67,0,16.5,283.17,16.5,16.5,NA,Unknown,Water level accuracy is unknown,1,Department of Water Resources,NA,785,Alta Irrigation District
35790,364997N1195121W001,1030463,1943-12-04T00:00:00Z,299.67,299.67,0,16.3,283.37,16.3,16.3,NA,Unknown,Water level accuracy is unknown,1,Department of Water Resources,NA,785,Alta Irrigation District
35790,364997N1195121W001,1030462,1943-11-03T00:00:00Z,299.67,299.67,0,15.8,283.87,15.8,15.8,NA,Unknown,Water level accuracy is unknown,1,Department of Water Resources,NA,785,Alta Irrigation District
35790,364997N1195121W001,1030461,1943-10-04T00:00:00Z,299.67,299.67,0,17.3,282.37,17.3,17.3,NA,Unknown,Water level accuracy is unknown,1,Department of Water Resources,NA,785,Alta Irrigation District
35790,364997N1195121W001,1030460,1943-09-06T00:00:00Z,299.67,299.67,0,14.1,285.57,14.1,14.1,NA,Unknown,Water level accuracy is unknown,1,Department of Water Resources,NA,785,Alta Irrigation District
35790,364997N1195121W001,1030459,1943-08-05T00:00:00Z,299.67,299.67,0,13,286.67,13,13,NA,Unknown,Water level accuracy is unknown,1,Department of Water Resources,NA,785,Alta Irrigation District
35790,364997N1195121W001,1030458,1943-07-03T00:00:00Z,299.67,299.67,0,12.3,287.37,12.3,12.3,NA,Unknown,Water level accuracy is unknown,1,Department of Water Resources,NA,785,Alta Irrigation District
35790,364997N1195121W001,1030457,1943-06-03T00:00:00Z,299.67,299.67,0,12.2,287.47,12.2,12.2,NA,Unknown,Water level accuracy is unknown,1,Department of Water Resources,NA,785,Alta Irrigation District
35790,364997N1195121W001,1030456,1943-05-03T00:00:00Z,299.67,299.67,0,16.2,283.47,16.2,16.2,NA,Unknown,Water level accuracy is unknown,1,Department of Water Resources,NA,785,Alta Irrigation District
35790,364997N1195121W001,1030455,1943-04-05T00:00:00Z,299.67,299.67,0,13.9,285.77,13.9,13.9,NA,Unknown,Water level accuracy is unknown,1,Department of Water Resources,NA,785,Alta Irrigation District
35790,364997N1195121W001,1030454,1943-03-08T00:00:00Z,299.67,299.67,0,14.5,285.17,14.5,14.5,NA,Unknown,Water level accuracy is unknown,1,Department of Water Resources,NA,785,Alta Irrigation District
35790,364997N1195121W001,1030453,1943-02-03T00:00:00Z,299.67,299.67,0,14.6,285.07,14.6,14.6,NA,Unknown,Water level accuracy is unknown,1,Department of Water Resources,NA,785,Alta Irrigation District
35790,364997N1195121W001,1030452,1943-01-07T00:00:00Z,299.67,299.67,0,15.7,283.97,15.7,15.7,NA,Unknown,Water level accuracy is unknown,1,Department of Water Resources,NA,785,Alta Irrigation District
35790,364997N1195121W001,1030451,1942-11-30T00:00:00Z,299.67,299.67,NA,NA,NA,NA,NA,Pumping,NA,NA,1,Department of Water Resources,NA,785,Alta Irrigation District
35790,364997N1195121W001,1030450,1942-11-07T00:00:00Z,299.67,299.67,0,15.5,284.17,15.5,15.5,NA,Unknown,Water level accuracy is unknown,1,Department of Water Resources,NA,785,Alta Irrigation District
35790,364997N1195121W001,1030449,1942-09-05T00:00:00Z,299.67,299.67,0,13.1,286.57,13.1,13.1,NA,Unknown,Water level accuracy is unknown,1,Department of Water Resources,NA,785,Alta Irrigation District
35790,364997N1195121W001,1030448,1942-07-31T00:00:00Z,299.67,299.67,NA,NA,NA,NA,NA,Pumping,NA,NA,1,Department of Water Resources,NA,785,Alta Irrigation District
35790,364997N1195121W001,1030447,1942-07-02T00:00:00Z,299.67,299.67,0,11.9,287.77,11.9,11.9,NA,Unknown,Water level accuracy is unknown,1,Department of Water Resources,NA,785,Alta Irrigation District
35790,364997N1195121W001,1030446,1942-06-04T00:00:00Z,299.67,299.67,0,15.5,284.17,15.5,15.5,NA,Unknown,Water level accuracy is unknown,1,Department of Water Resources,NA,785,Alta Irrigation District
35790,364997N1195121W001,1030445,1942-05-01T00:00:00Z,299.67,299.67,0,14.7,284.97,14.7,14.7,NA,Unknown,Water level accuracy is unknown,1,Department of Water Resources,NA,785,Alta Irrigation District
35790,364997N1195121W001,1030444,1942-04-07T00:00:00Z,299.67,299.67,0,15.2,284.47,15.2,15.2,NA,Unknown,Water level accuracy is unknown,1,Department of Water Resources,NA,785,Alta Irrigation District
35790,364997N1195121W001,1030443,1942-03-04T00:00:00Z,299.67,299.67,0,14.8,284.87,14.8,14.8,NA,Unknown,Water level accuracy is unknown,1,Department of Water Resources,NA,785,Alta Irrigation District
35790,364997N1195121W001,1030442,1942-02-06T00:00:00Z,299.67,299.67,0,14.6,285.07,14.6,14.6,NA,Unknown,Water level accuracy is unknown,1,Department of Water Resources,NA,785,Alta Irrigation District
35790,364997N1195121W001,1030441,1942-01-05T00:00:00Z,299.67,299.67,0,14.9,284.77,14.9,14.9,NA,Unknown,Water level accuracy is unknown,1,Department of Water Resources,NA,785,Alta Irrigation District
35790,364997N1195121W001,1030440,1941-12-02T00:00:00Z,299.67,299.67,0,14.9,284.77,14.9,14.9,NA,Unknown,Water level accuracy is unknown,1,Department of Water Resources,NA,785,Alta Irrigation District
35790,364997N1195121W001,1030439,1941-11-14T00:00:00Z,299.67,299.67,0,18.2,281.47,18.2,18.2,NA,Unknown,Water level accuracy is unknown,1,Department of Water Resources,NA,785,Alta Irrigation District
35790,364997N1195121W001,1030438,1941-10-04T00:00:00Z,299.67,299.67,0,16.4,283.27,16.4,16.4,NA,Unknown,Water level accuracy is unknown,1,Department of Water Resources,NA,785,Alta Irrigation District
35790,364997N1195121W001,1030437,1941-07-31T00:00:00Z,299.67,299.67,0,12,287.67,12,12,NA,Unknown,Water level accuracy is unknown,1,Department of Water Resources,NA,785,Alta Irrigation District
35790,364997N1195121W001,1030436,1941-07-03T00:00:00Z,299.67,299.67,0,14.4,285.27,14.4,14.4,NA,Unknown,Water level accuracy is unknown,1,Department of Water Resources,NA,785,Alta Irrigation District
35790,364997N1195121W001,1030435,1941-06-04T00:00:00Z,299.67,299.67,0,15,284.67,15,15,NA,Unknown,Water level accuracy is unknown,1,Department of Water Resources,NA,785,Alta Irrigation District
35790,364997N1195121W001,1030434,1941-05-03T00:00:00Z,299.67,299.67,0,14.8,284.87,14.8,14.8,NA,Unknown,Water level accuracy is unknown,1,Department of Water Resources,NA,785,Alta Irrigation District
35790,364997N1195121W001,1030433,1941-04-03T00:00:00Z,299.67,299.67,0,15.2,284.47,15.2,15.2,NA,Unknown,Water level accuracy is unknown,1,Department of Water Resources,NA,785,Alta Irrigation District
35790,364997N1195121W001,1030432,1941-03-06T00:00:00Z,299.67,299.67,0,15.6,284.07,15.6,15.6,NA,Unknown,Water level accuracy is unknown,1,Department of Water Resources,NA,785,Alta Irrigation District
35790,364997N1195121W001,1030431,1941-02-05T00:00:00Z,299.67,299.67,0,16.9,282.77,16.9,16.9,NA,Unknown,Water level accuracy is unknown,1,Department of Water Resources,NA,785,Alta Irrigation District
35790,364997N1195121W001,1030430,1941-01-04T00:00:00Z,299.67,299.67,0,17.1,282.57,17.1,17.1,NA,Unknown,Water level accuracy is unknown,1,Department of Water Resources,NA,785,Alta Irrigation District
35790,364997N1195121W001,1030429,1940-12-05T00:00:00Z,299.67,299.67,0,17.4,282.27,17.4,17.4,NA,Unknown,Water level accuracy is unknown,1,Department of Water Resources,NA,785,Alta Irrigation District
35790,364997N1195121W001,1030428,1940-11-05T00:00:00Z,299.67,299.67,0,17.2,282.47,17.2,17.2,NA,Unknown,Water level accuracy is unknown,1,Department of Water Resources,NA,785,Alta Irrigation District
35790,364997N1195121W001,1030427,1940-10-09T00:00:00Z,299.67,299.67,0,16.9,282.77,16.9,16.9,NA,Unknown,Water level accuracy is unknown,1,Department of Water Resources,NA,785,Alta Irrigation District
35790,364997N1195121W001,1030426,1940-08-29T00:00:00Z,299.67,299.67,0,15.2,284.47,15.2,15.2,NA,Unknown,Water level accuracy is unknown,1,Department of Water Resources,NA,785,Alta Irrigation District
35790,364997N1195121W001,1030425,1940-07-03T00:00:00Z,299.67,299.67,NA,NA,NA,NA,NA,Pumping,NA,NA,1,Department of Water Resources,NA,785,Alta Irrigation District
35790,364997N1195121W001,1030424,1940-06-05T00:00:00Z,299.67,299.67,0,14.1,285.57,14.1,14.1,NA,Unknown,Water level accuracy is unknown,1,Department of Water Resources,NA,785,Alta Irrigation District
35790,364997N1195121W001,1030423,1940-05-01T00:00:00Z,299.67,299.67,0,18.3,281.37,18.3,18.3,NA,Unknown,Water level accuracy is unknown,1,Department of Water Resources,NA,785,Alta Irrigation District
35790,364997N1195121W001,1030422,1940-04-02T00:00:00Z,299.67,299.67,0,16.6,283.07,16.6,16.6,NA,Unknown,Water level accuracy is unknown,1,Department of Water Resources,NA,785,Alta Irrigation District
35790,364997N1195121W001,1030421,1940-03-06T00:00:00Z,299.67,299.67,NA,NA,NA,NA,NA,Pumping,NA,NA,1,Department of Water Resources,NA,785,Alta Irrigation District
35790,364997N1195121W001,1030420,1940-02-09T00:00:00Z,299.67,299.67,0,17.9,281.77,17.9,17.9,NA,Unknown,Water level accuracy is unknown,1,Department of Water Resources,NA,785,Alta Irrigation District
35790,364997N1195121W001,1030419,1940-01-06T00:00:00Z,299.67,299.67,0,18.7,280.97,18.7,18.7,NA,Unknown,Water level accuracy is unknown,1,Department of Water Resources,NA,785,Alta Irrigation District
35790,364997N1195121W001,1030418,1939-12-05T00:00:00Z,299.67,299.67,0,18.6,281.07,18.6,18.6,NA,Unknown,Water level accuracy is unknown,1,Department of Water Resources,NA,785,Alta Irrigation District
35790,364997N1195121W001,1030417,1939-11-06T00:00:00Z,299.67,299.67,NA,NA,NA,NA,NA,Pumping,NA,NA,1,Department of Water Resources,NA,785,Alta Irrigation District
35790,364997N1195121W001,1030416,1939-10-05T00:00:00Z,299.67,299.67,0,18.4,281.27,18.4,18.4,NA,Unknown,Water level accuracy is unknown,1,Department of Water Resources,NA,785,Alta Irrigation District
35790,364997N1195121W001,1030415,1939-09-07T00:00:00Z,299.67,299.67,0,17.9,281.77,17.9,17.9,NA,Unknown,Water level accuracy is unknown,1,Department of Water Resources,NA,785,Alta Irrigation District
35790,364997N1195121W001,1030414,1939-08-04T00:00:00Z,299.67,299.67,0,17.2,282.47,17.2,17.2,NA,Unknown,Water level accuracy is unknown,1,Department of Water Resources,NA,785,Alta Irrigation District
35790,364997N1195121W001,1030413,1939-07-06T00:00:00Z,299.67,299.67,NA,NA,NA,NA,NA,Pumping,NA,NA,1,Department of Water Resources,NA,785,Alta Irrigation District
35790,364997N1195121W001,1030412,1939-06-09T00:00:00Z,299.67,299.67,NA,NA,NA,NA,NA,Pumping,NA,NA,1,Department of Water Resources,NA,785,Alta Irrigation District
35790,364997N1195121W001,1030411,1939-05-02T00:00:00Z,299.67,299.67,0,14.7,284.97,14.7,14.7,NA,Unknown,Water level accuracy is unknown,1,Department of Water Resources,NA,785,Alta Irrigation District
35790,364997N1195121W001,1030410,1939-04-06T00:00:00Z,299.67,299.67,0,15.1,284.57,15.1,15.1,NA,Unknown,Water level accuracy is unknown,1,Department of Water Resources,NA,785,Alta Irrigation District
35790,364997N1195121W001,1030409,1939-03-07T00:00:00Z,299.67,299.67,0,15,284.67,15,15,NA,Unknown,Water level accuracy is unknown,1,Department of Water Resources,NA,785,Alta Irrigation District
35790,364997N1195121W001,1030408,1939-02-06T00:00:00Z,299.67,299.67,0,14.8,284.87,14.8,14.8,NA,Unknown,Water level accuracy is unknown,1,Department of Water Resources,NA,785,Alta Irrigation District
35790,364997N1195121W001,1030407,1939-01-06T00:00:00Z,299.67,299.67,0,14.6,285.07,14.6,14.6,NA,Unknown,Water level accuracy is unknown,1,Department of Water Resources,NA,785,Alta Irrigation District
35790,364997N1195121W001,1030406,1938-11-04T00:00:00Z,299.67,299.67,0,14.3,285.37,14.3,14.3,NA,Unknown,Water level accuracy is unknown,1,Department of Water Resources,NA,785,Alta Irrigation District
35790,364997N1195121W001,1030405,1938-10-06T00:00:00Z,299.67,299.67,0,13.9,285.77,13.9,13.9,NA,Unknown,Water level accuracy is unknown,1,Department of Water Resources,NA,785,Alta Irrigation District
35790,364997N1195121W001,1030404,1938-09-06T00:00:00Z,299.67,299.67,0,12.6,287.07,12.6,12.6,NA,Unknown,Water level accuracy is unknown,1,Department of Water Resources,NA,785,Alta Irrigation District
35790,364997N1195121W001,1030403,1938-07-07T00:00:00Z,299.67,299.67,0,11.4,288.27,11.4,11.4,NA,Unknown,Water level accuracy is unknown,1,Department of Water Resources,NA,785,Alta Irrigation District
35790,364997N1195121W001,1030402,1938-06-08T00:00:00Z,299.67,299.67,0,10.8,288.87,10.8,10.8,NA,Unknown,Water level accuracy is unknown,1,Department of Water Resources,NA,785,Alta Irrigation District
35790,364997N1195121W001,1030401,1938-05-02T00:00:00Z,299.67,299.67,0,13,286.67,13,13,NA,Unknown,Water level accuracy is unknown,1,Department of Water Resources,NA,785,Alta Irrigation District
35790,364997N1195121W001,1030400,1938-04-06T00:00:00Z,299.67,299.67,0,13.4,286.27,13.4,13.4,NA,Unknown,Water level accuracy is unknown,1,Department of Water Resources,NA,785,Alta Irrigation District
35790,364997N1195121W001,1030399,1938-03-07T00:00:00Z,299.67,299.67,0,13.8,285.87,13.8,13.8,NA,Unknown,Water level accuracy is unknown,1,Department of Water Resources,NA,785,Alta Irrigation District
35790,364997N1195121W001,1030398,1938-02-04T00:00:00Z,299.67,299.67,0,15,284.67,15,15,NA,Unknown,Water level accuracy is unknown,1,Department of Water Resources,NA,785,Alta Irrigation District
35790,364997N1195121W001,1030397,1938-01-06T00:00:00Z,299.67,299.67,0,15,284.67,15,15,NA,Unknown,Water level accuracy is unknown,1,Department of Water Resources,NA,785,Alta Irrigation District
35790,364997N1195121W001,1030396,1937-11-05T00:00:00Z,299.67,299.67,0,16.2,283.47,16.2,16.2,NA,Unknown,Water level accuracy is unknown,1,Department of Water Resources,NA,785,Alta Irrigation District
35790,364997N1195121W001,1030395,1937-10-05T00:00:00Z,299.67,299.67,0,15.5,284.17,15.5,15.5,NA,Unknown,Water level accuracy is unknown,1,Department of Water Resources,NA,785,Alta Irrigation District
35790,364997N1195121W001,1030394,1937-09-08T00:00:00Z,299.67,299.67,0,14.7,284.97,14.7,14.7,NA,Unknown,Water level accuracy is unknown,1,Department of Water Resources,NA,785,Alta Irrigation District
35790,364997N1195121W001,1030393,1937-08-05T00:00:00Z,299.67,299.67,0,15.1,284.57,15.1,15.1,NA,Unknown,Water level accuracy is unknown,1,Department of Water Resources,NA,785,Alta Irrigation District
35790,364997N1195121W001,1030392,1937-07-06T00:00:00Z,299.67,299.67,0,14,285.67,14,14,NA,Unknown,Water level accuracy is unknown,1,Department of Water Resources,NA,785,Alta Irrigation District
35790,364997N1195121W001,1030391,1937-06-04T00:00:00Z,299.67,299.67,0,14.4,285.27,14.4,14.4,NA,Unknown,Water level accuracy is unknown,1,Department of Water Resources,NA,785,Alta Irrigation District
35790,364997N1195121W001,1030390,1937-05-03T00:00:00Z,299.67,299.67,0,14.8,284.87,14.8,14.8,NA,Unknown,Water level accuracy is unknown,1,Department of Water Resources,NA,785,Alta Irrigation District
35790,364997N1195121W001,1030389,1937-04-03T00:00:00Z,299.67,299.67,0,15.3,284.37,15.3,15.3,NA,Unknown,Water level accuracy is unknown,1,Department of Water Resources,NA,785,Alta Irrigation District
35790,364997N1195121W001,1030388,1937-03-05T00:00:00Z,299.67,299.67,0,15.5,284.17,15.5,15.5,NA,Unknown,Water level accuracy is unknown,1,Department of Water Resources,NA,785,Alta Irrigation District
35790,364997N1195121W001,1030387,1937-02-04T00:00:00Z,299.67,299.67,0,17.7,281.97,17.7,17.7,NA,Unknown,Water level accuracy is unknown,1,Department of Water Resources,NA,785,Alta Irrigation District
35790,364997N1195121W001,1030386,1937-01-09T00:00:00Z,299.67,299.67,0,17.8,281.87,17.8,17.8,NA,Unknown,Water level accuracy is unknown,1,Department of Water Resources,NA,785,Alta Irrigation District
35790,364997N1195121W001,1030385,1936-12-03T00:00:00Z,299.67,299.67,0,19.3,280.37,19.3,19.3,NA,Unknown,Water level accuracy is unknown,1,Department of Water Resources,NA,785,Alta Irrigation District
35790,364997N1195121W001,1030384,1936-11-05T00:00:00Z,299.67,299.67,0,19.2,280.47,19.2,19.2,NA,Unknown,Water level accuracy is unknown,1,Department of Water Resources,NA,785,Alta Irrigation District
35790,364997N1195121W001,1030383,1936-10-06T00:00:00Z,299.67,299.67,0,19.1,280.57,19.1,19.1,NA,Unknown,Water level accuracy is unknown,1,Department of Water Resources,NA,785,Alta Irrigation District
35790,364997N1195121W001,1030382,1936-09-03T00:00:00Z,299.67,299.67,0,17.9,281.77,17.9,17.9,NA,Unknown,Water level accuracy is unknown,1,Department of Water Resources,NA,785,Alta Irrigation District
35790,364997N1195121W001,1030381,1936-08-05T00:00:00Z,299.67,299.67,0,16.6,283.07,16.6,16.6,NA,Unknown,Water level accuracy is unknown,1,Department of Water Resources,NA,785,Alta Irrigation District
35790,364997N1195121W001,1030380,1936-07-06T00:00:00Z,299.67,299.67,0,18.2,281.47,18.2,18.2,NA,Unknown,Water level accuracy is unknown,1,Department of Water Resources,NA,785,Alta Irrigation District
35790,364997N1195121W001,1030379,1936-06-04T00:00:00Z,299.67,299.67,0,18.6,281.07,18.6,18.6,NA,Unknown,Water level accuracy is unknown,1,Department of Water Resources,NA,785,Alta Irrigation District
35790,364997N1195121W001,1030378,1936-05-05T00:00:00Z,299.67,299.67,0,19.4,280.27,19.4,19.4,NA,Unknown,Water level accuracy is unknown,1,Department of Water Resources,NA,785,Alta Irrigation District
35790,364997N1195121W001,1030377,1936-04-09T00:00:00Z,299.67,299.67,0,19.3,280.37,19.3,19.3,NA,Unknown,Water level accuracy is unknown,1,Department of Water Resources,NA,785,Alta Irrigation District
35790,364997N1195121W001,1030376,1936-03-04T00:00:00Z,299.67,299.67,0,18.9,280.77,18.9,18.9,NA,Unknown,Water level accuracy is unknown,1,Department of Water Resources,NA,785,Alta Irrigation District
35790,364997N1195121W001,1030375,1936-02-06T00:00:00Z,299.67,299.67,0,20.8,278.87,20.8,20.8,NA,Unknown,Water level accuracy is unknown,1,Department of Water Resources,NA,785,Alta Irrigation District
35790,364997N1195121W001,1030374,1936-01-06T00:00:00Z,299.67,299.67,0,21.1,278.57,21.1,21.1,NA,Unknown,Water level accuracy is unknown,1,Department of Water Resources,NA,785,Alta Irrigation District
35790,364997N1195121W001,1030373,1935-12-06T00:00:00Z,299.67,299.67,0,21.1,278.57,21.1,21.1,NA,Unknown,Water level accuracy is unknown,1,Department of Water Resources,NA,785,Alta Irrigation District
35790,364997N1195121W001,1030372,1935-11-07T00:00:00Z,299.67,299.67,0,21.1,278.57,21.1,21.1,NA,Unknown,Water level accuracy is unknown,1,Department of Water Resources,NA,785,Alta Irrigation District
35790,364997N1195121W001,1030371,1935-10-04T00:00:00Z,299.67,299.67,0,21.1,278.57,21.1,21.1,NA,Unknown,Water level accuracy is unknown,1,Department of Water Resources,NA,785,Alta Irrigation District
35790,364997N1195121W001,1030370,1935-09-06T00:00:00Z,299.67,299.67,0,20.3,279.37,20.3,20.3,NA,Unknown,Water level accuracy is unknown,1,Department of Water Resources,NA,785,Alta Irrigation District
35790,364997N1195121W001,1030369,1935-08-06T00:00:00Z,299.67,299.67,0,19,280.67,19,19,NA,Unknown,Water level accuracy is unknown,1,Department of Water Resources,NA,785,Alta Irrigation District
35790,364997N1195121W001,1030368,1935-07-03T00:00:00Z,299.67,299.67,0,18.9,280.77,18.9,18.9,NA,Unknown,Water level accuracy is unknown,1,Department of Water Resources,NA,785,Alta Irrigation District
35790,364997N1195121W001,1030367,1935-05-01T00:00:00Z,299.67,299.67,0,19.9,279.77,19.9,19.9,NA,Unknown,Water level accuracy is unknown,1,Department of Water Resources,NA,785,Alta Irrigation District
35790,364997N1195121W001,1030366,1935-04-10T00:00:00Z,299.67,299.67,0,22.1,277.57,22.1,22.1,NA,Unknown,Water level accuracy is unknown,1,Department of Water Resources,NA,785,Alta Irrigation District
35790,364997N1195121W001,1030365,1935-03-08T00:00:00Z,299.67,299.67,0,22.8,276.87,22.8,22.8,NA,Unknown,Water level accuracy is unknown,1,Department of Water Resources,NA,785,Alta Irrigation District
35790,364997N1195121W001,1030364,1935-02-05T00:00:00Z,299.67,299.67,0,23.4,276.27,23.4,23.4,NA,Unknown,Water level accuracy is unknown,1,Department of Water Resources,NA,785,Alta Irrigation District
35790,364997N1195121W001,1030363,1935-01-07T00:00:00Z,299.67,299.67,0,24.2,275.47,24.2,24.2,NA,Unknown,Water level accuracy is unknown,1,Department of Water Resources,NA,785,Alta Irrigation District
35790,364997N1195121W001,1030362,1934-12-05T00:00:00Z,299.67,299.67,0,25.1,274.57,25.1,25.1,NA,Unknown,Water level accuracy is unknown,1,Department of Water Resources,NA,785,Alta Irrigation District
35790,364997N1195121W001,1030361,1934-11-07T00:00:00Z,299.67,299.67,0,25.9,273.77,25.9,25.9,NA,Unknown,Water level accuracy is unknown,1,Department of Water Resources,NA,785,Alta Irrigation District
35790,364997N1195121W001,1030360,1934-09-06T00:00:00Z,299.67,299.67,0,28.6,271.07,28.6,28.6,NA,Unknown,Water level accuracy is unknown,1,Department of Water Resources,NA,785,Alta Irrigation District
35790,364997N1195121W001,1030359,1934-06-05T00:00:00Z,299.67,299.67,0,27.2,272.47,27.2,27.2,NA,Unknown,Water level accuracy is unknown,1,Department of Water Resources,NA,785,Alta Irrigation District
35790,364997N1195121W001,1030358,1934-05-05T00:00:00Z,299.67,299.67,0,23.6,276.07,23.6,23.6,NA,Unknown,Water level accuracy is unknown,1,Department of Water Resources,NA,785,Alta Irrigation District
35790,364997N1195121W001,1030357,1934-03-07T00:00:00Z,299.67,299.67,0,21.1,278.57,21.1,21.1,NA,Unknown,Water level accuracy is unknown,1,Department of Water Resources,NA,785,Alta Irrigation District
35790,364997N1195121W001,1030356,1934-02-06T00:00:00Z,299.67,299.67,0,21.2,278.47,21.2,21.2,NA,Unknown,Water level accuracy is unknown,1,Department of Water Resources,NA,785,Alta Irrigation District
35790,364997N1195121W001,1030355,1934-01-06T00:00:00Z,299.67,299.67,0,21.3,278.37,21.3,21.3,NA,Unknown,Water level accuracy is unknown,1,Department of Water Resources,NA,785,Alta Irrigation District
35790,364997N1195121W001,1030354,1933-12-05T00:00:00Z,299.67,299.67,0,22,277.67,22,22,NA,Unknown,Water level accuracy is unknown,1,Department of Water Resources,NA,785,Alta Irrigation District
35790,364997N1195121W001,1030353,1933-11-07T00:00:00Z,299.67,299.67,0,21.9,277.77,21.9,21.9,NA,Unknown,Water level accuracy is unknown,1,Department of Water Resources,NA,785,Alta Irrigation District
35790,364997N1195121W001,1030352,1933-10-05T00:00:00Z,299.67,299.67,0,21.7,277.97,21.7,21.7,NA,Unknown,Water level accuracy is unknown,1,Department of Water Resources,NA,785,Alta Irrigation District
35790,364997N1195121W001,1030351,1933-07-05T00:00:00Z,299.67,299.67,0,21.9,277.77,21.9,21.9,NA,Unknown,Water level accuracy is unknown,1,Department of Water Resources,NA,785,Alta Irrigation District
35790,364997N1195121W001,1030350,1933-06-05T00:00:00Z,299.67,299.67,0,23.2,276.47,23.2,23.2,NA,Unknown,Water level accuracy is unknown,1,Department of Water Resources,NA,785,Alta Irrigation District
35790,364997N1195121W001,1030349,1933-05-04T00:00:00Z,299.67,299.67,NA,NA,NA,NA,NA,Pumping,NA,NA,1,Department of Water Resources,NA,785,Alta Irrigation District
35790,364997N1195121W001,1030348,1933-04-06T00:00:00Z,299.67,299.67,0,20.7,278.97,20.7,20.7,NA,Unknown,Water level accuracy is unknown,1,Department of Water Resources,NA,785,Alta Irrigation District
35790,364997N1195121W001,1030347,1933-03-06T00:00:00Z,299.67,299.67,0,20.5,279.17,20.5,20.5,NA,Unknown,Water level accuracy is unknown,1,Department of Water Resources,NA,785,Alta Irrigation District
35790,364997N1195121W001,1030346,1933-02-06T00:00:00Z,299.67,299.67,0,21,278.67,21,21,NA,Unknown,Water level accuracy is unknown,1,Department of Water Resources,NA,785,Alta Irrigation District
35790,364997N1195121W001,1030345,1933-01-06T00:00:00Z,299.67,299.67,0,21,278.67,21,21,NA,Unknown,Water level accuracy is unknown,1,Department of Water Resources,NA,785,Alta Irrigation District
35790,364997N1195121W001,1030344,1932-12-06T00:00:00Z,299.67,299.67,0,20.9,278.77,20.9,20.9,NA,Unknown,Water level accuracy is unknown,1,Department of Water Resources,NA,785,Alta Irrigation District
35790,364997N1195121W001,1030343,1932-11-08T00:00:00Z,299.67,299.67,NA,NA,NA,NA,NA,Pumping,NA,NA,1,Department of Water Resources,NA,785,Alta Irrigation District
35790,364997N1195121W001,1030342,1932-10-05T00:00:00Z,299.67,299.67,0,20.7,278.97,20.7,20.7,NA,Unknown,Water level accuracy is unknown,1,Department of Water Resources,NA,785,Alta Irrigation District
35790,364997N1195121W001,1030341,1932-09-06T00:00:00Z,299.67,299.67,0,20.1,279.57,20.1,20.1,NA,Unknown,Water level accuracy is unknown,1,Department of Water Resources,NA,785,Alta Irrigation District
35790,364997N1195121W001,1030340,1932-08-05T00:00:00Z,299.67,299.67,0,17.9,281.77,17.9,17.9,NA,Unknown,Water level accuracy is unknown,1,Department of Water Resources,NA,785,Alta Irrigation District
35790,364997N1195121W001,1030339,1932-07-05T00:00:00Z,299.67,299.67,0,17.2,282.47,17.2,17.2,NA,Unknown,Water level accuracy is unknown,1,Department of Water Resources,NA,785,Alta Irrigation District
35790,364997N1195121W001,1030338,1932-06-04T00:00:00Z,299.67,299.67,0,20.7,278.97,20.7,20.7,NA,Unknown,Water level accuracy is unknown,1,Department of Water Resources,NA,785,Alta Irrigation District
35790,364997N1195121W001,1030337,1932-05-04T00:00:00Z,299.67,299.67,0,22,277.67,22,22,NA,Unknown,Water level accuracy is unknown,1,Department of Water Resources,NA,785,Alta Irrigation District
35790,364997N1195121W001,1030336,1932-04-06T00:00:00Z,299.67,299.67,NA,NA,NA,NA,NA,Pumping,NA,NA,1,Department of Water Resources,NA,785,Alta Irrigation District
35790,364997N1195121W001,1030335,1932-03-02T00:00:00Z,299.67,299.67,0,22.1,277.57,22.1,22.1,NA,Unknown,Water level accuracy is unknown,1,Department of Water Resources,NA,785,Alta Irrigation District
35790,364997N1195121W001,1030334,1932-02-05T00:00:00Z,299.67,299.67,0,24.5,275.17,24.5,24.5,NA,Unknown,Water level accuracy is unknown,1,Department of Water Resources,NA,785,Alta Irrigation District
35790,364997N1195121W001,1030333,1931-12-07T00:00:00Z,299.67,299.67,0,27.1,272.57,27.1,27.1,NA,Unknown,Water level accuracy is unknown,1,Department of Water Resources,NA,785,Alta Irrigation District
35790,364997N1195121W001,1030332,1931-10-07T00:00:00Z,299.67,299.67,0,28.4,271.27,28.4,28.4,NA,Unknown,Water level accuracy is unknown,1,Department of Water Resources,NA,785,Alta Irrigation District
35790,364997N1195121W001,1030331,1931-08-05T00:00:00Z,299.67,299.67,0,28.4,271.27,28.4,28.4,NA,Unknown,Water level accuracy is unknown,1,Department of Water Resources,NA,785,Alta Irrigation District
35790,364997N1195121W001,1030330,1931-06-05T00:00:00Z,299.67,299.67,0,26.3,273.37,26.3,26.3,NA,Unknown,Water level accuracy is unknown,1,Department of Water Resources,NA,785,Alta Irrigation District
35790,364997N1195121W001,1030329,1931-05-01T00:00:00Z,299.67,299.67,0,26.1,273.57,26.1,26.1,NA,Unknown,Water level accuracy is unknown,1,Department of Water Resources,NA,785,Alta Irrigation District
35790,364997N1195121W001,1030328,1931-04-01T00:00:00Z,299.67,299.67,0,23.8,275.87,23.8,23.8,NA,Unknown,Water level accuracy is unknown,1,Department of Water Resources,NA,785,Alta Irrigation District
35790,364997N1195121W001,1030327,1931-03-03T00:00:00Z,299.67,299.67,0,22.7,276.97,22.7,22.7,NA,Unknown,Water level accuracy is unknown,1,Department of Water Resources,NA,785,Alta Irrigation District
35790,364997N1195121W001,1030326,1931-02-05T00:00:00Z,299.67,299.67,0,22.3,277.37,22.3,22.3,NA,Unknown,Water level accuracy is unknown,1,Department of Water Resources,NA,785,Alta Irrigation District
35790,364997N1195121W001,1030325,1931-01-06T00:00:00Z,299.67,299.67,0,23.3,276.37,23.3,23.3,NA,Unknown,Water level accuracy is unknown,1,Department of Water Resources,NA,785,Alta Irrigation District
35790,364997N1195121W001,1030324,1930-12-03T00:00:00Z,299.67,299.67,0,23.7,275.97,23.7,23.7,NA,Unknown,Water level accuracy is unknown,1,Department of Water Resources,NA,785,Alta Irrigation District
35790,364997N1195121W001,1030323,1930-11-05T00:00:00Z,299.67,299.67,0,25.2,274.47,25.2,25.2,NA,Unknown,Water level accuracy is unknown,1,Department of Water Resources,NA,785,Alta Irrigation District
35790,364997N1195121W001,1030322,1930-10-03T00:00:00Z,299.67,299.67,NA,NA,NA,NA,NA,Pumping,NA,NA,1,Department of Water Resources,NA,785,Alta Irrigation District
35790,364997N1195121W001,1030321,1930-09-05T00:00:00Z,299.67,299.67,0,25.3,274.37,25.3,25.3,NA,Unknown,Water level accuracy is unknown,1,Department of Water Resources,NA,785,Alta Irrigation District
35790,364997N1195121W001,1030320,1930-08-05T00:00:00Z,299.67,299.67,NA,NA,NA,NA,NA,Pumping,NA,NA,1,Department of Water Resources,NA,785,Alta Irrigation District
35790,364997N1195121W001,1030319,1930-07-04T00:00:00Z,299.67,299.67,0,22.6,277.07,22.6,22.6,NA,Unknown,Water level accuracy is unknown,1,Department of Water Resources,NA,785,Alta Irrigation District
35790,364997N1195121W001,1030318,1930-06-03T00:00:00Z,299.67,299.67,0,21.4,278.27,21.4,21.4,NA,Unknown,Water level accuracy is unknown,1,Department of Water Resources,NA,785,Alta Irrigation District
35790,364997N1195121W001,1030317,1930-05-03T00:00:00Z,299.67,299.67,0,23,276.67,23,23,NA,Unknown,Water level accuracy is unknown,1,Department of Water Resources,NA,785,Alta Irrigation District
35790,364997N1195121W001,1030316,1930-04-10T00:00:00Z,299.67,299.67,0,22.3,277.37,22.3,22.3,NA,Unknown,Water level accuracy is unknown,1,Department of Water Resources,NA,785,Alta Irrigation District
35790,364997N1195121W001,1030315,1930-03-19T00:00:00Z,299.67,299.67,0,22,277.67,22,22,NA,Unknown,Water level accuracy is unknown,1,Department of Water Resources,NA,785,Alta Irrigation District
35790,364997N1195121W001,1030314,1930-02-19T00:00:00Z,299.67,299.67,0,23,276.67,23,23,NA,Unknown,Water level accuracy is unknown,1,Department of Water Resources,NA,785,Alta Irrigation District
35790,364997N1195121W001,1030313,1930-01-17T00:00:00Z,299.67,299.67,0,22.7,276.97,22.7,22.7,NA,Unknown,Water level accuracy is unknown,1,Department of Water Resources,NA,785,Alta Irrigation District
35790,364997N1195121W001,1030312,1929-12-18T00:00:00Z,299.67,299.67,0,22.3,277.37,22.3,22.3,NA,Unknown,Water level accuracy is unknown,1,Department of Water Resources,NA,785,Alta Irrigation District
35790,364997N1195121W001,1030311,1929-11-18T00:00:00Z,299.67,299.67,0,22.6,277.07,22.6,22.6,NA,Unknown,Water level accuracy is unknown,1,Department of Water Resources,NA,785,Alta Irrigation District
35790,364997N1195121W001,1030310,1929-10-18T00:00:00Z,299.67,299.67,NA,NA,NA,NA,NA,Pumping,NA,NA,1,Department of Water Resources,NA,785,Alta Irrigation District
35790,364997N1195121W001,1030309,1929-09-18T00:00:00Z,299.67,299.67,0,23,276.67,23,23,NA,Unknown,Water level accuracy is unknown,1,Department of Water Resources,NA,785,Alta Irrigation District
35790,364997N1195121W001,1030308,1929-08-19T00:00:00Z,299.67,299.67,0,22.5,277.17,22.5,22.5,NA,Unknown,Water level accuracy is unknown,1,Department of Water Resources,NA,785,Alta Irrigation District
35790,364997N1195121W001,1030307,1929-07-18T00:00:00Z,299.67,299.67,NA,NA,NA,NA,NA,Pumping,NA,NA,1,Department of Water Resources,NA,785,Alta Irrigation District
35790,364997N1195121W001,1030306,1929-06-18T00:00:00Z,299.67,299.67,0,20.1,279.57,20.1,20.1,NA,Unknown,Water level accuracy is unknown,1,Department of Water Resources,NA,785,Alta Irrigation District
35790,364997N1195121W001,1030305,1929-05-17T00:00:00Z,299.67,299.67,0,20.6,279.07,20.6,20.6,NA,Unknown,Water level accuracy is unknown,1,Department of Water Resources,NA,785,Alta Irrigation District
35790,364997N1195121W001,1030304,1929-03-20T00:00:00Z,299.67,299.67,0,20.3,279.37,20.3,20.3,NA,Unknown,Water level accuracy is unknown,1,Department of Water Resources,NA,785,Alta Irrigation District
35790,364997N1195121W001,1030303,1929-02-20T00:00:00Z,299.67,299.67,0,20.2,279.47,20.2,20.2,NA,Unknown,Water level accuracy is unknown,1,Department of Water Resources,NA,785,Alta Irrigation District
35790,364997N1195121W001,1030302,1929-01-16T00:00:00Z,299.67,299.67,0,20.3,279.37,20.3,20.3,NA,Unknown,Water level accuracy is unknown,1,Department of Water Resources,NA,785,Alta Irrigation District
35790,364997N1195121W001,1030301,1928-12-15T00:00:00Z,299.67,299.67,0,20.3,279.37,20.3,20.3,NA,Unknown,Water level accuracy is unknown,1,Department of Water Resources,NA,785,Alta Irrigation District
35790,364997N1195121W001,1030300,1928-11-07T00:00:00Z,299.67,299.67,0,20.8,278.87,20.8,20.8,NA,Unknown,Water level accuracy is unknown,1,Department of Water Resources,NA,785,Alta Irrigation District
35790,364997N1195121W001,1030299,1928-09-19T00:00:00Z,299.67,299.67,0,20.7,278.97,20.7,20.7,NA,Unknown,Water level accuracy is unknown,1,Department of Water Resources,NA,785,Alta Irrigation District
35790,364997N1195121W001,1030298,1928-07-19T00:00:00Z,299.67,299.67,0,18.2,281.47,18.2,18.2,NA,Unknown,Water level accuracy is unknown,1,Department of Water Resources,NA,785,Alta Irrigation District
35790,364997N1195121W001,1030297,1928-06-14T00:00:00Z,299.67,299.67,0,6.8,292.87,6.8,6.8,NA,Unknown,Water level accuracy is unknown,1,Department of Water Resources,NA,785,Alta Irrigation District
35790,364997N1195121W001,1030296,1928-05-18T00:00:00Z,299.67,299.67,NA,NA,NA,NA,NA,Pumping,NA,NA,1,Department of Water Resources,NA,785,Alta Irrigation District
35790,364997N1195121W001,1030295,1928-04-19T00:00:00Z,299.67,299.67,0,18,281.67,18,18,NA,Unknown,Water level accuracy is unknown,1,Department of Water Resources,NA,785,Alta Irrigation District
35790,364997N1195121W001,1030294,1928-03-14T00:00:00Z,299.67,299.67,0,17.5,282.17,17.5,17.5,NA,Unknown,Water level accuracy is unknown,1,Department of Water Resources,NA,785,Alta Irrigation District
35790,364997N1195121W001,1030293,1928-02-14T00:00:00Z,299.67,299.67,0,17.3,282.37,17.3,17.3,NA,Unknown,Water level accuracy is unknown,1,Department of Water Resources,NA,785,Alta Irrigation District
35790,364997N1195121W001,1030292,1927-12-31T00:00:00Z,299.67,299.67,0,17,282.67,17,17,NA,Unknown,Water level accuracy is unknown,1,Department of Water Resources,NA,785,Alta Irrigation District
35790,364997N1195121W001,1030291,1927-11-08T00:00:00Z,299.67,299.67,0,17,282.67,17,17,NA,Unknown,Water level accuracy is unknown,1,Department of Water Resources,NA,785,Alta Irrigation District
35790,364997N1195121W001,1030290,1927-10-01T00:00:00Z,299.67,299.67,0,16.7,282.97,16.7,16.7,NA,Unknown,Water level accuracy is unknown,1,Department of Water Resources,NA,785,Alta Irrigation District
35790,364997N1195121W001,1030289,1927-08-23T00:00:00Z,299.67,299.67,0,11,288.67,11,11,NA,Unknown,Water level accuracy is unknown,1,Department of Water Resources,NA,785,Alta Irrigation District
35790,364997N1195121W001,1030288,1927-07-19T00:00:00Z,299.67,299.67,NA,NA,NA,NA,NA,Pumping,NA,NA,1,Department of Water Resources,NA,785,Alta Irrigation District
35790,364997N1195121W001,1030287,1927-06-20T00:00:00Z,299.67,299.67,0,15,284.67,15,15,NA,Unknown,Water level accuracy is unknown,1,Department of Water Resources,NA,785,Alta Irrigation District
35790,364997N1195121W001,1030286,1927-05-19T00:00:00Z,299.67,299.67,0,18,281.67,18,18,NA,Unknown,Water level accuracy is unknown,1,Department of Water Resources,NA,785,Alta Irrigation District
35790,364997N1195121W001,1030285,1927-04-16T00:00:00Z,299.67,299.67,0,18.3,281.37,18.3,18.3,NA,Unknown,Water level accuracy is unknown,1,Department of Water Resources,NA,785,Alta Irrigation District
35790,364997N1195121W001,1030284,1927-03-26T00:00:00Z,299.67,299.67,0,18.1,281.57,18.1,18.1,NA,Unknown,Water level accuracy is unknown,1,Department of Water Resources,NA,785,Alta Irrigation District
35790,364997N1195121W001,1030283,1927-02-21T00:00:00Z,299.67,299.67,0,20,279.67,20,20,NA,Unknown,Water level accuracy is unknown,1,Department of Water Resources,NA,785,Alta Irrigation District
35790,364997N1195121W001,1030282,1927-01-20T00:00:00Z,299.67,299.67,0,20.1,279.57,20.1,20.1,NA,Unknown,Water level accuracy is unknown,1,Department of Water Resources,NA,785,Alta Irrigation District
35790,364997N1195121W001,1030281,1926-12-10T00:00:00Z,299.67,299.67,0,21.5,278.17,21.5,21.5,NA,Unknown,Water level accuracy is unknown,1,Department of Water Resources,NA,785,Alta Irrigation District
35790,364997N1195121W001,1030280,1926-11-17T00:00:00Z,299.67,299.67,0,20.5,279.17,20.5,20.5,NA,Unknown,Water level accuracy is unknown,1,Department of Water Resources,NA,785,Alta Irrigation District
35790,364997N1195121W001,1030279,1926-10-08T00:00:00Z,299.67,299.67,0,22,277.67,22,22,NA,Unknown,Water level accuracy is unknown,1,Department of Water Resources,NA,785,Alta Irrigation District
35790,364997N1195121W001,1030278,1926-09-10T00:00:00Z,299.67,299.67,0,21.5,278.17,21.5,21.5,NA,Unknown,Water level accuracy is unknown,1,Department of Water Resources,NA,785,Alta Irrigation District
35790,364997N1195121W001,1030277,1926-08-06T00:00:00Z,299.67,299.67,0,21.2,278.47,21.2,21.2,NA,Unknown,Water level accuracy is unknown,1,Department of Water Resources,NA,785,Alta Irrigation District
35790,364997N1195121W001,1030276,1926-07-06T00:00:00Z,299.67,299.67,NA,NA,NA,NA,NA,Pumping,NA,NA,1,Department of Water Resources,NA,785,Alta Irrigation District
35790,364997N1195121W001,1030275,1926-06-11T00:00:00Z,299.67,299.67,0,16.2,283.47,16.2,16.2,NA,Unknown,Water level accuracy is unknown,1,Department of Water Resources,NA,785,Alta Irrigation District
35790,364997N1195121W001,1030274,1926-04-27T00:00:00Z,299.67,299.67,0,19.3,280.37,19.3,19.3,NA,Unknown,Water level accuracy is unknown,1,Department of Water Resources,NA,785,Alta Irrigation District
35790,364997N1195121W001,1030273,1926-03-01T00:00:00Z,299.67,299.67,0,19.7,279.97,19.7,19.7,NA,Unknown,Water level accuracy is unknown,1,Department of Water Resources,NA,785,Alta Irrigation District
35790,364997N1195121W001,1030272,1926-01-30T00:00:00Z,299.67,299.67,0,20,279.67,20,20,NA,Unknown,Water level accuracy is unknown,1,Department of Water Resources,NA,785,Alta Irrigation District
35790,364997N1195121W001,1030271,1926-01-05T00:00:00Z,299.67,299.67,0,19.9,279.77,19.9,19.9,NA,Unknown,Water level accuracy is unknown,1,Department of Water Resources,NA,785,Alta Irrigation District
35790,364997N1195121W001,1030270,1925-11-28T00:00:00Z,299.67,299.67,0,20,279.67,20,20,NA,Unknown,Water level accuracy is unknown,1,Department of Water Resources,NA,785,Alta Irrigation District
35790,364997N1195121W001,1030269,1925-10-27T00:00:00Z,299.67,299.67,0,20,279.67,20,20,NA,Unknown,Water level accuracy is unknown,1,Department of Water Resources,NA,785,Alta Irrigation District
35790,364997N1195121W001,1030268,1925-09-21T00:00:00Z,299.67,299.67,0,18.5,281.17,18.5,18.5,NA,Unknown,Water level accuracy is unknown,1,Department of Water Resources,NA,785,Alta Irrigation District
35790,364997N1195121W001,1030267,1925-08-18T00:00:00Z,299.67,299.67,0,18,281.67,18,18,NA,Unknown,Water level accuracy is unknown,1,Department of Water Resources,NA,785,Alta Irrigation District
35790,364997N1195121W001,1030266,1925-07-17T00:00:00Z,299.67,299.67,0,17.3,282.37,17.3,17.3,NA,Unknown,Water level accuracy is unknown,1,Department of Water Resources,NA,785,Alta Irrigation District
35790,364997N1195121W001,1030265,1925-06-06T00:00:00Z,299.67,299.67,0,18.4,281.27,18.4,18.4,NA,Unknown,Water level accuracy is unknown,1,Department of Water Resources,NA,785,Alta Irrigation District
35790,364997N1195121W001,1030264,1925-05-05T00:00:00Z,299.67,299.67,0,20.2,279.47,20.2,20.2,NA,Unknown,Water level accuracy is unknown,1,Department of Water Resources,NA,785,Alta Irrigation District
35790,364997N1195121W001,1030263,1925-02-23T00:00:00Z,299.67,299.67,0,20.4,279.27,20.4,20.4,NA,Unknown,Water level accuracy is unknown,1,Department of Water Resources,NA,785,Alta Irrigation District
35790,364997N1195121W001,1030262,1925-02-10T00:00:00Z,299.67,299.67,0,20.6,279.07,20.6,20.6,NA,Unknown,Water level accuracy is unknown,1,Department of Water Resources,NA,785,Alta Irrigation District
35790,364997N1195121W001,1030261,1925-01-04T00:00:00Z,299.67,299.67,0,20.5,279.17,20.5,20.5,NA,Unknown,Water level accuracy is unknown,1,Department of Water Resources,NA,785,Alta Irrigation District
