STN_ID,SITE_CODE,WLM_ID,MSMT_DATE,WLM_RPE,WLM_GSE,RDNG_WS,RDNG_RP,WSE,RPE_WSE,GSE_WSE,WLM_QA_DESC,WLM_DESC,WLM_ACC_DESC,WLM_ORG_ID,WLM_ORG_NAME,MSMT_CMT,COOP_AGENCY_ORG_ID,COOP_ORG_NAME
35948,368882N1196182W001,2461378,2019-03-26T08:00:00Z,442.57,442.57,58,76,424.57,18,18,NA,Unknown,Water level accuracy to nearest tenth of a foot,1,Department of Water Resources,NA,624,Bureau of Reclamation
35948,368882N1196182W001,2431730,2018-10-19T19:10:00Z,442.57,442.57,0,22,420.57,22,22,NA,Unknown,Water level accuracy to nearest tenth of a foot,1,Department of Water Resources,NA,624,Bureau of Reclamation
35948,368882N1196182W001,2290070,2018-03-12T08:20:00Z,442.57,442.57,5,20,427.57,15,15,NA,Unknown,Water level accuracy to nearest tenth of a foot,1,Department of Water Resources,0,624,Bureau of Reclamation
35948,368882N1196182W001,2281128,2017-10-19T07:00:00Z,442.57,442.57,NA,NA,NA,NA,NA,Temporarily inaccessible,NA,NA,1,Department of Water Resources,cows,624,Bureau of Reclamation
35948,368882N1196182W001,2256458,2017-03-16T11:20:00Z,442.57,442.57,78,100,420.57,22,22,NA,Unknown,Water level accuracy to nearest tenth of a foot,1,Department of Water Resources,NA,624,Bureau of Reclamation
35948,368882N1196182W001,2233695,2016-10-17T11:15:00Z,442.57,442.57,NA,NA,NA,NA,NA,Temporarily inaccessible,NA,NA,1,Department of Water Resources,NA,624,Bureau of Reclamation
35948,368882N1196182W001,2197751,2016-03-10T09:00:00Z,442.57,442.57,NA,NA,NA,NA,NA,Special/Other,NA,NA,1,Department of Water Resources,Dry,624,Bureau of Reclamation
35948,368882N1196182W001,2176102,2015-10-16T07:00:00Z,442.57,442.57,NA,NA,NA,NA,NA,Special/Other,NA,NA,1,Department of Water Resources,Dry,624,Bureau of Reclamation
35948,368882N1196182W001,2142852,2015-03-10T12:30:00Z,442.57,442.57,0,28,414.57,28,28,NA,Unknown,Water level accuracy to nearest tenth of a foot,1,Department of Water Resources,NA,624,Bureau of Reclamation
35948,368882N1196182W001,1989174,2014-02-10T15:00:00Z,442.57,442.57,12.2,30,424.77,17.8,17.8,NA,Unknown,Water level accuracy to nearest tenth of a foot,1,Department of Water Resources,NA,624,Bureau of Reclamation
35948,368882N1196182W001,1111464,2010-09-27T00:00:00Z,442.57,442.57,0,16,426.57,16,16,NA,Unknown,Water level accuracy is unknown,1,Department of Water Resources,NA,624,Bureau of Reclamation
35948,368882N1196182W001,1111463,2010-01-20T00:00:00Z,442.57,442.57,0,15.9,426.67,15.9,15.9,NA,Unknown,Water level accuracy is unknown,1,Department of Water Resources,NA,624,Bureau of Reclamation
35948,368882N1196182W001,1111462,2009-02-12T00:00:00Z,442.57,442.57,0,16,426.57,16,16,NA,Unknown,Water level accuracy is unknown,1,Department of Water Resources,NA,624,Bureau of Reclamation
35948,368882N1196182W001,1111459,2008-02-20T00:00:00Z,442.57,442.57,0,17.4,425.17,17.4,17.4,NA,Unknown,Water level accuracy is unknown,1,Department of Water Resources,NA,624,Bureau of Reclamation
35948,368882N1196182W001,1111460,2007-10-12T00:00:00Z,442.57,442.57,0,15.6,426.97,15.6,15.6,NA,Unknown,Water level accuracy is unknown,1,Department of Water Resources,NA,624,Bureau of Reclamation
35948,368882N1196182W001,1111458,2007-01-30T00:00:00Z,442.57,442.57,0,23.8,418.77,23.8,23.8,NA,Unknown,Water level accuracy is unknown,1,Department of Water Resources,NA,624,Bureau of Reclamation
35948,368882N1196182W001,1111461,2006-10-05T00:00:00Z,442.57,442.57,NA,NA,NA,NA,NA,Dry well,NA,NA,1,Department of Water Resources,DRY AT 45 FEET,624,Bureau of Reclamation
35948,368882N1196182W001,1111457,2005-01-28T00:00:00Z,442.57,442.57,0,26.5,416.07,26.5,26.5,NA,Unknown,Water level accuracy is unknown,1,Department of Water Resources,NA,624,Bureau of Reclamation
35948,368882N1196182W001,1111455,2004-02-05T00:00:00Z,442.57,442.57,NA,NA,NA,NA,NA,Temporarily inaccessible,NA,NA,1,Department of Water Resources,NA,624,Bureau of Reclamation
35948,368882N1196182W001,1111456,2003-09-19T00:00:00Z,442.57,442.57,0,40,402.57,40,40,NA,Unknown,Water level accuracy is unknown,1,Department of Water Resources,NA,624,Bureau of Reclamation
35948,368882N1196182W001,1111452,2003-01-23T00:00:00Z,442.57,442.57,NA,NA,NA,NA,NA,Temporarily inaccessible,NA,NA,1,Department of Water Resources,NA,624,Bureau of Reclamation
35948,368882N1196182W001,1111454,2002-09-17T00:00:00Z,442.57,442.57,0,17.4,425.17,17.4,17.4,NA,Unknown,Water level accuracy is unknown,1,Department of Water Resources,NA,624,Bureau of Reclamation
35948,368882N1196182W001,1111453,2002-01-23T00:00:00Z,442.57,442.57,0,28.2,414.37,28.2,28.2,NA,Unknown,Water level accuracy is unknown,1,Department of Water Resources,NA,624,Bureau of Reclamation
35948,368882N1196182W001,1111451,2001-01-31T00:00:00Z,442.57,442.57,NA,NA,NA,NA,NA,Special/Other,NA,NA,1,Department of Water Resources,NA,624,Bureau of Reclamation
35948,368882N1196182W001,1111450,2000-01-27T00:00:00Z,442.57,442.57,NA,NA,NA,NA,NA,Special/Other,NA,NA,1,Department of Water Resources,NA,624,Bureau of Reclamation
35948,368882N1196182W001,1111449,1999-10-26T00:00:00Z,442.57,442.57,NA,NA,NA,NA,NA,Special/Other,NA,NA,1,Department of Water Resources,NA,624,Bureau of Reclamation
35948,368882N1196182W001,1111448,1999-01-25T00:00:00Z,442.57,442.57,0,14.8,427.77,14.8,14.8,NA,Unknown,Water level accuracy is unknown,1,Department of Water Resources,NA,624,Bureau of Reclamation
35948,368882N1196182W001,1111447,1998-10-15T00:00:00Z,442.57,442.57,0,12.7,429.87,12.7,12.7,NA,Unknown,Water level accuracy is unknown,1,Department of Water Resources,NA,624,Bureau of Reclamation
35948,368882N1196182W001,1111446,1998-01-26T00:00:00Z,442.57,442.57,0,15,427.57,15,15,NA,Unknown,Water level accuracy is unknown,1,Department of Water Resources,NA,624,Bureau of Reclamation
35948,368882N1196182W001,1111445,1997-10-08T00:00:00Z,442.57,442.57,0,13.3,429.27,13.3,13.3,NA,Unknown,Water level accuracy is unknown,1,Department of Water Resources,NA,624,Bureau of Reclamation
35948,368882N1196182W001,1111444,1997-02-14T00:00:00Z,442.57,442.57,0,12.5,430.07,12.5,12.5,NA,Unknown,Water level accuracy is unknown,1,Department of Water Resources,NA,624,Bureau of Reclamation
35948,368882N1196182W001,1111443,1996-10-03T00:00:00Z,442.57,442.57,0,14.3,428.27,14.3,14.3,NA,Unknown,Water level accuracy is unknown,1,Department of Water Resources,NA,624,Bureau of Reclamation
35948,368882N1196182W001,1111442,1996-01-18T00:00:00Z,442.57,442.57,0,17.1,425.47,17.1,17.1,NA,Unknown,Water level accuracy is unknown,1,Department of Water Resources,NA,624,Bureau of Reclamation
35948,368882N1196182W001,1111441,1995-10-05T00:00:00Z,442.57,442.57,0,14.2,428.37,14.2,14.2,NA,Unknown,Water level accuracy is unknown,1,Department of Water Resources,NA,624,Bureau of Reclamation
35948,368882N1196182W001,1111440,1995-01-30T00:00:00Z,442.57,442.57,0,17,425.57,17,17,NA,Unknown,Water level accuracy is unknown,1,Department of Water Resources,NA,624,Bureau of Reclamation
35948,368882N1196182W001,1111439,1994-10-06T00:00:00Z,442.57,442.57,0,17,425.57,17,17,NA,Unknown,Water level accuracy is unknown,1,Department of Water Resources,NA,624,Bureau of Reclamation
35948,368882N1196182W001,1111438,1994-01-27T00:00:00Z,442.57,442.57,0,17,425.57,17,17,NA,Unknown,Water level accuracy is unknown,1,Department of Water Resources,NA,624,Bureau of Reclamation
35948,368882N1196182W001,1111437,1993-10-07T00:00:00Z,442.57,442.57,0,15.5,427.07,15.5,15.5,NA,Unknown,Water level accuracy is unknown,1,Department of Water Resources,NA,624,Bureau of Reclamation
35948,368882N1196182W001,1111436,1993-01-28T00:00:00Z,442.57,442.57,NA,NA,NA,NA,NA,Temporarily inaccessible,NA,NA,1,Department of Water Resources,NA,624,Bureau of Reclamation
35948,368882N1196182W001,1111435,1992-10-07T00:00:00Z,442.57,442.57,0,18.2,424.37,18.2,18.2,NA,Unknown,Water level accuracy is unknown,1,Department of Water Resources,NA,624,Bureau of Reclamation
35948,368882N1196182W001,1111434,1992-02-03T00:00:00Z,442.57,442.57,NA,NA,NA,NA,NA,Dry well,NA,NA,1,Department of Water Resources,NA,624,Bureau of Reclamation
35948,368882N1196182W001,1111433,1991-10-08T00:00:00Z,442.57,442.57,0,19.2,423.37,19.2,19.2,NA,Unknown,Water level accuracy is unknown,1,Department of Water Resources,NA,624,Bureau of Reclamation
35948,368882N1196182W001,1111432,1991-01-29T00:00:00Z,442.57,442.57,NA,NA,NA,NA,NA,Dry well,NA,NA,1,Department of Water Resources,NA,624,Bureau of Reclamation
35948,368882N1196182W001,1111431,1990-10-04T00:00:00Z,442.57,442.57,0,22,420.57,22,22,NA,Unknown,Water level accuracy is unknown,1,Department of Water Resources,NA,624,Bureau of Reclamation
35948,368882N1196182W001,1111430,1990-01-25T00:00:00Z,442.57,442.57,0,17.5,425.07,17.5,17.5,NA,Unknown,Water level accuracy is unknown,1,Department of Water Resources,NA,624,Bureau of Reclamation
35948,368882N1196182W001,1111429,1989-10-04T00:00:00Z,442.57,442.57,0,16.8,425.77,16.8,16.8,NA,Unknown,Water level accuracy is unknown,1,Department of Water Resources,NA,624,Bureau of Reclamation
35948,368882N1196182W001,1111428,1989-01-26T00:00:00Z,442.57,442.57,0,17.8,424.77,17.8,17.8,NA,Unknown,Water level accuracy is unknown,1,Department of Water Resources,NA,624,Bureau of Reclamation
35948,368882N1196182W001,1111427,1988-10-06T00:00:00Z,442.57,442.57,0,16.2,426.37,16.2,16.2,NA,Unknown,Water level accuracy is unknown,1,Department of Water Resources,NA,624,Bureau of Reclamation
35948,368882N1196182W001,1111426,1988-02-03T00:00:00Z,442.57,442.57,0,20.1,422.47,20.1,20.1,NA,Unknown,Water level accuracy is unknown,1,Department of Water Resources,NA,624,Bureau of Reclamation
35948,368882N1196182W001,1111425,1987-10-07T00:00:00Z,442.57,442.57,0,16.2,426.37,16.2,16.2,NA,Unknown,Water level accuracy is unknown,1,Department of Water Resources,NA,624,Bureau of Reclamation
35948,368882N1196182W001,1111424,1987-01-27T00:00:00Z,442.57,442.57,0,18.8,423.77,18.8,18.8,NA,Unknown,Water level accuracy is unknown,1,Department of Water Resources,NA,624,Bureau of Reclamation
35948,368882N1196182W001,1111423,1986-10-08T00:00:00Z,442.57,442.57,0,14.5,428.07,14.5,14.5,NA,Unknown,Water level accuracy is unknown,1,Department of Water Resources,NA,624,Bureau of Reclamation
35948,368882N1196182W001,1111422,1986-02-06T00:00:00Z,442.57,442.57,0,16,426.57,16,16,NA,Unknown,Water level accuracy is unknown,1,Department of Water Resources,NA,624,Bureau of Reclamation
35948,368882N1196182W001,1111421,1985-09-30T00:00:00Z,442.57,442.57,0,16.8,425.77,16.8,16.8,NA,Unknown,Water level accuracy is unknown,1,Department of Water Resources,NA,624,Bureau of Reclamation
35948,368882N1196182W001,1111420,1985-02-11T00:00:00Z,442.57,442.57,0,12.4,430.17,12.4,12.4,NA,Unknown,Water level accuracy is unknown,1,Department of Water Resources,NA,624,Bureau of Reclamation
35948,368882N1196182W001,1111419,1984-10-05T00:00:00Z,442.57,442.57,0,7.1,435.47,7.1,7.1,NA,Unknown,Water level accuracy is unknown,1,Department of Water Resources,NA,624,Bureau of Reclamation
35948,368882N1196182W001,1111418,1984-01-24T00:00:00Z,442.57,442.57,0,9,433.57,9,9,NA,Unknown,Water level accuracy is unknown,1,Department of Water Resources,NA,624,Bureau of Reclamation
35948,368882N1196182W001,1111417,1983-10-05T00:00:00Z,442.57,442.57,0,10.2,432.37,10.2,10.2,NA,Unknown,Water level accuracy is unknown,1,Department of Water Resources,NA,624,Bureau of Reclamation
35948,368882N1196182W001,1111416,1983-02-09T00:00:00Z,442.57,442.57,NA,NA,NA,NA,NA,Temporarily inaccessible,NA,NA,1,Department of Water Resources,NA,624,Bureau of Reclamation
35948,368882N1196182W001,1111415,1982-10-04T00:00:00Z,442.57,442.57,0,13.4,429.17,13.4,13.4,NA,Unknown,Water level accuracy is unknown,1,Department of Water Resources,NA,624,Bureau of Reclamation
35948,368882N1196182W001,1111414,1982-01-21T00:00:00Z,442.57,442.57,0,17,425.57,17,17,NA,Unknown,Water level accuracy is unknown,1,Department of Water Resources,NA,624,Bureau of Reclamation
35948,368882N1196182W001,1111413,1981-10-04T00:00:00Z,442.57,442.57,0,17.4,425.17,17.4,17.4,NA,Unknown,Water level accuracy is unknown,1,Department of Water Resources,NA,624,Bureau of Reclamation
35948,368882N1196182W001,1111412,1981-01-27T00:00:00Z,442.57,442.57,0,16.4,426.17,16.4,16.4,NA,Unknown,Water level accuracy is unknown,1,Department of Water Resources,NA,624,Bureau of Reclamation
35948,368882N1196182W001,1111411,1980-09-29T00:00:00Z,442.57,442.57,0,13.8,428.77,13.8,13.8,NA,Unknown,Water level accuracy is unknown,1,Department of Water Resources,NA,624,Bureau of Reclamation
35948,368882N1196182W001,1111410,1980-01-21T00:00:00Z,442.57,442.57,NA,NA,NA,NA,NA,Temporarily inaccessible,NA,NA,1,Department of Water Resources,NA,624,Bureau of Reclamation
35948,368882N1196182W001,1111409,1979-09-22T00:00:00Z,442.57,442.57,0,15.6,426.97,15.6,15.6,NA,Unknown,Water level accuracy is unknown,1,Department of Water Resources,NA,624,Bureau of Reclamation
35948,368882N1196182W001,1111408,1979-01-17T00:00:00Z,442.57,442.57,NA,NA,NA,NA,NA,Temporarily inaccessible,NA,NA,1,Department of Water Resources,NA,624,Bureau of Reclamation
35948,368882N1196182W001,1111407,1978-02-03T00:00:00Z,442.57,442.57,NA,NA,NA,NA,NA,Temporarily inaccessible,NA,NA,1,Department of Water Resources,NA,624,Bureau of Reclamation
35948,368882N1196182W001,1111406,1977-10-06T00:00:00Z,442.57,442.57,0,18.4,424.17,18.4,18.4,NA,Unknown,Water level accuracy is unknown,1,Department of Water Resources,NA,624,Bureau of Reclamation
35948,368882N1196182W001,1111405,1977-01-25T00:00:00Z,442.57,442.57,0,18.3,424.27,18.3,18.3,NA,Unknown,Water level accuracy is unknown,1,Department of Water Resources,NA,624,Bureau of Reclamation
35948,368882N1196182W001,1111404,1976-10-10T00:00:00Z,442.57,442.57,0,16.2,426.37,16.2,16.2,NA,Unknown,Water level accuracy is unknown,1,Department of Water Resources,NA,624,Bureau of Reclamation
35948,368882N1196182W001,1111403,1976-01-22T00:00:00Z,442.57,442.57,0,16,426.57,16,16,NA,Unknown,Water level accuracy is unknown,1,Department of Water Resources,NA,624,Bureau of Reclamation
35948,368882N1196182W001,1111402,1975-10-06T00:00:00Z,442.57,442.57,0,14.9,427.67,14.9,14.9,NA,Unknown,Water level accuracy is unknown,1,Department of Water Resources,NA,624,Bureau of Reclamation
35948,368882N1196182W001,1111401,1975-01-23T00:00:00Z,442.57,442.57,0,15.5,427.07,15.5,15.5,NA,Unknown,Water level accuracy is unknown,1,Department of Water Resources,NA,624,Bureau of Reclamation
35948,368882N1196182W001,1111400,1974-09-24T00:00:00Z,442.57,442.57,0,14.2,428.37,14.2,14.2,NA,Unknown,Water level accuracy is unknown,1,Department of Water Resources,NA,624,Bureau of Reclamation
35948,368882N1196182W001,1111399,1974-02-11T00:00:00Z,442.57,442.57,0,17.6,424.97,17.6,17.6,NA,Unknown,Water level accuracy is unknown,1,Department of Water Resources,NA,624,Bureau of Reclamation
35948,368882N1196182W001,1111398,1973-10-11T00:00:00Z,442.57,442.57,0,15,427.57,15,15,NA,Unknown,Water level accuracy is unknown,1,Department of Water Resources,NA,624,Bureau of Reclamation
35948,368882N1196182W001,1111397,1973-02-21T00:00:00Z,442.57,442.57,0,20.7,421.87,20.7,20.7,NA,Unknown,Water level accuracy is unknown,1,Department of Water Resources,NA,624,Bureau of Reclamation
35948,368882N1196182W001,1111396,1972-10-06T00:00:00Z,442.57,442.57,0,18.2,424.37,18.2,18.2,NA,Unknown,Water level accuracy is unknown,1,Department of Water Resources,NA,624,Bureau of Reclamation
35948,368882N1196182W001,1111395,1972-02-07T00:00:00Z,442.57,442.57,NA,NA,NA,NA,NA,Temporarily inaccessible,NA,NA,1,Department of Water Resources,NA,624,Bureau of Reclamation
35948,368882N1196182W001,1111394,1971-10-01T00:00:00Z,442.57,442.57,0,17.4,425.17,17.4,17.4,NA,Unknown,Water level accuracy is unknown,1,Department of Water Resources,NA,624,Bureau of Reclamation
35948,368882N1196182W001,1111393,1970-10-02T00:00:00Z,442.57,442.57,0,17.2,425.37,17.2,17.2,NA,Unknown,Water level accuracy is unknown,1,Department of Water Resources,NA,624,Bureau of Reclamation
35948,368882N1196182W001,1111392,1969-10-03T00:00:00Z,442.57,442.57,0,23.2,419.37,23.2,23.2,NA,Unknown,Water level accuracy is unknown,1,Department of Water Resources,NA,624,Bureau of Reclamation
35948,368882N1196182W001,1111391,1969-02-10T00:00:00Z,442.57,442.57,NA,NA,NA,NA,NA,Temporarily inaccessible,NA,NA,1,Department of Water Resources,NA,624,Bureau of Reclamation
35948,368882N1196182W001,1111390,1968-02-08T00:00:00Z,442.57,442.57,0,15.9,426.67,15.9,15.9,NA,Unknown,Water level accuracy is unknown,1,Department of Water Resources,NA,624,Bureau of Reclamation
35948,368882N1196182W001,1111389,1967-02-10T00:00:00Z,442.57,442.57,0,19.2,423.37,19.2,19.2,NA,Unknown,Water level accuracy is unknown,1,Department of Water Resources,NA,624,Bureau of Reclamation
35948,368882N1196182W001,1111388,1966-02-03T00:00:00Z,442.57,442.57,0,16.7,425.87,16.7,16.7,NA,Unknown,Water level accuracy is unknown,1,Department of Water Resources,NA,624,Bureau of Reclamation
35948,368882N1196182W001,1111387,1965-02-11T00:00:00Z,442.57,442.57,0,19,423.57,19,19,NA,Unknown,Water level accuracy is unknown,1,Department of Water Resources,NA,624,Bureau of Reclamation
35948,368882N1196182W001,1111386,1964-10-09T00:00:00Z,442.57,442.57,0,20.7,421.87,20.7,20.7,NA,Unknown,Water level accuracy is unknown,1,Department of Water Resources,NA,624,Bureau of Reclamation
35948,368882N1196182W001,1111385,1964-02-13T00:00:00Z,442.57,442.57,0,16.9,425.67,16.9,16.9,NA,Unknown,Water level accuracy is unknown,1,Department of Water Resources,NA,624,Bureau of Reclamation
35948,368882N1196182W001,1111384,1963-02-12T00:00:00Z,442.57,442.57,NA,NA,NA,NA,NA,Temporarily inaccessible,NA,NA,1,Department of Water Resources,NA,624,Bureau of Reclamation
35948,368882N1196182W001,1111383,1962-10-15T00:00:00Z,442.57,442.57,0,19.2,423.37,19.2,19.2,NA,Unknown,Water level accuracy is unknown,1,Department of Water Resources,NA,624,Bureau of Reclamation
35948,368882N1196182W001,1111382,1962-03-12T00:00:00Z,442.57,442.57,0,18.3,424.27,18.3,18.3,NA,Unknown,Water level accuracy is unknown,1,Department of Water Resources,NA,624,Bureau of Reclamation
35948,368882N1196182W001,1111381,1961-10-17T00:00:00Z,442.57,442.57,0,17.3,425.27,17.3,17.3,NA,Unknown,Water level accuracy is unknown,1,Department of Water Resources,NA,624,Bureau of Reclamation
35948,368882N1196182W001,1111380,1961-02-15T00:00:00Z,442.57,442.57,0,16.2,426.37,16.2,16.2,NA,Unknown,Water level accuracy is unknown,1,Department of Water Resources,NA,624,Bureau of Reclamation
35948,368882N1196182W001,1111379,1960-10-14T00:00:00Z,442.57,442.57,0,12.7,429.87,12.7,12.7,NA,Unknown,Water level accuracy is unknown,1,Department of Water Resources,NA,624,Bureau of Reclamation
35948,368882N1196182W001,1111378,1960-03-02T00:00:00Z,442.57,442.57,0,15.1,427.47,15.1,15.1,NA,Unknown,Water level accuracy is unknown,1,Department of Water Resources,NA,624,Bureau of Reclamation
35948,368882N1196182W001,1111377,1959-10-06T00:00:00Z,442.57,442.57,0,14.7,427.87,14.7,14.7,NA,Unknown,Water level accuracy is unknown,1,Department of Water Resources,NA,624,Bureau of Reclamation
35948,368882N1196182W001,1111376,1959-03-02T00:00:00Z,442.57,442.57,0,14,428.57,14,14,NA,Unknown,Water level accuracy is unknown,1,Department of Water Resources,NA,1,Department of Water Resources
35948,368882N1196182W001,1111375,1958-10-10T00:00:00Z,442.57,442.57,0,14.4,428.17,14.4,14.4,NA,Unknown,Water level accuracy is unknown,1,Department of Water Resources,NA,1,Department of Water Resources
35948,368882N1196182W001,1111374,1958-02-24T00:00:00Z,442.57,442.57,0,20.5,422.07,20.5,20.5,NA,Unknown,Water level accuracy is unknown,1,Department of Water Resources,NA,1,Department of Water Resources
35948,368882N1196182W001,1111373,1957-10-08T00:00:00Z,442.57,442.57,0,20,422.57,20,20,NA,Unknown,Water level accuracy is unknown,1,Department of Water Resources,NA,624,Bureau of Reclamation
35948,368882N1196182W001,1111372,1957-02-19T00:00:00Z,442.57,442.57,0,20.4,422.17,20.4,20.4,NA,Unknown,Water level accuracy is unknown,1,Department of Water Resources,NA,624,Bureau of Reclamation
35948,368882N1196182W001,1111371,1956-10-16T00:00:00Z,442.57,442.57,0,19.2,423.37,19.2,19.2,NA,Unknown,Water level accuracy is unknown,1,Department of Water Resources,NA,624,Bureau of Reclamation
35948,368882N1196182W001,1111370,1956-02-21T00:00:00Z,442.57,442.57,0,16.8,425.77,16.8,16.8,NA,Unknown,Water level accuracy is unknown,1,Department of Water Resources,NA,624,Bureau of Reclamation
35948,368882N1196182W001,1111369,1955-09-29T00:00:00Z,442.57,442.57,0,22.6,419.97,22.6,22.6,NA,Unknown,Water level accuracy is unknown,1,Department of Water Resources,NA,624,Bureau of Reclamation
35948,368882N1196182W001,1111368,1953-05-08T00:00:00Z,442.57,442.57,0,19.1,423.47,19.1,19.1,NA,Unknown,Water level accuracy is unknown,1,Department of Water Resources,NA,624,Bureau of Reclamation
35948,368882N1196182W001,1111367,1952-11-03T00:00:00Z,442.57,442.57,0,18.8,423.77,18.8,18.8,NA,Unknown,Water level accuracy is unknown,1,Department of Water Resources,NA,624,Bureau of Reclamation
35948,368882N1196182W001,1111366,1951-10-15T00:00:00Z,442.57,442.57,0,21,421.57,21,21,NA,Unknown,Water level accuracy is unknown,1,Department of Water Resources,NA,624,Bureau of Reclamation
35948,368882N1196182W001,1111365,1951-03-07T00:00:00Z,442.57,442.57,0,21.1,421.47,21.1,21.1,NA,Unknown,Water level accuracy is unknown,1,Department of Water Resources,NA,624,Bureau of Reclamation
35948,368882N1196182W001,1111364,1950-09-29T00:00:00Z,442.57,442.57,0,21.5,421.07,21.5,21.5,NA,Unknown,Water level accuracy is unknown,1,Department of Water Resources,NA,624,Bureau of Reclamation
35948,368882N1196182W001,1111363,1950-02-17T00:00:00Z,442.57,442.57,0,22.3,420.27,22.3,22.3,NA,Unknown,Water level accuracy is unknown,1,Department of Water Resources,NA,624,Bureau of Reclamation
35948,368882N1196182W001,1111362,1949-11-28T00:00:00Z,442.57,442.57,0,22.7,419.87,22.7,22.7,NA,Unknown,Water level accuracy is unknown,1,Department of Water Resources,NA,624,Bureau of Reclamation
