STN_ID,SITE_CODE,WLM_ID,MSMT_DATE,WLM_RPE,WLM_GSE,RDNG_WS,RDNG_RP,WSE,RPE_WSE,GSE_WSE,WLM_QA_DESC,WLM_DESC,WLM_ACC_DESC,WLM_ORG_ID,WLM_ORG_NAME,MSMT_CMT,COOP_AGENCY_ORG_ID,COOP_ORG_NAME
36058,362131N1194027W001,949526,1979-09-26T00:00:00Z,271.22,269.72,NA,NA,NA,NA,NA,Well has been destroyed,NA,NA,1,Department of Water Resources,NA,5030,Tulare Irrigation District
36058,362131N1194027W001,949525,1979-01-23T00:00:00Z,271.22,269.72,0,87,184.22,87,85.5,NA,Unknown,Water level accuracy is unknown,1,Department of Water Resources,NA,5030,Tulare Irrigation District
36058,362131N1194027W001,949524,1978-10-03T00:00:00Z,271.22,269.72,0,91,180.22,91,89.5,NA,Unknown,Water level accuracy is unknown,1,Department of Water Resources,NA,5030,Tulare Irrigation District
36058,362131N1194027W001,949523,1978-02-01T00:00:00Z,271.22,269.72,0,102,169.22,102,100.5,NA,Unknown,Water level accuracy is unknown,1,Department of Water Resources,NA,5030,Tulare Irrigation District
36058,362131N1194027W001,949522,1977-10-04T00:00:00Z,271.22,269.72,0,108,163.22,108,106.5,NA,Unknown,Water level accuracy is unknown,1,Department of Water Resources,NA,5030,Tulare Irrigation District
36058,362131N1194027W001,949521,1977-01-24T00:00:00Z,271.22,269.72,0,91.5,179.72,91.5,90,NA,Unknown,Water level accuracy is unknown,1,Department of Water Resources,NA,5030,Tulare Irrigation District
36058,362131N1194027W001,949520,1976-10-06T00:00:00Z,271.22,269.72,0,99,172.22,99,97.5,NA,Unknown,Water level accuracy is unknown,1,Department of Water Resources,NA,5030,Tulare Irrigation District
36058,362131N1194027W001,949519,1976-01-27T00:00:00Z,271.22,269.72,0,87,184.22,87,85.5,NA,Unknown,Water level accuracy is unknown,1,Department of Water Resources,NA,5030,Tulare Irrigation District
36058,362131N1194027W001,949518,1975-09-30T00:00:00Z,271.22,269.72,0,89.5,181.72,89.5,88,NA,Unknown,Water level accuracy is unknown,1,Department of Water Resources,NA,5030,Tulare Irrigation District
36058,362131N1194027W001,949517,1975-02-12T00:00:00Z,271.22,269.72,0,78.5,192.72,78.5,77,NA,Unknown,Water level accuracy is unknown,1,Department of Water Resources,NA,5030,Tulare Irrigation District
36058,362131N1194027W001,949516,1974-10-03T00:00:00Z,271.22,269.72,0,90,181.22,90,88.5,NA,Unknown,Water level accuracy is unknown,1,Department of Water Resources,NA,5155,Kaweah Delta Water Conservation District
36058,362131N1194027W001,949515,1974-01-24T00:00:00Z,271.22,269.72,0,84,187.22,84,82.5,NA,Unknown,Water level accuracy is unknown,1,Department of Water Resources,NA,5030,Tulare Irrigation District
36058,362131N1194027W001,949514,1973-10-03T00:00:00Z,271.22,269.72,0,98.3,172.92,98.3,96.8,NA,Unknown,Water level accuracy is unknown,1,Department of Water Resources,NA,5030,Tulare Irrigation District
36058,362131N1194027W001,949513,1973-02-05T00:00:00Z,271.22,269.72,0,100.8,170.42,100.8,99.3,NA,Unknown,Water level accuracy is unknown,1,Department of Water Resources,NA,5030,Tulare Irrigation District
36058,362131N1194027W001,949512,1972-10-09T00:00:00Z,271.22,269.72,0,102.2,169.02,102.2,100.7,NA,Unknown,Water level accuracy is unknown,1,Department of Water Resources,NA,5030,Tulare Irrigation District
36058,362131N1194027W001,949511,1972-02-17T00:00:00Z,271.22,269.72,0,90.9,180.32,90.9,89.4,NA,Unknown,Water level accuracy is unknown,1,Department of Water Resources,NA,5030,Tulare Irrigation District
36058,362131N1194027W001,949510,1971-10-12T00:00:00Z,271.22,269.72,0,84.8,186.42,84.8,83.3,NA,Unknown,Water level accuracy is unknown,1,Department of Water Resources,NA,5030,Tulare Irrigation District
36058,362131N1194027W001,949509,1971-02-17T00:00:00Z,271.22,269.72,0,74.5,196.72,74.5,73,NA,Unknown,Water level accuracy is unknown,1,Department of Water Resources,NA,5030,Tulare Irrigation District
36058,362131N1194027W001,949508,1970-10-03T00:00:00Z,271.22,269.72,0,81.6,189.62,81.6,80.1,NA,Unknown,Water level accuracy is unknown,1,Department of Water Resources,NA,5030,Tulare Irrigation District
36058,362131N1194027W001,949507,1970-02-05T00:00:00Z,271.22,269.72,0,75.8,195.42,75.8,74.3,NA,Unknown,Water level accuracy is unknown,1,Department of Water Resources,NA,5030,Tulare Irrigation District
36058,362131N1194027W001,949506,1969-10-01T00:00:00Z,271.22,269.72,0,78.5,192.72,78.5,77,NA,Unknown,Water level accuracy is unknown,1,Department of Water Resources,NA,624,Bureau of Reclamation
36058,362131N1194027W001,949505,1969-02-06T00:00:00Z,271.22,269.72,0,87.7,183.52,87.7,86.2,NA,Unknown,Water level accuracy is unknown,1,Department of Water Resources,NA,5030,Tulare Irrigation District
36058,362131N1194027W001,949504,1968-02-01T00:00:00Z,271.22,269.72,0,81,190.22,81,79.5,NA,Unknown,Water level accuracy is unknown,1,Department of Water Resources,NA,5030,Tulare Irrigation District
36058,362131N1194027W001,949503,1967-02-10T00:00:00Z,271.22,269.72,0,92,179.22,92,90.5,NA,Unknown,Water level accuracy is unknown,1,Department of Water Resources,NA,5030,Tulare Irrigation District
36058,362131N1194027W001,949502,1966-02-04T00:00:00Z,271.22,269.72,0,84,187.22,84,82.5,NA,Unknown,Water level accuracy is unknown,1,Department of Water Resources,NA,5030,Tulare Irrigation District
36058,362131N1194027W001,949501,1965-02-01T00:00:00Z,271.22,269.72,0,93,178.22,93,91.5,NA,Unknown,Water level accuracy is unknown,1,Department of Water Resources,NA,5030,Tulare Irrigation District
36058,362131N1194027W001,949500,1964-10-01T00:00:00Z,271.22,269.72,NA,NA,NA,NA,NA,Pumping,NA,NA,1,Department of Water Resources,NA,5030,Tulare Irrigation District
36058,362131N1194027W001,949499,1964-02-10T00:00:00Z,271.22,269.72,0,87.4,183.82,87.4,85.9,NA,Unknown,Water level accuracy is unknown,1,Department of Water Resources,NA,5030,Tulare Irrigation District
36058,362131N1194027W001,949498,1962-02-09T00:00:00Z,271.22,269.72,0,100,171.22,100,98.5,NA,Unknown,Water level accuracy is unknown,1,Department of Water Resources,NA,5030,Tulare Irrigation District
36058,362131N1194027W001,949497,1961-10-05T00:00:00Z,271.22,269.72,0,102.1,169.12,102.1,100.6,NA,Unknown,Water level accuracy is unknown,1,Department of Water Resources,NA,5030,Tulare Irrigation District
36058,362131N1194027W001,949496,1961-02-16T00:00:00Z,271.22,269.72,0,87.2,184.02,87.2,85.7,NA,Unknown,Water level accuracy is unknown,1,Department of Water Resources,NA,5030,Tulare Irrigation District
36058,362131N1194027W001,949495,1960-09-28T00:00:00Z,271.22,269.72,0,93.4,177.82,93.4,91.9,NA,Unknown,Water level accuracy is unknown,1,Department of Water Resources,NA,5030,Tulare Irrigation District
36058,362131N1194027W001,949494,1960-02-10T00:00:00Z,271.22,269.72,NA,NA,NA,NA,NA,Pumping,NA,NA,1,Department of Water Resources,NA,5030,Tulare Irrigation District
36058,362131N1194027W001,949493,1959-09-30T00:00:00Z,271.22,269.72,0,79.2,192.02,79.2,77.7,NA,Unknown,Water level accuracy is unknown,1,Department of Water Resources,NA,5030,Tulare Irrigation District
36058,362131N1194027W001,949492,1959-02-06T00:00:00Z,271.22,269.72,0,58,213.22,58,56.5,NA,Unknown,Water level accuracy is unknown,1,Department of Water Resources,NA,5030,Tulare Irrigation District
36058,362131N1194027W001,949491,1958-10-10T00:00:00Z,271.22,269.72,0,62,209.22,62,60.5,NA,Unknown,Water level accuracy is unknown,1,Department of Water Resources,NA,5030,Tulare Irrigation District
36058,362131N1194027W001,949490,1958-02-01T00:00:00Z,271.22,269.72,NA,NA,NA,NA,NA,Unable to locate well,NA,NA,1,Department of Water Resources,NA,5030,Tulare Irrigation District
36058,362131N1194027W001,949489,1957-10-17T00:00:00Z,271.22,269.72,0,71.6,199.62,71.6,70.1,NA,Unknown,Water level accuracy is unknown,1,Department of Water Resources,NA,5030,Tulare Irrigation District
36058,362131N1194027W001,949488,1957-02-19T00:00:00Z,271.22,269.72,0,67.5,203.72,67.5,66,NA,Unknown,Water level accuracy is unknown,1,Department of Water Resources,NA,5030,Tulare Irrigation District
36058,362131N1194027W001,949487,1956-10-30T00:00:00Z,271.22,269.72,0,68.4,202.82,68.4,66.9,NA,Unknown,Water level accuracy is unknown,1,Department of Water Resources,NA,5030,Tulare Irrigation District
36058,362131N1194027W001,949486,1956-02-15T00:00:00Z,271.22,269.72,0,73.4,197.82,73.4,71.9,NA,Unknown,Water level accuracy is unknown,1,Department of Water Resources,NA,5030,Tulare Irrigation District
36058,362131N1194027W001,949485,1955-09-06T00:00:00Z,271.22,269.72,0,78.1,193.12,78.1,76.6,NA,Unknown,Water level accuracy is unknown,1,Department of Water Resources,NA,5030,Tulare Irrigation District
36058,362131N1194027W001,949484,1955-02-15T00:00:00Z,271.22,269.72,0,73.8,197.42,73.8,72.3,NA,Unknown,Water level accuracy is unknown,1,Department of Water Resources,NA,5030,Tulare Irrigation District
36058,362131N1194027W001,949483,1954-11-01T00:00:00Z,271.22,269.72,NA,NA,NA,NA,NA,Special/Other,NA,NA,1,Department of Water Resources,NA,5030,Tulare Irrigation District
36058,362131N1194027W001,949482,1954-10-04T00:00:00Z,271.22,269.72,0,79,192.22,79,77.5,NA,Unknown,Water level accuracy is unknown,1,Department of Water Resources,NA,5030,Tulare Irrigation District
36058,362131N1194027W001,949481,1954-02-24T00:00:00Z,271.22,269.72,0,75,196.22,75,73.5,NA,Unknown,Water level accuracy is unknown,1,Department of Water Resources,NA,5030,Tulare Irrigation District
