STN_ID,SITE_CODE,WLM_ID,MSMT_DATE,WLM_RPE,WLM_GSE,RDNG_WS,RDNG_RP,WSE,RPE_WSE,GSE_WSE,WLM_QA_DESC,WLM_DESC,WLM_ACC_DESC,WLM_ORG_ID,WLM_ORG_NAME,MSMT_CMT,COOP_AGENCY_ORG_ID,COOP_ORG_NAME
3605,343428N1190681W003,2626326,2020-04-27T00:00:00Z,247.476,246.376,0,41.22,206.256,41.22,40.12,NA,Electric sounder measurement,Water level accuracy is unknown,5029,"County of Ventura, Watershed Protection District",NA,5070,United Water Conservation District
3605,343428N1190681W003,2626296,2020-04-10T00:00:00Z,247.476,246.376,0,39.86,207.616,39.86,38.76,NA,Electric sounder measurement,Water level accuracy is unknown,5029,"County of Ventura, Watershed Protection District",NA,5070,United Water Conservation District
3605,343428N1190681W003,2626268,2020-03-18T00:00:00Z,247.476,246.376,0,43.05,204.426,43.05,41.95,NA,Electric sounder measurement,Water level accuracy is unknown,5029,"County of Ventura, Watershed Protection District",NA,5070,United Water Conservation District
3605,343428N1190681W003,2626045,2020-03-10T00:00:00Z,247.476,246.376,0,43.33,204.146,43.33,42.23,NA,Electric sounder measurement,Water level accuracy is unknown,5029,"County of Ventura, Watershed Protection District",NA,5070,United Water Conservation District
3605,343428N1190681W003,2626211,2020-02-11T00:00:00Z,247.476,246.376,0,44.07,203.406,44.07,42.97,NA,Electric sounder measurement,Water level accuracy is unknown,5029,"County of Ventura, Watershed Protection District",NA,5070,United Water Conservation District
3605,343428N1190681W003,2626176,2020-01-22T00:00:00Z,247.476,246.376,0,42.71,204.766,42.71,41.61,NA,Electric sounder measurement,Water level accuracy is unknown,5029,"County of Ventura, Watershed Protection District",NA,5070,United Water Conservation District
3605,343428N1190681W003,2626115,2019-12-16T00:00:00Z,247.476,246.376,0,46.18,201.296,46.18,45.08,NA,Electric sounder measurement,Water level accuracy is unknown,5029,"County of Ventura, Watershed Protection District",NA,5070,United Water Conservation District
3605,343428N1190681W003,2626091,2019-12-06T00:00:00Z,247.476,246.376,0,48.05,199.426,48.05,46.95,NA,Electric sounder measurement,Water level accuracy is unknown,5029,"County of Ventura, Watershed Protection District",NA,5070,United Water Conservation District
3605,343428N1190681W003,2626004,2019-11-13T00:00:00Z,247.476,246.376,0,53.88,193.596,53.88,52.78,NA,Electric sounder measurement,Water level accuracy is unknown,5029,"County of Ventura, Watershed Protection District",NA,5070,United Water Conservation District
3605,343428N1190681W003,2625982,2019-11-04T00:00:00Z,247.476,246.376,0,52.62,194.856,52.62,51.52,NA,Electric sounder measurement,Water level accuracy is unknown,5029,"County of Ventura, Watershed Protection District",NA,5070,United Water Conservation District
3605,343428N1190681W003,2486651,2019-10-11T00:00:00Z,247.476,246.376,0,51.66,195.816,51.66,50.56,NA,Electric sounder measurement,Water level accuracy to nearest hundredth of a foot,5029,"County of Ventura, Watershed Protection District",NA,5070,United Water Conservation District
3605,343428N1190681W003,2486627,2019-10-02T00:00:00Z,247.476,246.376,0,51.97,195.506,51.97,50.87,NA,Electric sounder measurement,Water level accuracy to nearest hundredth of a foot,5029,"County of Ventura, Watershed Protection District",NA,5070,United Water Conservation District
3605,343428N1190681W003,2486396,2019-09-23T00:00:00Z,247.476,246.376,0,51.52,195.956,51.52,50.42,NA,Electric sounder measurement,Water level accuracy to nearest hundredth of a foot,5029,"County of Ventura, Watershed Protection District",NA,5070,United Water Conservation District
3605,343428N1190681W003,2486202,2019-08-19T00:00:00Z,247.476,246.376,0,50.12,197.356,50.12,49.02,NA,Electric sounder measurement,Water level accuracy to nearest hundredth of a foot,5029,"County of Ventura, Watershed Protection District",NA,5070,United Water Conservation District
3605,343428N1190681W003,2486189,2019-08-15T00:00:00Z,247.476,246.376,0,50.62,196.856,50.62,49.52,NA,Electric sounder measurement,Water level accuracy to nearest hundredth of a foot,5029,"County of Ventura, Watershed Protection District",NA,5070,United Water Conservation District
3605,343428N1190681W003,2485957,2019-07-03T00:00:00Z,247.476,246.376,0,49.65,197.826,49.65,48.55,NA,Electric sounder measurement,Water level accuracy to nearest hundredth of a foot,5029,"County of Ventura, Watershed Protection District",NA,5070,United Water Conservation District
3605,343428N1190681W003,2485907,2019-06-25T00:00:00Z,247.476,246.376,0,48.27,199.206,48.27,47.17,NA,Electric sounder measurement,Water level accuracy to nearest hundredth of a foot,5029,"County of Ventura, Watershed Protection District",NA,5070,United Water Conservation District
3605,343428N1190681W003,2485818,2019-06-13T00:00:00Z,247.476,246.376,0,48.33,199.146,48.33,47.23,NA,Electric sounder measurement,Water level accuracy to nearest hundredth of a foot,5029,"County of Ventura, Watershed Protection District",NA,5070,United Water Conservation District
3605,343428N1190681W003,2470678,2019-05-07T00:00:00Z,247.476,246.376,0,48.66,198.816,48.66,47.56,NA,Electric sounder measurement,Water level accuracy is unknown,5029,"County of Ventura, Watershed Protection District",NA,5070,United Water Conservation District
3605,343428N1190681W003,2470677,2019-04-23T00:00:00Z,247.476,246.376,0,46.56,200.916,46.56,45.46,NA,Electric sounder measurement,Water level accuracy is unknown,5029,"County of Ventura, Watershed Protection District",NA,5070,United Water Conservation District
3605,343428N1190681W003,2470676,2019-04-05T00:00:00Z,247.476,246.376,0,47.49,199.986,47.49,46.39,NA,Electric sounder measurement,Water level accuracy is unknown,5029,"County of Ventura, Watershed Protection District",NA,5070,United Water Conservation District
3605,343428N1190681W003,2458661,2019-03-12T00:00:00Z,247.476,246.376,0,45.35,202.126,45.35,44.25,NA,Unknown,Water level accuracy is unknown,5029,"County of Ventura, Watershed Protection District",NA,5070,United Water Conservation District
3605,343428N1190681W003,2458580,2019-03-06T00:00:00Z,247.476,246.376,0,46.6,200.876,46.6,45.5,NA,Unknown,Water level accuracy is unknown,5029,"County of Ventura, Watershed Protection District",NA,5070,United Water Conservation District
3605,343428N1190681W003,2458461,2019-02-08T00:00:00Z,247.476,246.376,0,52.73,194.746,52.73,51.63,NA,Unknown,Water level accuracy is unknown,5029,"County of Ventura, Watershed Protection District",NA,5070,United Water Conservation District
3605,343428N1190681W003,2458283,2019-01-16T00:00:00Z,247.476,246.376,0,57.43,190.046,57.43,56.33,NA,Unknown,Water level accuracy is unknown,5029,"County of Ventura, Watershed Protection District",NA,5070,United Water Conservation District
3605,343428N1190681W003,2459170,2019-01-04T00:00:00Z,247.476,246.376,0,60.32,187.156,60.32,59.22,NA,Unknown,Water level accuracy is unknown,5029,"County of Ventura, Watershed Protection District",NA,5070,United Water Conservation District
3605,343428N1190681W003,2459123,2018-12-21T00:00:00Z,247.476,246.376,0,60.9,186.576,60.9,59.8,NA,Unknown,Water level accuracy is unknown,5029,"County of Ventura, Watershed Protection District",NA,5070,United Water Conservation District
3605,343428N1190681W003,2458969,2018-12-03T00:00:00Z,247.476,246.376,0,62.2,185.276,62.2,61.1,NA,Unknown,Water level accuracy is unknown,5029,"County of Ventura, Watershed Protection District",NA,5070,United Water Conservation District
3605,343428N1190681W003,2419598,2018-11-06T00:00:00Z,247.476,246.376,0,65.7,181.776,65.7,64.6,NA,Unknown,Water level accuracy is unknown,5029,"County of Ventura, Watershed Protection District",NA,5070,United Water Conservation District
3605,343428N1190681W003,2419430,2018-10-22T00:00:00Z,247.476,246.376,0,64.38,183.096,64.38,63.28,NA,Unknown,Water level accuracy is unknown,5029,"County of Ventura, Watershed Protection District",NA,5070,United Water Conservation District
3605,343428N1190681W003,2419406,2018-10-16T00:00:00Z,247.476,246.376,0,65.4,182.076,65.4,64.3,NA,Unknown,Water level accuracy is unknown,5029,"County of Ventura, Watershed Protection District",NA,5070,United Water Conservation District
3605,343428N1190681W003,2419269,2018-09-24T00:00:00Z,247.476,246.376,0,63.52,183.956,63.52,62.42,NA,Unknown,Water level accuracy is unknown,5029,"County of Ventura, Watershed Protection District",RT=39.81 @7:44,5070,United Water Conservation District
3605,343428N1190681W003,2419123,2018-09-17T00:00:00Z,247.476,246.376,0,63.55,183.926,63.55,62.45,NA,Unknown,Water level accuracy is unknown,5029,"County of Ventura, Watershed Protection District",NA,5070,United Water Conservation District
3605,343428N1190681W003,2418997,2018-08-15T00:00:00Z,247.476,246.376,0,64.16,183.316,64.16,63.06,NA,Unknown,Water level accuracy is unknown,5029,"County of Ventura, Watershed Protection District",NA,5070,United Water Conservation District
3605,343428N1190681W003,2418835,2018-07-12T00:00:00Z,247.476,246.376,0,61.38,186.096,61.38,60.28,NA,Unknown,Water level accuracy is unknown,5029,"County of Ventura, Watershed Protection District",NA,5070,United Water Conservation District
3605,343428N1190681W003,2418715,2018-06-15T00:00:00Z,247.476,246.376,0,58.73,188.746,58.73,57.63,NA,Unknown,Water level accuracy is unknown,5029,"County of Ventura, Watershed Protection District",RT=44.49 @12:02,5070,United Water Conservation District
3605,343428N1190681W003,2418631,2018-06-07T00:00:00Z,247.476,246.376,0,58.2,189.276,58.2,57.1,NA,Unknown,Water level accuracy is unknown,5029,"County of Ventura, Watershed Protection District",NA,5070,United Water Conservation District
3605,343428N1190681W003,2418420,2018-05-10T00:00:00Z,247.476,246.376,0,58.12,189.356,58.12,57.02,NA,Unknown,Water level accuracy is unknown,5029,"County of Ventura, Watershed Protection District",NA,5070,United Water Conservation District
3605,343428N1190681W003,2418261,2018-04-19T00:00:00Z,247.476,246.376,0,57.83,189.646,57.83,56.73,NA,Unknown,Water level accuracy is unknown,5029,"County of Ventura, Watershed Protection District",NA,5070,United Water Conservation District
3605,343428N1190681W003,2418227,2018-04-12T00:00:00Z,247.476,246.376,0,56.09,191.386,56.09,54.99,NA,Unknown,Water level accuracy is unknown,5029,"County of Ventura, Watershed Protection District",NA,5070,United Water Conservation District
3605,343428N1190681W003,2418217,2018-04-11T00:00:00Z,247.476,246.376,0,56.41,191.066,56.41,55.31,NA,Unknown,Water level accuracy is unknown,5029,"County of Ventura, Watershed Protection District",NA,5070,United Water Conservation District
3605,343428N1190681W003,2418168,2018-04-03T00:00:00Z,247.476,246.376,0,55.21,192.266,55.21,54.11,NA,Unknown,Water level accuracy is unknown,5029,"County of Ventura, Watershed Protection District","Spring high, WLE=189.73",5070,United Water Conservation District
3605,343428N1190681W003,2289683,2018-03-21T00:00:00Z,247.476,246.376,0,56.93,190.546,56.93,55.83,NA,Unknown,Water level accuracy is unknown,5029,"County of Ventura, Watershed Protection District",NA,5070,United Water Conservation District
3605,343428N1190681W003,2289996,2018-03-12T00:00:00Z,247.476,246.376,0,58.78,188.696,58.78,57.68,NA,Unknown,Water level accuracy is unknown,5029,"County of Ventura, Watershed Protection District",NA,5070,United Water Conservation District
3605,343428N1190681W003,2289995,2018-02-06T00:00:00Z,247.476,246.376,0,62.32,185.156,62.32,61.22,NA,Unknown,Water level accuracy is unknown,5029,"County of Ventura, Watershed Protection District",NA,5070,United Water Conservation District
3605,343428N1190681W003,2289682,2018-01-19T00:00:00Z,247.476,246.376,0,59.89,187.586,59.89,58.79,NA,Unknown,Water level accuracy is unknown,5029,"County of Ventura, Watershed Protection District",NA,5070,United Water Conservation District
3605,343428N1190681W003,2289681,2017-12-31T00:00:00Z,247.476,246.376,0,62.76,184.716,62.76,61.66,NA,Unknown,Water level accuracy is unknown,5029,"County of Ventura, Watershed Protection District",NA,5070,United Water Conservation District
3605,343428N1190681W003,2289680,2017-12-28T00:00:00Z,247.476,246.376,0,62.92,184.556,62.92,61.82,NA,Unknown,Water level accuracy is unknown,5029,"County of Ventura, Watershed Protection District",NA,5070,United Water Conservation District
3605,343428N1190681W003,2289994,2017-12-19T00:00:00Z,247.476,246.376,0,64.04,183.436,64.04,62.94,NA,Unknown,Water level accuracy is unknown,5029,"County of Ventura, Watershed Protection District",NA,5070,United Water Conservation District
3605,343428N1190681W003,2289679,2017-11-22T00:00:00Z,247.476,246.376,0,63.58,183.896,63.58,62.48,NA,Unknown,Water level accuracy is unknown,5029,"County of Ventura, Watershed Protection District",NA,5070,United Water Conservation District
3605,343428N1190681W003,2289678,2017-11-09T00:00:00Z,247.476,246.376,0,63.56,183.916,63.56,62.46,NA,Unknown,Water level accuracy is unknown,5029,"County of Ventura, Watershed Protection District",NA,5070,United Water Conservation District
3605,343428N1190681W003,2289677,2017-11-08T00:00:00Z,247.476,246.376,0,63,184.476,63,61.9,NA,Unknown,Water level accuracy is unknown,5029,"County of Ventura, Watershed Protection District",NA,5070,United Water Conservation District
3605,343428N1190681W003,2271302,2017-10-16T00:00:00Z,247.476,246.376,0,61.22,186.256,61.22,60.12,NA,Unknown,Water level accuracy is unknown,5029,"County of Ventura, Watershed Protection District",NA,5029,"County of Ventura, Watershed Protection District"
3605,343428N1190681W003,2271251,2017-10-03T00:00:00Z,247.476,246.376,0,60.93,186.546,60.93,59.83,NA,Unknown,Water level accuracy is unknown,5029,"County of Ventura, Watershed Protection District",NA,5029,"County of Ventura, Watershed Protection District"
3605,343428N1190681W003,2271071,2017-08-28T00:00:00Z,247.476,246.376,0,57.81,189.666,57.81,56.71,NA,Unknown,Water level accuracy is unknown,5029,"County of Ventura, Watershed Protection District",NA,5029,"County of Ventura, Watershed Protection District"
3605,343428N1190681W003,2270913,2017-07-26T00:00:00Z,247.476,246.376,0,56.73,190.746,56.73,55.63,NA,Unknown,Water level accuracy is unknown,5029,"County of Ventura, Watershed Protection District",NA,5029,"County of Ventura, Watershed Protection District"
3605,343428N1190681W003,2270685,2017-06-19T00:00:00Z,247.476,246.376,0,54.17,193.306,54.17,53.07,NA,Unknown,Water level accuracy is unknown,5029,"County of Ventura, Watershed Protection District",NA,5029,"County of Ventura, Watershed Protection District"
3605,343428N1190681W003,2270476,2017-05-23T00:00:00Z,247.476,246.376,0,54.43,193.046,54.43,53.33,NA,Unknown,Water level accuracy is unknown,5029,"County of Ventura, Watershed Protection District",NA,5029,"County of Ventura, Watershed Protection District"
3605,343428N1190681W003,2270414,2017-05-02T00:00:00Z,247.476,246.376,0,53.71,193.766,53.71,52.61,NA,Unknown,Water level accuracy is unknown,5029,"County of Ventura, Watershed Protection District",NA,5029,"County of Ventura, Watershed Protection District"
3605,343428N1190681W003,2270294,2017-04-19T00:00:00Z,247.476,246.376,0,53.94,193.536,53.94,52.84,NA,Unknown,Water level accuracy is unknown,5029,"County of Ventura, Watershed Protection District",NA,5029,"County of Ventura, Watershed Protection District"
3605,343428N1190681W003,2270285,2017-04-18T00:00:00Z,247.476,246.376,0,53.81,193.666,53.81,52.71,NA,Unknown,Water level accuracy is unknown,5029,"County of Ventura, Watershed Protection District",NA,5029,"County of Ventura, Watershed Protection District"
3605,343428N1190681W003,2243711,2017-03-20T00:00:00Z,247.476,246.376,0,52.91,194.566,52.91,51.81,NA,Unknown,Water level accuracy is unknown,5029,"County of Ventura, Watershed Protection District",NA,5070,United Water Conservation District
3605,343428N1190681W003,2243709,2017-02-23T00:00:00Z,247.476,246.376,0,56.14,191.336,56.14,55.04,NA,Unknown,Water level accuracy is unknown,5029,"County of Ventura, Watershed Protection District",NA,5070,United Water Conservation District
3605,343428N1190681W003,2243707,2017-02-10T00:00:00Z,247.476,246.376,0,59.66,187.816,59.66,58.56,NA,Unknown,Water level accuracy is unknown,5029,"County of Ventura, Watershed Protection District",NA,5070,United Water Conservation District
3605,343428N1190681W003,2243712,2016-12-29T00:00:00Z,247.476,246.376,0,66.75,180.726,66.75,65.65,NA,Unknown,Water level accuracy is unknown,5029,"County of Ventura, Watershed Protection District",NA,5070,United Water Conservation District
3605,343428N1190681W003,2243708,2016-11-28T00:00:00Z,247.476,246.376,0,70.16,177.316,70.16,69.06,NA,Unknown,Water level accuracy is unknown,5029,"County of Ventura, Watershed Protection District",NA,5070,United Water Conservation District
3605,343428N1190681W003,2243710,2016-10-26T00:00:00Z,247.476,246.376,0,71.91,175.566,71.91,70.81,NA,Unknown,Water level accuracy is unknown,5029,"County of Ventura, Watershed Protection District",NA,5070,United Water Conservation District
3605,343428N1190681W003,2219438,2016-10-14T00:00:00Z,247.476,246.376,0,71.87,175.606,71.87,70.77,NA,Unknown,Water level accuracy is unknown,5029,"County of Ventura, Watershed Protection District",NA,5070,United Water Conservation District
3605,343428N1190681W003,2219437,2016-09-22T00:00:00Z,247.476,246.376,0,72.02,175.456,72.02,70.92,NA,Unknown,Water level accuracy is unknown,5029,"County of Ventura, Watershed Protection District",NA,5070,United Water Conservation District
3605,343428N1190681W003,2219436,2016-08-22T00:00:00Z,247.476,246.376,0,68.86,178.616,68.86,67.76,NA,Unknown,Water level accuracy is unknown,5029,"County of Ventura, Watershed Protection District",NA,5070,United Water Conservation District
3605,343428N1190681W003,2219435,2016-07-28T00:00:00Z,247.476,246.376,0,68.91,178.566,68.91,67.81,NA,Unknown,Water level accuracy is unknown,5029,"County of Ventura, Watershed Protection District",NA,5070,United Water Conservation District
3605,343428N1190681W003,2219434,2016-06-29T00:00:00Z,247.476,246.376,0,65.99,181.486,65.99,64.89,NA,Unknown,Water level accuracy is unknown,5029,"County of Ventura, Watershed Protection District",NA,5070,United Water Conservation District
3605,343428N1190681W003,2219433,2016-05-17T00:00:00Z,247.476,246.376,0,62.22,185.256,62.22,61.12,NA,Unknown,Water level accuracy is unknown,5029,"County of Ventura, Watershed Protection District",NA,5070,United Water Conservation District
3605,343428N1190681W003,2219432,2016-04-29T00:00:00Z,247.476,246.376,0,62.15,185.326,62.15,61.05,NA,Unknown,Water level accuracy is unknown,5029,"County of Ventura, Watershed Protection District",NA,5070,United Water Conservation District
3605,343428N1190681W003,2219439,2016-03-21T00:00:00Z,247.476,246.376,0,57.22,190.256,57.22,56.12,NA,Unknown,Water level accuracy is unknown,5029,"County of Ventura, Watershed Protection District",NA,5070,United Water Conservation District
3605,343428N1190681W003,2191500,2016-03-18T00:00:00Z,247.476,246.376,0,57.52,189.956,57.52,56.42,NA,Unknown,Water level accuracy is unknown,5029,"County of Ventura, Watershed Protection District",NA,5070,United Water Conservation District
3605,343428N1190681W003,2191377,2016-02-29T00:00:00Z,247.476,246.376,0,61.07,186.406,61.07,59.97,NA,Unknown,Water level accuracy is unknown,5029,"County of Ventura, Watershed Protection District",NA,5070,United Water Conservation District
3605,343428N1190681W003,2191215,2016-02-05T00:00:00Z,247.476,246.376,0,58.96,188.516,58.96,57.86,NA,Unknown,Water level accuracy is unknown,5029,"County of Ventura, Watershed Protection District",NA,5070,United Water Conservation District
3605,343428N1190681W003,2190908,2015-12-22T00:00:00Z,247.476,246.376,0,64.8,182.676,64.8,63.7,NA,Unknown,Water level accuracy is unknown,5029,"County of Ventura, Watershed Protection District",NA,5070,United Water Conservation District
3605,343428N1190681W003,2190813,2015-12-08T00:00:00Z,247.476,246.376,0,67.06,180.416,67.06,65.96,NA,Unknown,Water level accuracy is unknown,5029,"County of Ventura, Watershed Protection District",NA,5070,United Water Conservation District
3605,343428N1190681W003,2190515,2015-10-30T00:00:00Z,247.476,246.376,0,65.05,182.426,65.05,63.95,NA,Unknown,Water level accuracy is unknown,5029,"County of Ventura, Watershed Protection District",NA,5070,United Water Conservation District
3605,343428N1190681W003,2163711,2015-10-07T00:00:00Z,247.476,246.376,0,64.03,183.446,64.03,62.93,NA,Unknown,Water level accuracy is unknown,5029,"County of Ventura, Watershed Protection District",NA,5070,United Water Conservation District
3605,343428N1190681W003,2163589,2015-09-28T00:00:00Z,247.476,246.376,0,62.24,185.236,62.24,61.14,NA,Unknown,Water level accuracy is unknown,5029,"County of Ventura, Watershed Protection District",NA,5070,United Water Conservation District
3605,343428N1190681W003,2163478,2015-09-03T00:00:00Z,247.476,246.376,0,62.79,184.686,62.79,61.69,NA,Unknown,Water level accuracy is unknown,5029,"County of Ventura, Watershed Protection District",NA,5070,United Water Conservation District
3605,343428N1190681W003,2163117,2015-07-22T00:00:00Z,247.476,246.376,0,58.77,188.706,58.77,57.67,NA,Unknown,Water level accuracy is unknown,5029,"County of Ventura, Watershed Protection District",NA,5070,United Water Conservation District
3605,343428N1190681W003,2163049,2015-06-30T00:00:00Z,247.476,246.376,0,60.89,186.586,60.89,59.79,NA,Unknown,Water level accuracy is unknown,5029,"County of Ventura, Watershed Protection District",NA,5070,United Water Conservation District
3605,343428N1190681W003,2169766,2015-05-29T00:00:00Z,247.476,246.376,0,57.64,189.836,57.64,56.54,NA,Unknown,Water level accuracy is unknown,5029,"County of Ventura, Watershed Protection District",NA,5070,United Water Conservation District
3605,343428N1190681W003,2169601,2015-04-30T00:00:00Z,247.476,246.376,0,57.41,190.066,57.41,56.31,NA,Unknown,Water level accuracy is unknown,5029,"County of Ventura, Watershed Protection District",NA,5070,United Water Conservation District
3605,343428N1190681W003,2169545,2015-04-13T00:00:00Z,247.476,246.376,0,55.06,192.416,55.06,53.96,NA,Unknown,Water level accuracy is unknown,5029,"County of Ventura, Watershed Protection District",NA,5070,United Water Conservation District
3605,343428N1190681W003,2121580,2015-03-23T00:00:00Z,247.476,246.376,0,54.41,193.066,54.41,53.31,NA,Unknown,Water level accuracy is unknown,5029,"County of Ventura, Watershed Protection District",NA,5070,United Water Conservation District
3605,343428N1190681W003,2121370,2015-02-26T00:00:00Z,247.476,246.376,0,53.53,193.946,53.53,52.43,NA,Unknown,Water level accuracy is unknown,5029,"County of Ventura, Watershed Protection District",NA,5070,United Water Conservation District
3605,343428N1190681W003,2121240,2015-01-27T00:00:00Z,247.476,246.376,0,52.38,195.096,52.38,51.28,NA,Unknown,Water level accuracy is unknown,5029,"County of Ventura, Watershed Protection District",NA,5070,United Water Conservation District
3605,343428N1190681W003,2121133,2015-01-07T00:00:00Z,247.476,246.376,0,55.52,191.956,55.52,54.42,NA,Unknown,Water level accuracy is unknown,5029,"County of Ventura, Watershed Protection District",NA,5070,United Water Conservation District
3605,343428N1190681W003,2120862,2014-12-04T00:00:00Z,247.476,246.376,0,61.28,186.196,61.28,60.18,NA,Unknown,Water level accuracy is unknown,5029,"County of Ventura, Watershed Protection District",NA,5070,United Water Conservation District
3605,343428N1190681W003,2120746,2014-11-13T00:00:00Z,247.476,246.376,0,65.28,182.196,65.28,64.18,NA,Unknown,Water level accuracy is unknown,5029,"County of Ventura, Watershed Protection District",NA,5070,United Water Conservation District
3605,343428N1190681W003,2121032,2014-10-27T00:00:00Z,247.476,246.376,0,66.28,181.196,66.28,65.18,NA,Unknown,Water level accuracy is unknown,5029,"County of Ventura, Watershed Protection District",NA,5070,United Water Conservation District
3605,343428N1190681W003,2019893,2014-09-30T00:00:00Z,247.476,246.376,0,66.35,181.126,66.35,65.25,NA,Unknown,Water level accuracy is unknown,5029,"County of Ventura, Watershed Protection District",NA,5070,United Water Conservation District
3605,343428N1190681W003,2019891,2014-08-27T00:00:00Z,247.476,246.376,0,64.05,183.426,64.05,62.95,NA,Unknown,Water level accuracy is unknown,5029,"County of Ventura, Watershed Protection District",NA,5070,United Water Conservation District
3605,343428N1190681W003,2019890,2014-08-05T00:00:00Z,247.476,246.376,0,64.75,182.726,64.75,63.65,NA,Unknown,Water level accuracy is unknown,5029,"County of Ventura, Watershed Protection District",NA,5070,United Water Conservation District
3605,343428N1190681W003,2019892,2014-06-27T00:00:00Z,247.476,246.376,0,61.74,185.736,61.74,60.64,NA,Unknown,Water level accuracy is unknown,5029,"County of Ventura, Watershed Protection District",NA,5070,United Water Conservation District
3605,343428N1190681W003,1994554,2014-06-04T00:00:00Z,247.476,246.376,0,61.37,186.106,61.37,60.27,NA,Unknown,Water level accuracy is unknown,5029,"County of Ventura, Watershed Protection District",NA,5070,United Water Conservation District
3605,343428N1190681W003,1994465,2014-05-29T00:00:00Z,247.476,246.376,0,60.65,186.826,60.65,59.55,NA,Unknown,Water level accuracy is unknown,5029,"County of Ventura, Watershed Protection District",NA,5070,United Water Conservation District
3605,343428N1190681W003,1994362,2014-04-30T00:00:00Z,247.476,246.376,0,58.97,188.506,58.97,57.87,NA,Unknown,Water level accuracy is unknown,5029,"County of Ventura, Watershed Protection District",NA,5070,United Water Conservation District
3605,343428N1190681W003,1994268,2014-04-10T00:00:00Z,247.476,246.376,0,57.15,190.326,57.15,56.05,NA,Unknown,Water level accuracy is unknown,5029,"County of Ventura, Watershed Protection District",NA,5070,United Water Conservation District
3605,343428N1190681W003,1884664,2014-03-21T00:00:00Z,247.476,246.376,0,55.96,191.516,55.96,54.86,NA,Unknown,Water level accuracy is unknown,5029,"County of Ventura, Watershed Protection District",NA,5070,United Water Conservation District
3605,343428N1190681W003,1884534,2014-02-27T00:00:00Z,247.476,246.376,0,58.11,189.366,58.11,57.01,NA,Unknown,Water level accuracy is unknown,5029,"County of Ventura, Watershed Protection District",NA,5070,United Water Conservation District
3605,343428N1190681W003,1884334,2014-01-14T00:00:00Z,247.476,246.376,0,61.52,185.956,61.52,60.42,NA,Unknown,Water level accuracy is unknown,5029,"County of Ventura, Watershed Protection District",NA,5070,United Water Conservation District
3605,343428N1190681W003,1884197,2013-12-27T00:00:00Z,247.476,246.376,0,59.72,187.756,59.72,58.62,NA,Unknown,Water level accuracy is unknown,5029,"County of Ventura, Watershed Protection District",NA,5070,United Water Conservation District
3605,343428N1190681W003,1819219,2013-10-29T00:00:00Z,247.476,246.376,0,61.83,185.646,61.83,60.73,NA,Unknown,Water level accuracy is unknown,5029,"County of Ventura, Watershed Protection District",NA,5070,United Water Conservation District
3605,343428N1190681W003,1818987,2013-10-04T00:00:00Z,247.476,246.376,0,62.41,185.066,62.41,61.31,NA,Unknown,Water level accuracy is unknown,5029,"County of Ventura, Watershed Protection District",NA,5070,United Water Conservation District
3605,343428N1190681W003,1818957,2013-09-03T00:00:00Z,247.476,246.376,0,60.42,187.056,60.42,59.32,NA,Unknown,Water level accuracy is unknown,5029,"County of Ventura, Watershed Protection District",NA,5070,United Water Conservation District
3605,343428N1190681W003,1818873,2013-08-07T00:00:00Z,247.476,246.376,0,57.87,189.606,57.87,56.77,NA,Unknown,Water level accuracy is unknown,5029,"County of Ventura, Watershed Protection District",NA,5070,United Water Conservation District
3605,343428N1190681W003,1818685,2013-07-02T00:00:00Z,247.476,246.376,0,56.24,191.236,56.24,55.14,NA,Unknown,Water level accuracy is unknown,5029,"County of Ventura, Watershed Protection District",NA,5070,United Water Conservation District
3605,343428N1190681W003,1734806,2013-05-31T00:00:00Z,247.476,246.376,0,55.55,191.926,55.55,54.45,NA,Unknown,Water level accuracy is unknown,5029,"County of Ventura, Watershed Protection District",NA,5070,United Water Conservation District
3605,343428N1190681W003,1734583,2013-04-24T00:00:00Z,247.476,246.376,0,51.32,196.156,51.32,50.22,NA,Unknown,Water level accuracy is unknown,5029,"County of Ventura, Watershed Protection District",NA,5070,United Water Conservation District
3605,343428N1190681W003,1734495,2013-04-02T00:00:00Z,247.476,246.376,0,49.22,198.256,49.22,48.12,NA,Unknown,Water level accuracy is unknown,5029,"County of Ventura, Watershed Protection District",NA,5070,United Water Conservation District
3605,343428N1190681W003,1734165,2013-03-04T00:00:00Z,247.476,246.376,0,46.51,200.966,46.51,45.41,NA,Unknown,Water level accuracy is unknown,5029,"County of Ventura, Watershed Protection District",NA,5070,United Water Conservation District
3605,343428N1190681W003,1734050,2013-02-21T00:00:00Z,247.476,246.376,0,45.95,201.526,45.95,44.85,NA,Unknown,Water level accuracy is unknown,5029,"County of Ventura, Watershed Protection District",NA,5070,United Water Conservation District
3605,343428N1190681W003,1733992,2013-02-05T00:00:00Z,247.476,246.376,0,45.11,202.366,45.11,44.01,NA,Unknown,Water level accuracy is unknown,5029,"County of Ventura, Watershed Protection District",NA,5070,United Water Conservation District
3605,343428N1190681W003,1733693,2012-12-26T00:00:00Z,247.476,246.376,0,46.68,200.796,46.68,45.58,NA,Unknown,Water level accuracy is unknown,5029,"County of Ventura, Watershed Protection District",NA,5070,United Water Conservation District
3605,343428N1190681W003,93787,2012-11-20T00:00:00Z,247.476,246.376,0,54.69,192.786,54.69,53.59,NA,Unknown,Water level accuracy is unknown,5029,"County of Ventura, Watershed Protection District",NA,5070,United Water Conservation District
3605,343428N1190681W003,93786,2012-11-06T00:00:00Z,247.476,246.376,0,56.42,191.056,56.42,55.32,NA,Unknown,Water level accuracy is unknown,5029,"County of Ventura, Watershed Protection District",NA,5070,United Water Conservation District
3605,343428N1190681W003,93785,2012-10-15T00:00:00Z,247.476,246.376,0,56.38,191.096,56.38,55.28,NA,Unknown,Water level accuracy is unknown,5029,"County of Ventura, Watershed Protection District",NA,5070,United Water Conservation District
3605,343428N1190681W003,91389,2012-09-27T00:00:00Z,247.476,246.376,0,56.72,190.756,56.72,55.62,NA,Unknown,Water level accuracy is unknown,5029,"County of Ventura, Watershed Protection District",NA,5070,United Water Conservation District
3605,343428N1190681W003,92040,2012-08-30T00:00:00Z,247.476,246.376,0,57.06,190.416,57.06,55.96,NA,Unknown,Water level accuracy is unknown,5029,"County of Ventura, Watershed Protection District",NA,5070,United Water Conservation District
3605,343428N1190681W003,91940,2012-08-06T00:00:00Z,247.476,246.376,0,54.15,193.326,54.15,53.05,NA,Unknown,Water level accuracy is unknown,5029,"County of Ventura, Watershed Protection District",NA,5070,United Water Conservation District
3605,343428N1190681W003,91784,2012-06-27T00:00:00Z,247.476,246.376,0,52.12,195.356,52.12,51.02,NA,Unknown,Water level accuracy is unknown,5029,"County of Ventura, Watershed Protection District",NA,5070,United Water Conservation District
3605,343428N1190681W003,91675,2012-06-06T00:00:00Z,247.476,246.376,0,50.83,196.646,50.83,49.73,NA,Unknown,Water level accuracy is unknown,5029,"County of Ventura, Watershed Protection District",NA,5070,United Water Conservation District
3605,343428N1190681W003,59013,2012-04-25T00:00:00Z,247.476,246.376,0,42.71,204.766,42.71,41.61,NA,Unknown,Water level accuracy is unknown,5029,"County of Ventura, Watershed Protection District",NA,5070,United Water Conservation District
3605,343428N1190681W003,58814,2012-03-30T00:00:00Z,247.476,246.376,0,44.75,202.726,44.75,43.65,NA,Unknown,Water level accuracy is unknown,5029,"County of Ventura, Watershed Protection District",NA,5070,United Water Conservation District
3605,343428N1190681W003,58794,2012-03-29T00:00:00Z,247.476,246.376,0,45.5,201.976,45.5,44.4,NA,Unknown,Water level accuracy is unknown,5029,"County of Ventura, Watershed Protection District",NA,5070,United Water Conservation District
3605,343428N1190681W003,58651,2012-03-02T00:00:00Z,247.476,246.376,0,50.65,196.826,50.65,49.55,NA,Unknown,Water level accuracy is unknown,5029,"County of Ventura, Watershed Protection District",NA,5070,United Water Conservation District
3605,343428N1190681W003,58585,2012-02-08T00:00:00Z,247.476,246.376,0,47.16,200.316,47.16,46.06,NA,Unknown,Water level accuracy is unknown,5029,"County of Ventura, Watershed Protection District",NA,5070,United Water Conservation District
3605,343428N1190681W003,58436,2012-01-05T00:00:00Z,247.476,246.376,0,48.6,198.876,48.6,47.5,NA,Unknown,Water level accuracy is unknown,5029,"County of Ventura, Watershed Protection District",NA,5070,United Water Conservation District
3605,343428N1190681W003,58250,2011-12-08T00:00:00Z,247.476,246.376,0,48.56,198.916,48.56,47.46,NA,Unknown,Water level accuracy is unknown,5029,"County of Ventura, Watershed Protection District",NA,5070,United Water Conservation District
3605,343428N1190681W003,30206,2011-11-10T00:00:00Z,247.476,246.376,0,49.79,197.686,49.79,48.69,NA,Unknown,Water level accuracy is unknown,5029,"County of Ventura, Watershed Protection District",NA,5070,United Water Conservation District
3605,343428N1190681W003,30205,2011-11-04T00:00:00Z,247.476,246.376,0,51.37,196.106,51.37,50.27,NA,Unknown,Water level accuracy is unknown,5029,"County of Ventura, Watershed Protection District",NA,5070,United Water Conservation District
3605,343428N1190681W003,30068,2011-10-06T00:00:00Z,247.476,246.376,0,49.2,198.276,49.2,48.1,NA,Unknown,Water level accuracy is unknown,5029,"County of Ventura, Watershed Protection District",NA,5070,United Water Conservation District
3605,343428N1190681W003,28753,2011-09-12T00:00:00Z,247.476,246.376,0,50.99,196.486,50.99,49.89,NA,Unknown,Water level accuracy is unknown,5029,"County of Ventura, Watershed Protection District",NA,5070,United Water Conservation District
3605,343428N1190681W003,28756,2011-09-02T00:00:00Z,247.476,246.376,0,52.01,195.466,52.01,50.91,NA,Unknown,Water level accuracy is unknown,5029,"County of Ventura, Watershed Protection District",NA,5070,United Water Conservation District
3605,343428N1190681W003,29864,2011-08-30T00:00:00Z,247.476,246.376,0,51.85,195.626,51.85,50.75,NA,Unknown,Water level accuracy is unknown,5029,"County of Ventura, Watershed Protection District",NA,5070,United Water Conservation District
3605,343428N1190681W003,28755,2011-08-16T00:00:00Z,247.476,246.376,0,50.97,196.506,50.97,49.87,NA,Unknown,Water level accuracy is unknown,5029,"County of Ventura, Watershed Protection District",NA,5070,United Water Conservation District
3605,343428N1190681W003,28754,2011-08-11T00:00:00Z,247.476,246.376,0,50.74,196.736,50.74,49.64,NA,Unknown,Water level accuracy is unknown,5029,"County of Ventura, Watershed Protection District",NA,5070,United Water Conservation District
3605,343428N1190681W003,29764,2011-08-02T00:00:00Z,247.476,246.376,0,49.92,197.556,49.92,48.82,NA,Unknown,Water level accuracy is unknown,5029,"County of Ventura, Watershed Protection District",NA,5070,United Water Conservation District
3605,343428N1190681W003,28688,2011-07-13T00:00:00Z,247.476,246.376,0,49.3,198.176,49.3,48.2,NA,Unknown,Water level accuracy is unknown,5029,"County of Ventura, Watershed Protection District",NA,5070,United Water Conservation District
3605,343428N1190681W003,29619,2011-07-07T00:00:00Z,247.476,246.376,0,48.71,198.766,48.71,47.61,NA,Unknown,Water level accuracy is unknown,5029,"County of Ventura, Watershed Protection District",NA,5070,United Water Conservation District
3605,343428N1190681W003,28589,2011-06-13T00:00:00Z,247.476,246.376,0,43.75,203.726,43.75,42.65,NA,Unknown,Water level accuracy is unknown,5029,"County of Ventura, Watershed Protection District",NA,5070,United Water Conservation District
3605,343428N1190681W003,28590,2011-06-01T00:00:00Z,247.476,246.376,0,44.93,202.546,44.93,43.83,NA,Unknown,Water level accuracy is unknown,5029,"County of Ventura, Watershed Protection District",NA,5070,United Water Conservation District
3605,343428N1190681W003,29472,2011-05-05T00:00:00Z,247.476,246.376,0,43.31,204.166,43.31,42.21,NA,Unknown,Water level accuracy is unknown,5029,"County of Ventura, Watershed Protection District",NA,5070,United Water Conservation District
3605,343428N1190681W003,28588,2011-04-12T00:00:00Z,247.476,246.376,0,39.52,207.956,39.52,38.42,NA,Unknown,Water level accuracy is unknown,5029,"County of Ventura, Watershed Protection District",NA,5070,United Water Conservation District
3605,343428N1190681W003,29277,2011-03-29T00:00:00Z,247.476,246.376,0,37.29,210.186,37.29,36.19,NA,Unknown,Water level accuracy is unknown,5029,"County of Ventura, Watershed Protection District",NA,5070,United Water Conservation District
3605,343428N1190681W003,29068,2011-02-22T00:00:00Z,247.476,246.376,0,41.44,206.036,41.44,40.34,NA,Unknown,Water level accuracy is unknown,5029,"County of Ventura, Watershed Protection District",NA,5070,United Water Conservation District
3605,343428N1190681W003,28940,2011-02-02T00:00:00Z,247.476,246.376,0,45.43,202.046,45.43,44.33,NA,Unknown,Water level accuracy is unknown,5029,"County of Ventura, Watershed Protection District",NA,5070,United Water Conservation District
3605,343428N1190681W003,28587,2011-01-12T00:00:00Z,247.476,246.376,0,42.27,205.206,42.27,41.17,NA,Unknown,Water level accuracy is unknown,5029,"County of Ventura, Watershed Protection District",NA,5070,United Water Conservation District
