STN_ID,SITE_CODE,WLM_ID,MSMT_DATE,WLM_RPE,WLM_GSE,RDNG_WS,RDNG_RP,WSE,RPE_WSE,GSE_WSE,WLM_QA_DESC,WLM_DESC,WLM_ACC_DESC,WLM_ORG_ID,WLM_ORG_NAME,MSMT_CMT,COOP_AGENCY_ORG_ID,COOP_ORG_NAME
36064,361800N1194121W001,950036,1962-02-09T00:00:00Z,259.23,258.73,0,95.2,164.03,95.2,94.7,NA,Unknown,Water level accuracy is unknown,1,Department of Water Resources,NA,5030,Tulare Irrigation District
36064,361800N1194121W001,950035,1961-10-05T00:00:00Z,259.23,258.73,0,98.8,160.43,98.8,98.3,NA,Unknown,Water level accuracy is unknown,1,Department of Water Resources,NA,5030,Tulare Irrigation District
36064,361800N1194121W001,950034,1961-02-16T00:00:00Z,259.23,258.73,0,84.7,174.53,84.7,84.2,NA,Unknown,Water level accuracy is unknown,1,Department of Water Resources,NA,1,Department of Water Resources
36064,361800N1194121W001,950033,1960-09-27T00:00:00Z,259.23,258.73,0,90.4,168.83,90.4,89.9,NA,Unknown,Water level accuracy is unknown,1,Department of Water Resources,NA,1,Department of Water Resources
