STN_ID,SITE_CODE,WLM_ID,MSMT_DATE,WLM_RPE,WLM_GSE,RDNG_WS,RDNG_RP,WSE,RPE_WSE,GSE_WSE,WLM_QA_DESC,WLM_DESC,WLM_ACC_DESC,WLM_ORG_ID,WLM_ORG_NAME,MSMT_CMT,COOP_AGENCY_ORG_ID,COOP_ORG_NAME
36500,353177N1188929W001,767238,1968-09-24T00:00:00Z,470.64,470.14,NA,NA,NA,NA,NA,Can't get tape in casing,NA,NA,1,Department of Water Resources,NA,624,Bureau of Reclamation
36500,353177N1188929W001,767237,1968-01-31T00:00:00Z,470.64,470.14,0,305,165.64,305,304.5,NA,Unknown,Water level accuracy is unknown,1,Department of Water Resources,NA,624,Bureau of Reclamation
36500,353177N1188929W001,767236,1967-09-25T00:00:00Z,470.64,470.14,NA,NA,NA,NA,NA,Tape hung up,NA,NA,1,Department of Water Resources,NA,624,Bureau of Reclamation
36500,353177N1188929W001,767235,1967-01-30T00:00:00Z,470.64,470.14,0,301,169.64,301,300.5,NA,Unknown,Water level accuracy is unknown,1,Department of Water Resources,NA,624,Bureau of Reclamation
36500,353177N1188929W001,767234,1966-09-26T00:00:00Z,470.64,470.14,0,294,176.64,294,293.5,NA,Unknown,Water level accuracy is unknown,1,Department of Water Resources,NA,624,Bureau of Reclamation
36500,353177N1188929W001,767233,1966-01-24T00:00:00Z,470.64,470.14,0,306,164.64,306,305.5,NA,Unknown,Water level accuracy is unknown,1,Department of Water Resources,NA,624,Bureau of Reclamation
36500,353177N1188929W001,767232,1965-09-28T00:00:00Z,470.64,470.14,NA,NA,NA,NA,NA,Tape hung up,NA,NA,1,Department of Water Resources,NA,624,Bureau of Reclamation
36500,353177N1188929W001,767231,1965-01-26T00:00:00Z,470.64,470.14,NA,NA,NA,NA,NA,Tape hung up,NA,NA,1,Department of Water Resources,NA,624,Bureau of Reclamation
36500,353177N1188929W001,767230,1964-09-23T00:00:00Z,470.64,470.14,NA,NA,NA,NA,NA,Tape hung up,NA,NA,1,Department of Water Resources,NA,624,Bureau of Reclamation
36500,353177N1188929W001,767229,1964-01-29T00:00:00Z,470.64,470.14,0,281,189.64,281,280.5,NA,Unknown,Water level accuracy is unknown,1,Department of Water Resources,NA,624,Bureau of Reclamation
36500,353177N1188929W001,767228,1963-09-18T00:00:00Z,470.64,470.14,0,286.1,184.54,286.1,285.6,NA,Unknown,Water level accuracy is unknown,1,Department of Water Resources,NA,624,Bureau of Reclamation
36500,353177N1188929W001,767227,1962-02-01T00:00:00Z,470.64,470.14,0,265.8,204.84,265.8,265.3,NA,Unknown,Water level accuracy is unknown,1,Department of Water Resources,NA,624,Bureau of Reclamation
36500,353177N1188929W001,767226,1961-10-05T00:00:00Z,470.64,470.14,NA,NA,NA,NA,NA,Tape hung up,NA,NA,1,Department of Water Resources,NA,624,Bureau of Reclamation
36500,353177N1188929W001,767225,1961-02-08T00:00:00Z,470.64,470.14,0,256.7,213.94,256.7,256.2,NA,Unknown,Water level accuracy is unknown,1,Department of Water Resources,NA,624,Bureau of Reclamation
36500,353177N1188929W001,767224,1960-10-05T00:00:00Z,470.64,470.14,0,270.4,200.24,270.4,269.9,NA,Unknown,Water level accuracy is unknown,1,Department of Water Resources,NA,624,Bureau of Reclamation
36500,353177N1188929W001,767223,1960-10-01T00:00:00Z,470.64,470.14,0,261.6,209.04,261.6,261.1,NA,Unknown,Water level accuracy is unknown,1,Department of Water Resources,NA,624,Bureau of Reclamation
36500,353177N1188929W001,767222,1960-02-09T00:00:00Z,470.64,470.14,0,253.2,217.44,253.2,252.7,NA,Unknown,Water level accuracy is unknown,1,Department of Water Resources,NA,624,Bureau of Reclamation
36500,353177N1188929W001,767221,1959-10-01T00:00:00Z,470.64,470.14,0,261.6,209.04,261.6,261.1,NA,Unknown,Water level accuracy is unknown,1,Department of Water Resources,NA,624,Bureau of Reclamation
36500,353177N1188929W001,767220,1959-02-05T00:00:00Z,470.64,470.14,0,243,227.64,243,242.5,NA,Unknown,Water level accuracy is unknown,1,Department of Water Resources,NA,624,Bureau of Reclamation
36500,353177N1188929W001,767219,1958-09-26T00:00:00Z,470.64,470.14,0,251.2,219.44,251.2,250.7,NA,Unknown,Water level accuracy is unknown,1,Department of Water Resources,NA,624,Bureau of Reclamation
36500,353177N1188929W001,767218,1958-02-11T00:00:00Z,470.64,470.14,0,238.8,231.84,238.8,238.3,NA,Unknown,Water level accuracy is unknown,1,Department of Water Resources,NA,624,Bureau of Reclamation
36500,353177N1188929W001,767217,1957-09-27T00:00:00Z,470.64,470.14,0,242.4,228.24,242.4,241.9,NA,Unknown,Water level accuracy is unknown,1,Department of Water Resources,NA,624,Bureau of Reclamation
36500,353177N1188929W001,767216,1957-02-04T00:00:00Z,470.64,470.14,0,230.8,239.84,230.8,230.3,NA,Unknown,Water level accuracy is unknown,1,Department of Water Resources,NA,624,Bureau of Reclamation
36500,353177N1188929W001,767215,1956-10-03T00:00:00Z,470.64,470.14,0,263.8,206.84,263.8,263.3,NA,Unknown,Water level accuracy is unknown,1,Department of Water Resources,NA,624,Bureau of Reclamation
36500,353177N1188929W001,767214,1956-02-07T00:00:00Z,470.64,470.14,0,239.6,231.04,239.6,239.1,NA,Unknown,Water level accuracy is unknown,1,Department of Water Resources,NA,624,Bureau of Reclamation
36500,353177N1188929W001,767213,1955-09-14T00:00:00Z,470.64,470.14,0,231.1,239.54,231.1,230.6,NA,Unknown,Water level accuracy is unknown,1,Department of Water Resources,NA,624,Bureau of Reclamation
36500,353177N1188929W001,767212,1955-02-08T00:00:00Z,470.64,470.14,0,228.5,242.14,228.5,228,NA,Unknown,Water level accuracy is unknown,1,Department of Water Resources,NA,624,Bureau of Reclamation
36500,353177N1188929W001,767211,1954-09-14T00:00:00Z,470.64,470.14,0,224.3,246.34,224.3,223.8,NA,Unknown,Water level accuracy is unknown,1,Department of Water Resources,NA,624,Bureau of Reclamation
36500,353177N1188929W001,767210,1954-02-02T00:00:00Z,470.64,470.14,0,210.7,259.94,210.7,210.2,NA,Unknown,Water level accuracy is unknown,1,Department of Water Resources,NA,624,Bureau of Reclamation
36500,353177N1188929W001,767209,1953-09-27T00:00:00Z,470.64,470.14,0,217.8,252.84,217.8,217.3,NA,Unknown,Water level accuracy is unknown,1,Department of Water Resources,NA,624,Bureau of Reclamation
36500,353177N1188929W001,767208,1953-01-26T00:00:00Z,470.64,470.14,0,204.9,265.74,204.9,204.4,NA,Unknown,Water level accuracy is unknown,1,Department of Water Resources,NA,624,Bureau of Reclamation
36500,353177N1188929W001,767207,1952-09-30T00:00:00Z,470.64,470.14,NA,NA,NA,NA,NA,Pumping,NA,NA,1,Department of Water Resources,NA,624,Bureau of Reclamation
36500,353177N1188929W001,767206,1952-01-16T00:00:00Z,470.64,470.14,0,200.8,269.84,200.8,200.3,NA,Unknown,Water level accuracy is unknown,1,Department of Water Resources,NA,624,Bureau of Reclamation
36500,353177N1188929W001,767205,1951-10-04T00:00:00Z,470.64,470.14,0,216.3,254.34,216.3,215.8,NA,Unknown,Water level accuracy is unknown,1,Department of Water Resources,NA,624,Bureau of Reclamation
36500,353177N1188929W001,767204,1951-01-18T00:00:00Z,470.64,470.14,0,189.1,281.54,189.1,188.6,NA,Unknown,Water level accuracy is unknown,1,Department of Water Resources,NA,624,Bureau of Reclamation
36500,353177N1188929W001,767203,1950-09-13T00:00:00Z,470.64,470.14,0,197.7,272.94,197.7,197.2,NA,Unknown,Water level accuracy is unknown,1,Department of Water Resources,NA,624,Bureau of Reclamation
36500,353177N1188929W001,767202,1950-02-28T00:00:00Z,470.64,470.14,0,183.2,287.44,183.2,182.7,NA,Unknown,Water level accuracy is unknown,1,Department of Water Resources,NA,624,Bureau of Reclamation
36500,353177N1188929W001,767201,1950-01-25T00:00:00Z,470.64,470.14,0,199.4,271.24,199.4,198.9,NA,Unknown,Water level accuracy is unknown,1,Department of Water Resources,NA,624,Bureau of Reclamation
36500,353177N1188929W001,767200,1949-09-14T00:00:00Z,470.64,470.14,0,189.7,280.94,189.7,189.2,NA,Unknown,Water level accuracy is unknown,1,Department of Water Resources,NA,624,Bureau of Reclamation
36500,353177N1188929W001,767199,1949-01-25T00:00:00Z,470.64,470.14,0,188.2,282.44,188.2,187.7,NA,Unknown,Water level accuracy is unknown,1,Department of Water Resources,NA,624,Bureau of Reclamation
36500,353177N1188929W001,767198,1948-09-14T00:00:00Z,470.64,470.14,0,187.4,283.24,187.4,186.9,NA,Unknown,Water level accuracy is unknown,1,Department of Water Resources,NA,624,Bureau of Reclamation
36500,353177N1188929W001,767197,1948-07-08T00:00:00Z,470.64,470.14,0,183.1,287.54,183.1,182.6,NA,Unknown,Water level accuracy is unknown,1,Department of Water Resources,NA,624,Bureau of Reclamation
36500,353177N1188929W001,767196,1948-02-03T00:00:00Z,470.64,470.14,0,175.4,295.24,175.4,174.9,NA,Unknown,Water level accuracy is unknown,1,Department of Water Resources,NA,624,Bureau of Reclamation
36500,353177N1188929W001,767195,1947-12-08T00:00:00Z,470.64,470.14,0,175.1,295.54,175.1,174.6,NA,Unknown,Water level accuracy is unknown,1,Department of Water Resources,NA,624,Bureau of Reclamation
36500,353177N1188929W001,767194,1947-11-05T00:00:00Z,470.64,470.14,0,176.8,293.84,176.8,176.3,NA,Unknown,Water level accuracy is unknown,1,Department of Water Resources,NA,624,Bureau of Reclamation
36500,353177N1188929W001,767193,1947-09-18T00:00:00Z,470.64,470.14,0,179.2,291.44,179.2,178.7,NA,Unknown,Water level accuracy is unknown,1,Department of Water Resources,NA,624,Bureau of Reclamation
36500,353177N1188929W001,767192,1946-11-14T00:00:00Z,470.64,470.14,0,171,299.64,171,170.5,NA,Unknown,Water level accuracy is unknown,1,Department of Water Resources,NA,624,Bureau of Reclamation
36500,353177N1188929W001,767191,1945-12-12T00:00:00Z,470.64,470.14,0,165.1,305.54,165.1,164.6,NA,Unknown,Water level accuracy is unknown,1,Department of Water Resources,NA,624,Bureau of Reclamation
36500,353177N1188929W001,767190,1945-11-05T00:00:00Z,470.64,470.14,0,167.5,303.14,167.5,167,NA,Unknown,Water level accuracy is unknown,1,Department of Water Resources,NA,624,Bureau of Reclamation
36500,353177N1188929W001,767189,1945-10-05T00:00:00Z,470.64,470.14,0,166.9,303.74,166.9,166.4,NA,Unknown,Water level accuracy is unknown,1,Department of Water Resources,NA,624,Bureau of Reclamation
