STN_ID,SITE_CODE,WLM_ID,MSMT_DATE,WLM_RPE,WLM_GSE,RDNG_WS,RDNG_RP,WSE,RPE_WSE,GSE_WSE,WLM_QA_DESC,WLM_DESC,WLM_ACC_DESC,WLM_ORG_ID,WLM_ORG_NAME,MSMT_CMT,COOP_AGENCY_ORG_ID,COOP_ORG_NAME
36514,355222N1193605W001,725191,2010-10-29T00:00:00Z,315.12,314.62,NA,NA,NA,NA,NA,Special/Other,NA,NA,1,Department of Water Resources,NA,1,Department of Water Resources
36514,355222N1193605W001,725190,2010-01-12T00:00:00Z,315.12,314.62,NA,NA,NA,NA,NA,Special/Other,NA,NA,1,Department of Water Resources,NA,1,Department of Water Resources
36514,355222N1193605W001,725189,2006-01-26T00:00:00Z,315.12,314.62,NA,NA,NA,NA,NA,Special/Other,NA,NA,1,Department of Water Resources,NA,1,Department of Water Resources
36514,355222N1193605W001,725188,1994-01-26T00:00:00Z,315.12,314.62,NA,NA,NA,NA,NA,Special/Other,NA,NA,1,Department of Water Resources,NA,1,Department of Water Resources
36514,355222N1193605W001,725187,1994-01-25T00:00:00Z,315.12,314.62,0,270,45.12,270,269.5,NA,Unknown,Water level accuracy is unknown,1,Department of Water Resources,NA,5154,Shafter-Wasco Irrigation District
36514,355222N1193605W001,725186,1993-10-06T00:00:00Z,315.12,314.62,NA,NA,NA,NA,NA,Special/Other,NA,NA,1,Department of Water Resources,NA,1,Department of Water Resources
36514,355222N1193605W001,725185,1993-10-05T00:00:00Z,315.12,314.62,0,288,27.12,288,287.5,NA,Unknown,Water level accuracy is unknown,1,Department of Water Resources,NA,5154,Shafter-Wasco Irrigation District
36514,355222N1193605W001,725184,1993-01-26T00:00:00Z,315.12,314.62,0,276,39.12,276,275.5,NA,Unknown,Water level accuracy is unknown,1,Department of Water Resources,NA,5154,Shafter-Wasco Irrigation District
36514,355222N1193605W001,725183,1992-10-06T00:00:00Z,315.12,314.62,0,292,23.12,292,291.5,NA,Unknown,Water level accuracy is unknown,1,Department of Water Resources,NA,5154,Shafter-Wasco Irrigation District
36514,355222N1193605W001,725182,1992-01-29T00:00:00Z,315.12,314.62,NA,NA,NA,NA,NA,Special/Other,NA,NA,1,Department of Water Resources,NA,1,Department of Water Resources
36514,355222N1193605W001,725181,1992-01-27T00:00:00Z,315.12,314.62,0,273,42.12,273,272.5,NA,Unknown,Water level accuracy is unknown,1,Department of Water Resources,NA,5154,Shafter-Wasco Irrigation District
36514,355222N1193605W001,725180,1991-10-02T00:00:00Z,315.12,314.62,NA,NA,NA,NA,NA,Special/Other,NA,NA,1,Department of Water Resources,NA,1,Department of Water Resources
36514,355222N1193605W001,725179,1991-10-01T00:00:00Z,315.12,314.62,0,281.5,33.62,281.5,281,NA,Unknown,Water level accuracy is unknown,1,Department of Water Resources,NA,5154,Shafter-Wasco Irrigation District
36514,355222N1193605W001,725178,1991-01-30T00:00:00Z,315.12,314.62,NA,NA,NA,NA,NA,Special/Other,NA,NA,1,Department of Water Resources,NA,1,Department of Water Resources
36514,355222N1193605W001,725177,1991-01-29T00:00:00Z,315.12,314.62,0,259,56.12,259,258.5,NA,Unknown,Water level accuracy is unknown,1,Department of Water Resources,NA,5154,Shafter-Wasco Irrigation District
36514,355222N1193605W001,725176,1990-10-03T00:00:00Z,315.12,314.62,NA,NA,NA,NA,NA,Special/Other,NA,NA,1,Department of Water Resources,NA,1,Department of Water Resources
36514,355222N1193605W001,725175,1990-10-02T00:00:00Z,315.12,314.62,0,268,47.12,268,267.5,NA,Unknown,Water level accuracy is unknown,1,Department of Water Resources,NA,5154,Shafter-Wasco Irrigation District
36514,355222N1193605W001,725174,1990-01-24T00:00:00Z,315.12,314.62,NA,NA,NA,NA,NA,Special/Other,NA,NA,1,Department of Water Resources,NA,1,Department of Water Resources
36514,355222N1193605W001,725173,1990-01-23T00:00:00Z,315.12,314.62,0,249,66.12,249,248.5,NA,Unknown,Water level accuracy is unknown,1,Department of Water Resources,NA,5154,Shafter-Wasco Irrigation District
36514,355222N1193605W001,725172,1989-10-03T00:00:00Z,315.12,314.62,0,258,57.12,258,257.5,NA,Unknown,Water level accuracy is unknown,1,Department of Water Resources,NA,5154,Shafter-Wasco Irrigation District
36514,355222N1193605W001,725171,1989-01-26T00:00:00Z,315.12,314.62,NA,NA,NA,NA,NA,Special/Other,NA,NA,1,Department of Water Resources,NA,1,Department of Water Resources
36514,355222N1193605W001,725170,1989-01-24T00:00:00Z,315.12,314.62,0,241,74.12,241,240.5,NA,Unknown,Water level accuracy is unknown,1,Department of Water Resources,NA,5154,Shafter-Wasco Irrigation District
36514,355222N1193605W001,725169,1988-10-05T00:00:00Z,315.12,314.62,NA,NA,NA,NA,NA,Special/Other,NA,NA,1,Department of Water Resources,NA,1,Department of Water Resources
36514,355222N1193605W001,725168,1988-10-04T00:00:00Z,315.12,314.62,0,254,61.12,254,253.5,NA,Unknown,Water level accuracy is unknown,1,Department of Water Resources,NA,5154,Shafter-Wasco Irrigation District
36514,355222N1193605W001,725167,1988-02-03T00:00:00Z,315.12,314.62,0,232,83.12,232,231.5,NA,Unknown,Water level accuracy is unknown,1,Department of Water Resources,NA,5154,Shafter-Wasco Irrigation District
36514,355222N1193605W001,725166,1988-01-27T00:00:00Z,315.12,314.62,NA,NA,NA,NA,NA,Special/Other,NA,NA,1,Department of Water Resources,NA,1,Department of Water Resources
36514,355222N1193605W001,725165,1987-10-07T00:00:00Z,315.12,314.62,0,246,69.12,246,245.5,NA,Unknown,Water level accuracy is unknown,1,Department of Water Resources,NA,5154,Shafter-Wasco Irrigation District
36514,355222N1193605W001,725164,1987-01-29T00:00:00Z,315.12,314.62,0,219,96.12,219,218.5,NA,Unknown,Water level accuracy is unknown,1,Department of Water Resources,NA,1,Department of Water Resources
36514,355222N1193605W001,725163,1987-01-28T00:00:00Z,315.12,314.62,0,222,93.12,222,221.5,NA,Unknown,Water level accuracy is unknown,1,Department of Water Resources,NA,5154,Shafter-Wasco Irrigation District
36514,355222N1193605W001,725162,1986-10-02T00:00:00Z,315.12,314.62,NA,NA,NA,NA,NA,Special/Other,NA,NA,1,Department of Water Resources,NA,624,Bureau of Reclamation
36514,355222N1193605W001,725161,1986-09-30T00:00:00Z,315.12,314.62,0,242,73.12,242,241.5,NA,Unknown,Water level accuracy is unknown,1,Department of Water Resources,NA,624,Bureau of Reclamation
36514,355222N1193605W001,725160,1986-01-31T00:00:00Z,315.12,314.62,0,231.5,83.62,231.5,231,NA,Unknown,Water level accuracy is unknown,1,Department of Water Resources,NA,624,Bureau of Reclamation
36514,355222N1193605W001,725159,1986-01-28T00:00:00Z,315.12,314.62,0,237,78.12,237,236.5,NA,Unknown,Water level accuracy is unknown,1,Department of Water Resources,NA,624,Bureau of Reclamation
36514,355222N1193605W001,725158,1985-10-03T00:00:00Z,315.12,314.62,NA,NA,NA,NA,NA,Special/Other,NA,NA,1,Department of Water Resources,NA,624,Bureau of Reclamation
36514,355222N1193605W001,725157,1985-10-02T00:00:00Z,315.12,314.62,0,250,65.12,250,249.5,NA,Unknown,Water level accuracy is unknown,1,Department of Water Resources,NA,624,Bureau of Reclamation
36514,355222N1193605W001,725156,1985-02-14T00:00:00Z,315.12,314.62,NA,NA,NA,NA,NA,Special/Other,NA,NA,1,Department of Water Resources,NA,624,Bureau of Reclamation
36514,355222N1193605W001,725155,1985-01-28T00:00:00Z,315.12,314.62,0,242,73.12,242,241.5,NA,Unknown,Water level accuracy is unknown,1,Department of Water Resources,NA,624,Bureau of Reclamation
36514,355222N1193605W001,725154,1984-10-10T00:00:00Z,315.12,314.62,NA,NA,NA,NA,NA,Special/Other,NA,NA,1,Department of Water Resources,NA,624,Bureau of Reclamation
36514,355222N1193605W001,725153,1984-10-02T00:00:00Z,315.12,314.62,0,249,66.12,249,248.5,NA,Unknown,Water level accuracy is unknown,1,Department of Water Resources,NA,624,Bureau of Reclamation
36514,355222N1193605W001,725152,1984-03-08T00:00:00Z,315.12,314.62,NA,NA,NA,NA,NA,Special/Other,NA,NA,1,Department of Water Resources,NA,624,Bureau of Reclamation
36514,355222N1193605W001,725151,1984-01-31T00:00:00Z,315.12,314.62,0,242,73.12,242,241.5,NA,Unknown,Water level accuracy is unknown,1,Department of Water Resources,NA,624,Bureau of Reclamation
36514,355222N1193605W001,725150,1983-10-30T00:00:00Z,315.12,314.62,NA,NA,NA,NA,NA,Special/Other,NA,NA,1,Department of Water Resources,NA,624,Bureau of Reclamation
36514,355222N1193605W001,725149,1983-09-26T00:00:00Z,315.12,314.62,0,254,61.12,254,253.5,NA,Unknown,Water level accuracy is unknown,1,Department of Water Resources,NA,624,Bureau of Reclamation
36514,355222N1193605W001,725148,1983-01-28T00:00:00Z,315.12,314.62,0,243,72.12,243,242.5,NA,Unknown,Water level accuracy is unknown,1,Department of Water Resources,NA,1070,TENNECO-WEST
36514,355222N1193605W001,725147,1983-01-25T00:00:00Z,315.12,314.62,0,256,59.12,256,255.5,NA,Unknown,Water level accuracy is unknown,1,Department of Water Resources,NA,5154,Shafter-Wasco Irrigation District
36514,355222N1193605W001,725146,1982-09-27T00:00:00Z,315.12,314.62,0,268,47.12,268,267.5,NA,Unknown,Water level accuracy is unknown,1,Department of Water Resources,NA,5154,Shafter-Wasco Irrigation District
36514,355222N1193605W001,725145,1982-08-13T00:00:00Z,315.12,314.62,NA,NA,NA,NA,NA,Pumping,NA,NA,1,Department of Water Resources,NA,1070,TENNECO-WEST
36514,355222N1193605W001,725144,1982-02-09T00:00:00Z,315.12,314.62,0,264,51.12,264,263.5,NA,Unknown,Water level accuracy is unknown,1,Department of Water Resources,NA,624,Bureau of Reclamation
36514,355222N1193605W001,725143,1982-01-27T00:00:00Z,315.12,314.62,0,270,45.12,270,269.5,NA,Unknown,Water level accuracy is unknown,1,Department of Water Resources,NA,624,Bureau of Reclamation
36514,355222N1193605W001,725142,1981-09-23T00:00:00Z,315.12,314.62,0,273,42.12,273,272.5,NA,Unknown,Water level accuracy is unknown,1,Department of Water Resources,NA,624,Bureau of Reclamation
36514,355222N1193605W001,725141,1981-08-19T00:00:00Z,315.12,314.62,0,288,27.12,288,287.5,NA,Unknown,Water level accuracy is unknown,1,Department of Water Resources,NA,624,Bureau of Reclamation
36514,355222N1193605W001,725140,1981-02-04T00:00:00Z,315.12,314.62,0,258,57.12,258,257.5,NA,Unknown,Water level accuracy is unknown,1,Department of Water Resources,NA,1070,TENNECO-WEST
36514,355222N1193605W001,725139,1981-01-27T00:00:00Z,315.12,314.62,0,268,47.12,268,267.5,NA,Unknown,Water level accuracy is unknown,1,Department of Water Resources,NA,5154,Shafter-Wasco Irrigation District
36514,355222N1193605W001,725138,1980-09-23T00:00:00Z,315.12,314.62,0,283,32.12,283,282.5,NA,Unknown,Water level accuracy is unknown,1,Department of Water Resources,NA,5154,Shafter-Wasco Irrigation District
36514,355222N1193605W001,725137,1980-08-12T00:00:00Z,315.12,314.62,NA,NA,NA,NA,NA,Pumping,NA,NA,1,Department of Water Resources,NA,1070,TENNECO-WEST
36514,355222N1193605W001,725136,1980-01-24T00:00:00Z,315.12,314.62,NA,NA,NA,NA,NA,Special/Other,NA,NA,1,Department of Water Resources,NA,1070,TENNECO-WEST
36514,355222N1193605W001,725135,1980-01-22T00:00:00Z,315.12,314.62,0,274,41.12,274,273.5,NA,Unknown,Water level accuracy is unknown,1,Department of Water Resources,NA,5154,Shafter-Wasco Irrigation District
36514,355222N1193605W001,725134,1979-09-25T00:00:00Z,315.12,314.62,0,275,40.12,275,274.5,NA,Unknown,Water level accuracy is unknown,1,Department of Water Resources,NA,5154,Shafter-Wasco Irrigation District
36514,355222N1193605W001,725133,1979-08-21T00:00:00Z,315.12,314.62,NA,NA,NA,NA,NA,Special/Other,NA,NA,1,Department of Water Resources,NA,1070,TENNECO-WEST
36514,355222N1193605W001,725132,1979-01-23T00:00:00Z,315.12,314.62,0,272,43.12,272,271.5,NA,Unknown,Water level accuracy is unknown,1,Department of Water Resources,NA,5154,Shafter-Wasco Irrigation District
36514,355222N1193605W001,725131,1978-10-03T00:00:00Z,315.12,314.62,0,276,39.12,276,275.5,NA,Unknown,Water level accuracy is unknown,1,Department of Water Resources,NA,5154,Shafter-Wasco Irrigation District
36514,355222N1193605W001,725130,1978-01-26T00:00:00Z,315.12,314.62,0,274,41.12,274,273.5,Casing leaking or wet,Unknown,Water level accuracy is unknown,1,Department of Water Resources,NA,5154,Shafter-Wasco Irrigation District
36514,355222N1193605W001,725129,1977-10-07T00:00:00Z,315.12,314.62,0,274,41.12,274,273.5,NA,Unknown,Water level accuracy is unknown,1,Department of Water Resources,NA,5154,Shafter-Wasco Irrigation District
36514,355222N1193605W001,725128,1977-01-26T00:00:00Z,315.12,314.62,NA,NA,NA,NA,NA,Casing leaking or wet,NA,NA,1,Department of Water Resources,NA,5154,Shafter-Wasco Irrigation District
36514,355222N1193605W001,725127,1976-10-05T00:00:00Z,315.12,314.62,0,311.6,3.52,311.6,311.1,NA,Unknown,Water level accuracy is unknown,1,Department of Water Resources,NA,5154,Shafter-Wasco Irrigation District
36514,355222N1193605W001,725126,1976-01-27T00:00:00Z,315.12,314.62,0,235.6,79.52,235.6,235.1,NA,Unknown,Water level accuracy is unknown,1,Department of Water Resources,NA,5154,Shafter-Wasco Irrigation District
36514,355222N1193605W001,725125,1975-09-25T00:00:00Z,315.12,314.62,0,234.5,80.62,234.5,234,NA,Unknown,Water level accuracy is unknown,1,Department of Water Resources,NA,5154,Shafter-Wasco Irrigation District
36514,355222N1193605W001,725124,1975-01-31T00:00:00Z,315.12,314.62,NA,NA,NA,NA,NA,Pumping,NA,NA,1,Department of Water Resources,NA,5154,Shafter-Wasco Irrigation District
36514,355222N1193605W001,725123,1974-09-25T00:00:00Z,315.12,314.62,0,279.5,35.62,279.5,279,NA,Unknown,Water level accuracy is unknown,1,Department of Water Resources,NA,5154,Shafter-Wasco Irrigation District
36514,355222N1193605W001,725122,1974-02-06T00:00:00Z,315.12,314.62,0,257,58.12,257,256.5,NA,Unknown,Water level accuracy is unknown,1,Department of Water Resources,NA,5154,Shafter-Wasco Irrigation District
36514,355222N1193605W001,725121,1973-01-31T00:00:00Z,315.12,314.62,0,250,65.12,250,249.5,NA,Unknown,Water level accuracy is unknown,1,Department of Water Resources,NA,5154,Shafter-Wasco Irrigation District
36514,355222N1193605W001,725120,1972-09-27T00:00:00Z,315.12,314.62,0,262.2,52.92,262.2,261.7,NA,Unknown,Water level accuracy is unknown,1,Department of Water Resources,NA,5154,Shafter-Wasco Irrigation District
36514,355222N1193605W001,725119,1972-01-26T00:00:00Z,315.12,314.62,0,262,53.12,262,261.5,NA,Unknown,Water level accuracy is unknown,1,Department of Water Resources,NA,5154,Shafter-Wasco Irrigation District
36514,355222N1193605W001,725118,1971-09-22T00:00:00Z,315.12,314.62,0,288,27.12,288,287.5,NA,Unknown,Water level accuracy is unknown,1,Department of Water Resources,NA,5154,Shafter-Wasco Irrigation District
36514,355222N1193605W001,725117,1971-02-03T00:00:00Z,315.12,314.62,0,217.5,97.62,217.5,217,NA,Unknown,Water level accuracy is unknown,1,Department of Water Resources,NA,1,Department of Water Resources
36514,355222N1193605W001,725116,1971-01-25T00:00:00Z,315.12,314.62,0,204,111.12,204,203.5,NA,Unknown,Water level accuracy is unknown,1,Department of Water Resources,NA,5154,Shafter-Wasco Irrigation District
36514,355222N1193605W001,725115,1970-01-20T00:00:00Z,315.12,314.62,0,219,96.12,219,218.5,NA,Unknown,Water level accuracy is unknown,1,Department of Water Resources,NA,5154,Shafter-Wasco Irrigation District
36514,355222N1193605W001,725114,1969-09-29T00:00:00Z,315.12,314.62,0,229,86.12,229,228.5,NA,Unknown,Water level accuracy is unknown,1,Department of Water Resources,NA,1114,KERN COUNTY LAND COMPANY
36514,355222N1193605W001,725113,1969-09-24T00:00:00Z,315.12,314.62,0,221,94.12,221,220.5,NA,Unknown,Water level accuracy is unknown,1,Department of Water Resources,NA,5154,Shafter-Wasco Irrigation District
