STN_ID,SITE_CODE,WLM_ID,MSMT_DATE,WLM_RPE,WLM_GSE,RDNG_WS,RDNG_RP,WSE,RPE_WSE,GSE_WSE,WLM_QA_DESC,WLM_DESC,WLM_ACC_DESC,WLM_ORG_ID,WLM_ORG_NAME,MSMT_CMT,COOP_AGENCY_ORG_ID,COOP_ORG_NAME
36716,353903N1191634W001,2241241,2017-03-15T12:00:00Z,360.01,358.91,NA,NA,NA,NA,NA,Special/Other,NA,NA,1,Department of Water Resources,Skip,1,Department of Water Resources
36716,353903N1191634W001,2188614,2016-03-09T12:00:00Z,360.01,358.91,NA,NA,NA,NA,NA,Special/Other,NA,NA,1,Department of Water Resources,NA,1,Department of Water Resources
36716,353903N1191634W001,2169969,2015-10-08T00:00:00Z,360.01,358.91,NA,NA,NA,NA,NA,Special/Other,NA,NA,1,Department of Water Resources,NA,1,Department of Water Resources
36716,353903N1191634W001,2135296,2015-03-03T10:30:00Z,360.01,358.91,NA,NA,NA,NA,NA,Special/Other,NA,NA,1,Department of Water Resources,NA,1,Department of Water Resources
36716,353903N1191634W001,2135536,2015-03-03T10:30:00Z,360.01,358.91,NA,NA,NA,NA,NA,Special/Other,NA,NA,1,Department of Water Resources,NA,1,Department of Water Resources
36716,353903N1191634W001,2108458,2014-10-07T12:00:00Z,360.01,358.91,NA,NA,NA,NA,NA,Special/Other,NA,NA,1,Department of Water Resources,NA,1,Department of Water Resources
36716,353903N1191634W001,1882555,2014-01-15T12:00:00Z,360.01,358.91,NA,NA,NA,NA,NA,Special/Other,NA,NA,1,Department of Water Resources,NA,1,Department of Water Resources
36716,353903N1191634W001,1812242,2013-10-30T12:00:00Z,360.01,358.91,NA,NA,NA,NA,NA,Measurement Discontinued,NA,NA,1,Department of Water Resources,NA,1,Department of Water Resources
36716,353903N1191634W001,1723721,2013-03-26T12:00:00Z,360.01,358.91,NA,NA,NA,NA,NA,Special/Other,NA,NA,1,Department of Water Resources,NA,1,Department of Water Resources
36716,353903N1191634W001,1821268,2012-10-11T12:00:00Z,360.01,358.91,NA,NA,NA,NA,NA,Special/Other,NA,NA,1,Department of Water Resources,NA,1,Department of Water Resources
36716,353903N1191634W001,66006,2012-01-18T12:00:00Z,360.01,358.91,NA,NA,NA,NA,NA,Special/Other,NA,NA,1,Department of Water Resources,NA,1,Department of Water Resources
36716,353903N1191634W001,741471,2010-10-28T00:00:00Z,360.01,358.91,NA,NA,NA,NA,NA,Special/Other,NA,NA,1,Department of Water Resources,N/A,1,Department of Water Resources
36716,353903N1191634W001,741470,2010-01-12T00:00:00Z,360.01,358.91,NA,NA,NA,NA,NA,Special/Other,NA,NA,1,Department of Water Resources,NA,1,Department of Water Resources
36716,353903N1191634W001,741469,2007-10-16T00:00:00Z,360.01,358.91,NA,NA,NA,NA,NA,Well has been destroyed,NA,NA,1,Department of Water Resources,NA,1,Department of Water Resources
36716,353903N1191634W001,741468,1997-10-07T00:00:00Z,360.01,358.91,NA,NA,NA,NA,NA,Can't get tape in casing,NA,NA,1,Department of Water Resources,NA,1,Department of Water Resources
36716,353903N1191634W001,741467,1996-01-09T00:00:00Z,360.01,358.91,NA,NA,NA,NA,NA,Can't get tape in casing,NA,NA,1,Department of Water Resources,NA,1,Department of Water Resources
36716,353903N1191634W001,741466,1995-01-24T00:00:00Z,360.01,358.91,0,200.1,159.91,200.1,199,Casing leaking or wet,Unknown,Water level accuracy is unknown,1,Department of Water Resources,NA,1,Department of Water Resources
36716,353903N1191634W001,741465,1994-01-25T00:00:00Z,360.01,358.91,NA,NA,NA,NA,NA,Pumping,NA,NA,1,Department of Water Resources,NA,1,Department of Water Resources
36716,353903N1191634W001,741464,1993-10-05T00:00:00Z,360.01,358.91,0,191.1,168.91,191.1,190,Acoustical sounder,Unknown,Water level accuracy is unknown,1,Department of Water Resources,NA,1,Department of Water Resources
36716,353903N1191634W001,741463,1993-01-26T00:00:00Z,360.01,358.91,0,179.1,180.91,179.1,178,Acoustical sounder,Unknown,Water level accuracy is unknown,1,Department of Water Resources,NA,1,Department of Water Resources
36716,353903N1191634W001,741462,1992-10-06T00:00:00Z,360.01,358.91,0,189.1,170.91,189.1,188,Acoustical sounder,Unknown,Water level accuracy is unknown,1,Department of Water Resources,NA,1,Department of Water Resources
36716,353903N1191634W001,741461,1992-01-28T00:00:00Z,360.01,358.91,0,171.1,188.91,171.1,170,NA,Unknown,Water level accuracy is unknown,1,Department of Water Resources,NA,1,Department of Water Resources
36716,353903N1191634W001,741460,1991-10-01T00:00:00Z,360.01,358.91,0,173.1,186.91,173.1,172,Acoustical sounder,Unknown,Water level accuracy is unknown,1,Department of Water Resources,NA,1,Department of Water Resources
36716,353903N1191634W001,741459,1991-01-29T00:00:00Z,360.01,358.91,0,145.1,214.91,145.1,144,Acoustical sounder,Unknown,Water level accuracy is unknown,1,Department of Water Resources,NA,1,Department of Water Resources
36716,353903N1191634W001,741458,1990-10-02T00:00:00Z,360.01,358.91,NA,NA,NA,NA,NA,Pumping,NA,NA,1,Department of Water Resources,NA,1,Department of Water Resources
36716,353903N1191634W001,741457,1990-01-23T00:00:00Z,360.01,358.91,NA,NA,NA,NA,NA,Special/Other,NA,NA,1,Department of Water Resources,NA,1,Department of Water Resources
36716,353903N1191634W001,741456,1989-10-03T00:00:00Z,360.01,358.91,0,135.1,224.91,135.1,134,Acoustical sounder,Unknown,Water level accuracy is unknown,1,Department of Water Resources,NA,1,Department of Water Resources
36716,353903N1191634W001,741455,1989-01-25T00:00:00Z,360.01,358.91,0,116.1,243.91,116.1,115,Acoustical sounder,Unknown,Water level accuracy is unknown,1,Department of Water Resources,NA,1,Department of Water Resources
36716,353903N1191634W001,741454,1988-10-05T00:00:00Z,360.01,358.91,NA,NA,NA,NA,NA,Can't get tape in casing,NA,NA,1,Department of Water Resources,NA,1,Department of Water Resources
36716,353903N1191634W001,741453,1988-01-27T00:00:00Z,360.01,358.91,NA,NA,NA,NA,NA,Special/Other,NA,NA,1,Department of Water Resources,NA,1,Department of Water Resources
36716,353903N1191634W001,741452,1987-10-07T00:00:00Z,360.01,358.91,0,120.1,239.91,120.1,119,Acoustical sounder,Unknown,Water level accuracy is unknown,1,Department of Water Resources,NA,1,Department of Water Resources
36716,353903N1191634W001,741451,1987-01-28T00:00:00Z,360.01,358.91,0,111.1,248.91,111.1,110,Acoustical sounder,Unknown,Water level accuracy is unknown,1,Department of Water Resources,NA,1,Department of Water Resources
36716,353903N1191634W001,741450,1986-10-01T00:00:00Z,360.01,358.91,0,119.1,240.91,119.1,118,Acoustical sounder,Unknown,Water level accuracy is unknown,1,Department of Water Resources,NA,624,Bureau of Reclamation
36716,353903N1191634W001,741449,1986-01-29T00:00:00Z,360.01,358.91,0,129.1,230.91,129.1,128,Acoustical sounder,Unknown,Water level accuracy is unknown,1,Department of Water Resources,NA,624,Bureau of Reclamation
36716,353903N1191634W001,741448,1985-10-03T00:00:00Z,360.01,358.91,0,126.1,233.91,126.1,125,Acoustical sounder,Unknown,Water level accuracy is unknown,1,Department of Water Resources,NA,624,Bureau of Reclamation
36716,353903N1191634W001,741447,1985-01-29T00:00:00Z,360.01,358.91,0,115,245.01,115,113.9,Acoustical sounder,Unknown,Water level accuracy is unknown,1,Department of Water Resources,NA,1,Department of Water Resources
36716,353903N1191634W001,741446,1984-10-03T00:00:00Z,360.01,358.91,0,141,219.01,141,139.9,Acoustical sounder,Unknown,Water level accuracy is unknown,1,Department of Water Resources,NA,1,Department of Water Resources
36716,353903N1191634W001,741445,1984-02-02T00:00:00Z,360.01,358.91,0,117.1,242.91,117.1,116,NA,Unknown,Water level accuracy is unknown,1,Department of Water Resources,NA,624,Bureau of Reclamation
36716,353903N1191634W001,741444,1983-09-29T00:00:00Z,360.01,358.91,NA,NA,NA,NA,NA,Pump house locked,NA,NA,1,Department of Water Resources,NA,624,Bureau of Reclamation
36716,353903N1191634W001,741443,1983-01-26T00:00:00Z,360.01,358.91,NA,NA,NA,NA,NA,Pump house locked,NA,NA,1,Department of Water Resources,NA,1,Department of Water Resources
36716,353903N1191634W001,741442,1982-09-30T00:00:00Z,360.01,358.91,NA,NA,NA,NA,NA,Can't get tape in casing,NA,NA,1,Department of Water Resources,NA,1,Department of Water Resources
36716,353903N1191634W001,741441,1982-01-27T00:00:00Z,360.01,358.91,NA,NA,NA,NA,NA,Pump house locked,NA,NA,1,Department of Water Resources,NA,624,Bureau of Reclamation
36716,353903N1191634W001,741440,1981-09-23T00:00:00Z,360.01,358.91,NA,NA,NA,NA,NA,Pumping,NA,NA,1,Department of Water Resources,NA,624,Bureau of Reclamation
36716,353903N1191634W001,741439,1981-01-28T00:00:00Z,360.01,358.91,NA,NA,NA,NA,NA,Pump house locked,NA,NA,1,Department of Water Resources,NA,1,Department of Water Resources
36716,353903N1191634W001,741438,1980-09-24T00:00:00Z,360.01,358.91,NA,NA,NA,NA,NA,Pump house locked,NA,NA,1,Department of Water Resources,NA,1,Department of Water Resources
36716,353903N1191634W001,741437,1980-01-22T00:00:00Z,360.01,358.91,NA,NA,NA,NA,NA,Pump house locked,NA,NA,1,Department of Water Resources,NA,1,Department of Water Resources
36716,353903N1191634W001,741436,1979-09-26T00:00:00Z,360.01,358.91,NA,NA,NA,NA,NA,Pumping,NA,NA,1,Department of Water Resources,NA,1,Department of Water Resources
36716,353903N1191634W001,741435,1979-01-24T00:00:00Z,360.01,358.91,NA,NA,NA,NA,NA,Pump house locked,NA,NA,1,Department of Water Resources,NA,1114,KERN COUNTY LAND COMPANY
36716,353903N1191634W001,741434,1978-10-03T00:00:00Z,360.01,358.91,0,163.1,196.91,163.1,162,NA,Unknown,Water level accuracy is unknown,1,Department of Water Resources,NA,1114,KERN COUNTY LAND COMPANY
36716,353903N1191634W001,741433,1978-01-24T00:00:00Z,360.01,358.91,0,153,207.01,153,151.9,NA,Unknown,Water level accuracy is unknown,1,Department of Water Resources,NA,1114,KERN COUNTY LAND COMPANY
36716,353903N1191634W001,741432,1977-10-07T00:00:00Z,360.01,358.91,0,169.1,190.91,169.1,168,NA,Unknown,Water level accuracy is unknown,1,Department of Water Resources,NA,1114,KERN COUNTY LAND COMPANY
36716,353903N1191634W001,741431,1977-01-26T00:00:00Z,360.01,358.91,0,150.1,209.91,150.1,149,NA,Unknown,Water level accuracy is unknown,1,Department of Water Resources,NA,1114,KERN COUNTY LAND COMPANY
36716,353903N1191634W001,741430,1976-10-06T00:00:00Z,360.01,358.91,NA,NA,NA,NA,NA,Pumping,NA,NA,1,Department of Water Resources,NA,1114,KERN COUNTY LAND COMPANY
36716,353903N1191634W001,741429,1976-01-27T00:00:00Z,360.01,358.91,0,141.1,218.91,141.1,140,NA,Unknown,Water level accuracy is unknown,1,Department of Water Resources,NA,1114,KERN COUNTY LAND COMPANY
36716,353903N1191634W001,741428,1975-09-23T00:00:00Z,360.01,358.91,NA,NA,NA,NA,NA,Pumping,NA,NA,1,Department of Water Resources,NA,1114,KERN COUNTY LAND COMPANY
36716,353903N1191634W001,741427,1975-01-28T00:00:00Z,360.01,358.91,0,126.1,233.91,126.1,125,NA,Unknown,Water level accuracy is unknown,1,Department of Water Resources,NA,1,Department of Water Resources
36716,353903N1191634W001,741426,1974-09-24T00:00:00Z,360.01,358.91,0,151.1,208.91,151.1,150,NA,Unknown,Water level accuracy is unknown,1,Department of Water Resources,NA,1,Department of Water Resources
36716,353903N1191634W001,741425,1974-01-29T00:00:00Z,360.01,358.91,0,130.1,229.91,130.1,129,NA,Unknown,Water level accuracy is unknown,1,Department of Water Resources,NA,1,Department of Water Resources
36716,353903N1191634W001,741424,1973-01-29T00:00:00Z,360.01,358.91,0,116.1,243.91,116.1,115,NA,Unknown,Water level accuracy is unknown,1,Department of Water Resources,NA,1,Department of Water Resources
36716,353903N1191634W001,741423,1972-09-27T00:00:00Z,360.01,358.91,NA,NA,NA,NA,NA,Pumping,NA,NA,1,Department of Water Resources,NA,1,Department of Water Resources
36716,353903N1191634W001,741422,1972-01-27T00:00:00Z,360.01,358.91,0,119.1,240.91,119.1,118,NA,Unknown,Water level accuracy is unknown,1,Department of Water Resources,NA,1,Department of Water Resources
36716,353903N1191634W001,741421,1971-09-23T00:00:00Z,360.01,358.91,0,132.1,227.91,132.1,131,NA,Unknown,Water level accuracy is unknown,1,Department of Water Resources,NA,1,Department of Water Resources
36716,353903N1191634W001,741420,1971-02-04T00:00:00Z,360.01,358.91,0,112.1,247.91,112.1,111,NA,Unknown,Water level accuracy is unknown,1,Department of Water Resources,NA,1,Department of Water Resources
