STN_ID,SITE_CODE,WLM_ID,MSMT_DATE,WLM_RPE,WLM_GSE,RDNG_WS,RDNG_RP,WSE,RPE_WSE,GSE_WSE,WLM_QA_DESC,WLM_DESC,WLM_ACC_DESC,WLM_ORG_ID,WLM_ORG_NAME,MSMT_CMT,COOP_AGENCY_ORG_ID,COOP_ORG_NAME
36931,354277N1193977W001,2241212,2017-03-14T12:00:00Z,282.65,282.65,NA,NA,NA,NA,NA,Special/Other,NA,NA,1,Department of Water Resources,Skip,1,Department of Water Resources
36931,354277N1193977W001,2188585,2016-03-09T12:00:00Z,282.65,282.65,NA,NA,NA,NA,NA,Special/Other,NA,NA,1,Department of Water Resources,NA,1,Department of Water Resources
36931,354277N1193977W001,2169940,2015-10-08T00:00:00Z,282.65,282.65,NA,NA,NA,NA,NA,Special/Other,NA,NA,1,Department of Water Resources,NA,1,Department of Water Resources
36931,354277N1193977W001,2135507,2015-03-03T08:05:00Z,282.65,282.65,NA,NA,NA,NA,NA,Special/Other,NA,NA,1,Department of Water Resources,NA,1,Department of Water Resources
36931,354277N1193977W001,2135267,2015-03-03T08:05:00Z,282.65,282.65,NA,NA,NA,NA,NA,Special/Other,NA,NA,1,Department of Water Resources,NA,1,Department of Water Resources
36931,354277N1193977W001,2108429,2014-09-30T12:00:00Z,282.65,282.65,NA,NA,NA,NA,NA,Special/Other,NA,NA,1,Department of Water Resources,NA,1,Department of Water Resources
36931,354277N1193977W001,1882526,2014-01-14T12:00:00Z,282.65,282.65,NA,NA,NA,NA,NA,Special/Other,NA,NA,1,Department of Water Resources,NA,1,Department of Water Resources
36931,354277N1193977W001,1812213,2013-10-30T12:00:00Z,282.65,282.65,NA,NA,NA,NA,NA,Measurement Discontinued,NA,NA,1,Department of Water Resources,NA,1,Department of Water Resources
36931,354277N1193977W001,1723692,2013-02-26T12:00:00Z,282.65,282.65,NA,NA,NA,NA,NA,Special/Other,NA,NA,1,Department of Water Resources,NA,1,Department of Water Resources
36931,354277N1193977W001,1821239,2012-10-11T12:00:00Z,282.65,282.65,NA,NA,NA,NA,NA,Special/Other,NA,NA,1,Department of Water Resources,NA,1,Department of Water Resources
36931,354277N1193977W001,65977,2012-01-18T12:00:00Z,282.65,282.65,NA,NA,NA,NA,NA,Special/Other,NA,NA,1,Department of Water Resources,NA,1,Department of Water Resources
36931,354277N1193977W001,735352,2010-10-28T00:00:00Z,282.65,282.65,NA,NA,NA,NA,NA,Special/Other,NA,NA,1,Department of Water Resources,N/A,1,Department of Water Resources
36931,354277N1193977W001,735351,2010-01-12T00:00:00Z,282.65,282.65,NA,NA,NA,NA,NA,Special/Other,NA,NA,1,Department of Water Resources,NA,1,Department of Water Resources
36931,354277N1193977W001,735350,2009-10-27T00:00:00Z,282.65,282.65,NA,NA,NA,NA,NA,Well has been destroyed,NA,NA,1,Department of Water Resources,NA,1,Department of Water Resources
36931,354277N1193977W001,735348,2009-01-20T00:00:00Z,282.65,282.65,NA,NA,NA,NA,NA,Well has been destroyed,NA,NA,1,Department of Water Resources,NA,1,Department of Water Resources
36931,354277N1193977W001,735347,2008-10-07T00:00:00Z,282.65,282.65,NA,NA,NA,NA,NA,Well has been destroyed,NA,NA,1,Department of Water Resources,NA,1,Department of Water Resources
36931,354277N1193977W001,735346,2008-01-30T00:00:00Z,282.65,282.65,NA,NA,NA,NA,NA,Well has been destroyed,NA,NA,1,Department of Water Resources,NA,1,Department of Water Resources
36931,354277N1193977W001,735345,2007-10-16T00:00:00Z,282.65,282.65,NA,NA,NA,NA,NA,Special/Other,NA,NA,1,Department of Water Resources,NA,1,Department of Water Resources
36931,354277N1193977W001,735344,2007-01-11T00:00:00Z,282.65,282.65,NA,NA,NA,NA,NA,Well has been destroyed,NA,NA,1,Department of Water Resources,NA,1,Department of Water Resources
36931,354277N1193977W001,735349,2006-10-17T00:00:00Z,282.65,282.65,NA,NA,NA,NA,NA,Well has been destroyed,NA,NA,1,Department of Water Resources,NA,1,Department of Water Resources
36931,354277N1193977W001,735343,2006-01-11T00:00:00Z,282.65,282.65,NA,NA,NA,NA,NA,Well has been destroyed,NA,NA,1,Department of Water Resources,NA,1,Department of Water Resources
36931,354277N1193977W001,735342,2005-10-18T00:00:00Z,282.65,282.65,NA,NA,NA,NA,NA,Well has been destroyed,NA,NA,1,Department of Water Resources,NA,1,Department of Water Resources
36931,354277N1193977W001,735341,2005-01-25T00:00:00Z,282.65,282.65,NA,NA,NA,NA,NA,Well has been destroyed,NA,NA,1,Department of Water Resources,NA,1,Department of Water Resources
36931,354277N1193977W001,735340,2004-11-04T00:00:00Z,282.65,282.65,NA,NA,NA,NA,NA,Well has been destroyed,NA,NA,1,Department of Water Resources,NA,1,Department of Water Resources
36931,354277N1193977W001,735339,2004-01-27T00:00:00Z,282.65,282.65,NA,NA,NA,NA,NA,Well has been destroyed,NA,NA,1,Department of Water Resources,NA,1,Department of Water Resources
36931,354277N1193977W001,735338,2003-10-28T00:00:00Z,282.65,282.65,NA,NA,NA,NA,NA,Well has been destroyed,NA,NA,1,Department of Water Resources,NA,1,Department of Water Resources
36931,354277N1193977W001,735336,2003-01-28T00:00:00Z,282.65,282.65,NA,NA,NA,NA,NA,Well has been destroyed,NA,NA,1,Department of Water Resources,NA,1,Department of Water Resources
36931,354277N1193977W001,735337,2002-11-04T00:00:00Z,282.65,282.65,NA,NA,NA,NA,NA,Well has been destroyed,NA,NA,1,Department of Water Resources,NA,1,Department of Water Resources
36931,354277N1193977W001,735334,2002-01-08T00:00:00Z,282.65,282.65,0,135,147.65,135,135,Acoustical sounder,Unknown,Water level accuracy is unknown,1,Department of Water Resources,-4,1,Department of Water Resources
36931,354277N1193977W001,735333,2001-10-02T00:00:00Z,282.65,282.65,0,135,147.65,135,135,Acoustical sounder,Unknown,Water level accuracy is unknown,1,Department of Water Resources,NA,1,Department of Water Resources
36931,354277N1193977W001,735335,2001-01-23T00:00:00Z,282.65,282.65,0,135,147.65,135,135,Acoustical sounder,Unknown,Water level accuracy is unknown,1,Department of Water Resources,NA,1,Department of Water Resources
36931,354277N1193977W001,735332,2000-01-04T00:00:00Z,282.65,282.65,0,133,149.65,133,133,Acoustical sounder,Unknown,Water level accuracy is unknown,1,Department of Water Resources,NA,1,Department of Water Resources
36931,354277N1193977W001,735331,1999-10-05T00:00:00Z,282.65,282.65,0,139,143.65,139,139,Acoustical sounder,Unknown,Water level accuracy is unknown,1,Department of Water Resources,NA,1,Department of Water Resources
36931,354277N1193977W001,735330,1999-01-05T00:00:00Z,282.65,282.65,0,142,140.65,142,142,Acoustical sounder,Unknown,Water level accuracy is unknown,1,Department of Water Resources,NA,1,Department of Water Resources
36931,354277N1193977W001,735329,1998-10-06T00:00:00Z,282.65,282.65,0,138,144.65,138,138,Acoustical sounder,Unknown,Water level accuracy is unknown,1,Department of Water Resources,NA,1,Department of Water Resources
36931,354277N1193977W001,735328,1998-01-06T00:00:00Z,282.65,282.65,0,148,134.65,148,148,Acoustical sounder,Unknown,Water level accuracy is unknown,1,Department of Water Resources,NA,1,Department of Water Resources
36931,354277N1193977W001,735327,1997-10-07T00:00:00Z,282.65,282.65,0,142,140.65,142,142,Acoustical sounder,Unknown,Water level accuracy is unknown,1,Department of Water Resources,NA,1,Department of Water Resources
36931,354277N1193977W001,735326,1997-01-07T00:00:00Z,282.65,282.65,0,153,129.65,153,153,Acoustical sounder,Unknown,Water level accuracy is unknown,1,Department of Water Resources,NA,1,Department of Water Resources
36931,354277N1193977W001,735325,1995-10-03T00:00:00Z,282.65,282.65,0,187,95.65,187,187,Acoustical sounder,Unknown,Water level accuracy is unknown,1,Department of Water Resources,NA,1,Department of Water Resources
36931,354277N1193977W001,735324,1995-01-25T00:00:00Z,282.65,282.65,0,165,117.65,165,165,Casing leaking or wet,Unknown,Water level accuracy is unknown,1,Department of Water Resources,NA,1,Department of Water Resources
36931,354277N1193977W001,735323,1994-10-04T00:00:00Z,282.65,282.65,0,169,113.65,169,169,NA,Unknown,Water level accuracy is unknown,1,Department of Water Resources,NA,1,Department of Water Resources
36931,354277N1193977W001,735322,1994-01-25T00:00:00Z,282.65,282.65,0,160,122.65,160,160,Acoustical sounder,Unknown,Water level accuracy is unknown,1,Department of Water Resources,NA,1,Department of Water Resources
36931,354277N1193977W001,735321,1993-10-05T00:00:00Z,282.65,282.65,0,161,121.65,161,161,Acoustical sounder,Unknown,Water level accuracy is unknown,1,Department of Water Resources,NA,1,Department of Water Resources
36931,354277N1193977W001,735320,1993-01-26T00:00:00Z,282.65,282.65,0,162,120.65,162,162,Acoustical sounder,Unknown,Water level accuracy is unknown,1,Department of Water Resources,NA,1,Department of Water Resources
36931,354277N1193977W001,735319,1992-10-06T00:00:00Z,282.65,282.65,NA,NA,NA,NA,NA,Pumping,NA,NA,1,Department of Water Resources,NA,1,Department of Water Resources
36931,354277N1193977W001,735318,1992-01-28T00:00:00Z,282.65,282.65,0,186,96.65,186,186,Acoustical sounder,Unknown,Water level accuracy is unknown,1,Department of Water Resources,NA,1,Department of Water Resources
36931,354277N1193977W001,735317,1991-10-01T00:00:00Z,282.65,282.65,NA,NA,NA,NA,NA,Temporarily inaccessible,NA,NA,1,Department of Water Resources,NA,1,Department of Water Resources
36931,354277N1193977W001,735316,1991-01-29T00:00:00Z,282.65,282.65,NA,NA,NA,NA,NA,Pumping,NA,NA,1,Department of Water Resources,NA,1,Department of Water Resources
36931,354277N1193977W001,735315,1990-10-02T00:00:00Z,282.65,282.65,0,153,129.65,153,153,Acoustical sounder,Unknown,Water level accuracy is unknown,1,Department of Water Resources,NA,1,Department of Water Resources
36931,354277N1193977W001,735314,1990-01-23T00:00:00Z,282.65,282.65,0,144,138.65,144,144,Acoustical sounder,Unknown,Water level accuracy is unknown,1,Department of Water Resources,NA,1,Department of Water Resources
36931,354277N1193977W001,735313,1989-10-03T00:00:00Z,282.65,282.65,0,154,128.65,154,154,Acoustical sounder,Unknown,Water level accuracy is unknown,1,Department of Water Resources,NA,1,Department of Water Resources
36931,354277N1193977W001,735312,1989-01-25T00:00:00Z,282.65,282.65,0,139,143.65,139,139,Acoustical sounder,Unknown,Water level accuracy is unknown,1,Department of Water Resources,NA,1,Department of Water Resources
36931,354277N1193977W001,735311,1988-10-05T00:00:00Z,282.65,282.65,0,154,128.65,154,154,Acoustical sounder,Unknown,Water level accuracy is unknown,1,Department of Water Resources,NA,1,Department of Water Resources
36931,354277N1193977W001,735310,1988-01-27T00:00:00Z,282.65,282.65,0,154,128.65,154,154,Acoustical sounder,Unknown,Water level accuracy is unknown,1,Department of Water Resources,NA,1,Department of Water Resources
36931,354277N1193977W001,735309,1987-10-07T00:00:00Z,282.65,282.65,0,159,123.65,159,159,Acoustical sounder,Unknown,Water level accuracy is unknown,1,Department of Water Resources,NA,1,Department of Water Resources
36931,354277N1193977W001,735308,1987-01-27T00:00:00Z,282.65,282.65,0,155,127.65,155,155,Acoustical sounder,Unknown,Water level accuracy is unknown,1,Department of Water Resources,NA,1,Department of Water Resources
