STN_ID,SITE_CODE,WLM_ID,MSMT_DATE,WLM_RPE,WLM_GSE,RDNG_WS,RDNG_RP,WSE,RPE_WSE,GSE_WSE,WLM_QA_DESC,WLM_DESC,WLM_ACC_DESC,WLM_ORG_ID,WLM_ORG_NAME,MSMT_CMT,COOP_AGENCY_ORG_ID,COOP_ORG_NAME
37144,354742N1195282W001,724671,2011-01-19T00:00:00Z,259.7,258.5,0,29.7,230,29.7,28.5,NA,Unknown,Water level accuracy is unknown,1,Department of Water Resources,NA,863,Buena Vista Water Storage District
37144,354742N1195282W001,724670,2002-09-23T00:00:00Z,259.7,258.5,0,26.6,233.1,26.6,25.4,NA,Unknown,Water level accuracy is unknown,1,Department of Water Resources,NA,863,Buena Vista Water Storage District
37144,354742N1195282W001,724668,2002-01-01T00:00:00Z,259.7,258.5,0,48.8,210.9,48.8,47.6,NA,Unknown,Water level accuracy is unknown,1,Department of Water Resources,HOUCHIN,863,Buena Vista Water Storage District
37144,354742N1195282W001,724667,2001-10-01T00:00:00Z,259.7,258.5,0,45,214.7,45,43.8,NA,Unknown,Water level accuracy is unknown,1,Department of Water Resources,NA,863,Buena Vista Water Storage District
37144,354742N1195282W001,724669,2001-03-21T00:00:00Z,259.7,258.5,0,14.8,244.9,14.8,13.6,NA,Unknown,Water level accuracy is unknown,1,Department of Water Resources,NA,863,Buena Vista Water Storage District
37144,354742N1195282W001,724666,2000-03-01T00:00:00Z,259.7,258.5,0,12.8,246.9,12.8,11.6,NA,Unknown,Water level accuracy is unknown,1,Department of Water Resources,NA,863,Buena Vista Water Storage District
37144,354742N1195282W001,724665,1999-10-01T00:00:00Z,259.7,258.5,0,11.9,247.8,11.9,10.7,NA,Unknown,Water level accuracy is unknown,1,Department of Water Resources,NA,863,Buena Vista Water Storage District
37144,354742N1195282W001,724664,1999-01-02T00:00:00Z,259.7,258.5,0,11.4,248.3,11.4,10.2,NA,Unknown,Water level accuracy is unknown,1,Department of Water Resources,NA,863,Buena Vista Water Storage District
37144,354742N1195282W001,724663,1998-01-05T00:00:00Z,259.7,258.5,0,12.9,246.8,12.9,11.7,NA,Unknown,Water level accuracy is unknown,1,Department of Water Resources,NA,863,Buena Vista Water Storage District
37144,354742N1195282W001,724662,1997-09-23T00:00:00Z,259.7,258.5,0,14.5,245.2,14.5,13.3,NA,Unknown,Water level accuracy is unknown,1,Department of Water Resources,NA,863,Buena Vista Water Storage District
37144,354742N1195282W001,724661,1997-03-20T00:00:00Z,259.7,258.5,0,14.2,245.5,14.2,13,NA,Unknown,Water level accuracy is unknown,1,Department of Water Resources,NA,863,Buena Vista Water Storage District
37144,354742N1195282W001,724660,1996-09-24T00:00:00Z,259.7,258.5,0,16.7,243,16.7,15.5,NA,Unknown,Water level accuracy is unknown,1,Department of Water Resources,NA,863,Buena Vista Water Storage District
37144,354742N1195282W001,724659,1996-03-13T00:00:00Z,259.7,258.5,0,19.5,240.2,19.5,18.3,NA,Unknown,Water level accuracy is unknown,1,Department of Water Resources,NA,863,Buena Vista Water Storage District
37144,354742N1195282W001,724658,1995-10-02T00:00:00Z,259.7,258.5,0,20.5,239.2,20.5,19.3,NA,Unknown,Water level accuracy is unknown,1,Department of Water Resources,NA,863,Buena Vista Water Storage District
37144,354742N1195282W001,724657,1995-03-29T00:00:00Z,259.7,258.5,0,22,237.7,22,20.8,NA,Unknown,Water level accuracy is unknown,1,Department of Water Resources,NA,863,Buena Vista Water Storage District
37144,354742N1195282W001,724656,1994-09-28T00:00:00Z,259.7,258.5,0,54.7,205,54.7,53.5,NA,Unknown,Water level accuracy is unknown,1,Department of Water Resources,NA,863,Buena Vista Water Storage District
37144,354742N1195282W001,724655,1994-03-07T00:00:00Z,259.7,258.5,0,29.1,230.6,29.1,27.9,NA,Unknown,Water level accuracy is unknown,1,Department of Water Resources,NA,863,Buena Vista Water Storage District
37144,354742N1195282W001,724654,1993-09-21T00:00:00Z,259.7,258.5,0,28,231.7,28,26.8,NA,Unknown,Water level accuracy is unknown,1,Department of Water Resources,NA,863,Buena Vista Water Storage District
37144,354742N1195282W001,724653,1993-03-24T00:00:00Z,259.7,258.5,0,38.1,221.6,38.1,36.9,NA,Unknown,Water level accuracy is unknown,1,Department of Water Resources,NA,863,Buena Vista Water Storage District
37144,354742N1195282W001,724652,1992-09-22T00:00:00Z,259.7,258.5,0,30.8,228.9,30.8,29.6,NA,Unknown,Water level accuracy is unknown,1,Department of Water Resources,NA,863,Buena Vista Water Storage District
37144,354742N1195282W001,724651,1992-03-26T00:00:00Z,259.7,258.5,0,32.2,227.5,32.2,31,NA,Unknown,Water level accuracy is unknown,1,Department of Water Resources,NA,863,Buena Vista Water Storage District
37144,354742N1195282W001,724650,1991-09-09T00:00:00Z,259.7,258.5,0,42,217.7,42,40.8,NA,Unknown,Water level accuracy is unknown,1,Department of Water Resources,NA,863,Buena Vista Water Storage District
37144,354742N1195282W001,724649,1991-03-12T00:00:00Z,259.7,258.5,0,32.4,227.3,32.4,31.2,NA,Unknown,Water level accuracy is unknown,1,Department of Water Resources,NA,863,Buena Vista Water Storage District
37144,354742N1195282W001,724648,1990-05-11T00:00:00Z,259.7,258.5,NA,NA,NA,NA,NA,Special/Other,NA,NA,1,Department of Water Resources,NA,863,Buena Vista Water Storage District
37144,354742N1195282W001,724647,1989-10-10T00:00:00Z,259.7,258.5,NA,NA,NA,NA,NA,Special/Other,NA,NA,1,Department of Water Resources,NA,863,Buena Vista Water Storage District
37144,354742N1195282W001,724646,1989-03-21T00:00:00Z,259.7,258.5,0,47.6,212.1,47.6,46.4,NA,Unknown,Water level accuracy is unknown,1,Department of Water Resources,NA,863,Buena Vista Water Storage District
37144,354742N1195282W001,724645,1988-10-01T00:00:00Z,259.7,258.5,NA,NA,NA,NA,NA,Special/Other,NA,NA,1,Department of Water Resources,NA,863,Buena Vista Water Storage District
37144,354742N1195282W001,724644,1988-04-04T00:00:00Z,259.7,258.5,NA,NA,NA,NA,NA,Pumping,NA,NA,1,Department of Water Resources,NA,863,Buena Vista Water Storage District
37144,354742N1195282W001,724643,1987-10-07T00:00:00Z,259.7,258.5,0,17,242.7,17,15.8,NA,Unknown,Water level accuracy is unknown,1,Department of Water Resources,NA,863,Buena Vista Water Storage District
37144,354742N1195282W001,724642,1987-04-15T00:00:00Z,259.7,258.5,0,28.9,230.8,28.9,27.7,NA,Unknown,Water level accuracy is unknown,1,Department of Water Resources,NA,863,Buena Vista Water Storage District
37144,354742N1195282W001,724641,1986-01-02T00:00:00Z,259.7,258.5,0,11.4,248.3,11.4,10.2,NA,Unknown,Water level accuracy is unknown,1,Department of Water Resources,NA,624,Bureau of Reclamation
37144,354742N1195282W001,724640,1985-09-12T00:00:00Z,259.7,258.5,0,12.1,247.6,12.1,10.9,NA,Unknown,Water level accuracy is unknown,1,Department of Water Resources,NA,624,Bureau of Reclamation
37144,354742N1195282W001,724639,1985-01-15T00:00:00Z,259.7,258.5,0,11.9,247.8,11.9,10.7,NA,Unknown,Water level accuracy is unknown,1,Department of Water Resources,NA,624,Bureau of Reclamation
37144,354742N1195282W001,724638,1984-09-01T00:00:00Z,259.7,258.5,0,26.6,233.1,26.6,25.4,NA,Unknown,Water level accuracy is unknown,1,Department of Water Resources,NA,624,Bureau of Reclamation
37144,354742N1195282W001,724637,1984-04-04T00:00:00Z,259.7,258.5,0,11.2,248.5,11.2,10,NA,Unknown,Water level accuracy is unknown,1,Department of Water Resources,NA,624,Bureau of Reclamation
37144,354742N1195282W001,724636,1983-11-01T00:00:00Z,259.7,258.5,0,13.8,245.9,13.8,12.6,NA,Unknown,Water level accuracy is unknown,1,Department of Water Resources,NA,624,Bureau of Reclamation
37144,354742N1195282W001,724635,1983-03-10T00:00:00Z,259.7,258.5,0,15.4,244.3,15.4,14.2,NA,Unknown,Water level accuracy is unknown,1,Department of Water Resources,NA,863,Buena Vista Water Storage District
37144,354742N1195282W001,724634,1982-10-04T00:00:00Z,259.7,258.5,0,16.4,243.3,16.4,15.2,NA,Unknown,Water level accuracy is unknown,1,Department of Water Resources,NA,863,Buena Vista Water Storage District
37144,354742N1195282W001,724633,1982-02-02T00:00:00Z,259.7,258.5,0,33.9,225.8,33.9,32.7,NA,Unknown,Water level accuracy is unknown,1,Department of Water Resources,NA,624,Bureau of Reclamation
37144,354742N1195282W001,724632,1981-10-01T00:00:00Z,259.7,258.5,0,33.9,225.8,33.9,32.7,NA,Unknown,Water level accuracy is unknown,1,Department of Water Resources,NA,624,Bureau of Reclamation
37144,354742N1195282W001,724631,1981-02-02T00:00:00Z,259.7,258.5,0,28.8,230.9,28.8,27.6,NA,Unknown,Water level accuracy is unknown,1,Department of Water Resources,NA,863,Buena Vista Water Storage District
37144,354742N1195282W001,724630,1980-10-01T00:00:00Z,259.7,258.5,0,24.3,235.4,24.3,23.1,NA,Unknown,Water level accuracy is unknown,1,Department of Water Resources,NA,863,Buena Vista Water Storage District
37144,354742N1195282W001,724629,1980-02-04T00:00:00Z,259.7,258.5,0,38.3,221.4,38.3,37.1,NA,Unknown,Water level accuracy is unknown,1,Department of Water Resources,NA,863,Buena Vista Water Storage District
37144,354742N1195282W001,724628,1979-10-01T00:00:00Z,259.7,258.5,0,73.2,186.5,73.2,72,NA,Unknown,Water level accuracy is unknown,1,Department of Water Resources,NA,863,Buena Vista Water Storage District
37144,354742N1195282W001,724627,1979-02-02T00:00:00Z,259.7,258.5,0,32.5,227.2,32.5,31.3,NA,Unknown,Water level accuracy is unknown,1,Department of Water Resources,NA,863,Buena Vista Water Storage District
37144,354742N1195282W001,724626,1978-02-02T00:00:00Z,259.7,258.5,0,34.4,225.3,34.4,33.2,NA,Unknown,Water level accuracy is unknown,1,Department of Water Resources,NA,863,Buena Vista Water Storage District
37144,354742N1195282W001,724625,1977-10-03T00:00:00Z,259.7,258.5,0,40,219.7,40,38.8,NA,Unknown,Water level accuracy is unknown,1,Department of Water Resources,NA,863,Buena Vista Water Storage District
37144,354742N1195282W001,724624,1977-02-01T00:00:00Z,259.7,258.5,0,78.8,180.9,78.8,77.6,NA,Unknown,Water level accuracy is unknown,1,Department of Water Resources,NA,863,Buena Vista Water Storage District
37144,354742N1195282W001,724623,1976-10-04T00:00:00Z,259.7,258.5,NA,NA,NA,NA,NA,Pumping,NA,NA,1,Department of Water Resources,NA,863,Buena Vista Water Storage District
37144,354742N1195282W001,724622,1976-07-27T00:00:00Z,259.7,258.5,0,90.3,169.4,90.3,89.1,NA,Unknown,Water level accuracy is unknown,1,Department of Water Resources,NA,863,Buena Vista Water Storage District
37144,354742N1195282W001,724621,1976-02-01T00:00:00Z,259.7,258.5,0,31.9,227.8,31.9,30.7,NA,Unknown,Water level accuracy is unknown,1,Department of Water Resources,NA,863,Buena Vista Water Storage District
37144,354742N1195282W001,724620,1975-10-01T00:00:00Z,259.7,258.5,0,35.5,224.2,35.5,34.3,NA,Unknown,Water level accuracy is unknown,1,Department of Water Resources,NA,863,Buena Vista Water Storage District
37144,354742N1195282W001,724619,1975-02-01T00:00:00Z,259.7,258.5,0,42.3,217.4,42.3,41.1,NA,Unknown,Water level accuracy is unknown,1,Department of Water Resources,NA,863,Buena Vista Water Storage District
37144,354742N1195282W001,724618,1974-10-01T00:00:00Z,259.7,258.5,0,34.2,225.5,34.2,33,NA,Unknown,Water level accuracy is unknown,1,Department of Water Resources,NA,863,Buena Vista Water Storage District
37144,354742N1195282W001,724617,1974-03-01T00:00:00Z,259.7,258.5,0,27.9,231.8,27.9,26.7,NA,Unknown,Water level accuracy is unknown,1,Department of Water Resources,NA,863,Buena Vista Water Storage District
37144,354742N1195282W001,724616,1973-10-01T00:00:00Z,259.7,258.5,0,35.8,223.9,35.8,34.6,NA,Unknown,Water level accuracy is unknown,1,Department of Water Resources,NA,863,Buena Vista Water Storage District
37144,354742N1195282W001,724615,1973-03-01T00:00:00Z,259.7,258.5,0,61.2,198.5,61.2,60,NA,Unknown,Water level accuracy is unknown,1,Department of Water Resources,NA,863,Buena Vista Water Storage District
37144,354742N1195282W001,724614,1972-10-03T00:00:00Z,259.7,258.5,0,34.7,225,34.7,33.5,NA,Unknown,Water level accuracy is unknown,1,Department of Water Resources,NA,863,Buena Vista Water Storage District
37144,354742N1195282W001,724613,1972-03-01T00:00:00Z,259.7,258.5,NA,NA,NA,NA,NA,Pumping,NA,NA,1,Department of Water Resources,NA,863,Buena Vista Water Storage District
37144,354742N1195282W001,724612,1971-10-02T00:00:00Z,259.7,258.5,0,29.6,230.1,29.6,28.4,NA,Unknown,Water level accuracy is unknown,1,Department of Water Resources,NA,863,Buena Vista Water Storage District
37144,354742N1195282W001,724611,1971-02-01T00:00:00Z,259.7,258.5,0,33.1,226.6,33.1,31.9,NA,Unknown,Water level accuracy is unknown,1,Department of Water Resources,NA,863,Buena Vista Water Storage District
37144,354742N1195282W001,724610,1970-02-03T00:00:00Z,259.7,258.5,0,26.8,232.9,26.8,25.6,NA,Unknown,Water level accuracy is unknown,1,Department of Water Resources,NA,863,Buena Vista Water Storage District
37144,354742N1195282W001,724609,1969-10-02T00:00:00Z,259.7,258.5,0,28.4,231.3,28.4,27.2,NA,Unknown,Water level accuracy is unknown,1,Department of Water Resources,NA,863,Buena Vista Water Storage District
