STN_ID,SITE_CODE,WLM_ID,MSMT_DATE,WLM_RPE,WLM_GSE,RDNG_WS,RDNG_RP,WSE,RPE_WSE,GSE_WSE,WLM_QA_DESC,WLM_DESC,WLM_ACC_DESC,WLM_ORG_ID,WLM_ORG_NAME,MSMT_CMT,COOP_AGENCY_ORG_ID,COOP_ORG_NAME
37150,396670N1234745W001,2620033,2020-04-15T12:00:00Z,1657.07,1656.07,NA,NA,NA,NA,NA,Special/Other,NA,NA,1,Department of Water Resources,Domestic wells not monitored during COVID-19 (Shelter in Place),1,Department of Water Resources
37150,396670N1234745W001,2620024,2019-10-21T12:00:00Z,1657.07,1656.07,0,18.76,1638.31,18.76,17.76,NA,Electric sounder measurement,Water level accuracy to nearest hundredth of a foot,1,Department of Water Resources,NA,1,Department of Water Resources
37150,396670N1234745W001,2453350,2019-03-26T12:00:00Z,1657.07,1656.07,0,1.2,1655.87,1.2,0.2,NA,Electric sounder measurement,Water level accuracy to nearest tenth of a foot,1,Department of Water Resources,NA,1,Department of Water Resources
37150,396670N1234745W001,2414129,2018-10-26T12:00:00Z,1657.07,1656.07,0,18.77,1638.3,18.77,17.77,NA,Electric sounder measurement,Water level accuracy to nearest tenth of a foot,1,Department of Water Resources,NA,1,Department of Water Resources
37150,396670N1234745W001,2285914,2018-03-26T12:00:00Z,1657.07,1656.07,0,1.5,1655.57,1.5,0.5,NA,Electric sounder measurement,Water level accuracy to nearest tenth of a foot,1,Department of Water Resources,NA,1,Department of Water Resources
37150,396670N1234745W001,2266780,2017-10-18T00:00:00Z,16567.1,1638.57,NA,NA,NA,NA,NA,Unable to locate well,NA,NA,1,Department of Water Resources,NA,1,Department of Water Resources
37150,396670N1234745W001,2238029,2017-03-27T12:00:00Z,1657.07,1656.07,0,11.5,1645.57,11.5,10.5,NA,Electric sounder measurement,Water level accuracy to nearest tenth of a foot,1,Department of Water Resources,NA,1,Department of Water Resources
37150,396670N1234745W001,2213564,2016-10-18T00:00:00Z,1657.07,1656.07,6.5,25,1638.57,18.5,17.5,NA,Steel tape measurement,Water level accuracy to nearest tenth of a foot,1,Department of Water Resources,NA,1,Department of Water Resources
37150,396670N1234745W001,2185415,2016-03-29T00:00:00Z,1657.07,1656.07,0,2.65,1654.42,2.65,1.65,NA,Electric sounder measurement,Water level accuracy to nearest hundredth of a foot,1,Department of Water Resources,NA,1,Department of Water Resources
37150,396670N1234745W001,2158258,2015-10-21T00:00:00Z,1657.07,1656.07,4.7,25,1636.77,20.3,19.3,NA,Steel tape measurement,Water level accuracy to nearest tenth of a foot,1,Department of Water Resources,NA,1,Department of Water Resources
37150,396670N1234745W001,2127200,2015-03-31T00:00:00Z,1657.07,1656.07,0,3.4,1653.67,3.4,2.4,NA,Electric sounder measurement,Water level accuracy to nearest hundredth of a foot,1,Department of Water Resources,NA,1,Department of Water Resources
37150,396670N1234745W001,2029896,2014-10-27T00:00:00Z,1657.07,1656.07,1.1,20,1638.17,18.9,17.9,NA,Steel tape measurement,Water level accuracy to nearest tenth of a foot,1,Department of Water Resources,NA,1,Department of Water Resources
37150,396670N1234745W001,1904782,2014-04-09T00:00:00Z,1657.07,1656.07,0,3.25,1653.82,3.25,2.25,NA,Electric sounder measurement,Water level accuracy to nearest tenth of a foot,1,Department of Water Resources,NA,1,Department of Water Resources
37150,396670N1234745W001,1797626,2013-10-30T01:00:00Z,1657.07,1656.07,7.7,25,1639.77,17.3,16.3,NA,Steel tape measurement,Water level accuracy to nearest tenth of a foot,1,Department of Water Resources,NA,1,Department of Water Resources
37150,396670N1234745W001,2108655,2013-03-28T00:00:00Z,1657.07,1656.07,1.8,6,1652.87,4.2,3.2,NA,Steel tape measurement,Water level accuracy to nearest tenth of a foot,1,Department of Water Resources,NA,1,Department of Water Resources
37150,396670N1234745W001,78211,2012-10-25T01:00:00Z,1657.07,1656.07,3.2,20,1640.27,16.8,15.8,NA,Steel tape measurement,Water level accuracy to nearest tenth of a foot,1,Department of Water Resources,NA,1,Department of Water Resources
37150,396670N1234745W001,1703283,2012-10-25T01:00:00Z,1657.07,1656.07,1.8,6,1652.87,4.2,3.2,NA,Steel tape measurement,Water level accuracy to nearest tenth of a foot,1,Department of Water Resources,NA,1,Department of Water Resources
37150,396670N1234745W001,60986,2012-04-06T01:00:00Z,1657.07,1656.07,1.9,4,1654.97,2.1,1.1,NA,Steel tape measurement,Water level accuracy to nearest tenth of a foot,1,Department of Water Resources,NA,1,Department of Water Resources
37150,396670N1234745W001,1768177,2011-12-15T00:00:00Z,1657.07,1656.07,0,14.2,1642.87,14.2,13.2,NA,Unknown,Water level accuracy is unknown,1,Department of Water Resources,NA,1,Department of Water Resources
37150,396670N1234745W001,1768176,2011-05-26T00:00:00Z,1657.07,1656.07,0,3.8,1653.27,3.8,2.8,NA,Unknown,Water level accuracy is unknown,1,Department of Water Resources,NA,1,Department of Water Resources
37150,396670N1234745W001,1768175,2010-12-14T00:00:00Z,1657.07,1656.07,0,5.8,1651.27,5.8,4.8,NA,Unknown,Water level accuracy is unknown,1,Department of Water Resources,NA,1,Department of Water Resources
37150,396670N1234745W001,1768174,2010-04-28T00:00:00Z,1657.07,1656.07,0,0.3,1656.77,0.3,-0.7,NA,Unknown,Water level accuracy is unknown,1,Department of Water Resources,NA,1,Department of Water Resources
37150,396670N1234745W001,1768173,2009-12-02T00:00:00Z,1657.07,1656.07,0,16.9,1640.17,16.9,15.9,NA,Unknown,Water level accuracy is unknown,1,Department of Water Resources,NA,1,Department of Water Resources
37150,396670N1234745W001,1768172,2009-04-14T00:00:00Z,1657.07,1656.07,0,3.2,1653.87,3.2,2.2,NA,Unknown,Water level accuracy is unknown,1,Department of Water Resources,NA,1,Department of Water Resources
37150,396670N1234745W001,1768171,2008-11-19T00:00:00Z,1657.07,1656.07,0,16.2,1640.87,16.2,15.2,NA,Unknown,Water level accuracy is unknown,1,Department of Water Resources,NA,1,Department of Water Resources
37150,396670N1234745W001,1768170,2008-04-14T00:00:00Z,1657.07,1656.07,0,3.5,1653.57,3.5,2.5,NA,Unknown,Water level accuracy is unknown,1,Department of Water Resources,NA,1,Department of Water Resources
37150,396670N1234745W001,1768169,2007-10-22T00:00:00Z,1657.07,1656.07,0,15.8,1641.27,15.8,14.8,NA,Unknown,Water level accuracy is unknown,1,Department of Water Resources,NA,1,Department of Water Resources
37150,396670N1234745W001,1768168,2007-04-02T00:00:00Z,1657.07,1656.07,0,3.9,1653.17,3.9,2.9,NA,Unknown,Water level accuracy is unknown,1,Department of Water Resources,NA,1,Department of Water Resources
37150,396670N1234745W001,1768167,2006-03-20T00:00:00Z,1657.07,1656.07,0,2.1,1654.97,2.1,1.1,NA,Unknown,Water level accuracy is unknown,1,Department of Water Resources,NA,1,Department of Water Resources
37150,396670N1234745W001,1768166,2005-11-01T00:00:00Z,1657.07,1656.07,0,14.5,1642.57,14.5,13.5,NA,Unknown,Water level accuracy is unknown,1,Department of Water Resources,NA,1,Department of Water Resources
37150,396670N1234745W001,1768165,2005-04-12T00:00:00Z,1657.07,1656.07,0,3.8,1653.27,3.8,2.8,NA,Unknown,Water level accuracy is unknown,1,Department of Water Resources,NA,1,Department of Water Resources
37150,396670N1234745W001,1768164,2004-10-26T00:00:00Z,1657.07,1656.07,0,16.4,1640.67,16.4,15.4,NA,Unknown,Water level accuracy is unknown,1,Department of Water Resources,NA,1,Department of Water Resources
37150,396670N1234745W001,1768163,2004-03-23T00:00:00Z,1657.07,1656.07,0,3.8,1653.27,3.8,2.8,NA,Unknown,Water level accuracy is unknown,1,Department of Water Resources,NA,1,Department of Water Resources
37150,396670N1234745W001,1768162,2003-11-18T00:00:00Z,1657.07,1656.07,NA,NA,NA,NA,NA,Temporarily inaccessible,NA,NA,1,Department of Water Resources,NA,1,Department of Water Resources
37150,396670N1234745W001,1768161,2003-04-07T00:00:00Z,1657.07,1656.07,0,1.5,1655.57,1.5,0.5,NA,Unknown,Water level accuracy is unknown,1,Department of Water Resources,NA,1,Department of Water Resources
37150,396670N1234745W001,1768160,2002-11-05T00:00:00Z,1657.07,1656.07,0,16.1,1640.97,16.1,15.1,NA,Unknown,Water level accuracy is unknown,1,Department of Water Resources,NA,1,Department of Water Resources
37150,396670N1234745W001,1768159,2002-03-26T00:00:00Z,1657.07,1656.07,0,2.4,1654.67,2.4,1.4,NA,Unknown,Water level accuracy is unknown,1,Department of Water Resources,NA,1,Department of Water Resources
37150,396670N1234745W001,1768158,2001-10-23T00:00:00Z,1657.07,1656.07,0,15.8,1641.27,15.8,14.8,NA,Unknown,Water level accuracy is unknown,1,Department of Water Resources,NA,1,Department of Water Resources
37150,396670N1234745W001,1768157,2001-03-27T00:00:00Z,1657.07,1656.07,0,3,1654.07,3,2,NA,Unknown,Water level accuracy is unknown,1,Department of Water Resources,NA,1,Department of Water Resources
37150,396670N1234745W001,1768156,2000-10-10T00:00:00Z,1657.07,1656.07,NA,NA,NA,NA,NA,Special/Other,NA,NA,1,Department of Water Resources,NA,1,Department of Water Resources
37150,396670N1234745W001,1768155,2000-03-13T00:00:00Z,1657.07,1656.07,0,2.5,1654.57,2.5,1.5,NA,Unknown,Water level accuracy is unknown,1,Department of Water Resources,NA,1,Department of Water Resources
37150,396670N1234745W001,1768153,1999-10-26T00:00:00Z,1657.07,1656.07,0,14.4,1642.67,14.4,13.4,NA,Unknown,Water level accuracy is unknown,1,Department of Water Resources,NA,1,Department of Water Resources
37150,396670N1234745W001,1768154,1999-03-16T00:00:00Z,1657.07,1656.07,0,1.9,1655.17,1.9,0.9,NA,Unknown,Water level accuracy is unknown,1,Department of Water Resources,NA,1,Department of Water Resources
37150,396670N1234745W001,1768152,1998-10-27T00:00:00Z,1657.07,1656.07,0,13.3,1643.77,13.3,12.3,NA,Unknown,Water level accuracy is unknown,1,Department of Water Resources,NA,1,Department of Water Resources
37150,396670N1234745W001,1768151,1998-03-19T00:00:00Z,1657.07,1656.07,0,2,1655.07,2,1,NA,Unknown,Water level accuracy is unknown,1,Department of Water Resources,NA,1,Department of Water Resources
37150,396670N1234745W001,1768150,1997-10-28T00:00:00Z,1657.07,1656.07,0,13,1644.07,13,12,NA,Unknown,Water level accuracy is unknown,1,Department of Water Resources,NA,1,Department of Water Resources
37150,396670N1234745W001,1768149,1997-03-18T00:00:00Z,1657.07,1656.07,0,1.9,1655.17,1.9,0.9,NA,Unknown,Water level accuracy is unknown,1,Department of Water Resources,NA,1,Department of Water Resources
37150,396670N1234745W001,1768148,1996-11-05T00:00:00Z,1657.07,1656.07,0,14.6,1642.47,14.6,13.6,NA,Unknown,Water level accuracy is unknown,1,Department of Water Resources,NA,1,Department of Water Resources
37150,396670N1234745W001,1768147,1996-03-19T00:00:00Z,1657.07,1656.07,0,2.5,1654.57,2.5,1.5,NA,Unknown,Water level accuracy is unknown,1,Department of Water Resources,NA,1,Department of Water Resources
37150,396670N1234745W001,1768146,1995-10-24T00:00:00Z,1657.07,1656.07,0,13.2,1643.87,13.2,12.2,NA,Unknown,Water level accuracy is unknown,1,Department of Water Resources,NA,1,Department of Water Resources
37150,396670N1234745W001,1768145,1995-04-04T00:00:00Z,1657.07,1656.07,0,3,1654.07,3,2,NA,Unknown,Water level accuracy is unknown,1,Department of Water Resources,NA,1,Department of Water Resources
37150,396670N1234745W001,1768144,1994-03-29T00:00:00Z,1657.07,1656.07,0,3.2,1653.87,3.2,2.2,NA,Unknown,Water level accuracy is unknown,1,Department of Water Resources,NA,1,Department of Water Resources
37150,396670N1234745W001,1768143,1993-10-26T00:00:00Z,1657.07,1656.07,0,11.6,1645.47,11.6,10.6,NA,Unknown,Water level accuracy is unknown,1,Department of Water Resources,NA,1,Department of Water Resources
37150,396670N1234745W001,1768142,1993-03-30T00:00:00Z,1657.07,1656.07,0,2.9,1654.17,2.9,1.9,NA,Unknown,Water level accuracy is unknown,1,Department of Water Resources,NA,1,Department of Water Resources
37150,396670N1234745W001,1768141,1992-10-20T00:00:00Z,1656.57,1656.07,0,13.1,1643.47,13.1,12.6,NA,Unknown,Water level accuracy is unknown,1,Department of Water Resources,NA,1,Department of Water Resources
37150,396670N1234745W001,1768140,1992-03-12T00:00:00Z,1656.57,1656.07,0,2.2,1654.37,2.2,1.7,NA,Unknown,Water level accuracy is unknown,1,Department of Water Resources,NA,1,Department of Water Resources
37150,396670N1234745W001,1768139,1991-10-16T00:00:00Z,1656.57,1656.07,0,11.9,1644.67,11.9,11.4,NA,Unknown,Water level accuracy is unknown,1,Department of Water Resources,NA,1,Department of Water Resources
37150,396670N1234745W001,1768138,1991-03-05T00:00:00Z,1656.57,1656.07,0,3,1653.57,3,2.5,NA,Unknown,Water level accuracy is unknown,1,Department of Water Resources,NA,1,Department of Water Resources
37150,396670N1234745W001,1768137,1990-10-24T00:00:00Z,1656.57,1656.07,0,18.2,1638.37,18.2,17.7,Casing leaking or wet,Unknown,Water level accuracy is unknown,1,Department of Water Resources,NA,1,Department of Water Resources
37150,396670N1234745W001,1768136,1990-03-14T00:00:00Z,1656.57,1656.07,0,2,1654.57,2,1.5,NA,Unknown,Water level accuracy is unknown,1,Department of Water Resources,NA,1,Department of Water Resources
37150,396670N1234745W001,1768135,1989-10-24T00:00:00Z,1656.57,1656.07,0,11.9,1644.67,11.9,11.4,NA,Unknown,Water level accuracy is unknown,1,Department of Water Resources,NA,1,Department of Water Resources
37150,396670N1234745W001,1768134,1989-03-15T00:00:00Z,1656.57,1656.07,0,1.8,1654.77,1.8,1.3,NA,Unknown,Water level accuracy is unknown,1,Department of Water Resources,NA,1,Department of Water Resources
37150,396670N1234745W001,1768133,1988-11-01T00:00:00Z,1656.57,1656.07,0,12.8,1643.77,12.8,12.3,NA,Unknown,Water level accuracy is unknown,1,Department of Water Resources,NA,1,Department of Water Resources
37150,396670N1234745W001,1768132,1988-03-15T00:00:00Z,1656.57,1656.07,0,4,1652.57,4,3.5,NA,Unknown,Water level accuracy is unknown,1,Department of Water Resources,NA,1,Department of Water Resources
37150,396670N1234745W001,1768131,1987-10-27T00:00:00Z,1656.57,1656.07,0,13.5,1643.07,13.5,13,NA,Unknown,Water level accuracy is unknown,1,Department of Water Resources,NA,1,Department of Water Resources
37150,396670N1234745W001,1768130,1987-03-31T00:00:00Z,1656.57,1656.07,0,2.4,1654.17,2.4,1.9,NA,Unknown,Water level accuracy is unknown,1,Department of Water Resources,NA,1,Department of Water Resources
37150,396670N1234745W001,1768129,1986-10-21T00:00:00Z,1656.57,1656.07,0,11.5,1645.07,11.5,11,NA,Unknown,Water level accuracy is unknown,1,Department of Water Resources,NA,1,Department of Water Resources
37150,396670N1234745W001,1768128,1986-03-13T00:00:00Z,1656.57,1656.07,0,1.8,1654.77,1.8,1.3,NA,Unknown,Water level accuracy is unknown,1,Department of Water Resources,NA,1,Department of Water Resources
37150,396670N1234745W001,1768127,1985-10-08T00:00:00Z,1656.57,1656.07,0,12.6,1643.97,12.6,12.1,NA,Unknown,Water level accuracy is unknown,1,Department of Water Resources,NA,1,Department of Water Resources
37150,396670N1234745W001,1768126,1985-03-12T00:00:00Z,1656.57,1656.07,0,2.9,1653.67,2.9,2.4,NA,Unknown,Water level accuracy is unknown,1,Department of Water Resources,NA,1,Department of Water Resources
37150,396670N1234745W001,1768125,1984-10-23T00:00:00Z,1656.57,1656.07,0,13.5,1643.07,13.5,13,NA,Unknown,Water level accuracy is unknown,1,Department of Water Resources,NA,1,Department of Water Resources
37150,396670N1234745W001,1768124,1984-03-20T00:00:00Z,1656.57,1656.07,0,2.2,1654.37,2.2,1.7,NA,Unknown,Water level accuracy is unknown,1,Department of Water Resources,NA,1,Department of Water Resources
37150,396670N1234745W001,1768123,1983-10-18T00:00:00Z,1656.57,1656.07,0,11.9,1644.67,11.9,11.4,NA,Unknown,Water level accuracy is unknown,1,Department of Water Resources,NA,1,Department of Water Resources
37150,396670N1234745W001,1768122,1983-03-29T00:00:00Z,1656.57,1656.07,0,1.7,1654.87,1.7,1.2,NA,Unknown,Water level accuracy is unknown,1,Department of Water Resources,NA,1,Department of Water Resources
37150,396670N1234745W001,1768121,1982-10-20T00:00:00Z,1656.57,1656.07,0,13.9,1642.67,13.9,13.4,NA,Unknown,Water level accuracy is unknown,1,Department of Water Resources,NA,1,Department of Water Resources
37150,396670N1234745W001,1768120,1982-03-30T00:00:00Z,1656.57,1656.07,0,1.8,1654.77,1.8,1.3,NA,Unknown,Water level accuracy is unknown,1,Department of Water Resources,NA,1,Department of Water Resources
37150,396670N1234745W001,1768119,1981-10-21T00:00:00Z,1656.57,1656.07,0,12.5,1644.07,12.5,12,NA,Unknown,Water level accuracy is unknown,1,Department of Water Resources,NA,1,Department of Water Resources
37150,396670N1234745W001,1768118,1981-03-20T00:00:00Z,1656.57,1656.07,0,2.5,1654.07,2.5,2,NA,Unknown,Water level accuracy is unknown,1,Department of Water Resources,NA,1,Department of Water Resources
37150,396670N1234745W001,1768117,1980-10-09T00:00:00Z,1656.57,1656.07,0,12,1644.57,12,11.5,NA,Unknown,Water level accuracy is unknown,1,Department of Water Resources,NA,1,Department of Water Resources
37150,396670N1234745W001,1768116,1980-04-02T00:00:00Z,1656.57,1656.07,0,4.6,1651.97,4.6,4.1,NA,Unknown,Water level accuracy is unknown,1,Department of Water Resources,NA,1,Department of Water Resources
37150,396670N1234745W001,2176004,1978-04-06T00:00:00Z,1657.07,1656.07,NA,NA,NA,NA,NA,Special/Other,NA,NA,1,Department of Water Resources,Not measured again until 4/2/1980.,1,Department of Water Resources
37150,396670N1234745W001,1768115,1978-04-05T00:00:00Z,1656.57,1656.07,0,1.2,1655.37,1.2,0.7,NA,Unknown,Water level accuracy is unknown,1,Department of Water Resources,NA,1,Department of Water Resources
37150,396670N1234745W001,1768114,1977-11-02T00:00:00Z,1656.57,1656.07,0,23.7,1632.87,23.7,23.2,NA,Unknown,Water level accuracy is unknown,1,Department of Water Resources,NA,1,Department of Water Resources
37150,396670N1234745W001,1768113,1977-09-23T00:00:00Z,1656.57,1656.07,0,20.2,1636.37,20.2,19.7,NA,Unknown,Water level accuracy is unknown,1,Department of Water Resources,NA,1,Department of Water Resources
37150,396670N1234745W001,1768112,1977-08-12T00:00:00Z,1656.57,1656.07,0,14.5,1642.07,14.5,14,NA,Unknown,Water level accuracy is unknown,1,Department of Water Resources,NA,1,Department of Water Resources
37150,396670N1234745W001,1768111,1977-04-06T00:00:00Z,1656.57,1656.07,0,8.8,1647.77,8.8,8.3,NA,Unknown,Water level accuracy is unknown,1,Department of Water Resources,NA,1,Department of Water Resources
37150,396670N1234745W001,1768110,1976-10-27T00:00:00Z,1656.57,1656.07,0,14.2,1642.37,14.2,13.7,NA,Unknown,Water level accuracy is unknown,1,Department of Water Resources,NA,1,Department of Water Resources
37150,396670N1234745W001,1768109,1976-04-07T00:00:00Z,1656.57,1656.07,0,3.6,1652.97,3.6,3.1,NA,Unknown,Water level accuracy is unknown,1,Department of Water Resources,NA,1,Department of Water Resources
37150,396670N1234745W001,1768108,1975-10-14T00:00:00Z,1656.57,1656.07,0,13.4,1643.17,13.4,12.9,NA,Unknown,Water level accuracy is unknown,1,Department of Water Resources,NA,1,Department of Water Resources
37150,396670N1234745W001,1768107,1975-04-24T00:00:00Z,1656.57,1656.07,0,0.5,1656.07,0.5,0,NA,Unknown,Water level accuracy is unknown,1,Department of Water Resources,NA,1,Department of Water Resources
37150,396670N1234745W001,1768106,1974-11-11T00:00:00Z,1656.57,1656.07,0,14,1642.57,14,13.5,NA,Unknown,Water level accuracy is unknown,1,Department of Water Resources,NA,1,Department of Water Resources
37150,396670N1234745W001,1768105,1974-04-17T00:00:00Z,1656.57,1656.07,0,2.7,1653.87,2.7,2.2,NA,Unknown,Water level accuracy is unknown,1,Department of Water Resources,NA,1,Department of Water Resources
37150,396670N1234745W001,1768104,1973-10-03T00:00:00Z,1656.57,1656.07,0,12.4,1644.17,12.4,11.9,NA,Unknown,Water level accuracy is unknown,1,Department of Water Resources,NA,1,Department of Water Resources
37150,396670N1234745W001,1768103,1973-04-12T00:00:00Z,1656.57,1656.07,0,3,1653.57,3,2.5,NA,Unknown,Water level accuracy is unknown,1,Department of Water Resources,NA,1,Department of Water Resources
37150,396670N1234745W001,1768102,1972-10-11T00:00:00Z,1656.57,1656.07,0,12.8,1643.77,12.8,12.3,NA,Unknown,Water level accuracy is unknown,1,Department of Water Resources,NA,1,Department of Water Resources
37150,396670N1234745W001,1768101,1972-04-05T00:00:00Z,1656.57,1656.07,0,3,1653.57,3,2.5,NA,Unknown,Water level accuracy is unknown,1,Department of Water Resources,NA,1,Department of Water Resources
37150,396670N1234745W001,1768100,1971-10-14T00:00:00Z,1656.57,1656.07,0,13,1643.57,13,12.5,NA,Unknown,Water level accuracy is unknown,1,Department of Water Resources,NA,1,Department of Water Resources
37150,396670N1234745W001,1768099,1971-04-14T00:00:00Z,1656.57,1656.07,0,2.4,1654.17,2.4,1.9,NA,Unknown,Water level accuracy is unknown,1,Department of Water Resources,NA,1,Department of Water Resources
37150,396670N1234745W001,1768098,1970-10-14T00:00:00Z,1656.57,1656.07,0,14,1642.57,14,13.5,NA,Unknown,Water level accuracy is unknown,1,Department of Water Resources,NA,1,Department of Water Resources
37150,396670N1234745W001,1768097,1970-04-09T00:00:00Z,1656.57,1656.07,0,3.8,1652.77,3.8,3.3,NA,Unknown,Water level accuracy is unknown,1,Department of Water Resources,NA,1,Department of Water Resources
37150,396670N1234745W001,1768096,1969-10-15T00:00:00Z,1656.57,1656.07,0,13,1643.57,13,12.5,NA,Unknown,Water level accuracy is unknown,1,Department of Water Resources,NA,1,Department of Water Resources
37150,396670N1234745W001,1768095,1969-04-10T00:00:00Z,1656.57,1656.07,0,2.2,1654.37,2.2,1.7,NA,Unknown,Water level accuracy is unknown,1,Department of Water Resources,NA,1,Department of Water Resources
37150,396670N1234745W001,1768094,1968-10-16T00:00:00Z,1656.57,1656.07,0,13,1643.57,13,12.5,NA,Unknown,Water level accuracy is unknown,1,Department of Water Resources,NA,1,Department of Water Resources
37150,396670N1234745W001,1768093,1968-04-09T00:00:00Z,1656.57,1656.07,0,4,1652.57,4,3.5,NA,Unknown,Water level accuracy is unknown,1,Department of Water Resources,NA,1,Department of Water Resources
37150,396670N1234745W001,1768092,1967-10-03T00:00:00Z,1656.57,1656.07,0,12.6,1643.97,12.6,12.1,NA,Unknown,Water level accuracy is unknown,1,Department of Water Resources,NA,1,Department of Water Resources
37150,396670N1234745W001,1768091,1967-04-11T00:00:00Z,1656.57,1656.07,0,7,1649.57,7,6.5,NA,Unknown,Water level accuracy is unknown,1,Department of Water Resources,NA,1,Department of Water Resources
37150,396670N1234745W001,1768090,1966-10-05T00:00:00Z,1656.57,1656.07,0,14,1642.57,14,13.5,NA,Unknown,Water level accuracy is unknown,1,Department of Water Resources,NA,1,Department of Water Resources
37150,396670N1234745W001,1768089,1966-04-05T00:00:00Z,1656.57,1656.07,0,3.3,1653.27,3.3,2.8,NA,Unknown,Water level accuracy is unknown,1,Department of Water Resources,NA,5167,United States Geological Survey
37150,396670N1234745W001,1768088,1966-02-23T00:00:00Z,1656.57,1656.07,0,1.7,1654.87,1.7,1.2,NA,Unknown,Water level accuracy is unknown,1,Department of Water Resources,NA,5167,United States Geological Survey
37150,396670N1234745W001,1768087,1966-01-19T00:00:00Z,1656.57,1656.07,0,3.1,1653.47,3.1,2.6,NA,Unknown,Water level accuracy is unknown,1,Department of Water Resources,NA,5167,United States Geological Survey
37150,396670N1234745W001,1768086,1965-12-09T00:00:00Z,1656.57,1656.07,0,4.7,1651.87,4.7,4.2,NA,Unknown,Water level accuracy is unknown,1,Department of Water Resources,NA,5167,United States Geological Survey
37150,396670N1234745W001,1768085,1965-11-10T00:00:00Z,1656.57,1656.07,0,13.8,1642.77,13.8,13.3,NA,Unknown,Water level accuracy is unknown,1,Department of Water Resources,NA,5167,United States Geological Survey
37150,396670N1234745W001,1768084,1965-09-29T00:00:00Z,1656.57,1656.07,0,12.1,1644.47,12.1,11.6,NA,Unknown,Water level accuracy is unknown,1,Department of Water Resources,NA,1,Department of Water Resources
37150,396670N1234745W001,1768083,1965-09-23T00:00:00Z,1656.57,1656.07,0,11.7,1644.87,11.7,11.2,NA,Unknown,Water level accuracy is unknown,1,Department of Water Resources,NA,5167,United States Geological Survey
37150,396670N1234745W001,1768082,1965-08-18T00:00:00Z,1656.57,1656.07,0,9,1647.57,9,8.5,NA,Unknown,Water level accuracy is unknown,1,Department of Water Resources,NA,5167,United States Geological Survey
37150,396670N1234745W001,1768081,1965-07-13T00:00:00Z,1656.57,1656.07,0,6.4,1650.17,6.4,5.9,NA,Unknown,Water level accuracy is unknown,1,Department of Water Resources,NA,5167,United States Geological Survey
37150,396670N1234745W001,1768080,1965-06-15T00:00:00Z,1656.57,1656.07,0,9.9,1646.67,9.9,9.4,NA,Unknown,Water level accuracy is unknown,1,Department of Water Resources,NA,5167,United States Geological Survey
37150,396670N1234745W001,1768079,1965-05-18T00:00:00Z,1656.57,1656.07,0,3.8,1652.77,3.8,3.3,NA,Unknown,Water level accuracy is unknown,1,Department of Water Resources,NA,5167,United States Geological Survey
37150,396670N1234745W001,1768078,1965-04-15T00:00:00Z,1656.57,1656.07,0,0.7,1655.87,0.7,0.2,NA,Unknown,Water level accuracy is unknown,1,Department of Water Resources,NA,5167,United States Geological Survey
37150,396670N1234745W001,1768077,1965-03-17T00:00:00Z,1656.57,1656.07,0,3.3,1653.27,3.3,2.8,NA,Unknown,Water level accuracy is unknown,1,Department of Water Resources,NA,5167,United States Geological Survey
37150,396670N1234745W001,1768076,1965-02-17T00:00:00Z,1656.57,1656.07,0,3,1653.57,3,2.5,NA,Unknown,Water level accuracy is unknown,1,Department of Water Resources,NA,5167,United States Geological Survey
37150,396670N1234745W001,1768075,1965-01-20T00:00:00Z,1656.57,1656.07,0,2.3,1654.27,2.3,1.8,NA,Unknown,Water level accuracy is unknown,1,Department of Water Resources,NA,5167,United States Geological Survey
37150,396670N1234745W001,1768074,1964-12-16T00:00:00Z,1656.57,1656.07,0,1.8,1654.77,1.8,1.3,NA,Unknown,Water level accuracy is unknown,1,Department of Water Resources,NA,5167,United States Geological Survey
37150,396670N1234745W001,1768073,1964-11-18T00:00:00Z,1656.57,1656.07,0,4.9,1651.67,4.9,4.4,NA,Unknown,Water level accuracy is unknown,1,Department of Water Resources,NA,5167,United States Geological Survey
37150,396670N1234745W001,1768072,1964-10-14T00:00:00Z,1656.57,1656.07,0,5.4,1651.17,5.4,4.9,NA,Unknown,Water level accuracy is unknown,1,Department of Water Resources,NA,5167,United States Geological Survey
37150,396670N1234745W001,1768071,1964-09-15T00:00:00Z,1656.57,1656.07,0,8.4,1648.17,8.4,7.9,NA,Unknown,Water level accuracy is unknown,1,Department of Water Resources,NA,5167,United States Geological Survey
37150,396670N1234745W001,1768070,1964-08-19T00:00:00Z,1656.57,1656.07,0,7.3,1649.27,7.3,6.8,NA,Unknown,Water level accuracy is unknown,1,Department of Water Resources,NA,5167,United States Geological Survey
37150,396670N1234745W001,1768069,1964-07-14T00:00:00Z,1656.57,1656.07,0,5.6,1650.97,5.6,5.1,NA,Unknown,Water level accuracy is unknown,1,Department of Water Resources,NA,5167,United States Geological Survey
37150,396670N1234745W001,1768068,1964-06-16T00:00:00Z,1656.57,1656.07,0,4.5,1652.07,4.5,4,NA,Unknown,Water level accuracy is unknown,1,Department of Water Resources,NA,5167,United States Geological Survey
37150,396670N1234745W001,1768067,1964-05-13T00:00:00Z,1656.57,1656.07,0,3.5,1653.07,3.5,3,NA,Unknown,Water level accuracy is unknown,1,Department of Water Resources,NA,5167,United States Geological Survey
37150,396670N1234745W001,1768066,1964-04-15T00:00:00Z,1656.57,1656.07,0,3.3,1653.27,3.3,2.8,NA,Unknown,Water level accuracy is unknown,1,Department of Water Resources,NA,5167,United States Geological Survey
37150,396670N1234745W001,1768065,1964-03-17T00:00:00Z,1656.57,1656.07,0,2.1,1654.47,2.1,1.6,NA,Unknown,Water level accuracy is unknown,1,Department of Water Resources,NA,5167,United States Geological Survey
37150,396670N1234745W001,1768064,1964-02-25T00:00:00Z,1656.57,1656.07,0,3.1,1653.47,3.1,2.6,NA,Unknown,Water level accuracy is unknown,1,Department of Water Resources,NA,5167,United States Geological Survey
37150,396670N1234745W001,1768063,1964-01-15T00:00:00Z,1656.57,1656.07,0,1.9,1654.67,1.9,1.4,NA,Unknown,Water level accuracy is unknown,1,Department of Water Resources,NA,5167,United States Geological Survey
37150,396670N1234745W001,1768062,1963-12-18T00:00:00Z,1656.57,1656.07,0,3.3,1653.27,3.3,2.8,NA,Unknown,Water level accuracy is unknown,1,Department of Water Resources,NA,5167,United States Geological Survey
37150,396670N1234745W001,1768061,1963-11-20T00:00:00Z,1656.57,1656.07,0,1.3,1655.27,1.3,0.8,NA,Unknown,Water level accuracy is unknown,1,Department of Water Resources,NA,5167,United States Geological Survey
37150,396670N1234745W001,1768060,1963-10-23T00:00:00Z,1656.57,1656.07,0,9,1647.57,9,8.5,NA,Unknown,Water level accuracy is unknown,1,Department of Water Resources,NA,5167,United States Geological Survey
37150,396670N1234745W001,1768059,1963-09-18T00:00:00Z,1656.57,1656.07,0,7.4,1649.17,7.4,6.9,NA,Unknown,Water level accuracy is unknown,1,Department of Water Resources,NA,5167,United States Geological Survey
37150,396670N1234745W001,1768058,1963-08-19T00:00:00Z,1656.57,1656.07,0,7.8,1648.77,7.8,7.3,NA,Unknown,Water level accuracy is unknown,1,Department of Water Resources,NA,5167,United States Geological Survey
37150,396670N1234745W001,1768057,1963-07-10T00:00:00Z,1656.57,1656.07,0,5.2,1651.37,5.2,4.7,NA,Unknown,Water level accuracy is unknown,1,Department of Water Resources,NA,5167,United States Geological Survey
37150,396670N1234745W001,1768056,1963-06-18T00:00:00Z,1656.57,1656.07,0,4.4,1652.17,4.4,3.9,NA,Unknown,Water level accuracy is unknown,1,Department of Water Resources,NA,5167,United States Geological Survey
37150,396670N1234745W001,1768055,1963-05-20T00:00:00Z,1656.57,1656.07,0,3.1,1653.47,3.1,2.6,NA,Unknown,Water level accuracy is unknown,1,Department of Water Resources,NA,5167,United States Geological Survey
37150,396670N1234745W001,1768054,1963-04-23T00:00:00Z,1656.57,1656.07,0,2.4,1654.17,2.4,1.9,NA,Unknown,Water level accuracy is unknown,1,Department of Water Resources,NA,5167,United States Geological Survey
37150,396670N1234745W001,1768053,1963-03-19T00:00:00Z,1656.57,1656.07,0,2.1,1654.47,2.1,1.6,NA,Unknown,Water level accuracy is unknown,1,Department of Water Resources,NA,5167,United States Geological Survey
37150,396670N1234745W001,1768052,1963-02-18T00:00:00Z,1656.57,1656.07,0,1.9,1654.67,1.9,1.4,NA,Unknown,Water level accuracy is unknown,1,Department of Water Resources,NA,5167,United States Geological Survey
37150,396670N1234745W001,1768051,1963-01-21T00:00:00Z,1656.57,1656.07,0,3.8,1652.77,3.8,3.3,NA,Unknown,Water level accuracy is unknown,1,Department of Water Resources,NA,5167,United States Geological Survey
37150,396670N1234745W001,1768050,1962-12-19T00:00:00Z,1656.57,1656.07,NA,NA,NA,NA,NA,Special/Other,NA,NA,1,Department of Water Resources,NA,5167,United States Geological Survey
37150,396670N1234745W001,1768049,1962-11-26T00:00:00Z,1656.57,1656.07,NA,NA,NA,NA,NA,Special/Other,NA,NA,1,Department of Water Resources,NA,5167,United States Geological Survey
37150,396670N1234745W001,1768048,1962-10-24T00:00:00Z,1656.57,1656.07,0,11.8,1644.77,11.8,11.3,NA,Unknown,Water level accuracy is unknown,1,Department of Water Resources,NA,5167,United States Geological Survey
37150,396670N1234745W001,1768047,1962-09-19T00:00:00Z,1656.57,1656.07,0,10.2,1646.37,10.2,9.7,NA,Unknown,Water level accuracy is unknown,1,Department of Water Resources,NA,5167,United States Geological Survey
37150,396670N1234745W001,1768046,1962-08-21T00:00:00Z,1656.57,1656.07,0,8.4,1648.17,8.4,7.9,NA,Unknown,Water level accuracy is unknown,1,Department of Water Resources,NA,5167,United States Geological Survey
37150,396670N1234745W001,1768045,1962-07-23T00:00:00Z,1656.57,1656.07,0,7.5,1649.07,7.5,7,NA,Unknown,Water level accuracy is unknown,1,Department of Water Resources,NA,5167,United States Geological Survey
37150,396670N1234745W001,1768044,1962-06-25T00:00:00Z,1656.57,1656.07,0,5.8,1650.77,5.8,5.3,NA,Unknown,Water level accuracy is unknown,1,Department of Water Resources,NA,5167,United States Geological Survey
37150,396670N1234745W001,1768043,1962-05-23T00:00:00Z,1656.57,1656.07,0,4.6,1651.97,4.6,4.1,NA,Unknown,Water level accuracy is unknown,1,Department of Water Resources,NA,5167,United States Geological Survey
37150,396670N1234745W001,1768042,1962-04-25T00:00:00Z,1656.57,1656.07,0,4,1652.57,4,3.5,NA,Unknown,Water level accuracy is unknown,1,Department of Water Resources,NA,5167,United States Geological Survey
37150,396670N1234745W001,1768041,1962-03-26T00:00:00Z,1656.57,1656.07,0,2.1,1654.47,2.1,1.6,NA,Unknown,Water level accuracy is unknown,1,Department of Water Resources,NA,5167,United States Geological Survey
37150,396670N1234745W001,1768040,1962-02-26T00:00:00Z,1656.57,1656.07,0,2.6,1653.97,2.6,2.1,NA,Unknown,Water level accuracy is unknown,1,Department of Water Resources,NA,5167,United States Geological Survey
37150,396670N1234745W001,1768039,1962-01-23T00:00:00Z,1656.57,1656.07,0,2.3,1654.27,2.3,1.8,NA,Unknown,Water level accuracy is unknown,1,Department of Water Resources,NA,5167,United States Geological Survey
37150,396670N1234745W001,1768038,1961-12-26T00:00:00Z,1656.57,1656.07,0,2.6,1653.97,2.6,2.1,NA,Unknown,Water level accuracy is unknown,1,Department of Water Resources,NA,5167,United States Geological Survey
37150,396670N1234745W001,1768037,1961-11-27T00:00:00Z,1656.57,1656.07,0,2.7,1653.87,2.7,2.2,NA,Unknown,Water level accuracy is unknown,1,Department of Water Resources,NA,5167,United States Geological Survey
37150,396670N1234745W001,1768036,1961-10-23T00:00:00Z,1656.57,1656.07,0,11.7,1644.87,11.7,11.2,NA,Unknown,Water level accuracy is unknown,1,Department of Water Resources,NA,5167,United States Geological Survey
37150,396670N1234745W001,1768035,1961-09-27T00:00:00Z,1656.57,1656.07,0,9.1,1647.47,9.1,8.6,NA,Unknown,Water level accuracy is unknown,1,Department of Water Resources,NA,5167,United States Geological Survey
37150,396670N1234745W001,1768034,1961-08-28T00:00:00Z,1656.57,1656.07,0,7.3,1649.27,7.3,6.8,NA,Unknown,Water level accuracy is unknown,1,Department of Water Resources,NA,5167,United States Geological Survey
37150,396670N1234745W001,1768033,1961-07-26T00:00:00Z,1656.57,1656.07,0,6.6,1649.97,6.6,6.1,NA,Unknown,Water level accuracy is unknown,1,Department of Water Resources,NA,5167,United States Geological Survey
37150,396670N1234745W001,1768032,1961-06-26T00:00:00Z,1656.57,1656.07,0,5.9,1650.67,5.9,5.4,NA,Unknown,Water level accuracy is unknown,1,Department of Water Resources,NA,5167,United States Geological Survey
37150,396670N1234745W001,1768031,1961-05-15T00:00:00Z,1656.57,1656.07,0,2.4,1654.17,2.4,1.9,NA,Unknown,Water level accuracy is unknown,1,Department of Water Resources,NA,5167,United States Geological Survey
37150,396670N1234745W001,1768030,1961-04-26T00:00:00Z,1656.57,1656.07,0,2.2,1654.37,2.2,1.7,NA,Unknown,Water level accuracy is unknown,1,Department of Water Resources,NA,5167,United States Geological Survey
37150,396670N1234745W001,1768029,1961-03-27T00:00:00Z,1656.57,1656.07,0,0.9,1655.67,0.9,0.4,NA,Unknown,Water level accuracy is unknown,1,Department of Water Resources,NA,5167,United States Geological Survey
37150,396670N1234745W001,1768028,1961-02-20T00:00:00Z,1656.57,1656.07,0,2.3,1654.27,2.3,1.8,NA,Unknown,Water level accuracy is unknown,1,Department of Water Resources,NA,5167,United States Geological Survey
37150,396670N1234745W001,1768027,1961-01-23T00:00:00Z,1656.57,1656.07,0,2.1,1654.47,2.1,1.6,NA,Unknown,Water level accuracy is unknown,1,Department of Water Resources,NA,5167,United States Geological Survey
37150,396670N1234745W001,1768026,1960-12-27T00:00:00Z,1656.57,1656.07,0,3,1653.57,3,2.5,NA,Unknown,Water level accuracy is unknown,1,Department of Water Resources,NA,5167,United States Geological Survey
37150,396670N1234745W001,1768025,1960-11-14T00:00:00Z,1656.57,1656.07,0,5.6,1650.97,5.6,5.1,NA,Unknown,Water level accuracy is unknown,1,Department of Water Resources,NA,5167,United States Geological Survey
37150,396670N1234745W001,1768024,1960-10-24T00:00:00Z,1656.57,1656.07,0,7.7,1648.87,7.7,7.2,NA,Unknown,Water level accuracy is unknown,1,Department of Water Resources,NA,5167,United States Geological Survey
37150,396670N1234745W001,1768023,1960-09-19T00:00:00Z,1656.57,1656.07,0,7.4,1649.17,7.4,6.9,NA,Unknown,Water level accuracy is unknown,1,Department of Water Resources,NA,5167,United States Geological Survey
37150,396670N1234745W001,1768022,1960-08-22T00:00:00Z,1656.57,1656.07,0,7.1,1649.47,7.1,6.6,NA,Unknown,Water level accuracy is unknown,1,Department of Water Resources,NA,5167,United States Geological Survey
37150,396670N1234745W001,1768021,1960-07-19T00:00:00Z,1656.57,1656.07,0,6.2,1650.37,6.2,5.7,NA,Unknown,Water level accuracy is unknown,1,Department of Water Resources,NA,5167,United States Geological Survey
37150,396670N1234745W001,1768020,1960-06-21T00:00:00Z,1656.57,1656.07,0,4.8,1651.77,4.8,4.3,NA,Unknown,Water level accuracy is unknown,1,Department of Water Resources,NA,5167,United States Geological Survey
37150,396670N1234745W001,1768019,1960-05-24T00:00:00Z,1656.57,1656.07,0,0.7,1655.87,0.7,0.2,NA,Unknown,Water level accuracy is unknown,1,Department of Water Resources,NA,5167,United States Geological Survey
37150,396670N1234745W001,1768018,1960-04-26T00:00:00Z,1656.57,1656.07,0,3,1653.57,3,2.5,NA,Unknown,Water level accuracy is unknown,1,Department of Water Resources,NA,5167,United States Geological Survey
37150,396670N1234745W001,1768017,1960-03-29T00:00:00Z,1656.57,1656.07,0,1.7,1654.87,1.7,1.2,NA,Unknown,Water level accuracy is unknown,1,Department of Water Resources,NA,5167,United States Geological Survey
37150,396670N1234745W001,1768016,1960-02-16T00:00:00Z,1656.57,1656.07,0,2.5,1654.07,2.5,2,NA,Unknown,Water level accuracy is unknown,1,Department of Water Resources,NA,5167,United States Geological Survey
37150,396670N1234745W001,1768015,1960-01-26T00:00:00Z,1656.57,1656.07,0,1.1,1655.47,1.1,0.6,NA,Unknown,Water level accuracy is unknown,1,Department of Water Resources,NA,5167,United States Geological Survey
37150,396670N1234745W001,1768014,1959-12-15T00:00:00Z,1656.57,1656.07,0,9,1647.57,9,8.5,NA,Unknown,Water level accuracy is unknown,1,Department of Water Resources,NA,5167,United States Geological Survey
37150,396670N1234745W001,1768013,1959-11-17T00:00:00Z,1656.57,1656.07,0,8.1,1648.47,8.1,7.6,NA,Unknown,Water level accuracy is unknown,1,Department of Water Resources,NA,5167,United States Geological Survey
37150,396670N1234745W001,1768012,1959-10-27T00:00:00Z,1656.57,1656.07,0,8.2,1648.37,8.2,7.7,NA,Unknown,Water level accuracy is unknown,1,Department of Water Resources,NA,5167,United States Geological Survey
37150,396670N1234745W001,1768011,1959-09-22T00:00:00Z,1656.57,1656.07,0,6.3,1650.27,6.3,5.8,NA,Unknown,Water level accuracy is unknown,1,Department of Water Resources,NA,5167,United States Geological Survey
37150,396670N1234745W001,1768010,1959-08-25T00:00:00Z,1656.57,1656.07,0,7.7,1648.87,7.7,7.2,NA,Unknown,Water level accuracy is unknown,1,Department of Water Resources,NA,5167,United States Geological Survey
37150,396670N1234745W001,1768009,1959-07-20T00:00:00Z,1656.57,1656.07,0,6.7,1649.87,6.7,6.2,NA,Unknown,Water level accuracy is unknown,1,Department of Water Resources,NA,5167,United States Geological Survey
37150,396670N1234745W001,1768008,1959-06-23T00:00:00Z,1656.57,1656.07,0,5.6,1650.97,5.6,5.1,NA,Unknown,Water level accuracy is unknown,1,Department of Water Resources,NA,5167,United States Geological Survey
37150,396670N1234745W001,1768007,1959-05-19T00:00:00Z,1656.57,1656.07,0,4.4,1652.17,4.4,3.9,NA,Unknown,Water level accuracy is unknown,1,Department of Water Resources,NA,5167,United States Geological Survey
37150,396670N1234745W001,1768006,1959-04-22T00:00:00Z,1656.57,1656.07,0,3.7,1652.87,3.7,3.2,NA,Unknown,Water level accuracy is unknown,1,Department of Water Resources,NA,5167,United States Geological Survey
37150,396670N1234745W001,1768005,1959-03-17T00:00:00Z,1656.57,1656.07,0,3.6,1652.97,3.6,3.1,NA,Unknown,Water level accuracy is unknown,1,Department of Water Resources,NA,5167,United States Geological Survey
37150,396670N1234745W001,1768004,1959-02-19T00:00:00Z,1656.57,1656.07,0,0.8,1655.77,0.8,0.3,NA,Unknown,Water level accuracy is unknown,1,Department of Water Resources,NA,5167,United States Geological Survey
37150,396670N1234745W001,1768003,1959-01-19T00:00:00Z,1656.57,1656.07,0,2.8,1653.77,2.8,2.3,NA,Unknown,Water level accuracy is unknown,1,Department of Water Resources,NA,5167,United States Geological Survey
37150,396670N1234745W001,1768002,1956-12-17T00:00:00Z,1656.57,1656.07,0,6.5,1650.07,6.5,6,NA,Unknown,Water level accuracy is unknown,1,Department of Water Resources,NA,5167,United States Geological Survey
37150,396670N1234745W001,1768001,1956-11-18T00:00:00Z,1656.57,1656.07,0,6.9,1649.67,6.9,6.4,NA,Unknown,Water level accuracy is unknown,1,Department of Water Resources,NA,5167,United States Geological Survey
37150,396670N1234745W001,1768000,1956-10-13T00:00:00Z,1656.57,1656.07,0,7.4,1649.17,7.4,6.9,NA,Unknown,Water level accuracy is unknown,1,Department of Water Resources,NA,5167,United States Geological Survey
37150,396670N1234745W001,1767999,1956-05-03T00:00:00Z,1656.57,1656.07,0,3.7,1652.87,3.7,3.2,NA,Unknown,Water level accuracy is unknown,1,Department of Water Resources,NA,624,Bureau of Reclamation
37150,396670N1234745W001,1767998,1955-03-30T00:00:00Z,1656.57,1656.07,0,1.3,1655.27,1.3,0.8,NA,Unknown,Water level accuracy is unknown,1,Department of Water Resources,NA,5167,United States Geological Survey
37150,396670N1234745W001,1767997,1954-09-24T00:00:00Z,1656.57,1656.07,0,13.7,1642.87,13.7,13.2,NA,Unknown,Water level accuracy is unknown,1,Department of Water Resources,NA,5167,United States Geological Survey
37150,396670N1234745W001,1767996,1954-08-13T00:00:00Z,1656.57,1656.07,0,10.2,1646.37,10.2,9.7,NA,Unknown,Water level accuracy is unknown,1,Department of Water Resources,NA,5167,United States Geological Survey
37150,396670N1234745W001,1767995,1954-07-16T00:00:00Z,1656.57,1656.07,0,6.9,1649.67,6.9,6.4,NA,Unknown,Water level accuracy is unknown,1,Department of Water Resources,NA,5167,United States Geological Survey
37150,396670N1234745W001,1767994,1954-05-19T00:00:00Z,1656.57,1656.07,0,3.3,1653.27,3.3,2.8,NA,Unknown,Water level accuracy is unknown,1,Department of Water Resources,NA,5167,United States Geological Survey
37150,396670N1234745W001,1767993,1954-03-31T00:00:00Z,1656.57,1656.07,0,2,1654.57,2,1.5,NA,Unknown,Water level accuracy is unknown,1,Department of Water Resources,NA,5167,United States Geological Survey
37150,396670N1234745W001,1767992,1953-05-20T00:00:00Z,1656.57,1656.07,0,3.2,1653.37,3.2,2.7,NA,Unknown,Water level accuracy is unknown,1,Department of Water Resources,NA,1,Department of Water Resources
37150,396670N1234745W001,1767991,1952-11-24T00:00:00Z,1656.57,1656.07,0,25.7,1630.87,25.7,25.2,NA,Unknown,Water level accuracy is unknown,1,Department of Water Resources,NA,1,Department of Water Resources
