STN_ID,SITE_CODE,WLM_ID,MSMT_DATE,WLM_RPE,WLM_GSE,RDNG_WS,RDNG_RP,WSE,RPE_WSE,GSE_WSE,WLM_QA_DESC,WLM_DESC,WLM_ACC_DESC,WLM_ORG_ID,WLM_ORG_NAME,MSMT_CMT,COOP_AGENCY_ORG_ID,COOP_ORG_NAME
37187,397941N1232377W001,1770123,2002-03-26T00:00:00Z,1374.99,1372.99,NA,NA,NA,NA,NA,Measurement Discontinued,NA,NA,1,Department of Water Resources,NA,1,Department of Water Resources
37187,397941N1232377W001,1770121,1999-10-27T00:00:00Z,1374.99,1372.99,NA,NA,NA,NA,NA,Measurement Discontinued,NA,NA,1,Department of Water Resources,NA,1,Department of Water Resources
37187,397941N1232377W001,1770122,1999-03-16T00:00:00Z,1374.99,1372.99,NA,NA,NA,NA,NA,Measurement Discontinued,NA,NA,1,Department of Water Resources,NA,1,Department of Water Resources
37187,397941N1232377W001,1770120,1998-10-27T00:00:00Z,1374.99,1372.99,NA,NA,NA,NA,NA,Measurement Discontinued,NA,NA,1,Department of Water Resources,NA,1,Department of Water Resources
37187,397941N1232377W001,1770119,1998-03-18T00:00:00Z,1374.99,1372.99,NA,NA,NA,NA,NA,Measurement Discontinued,NA,NA,1,Department of Water Resources,NA,1,Department of Water Resources
37187,397941N1232377W001,1770118,1997-10-28T00:00:00Z,1374.99,1372.99,0,2.8,1372.19,2.8,0.8,NA,Unknown,Water level accuracy is unknown,1,Department of Water Resources,NA,1,Department of Water Resources
37187,397941N1232377W001,1770117,1997-03-18T00:00:00Z,1374.99,1372.99,NA,NA,NA,NA,NA,Special/Other,NA,NA,1,Department of Water Resources,NA,1,Department of Water Resources
37187,397941N1232377W001,1770116,1996-11-05T00:00:00Z,1374.99,1372.99,0,4.2,1370.79,4.2,2.2,NA,Unknown,Water level accuracy is unknown,1,Department of Water Resources,NA,1,Department of Water Resources
37187,397941N1232377W001,1770115,1996-03-19T00:00:00Z,1374.99,1372.99,NA,NA,NA,NA,NA,Special/Other,NA,NA,1,Department of Water Resources,NA,1,Department of Water Resources
37187,397941N1232377W001,1770114,1995-10-24T00:00:00Z,1374.99,1372.99,NA,NA,NA,NA,NA,Can't get tape in casing,NA,NA,1,Department of Water Resources,NA,1,Department of Water Resources
37187,397941N1232377W001,1770113,1995-04-04T00:00:00Z,1374.99,1372.99,0,-8.5,1383.49,-8.5,-10.5,Other,Unknown,Water level accuracy is unknown,1,Department of Water Resources,NA,1,Department of Water Resources
37187,397941N1232377W001,1770112,1994-03-29T00:00:00Z,1374.99,1372.99,0,-2.7,1377.69,-2.7,-4.7,NA,Unknown,Water level accuracy is unknown,1,Department of Water Resources,NA,1,Department of Water Resources
37187,397941N1232377W001,1770111,1993-10-26T00:00:00Z,1374.99,1372.99,0,0.4,1374.59,0.4,-1.6,NA,Unknown,Water level accuracy is unknown,1,Department of Water Resources,NA,1,Department of Water Resources
37187,397941N1232377W001,1770110,1993-03-30T00:00:00Z,1374.99,1372.99,0,-7,1381.99,-7,-9,NA,Unknown,Water level accuracy is unknown,1,Department of Water Resources,NA,1,Department of Water Resources
37187,397941N1232377W001,1770109,1992-10-20T00:00:00Z,1374.99,1372.99,0,6.1,1368.89,6.1,4.1,NA,Unknown,Water level accuracy is unknown,1,Department of Water Resources,NA,1,Department of Water Resources
37187,397941N1232377W001,1770108,1992-03-11T00:00:00Z,1374.99,1372.99,0,-3.9,1378.89,-3.9,-5.9,NA,Unknown,Water level accuracy is unknown,1,Department of Water Resources,NA,1,Department of Water Resources
37187,397941N1232377W001,1770107,1991-10-17T00:00:00Z,1374.99,1372.99,0,7.6,1367.39,7.6,5.6,NA,Unknown,Water level accuracy is unknown,1,Department of Water Resources,NA,1,Department of Water Resources
37187,397941N1232377W001,1770106,1991-03-05T00:00:00Z,1374.99,1372.99,0,0.3,1374.69,0.3,-1.7,NA,Unknown,Water level accuracy is unknown,1,Department of Water Resources,NA,1,Department of Water Resources
37187,397941N1232377W001,1770105,1990-10-24T00:00:00Z,1374.99,1372.99,0,4.4,1370.59,4.4,2.4,NA,Unknown,Water level accuracy is unknown,1,Department of Water Resources,NA,1,Department of Water Resources
37187,397941N1232377W001,1770104,1990-03-13T00:00:00Z,1374.99,1372.99,0,-4.5,1379.49,-4.5,-6.5,NA,Unknown,Water level accuracy is unknown,1,Department of Water Resources,NA,1,Department of Water Resources
37187,397941N1232377W001,1770103,1989-10-25T00:00:00Z,1374.99,1372.99,0,4.3,1370.69,4.3,2.3,NA,Unknown,Water level accuracy is unknown,1,Department of Water Resources,NA,1,Department of Water Resources
37187,397941N1232377W001,1770102,1989-03-14T00:00:00Z,1374.99,1372.99,0,-5.8,1380.79,-5.8,-7.8,NA,Unknown,Water level accuracy is unknown,1,Department of Water Resources,NA,1,Department of Water Resources
37187,397941N1232377W001,1770101,1988-11-02T00:00:00Z,1374.99,1372.99,0,8.2,1366.79,8.2,6.2,NA,Unknown,Water level accuracy is unknown,1,Department of Water Resources,NA,1,Department of Water Resources
37187,397941N1232377W001,1770100,1988-03-15T00:00:00Z,1374.99,1372.99,0,-6.4,1381.39,-6.4,-8.4,NA,Unknown,Water level accuracy is unknown,1,Department of Water Resources,NA,1,Department of Water Resources
37187,397941N1232377W001,1770099,1987-10-28T00:00:00Z,1374.99,1372.99,0,7,1367.99,7,5,NA,Unknown,Water level accuracy is unknown,1,Department of Water Resources,NA,1,Department of Water Resources
37187,397941N1232377W001,1770098,1987-04-01T00:00:00Z,1374.99,1372.99,0,-7.6,1382.59,-7.6,-9.6,NA,Unknown,Water level accuracy is unknown,1,Department of Water Resources,NA,1,Department of Water Resources
37187,397941N1232377W001,1770097,1986-10-21T00:00:00Z,1374.99,1372.99,0,2.9,1372.09,2.9,0.9,NA,Unknown,Water level accuracy is unknown,1,Department of Water Resources,NA,1,Department of Water Resources
37187,397941N1232377W001,1770096,1986-03-13T00:00:00Z,1374.99,1372.99,0,-6.1,1381.09,-6.1,-8.1,NA,Unknown,Water level accuracy is unknown,1,Department of Water Resources,NA,1,Department of Water Resources
37187,397941N1232377W001,1770095,1985-10-08T00:00:00Z,1374.99,1372.99,0,7.6,1367.39,7.6,5.6,NA,Unknown,Water level accuracy is unknown,1,Department of Water Resources,NA,1,Department of Water Resources
37187,397941N1232377W001,1770094,1985-03-12T00:00:00Z,1374.99,1372.99,NA,NA,NA,NA,NA,Special/Other,NA,NA,1,Department of Water Resources,NA,1,Department of Water Resources
37187,397941N1232377W001,1770093,1984-10-23T00:00:00Z,1374.99,1372.99,0,5.9,1369.09,5.9,3.9,NA,Unknown,Water level accuracy is unknown,1,Department of Water Resources,NA,1,Department of Water Resources
37187,397941N1232377W001,1770092,1984-03-20T00:00:00Z,1374.99,1372.99,NA,NA,NA,NA,NA,Special/Other,NA,NA,1,Department of Water Resources,NA,1,Department of Water Resources
37187,397941N1232377W001,1770091,1983-10-18T00:00:00Z,1374.99,1372.99,0,3.7,1371.29,3.7,1.7,NA,Unknown,Water level accuracy is unknown,1,Department of Water Resources,NA,1,Department of Water Resources
37187,397941N1232377W001,1770090,1983-03-29T00:00:00Z,1374.99,1372.99,NA,NA,NA,NA,NA,Special/Other,NA,NA,1,Department of Water Resources,NA,1,Department of Water Resources
37187,397941N1232377W001,1770089,1982-10-20T00:00:00Z,1374.99,1372.99,0,4.5,1370.49,4.5,2.5,NA,Unknown,Water level accuracy is unknown,1,Department of Water Resources,NA,1,Department of Water Resources
37187,397941N1232377W001,1770088,1982-03-30T00:00:00Z,1374.99,1372.99,NA,NA,NA,NA,NA,Special/Other,NA,NA,1,Department of Water Resources,NA,1,Department of Water Resources
37187,397941N1232377W001,1770087,1981-10-21T00:00:00Z,1374.99,1372.99,0,9.2,1365.79,9.2,7.2,NA,Unknown,Water level accuracy is unknown,1,Department of Water Resources,NA,1,Department of Water Resources
37187,397941N1232377W001,1770086,1981-03-20T00:00:00Z,1374.99,1372.99,NA,NA,NA,NA,NA,Special/Other,NA,NA,1,Department of Water Resources,NA,1,Department of Water Resources
37187,397941N1232377W001,1770085,1980-10-09T00:00:00Z,1374.99,1372.99,0,7.7,1367.29,7.7,5.7,NA,Unknown,Water level accuracy is unknown,1,Department of Water Resources,NA,1,Department of Water Resources
37187,397941N1232377W001,1770084,1980-04-02T00:00:00Z,1374.99,1372.99,NA,NA,NA,NA,NA,Special/Other,NA,NA,1,Department of Water Resources,NA,1,Department of Water Resources
37187,397941N1232377W001,1770083,1978-04-06T00:00:00Z,1374.99,1372.99,0,-6,1380.99,-6,-8,NA,Unknown,Water level accuracy is unknown,1,Department of Water Resources,NA,1,Department of Water Resources
37187,397941N1232377W001,1770082,1977-11-03T00:00:00Z,1374.99,1372.99,0,12.8,1362.19,12.8,10.8,NA,Unknown,Water level accuracy is unknown,1,Department of Water Resources,NA,1,Department of Water Resources
37187,397941N1232377W001,1770081,1977-09-26T00:00:00Z,1374.99,1372.99,0,16.5,1358.49,16.5,14.5,NA,Unknown,Water level accuracy is unknown,1,Department of Water Resources,NA,1,Department of Water Resources
37187,397941N1232377W001,1770080,1977-04-07T00:00:00Z,1374.99,1372.99,0,-1,1375.99,-1,-3,NA,Unknown,Water level accuracy is unknown,1,Department of Water Resources,NA,1,Department of Water Resources
37187,397941N1232377W001,1770079,1976-10-28T00:00:00Z,1374.99,1372.99,0,9.2,1365.79,9.2,7.2,NA,Unknown,Water level accuracy is unknown,1,Department of Water Resources,NA,1,Department of Water Resources
37187,397941N1232377W001,1770078,1976-04-08T00:00:00Z,1374.99,1372.99,0,-7,1381.99,-7,-9,NA,Unknown,Water level accuracy is unknown,1,Department of Water Resources,NA,1,Department of Water Resources
37187,397941N1232377W001,1770077,1975-10-15T00:00:00Z,1374.99,1372.99,0,8.8,1366.19,8.8,6.8,NA,Unknown,Water level accuracy is unknown,1,Department of Water Resources,NA,1,Department of Water Resources
37187,397941N1232377W001,1770076,1975-04-24T00:00:00Z,1374.99,1372.99,0,-8,1382.99,-8,-10,NA,Unknown,Water level accuracy is unknown,1,Department of Water Resources,NA,1,Department of Water Resources
37187,397941N1232377W001,1770075,1974-11-11T00:00:00Z,1374.99,1372.99,0,6.5,1368.49,6.5,4.5,NA,Unknown,Water level accuracy is unknown,1,Department of Water Resources,NA,1,Department of Water Resources
37187,397941N1232377W001,1770074,1974-04-18T00:00:00Z,1374.99,1372.99,0,-9.1,1384.09,-9.1,-11.1,NA,Unknown,Water level accuracy is unknown,1,Department of Water Resources,NA,1,Department of Water Resources
37187,397941N1232377W001,1770073,1973-10-03T00:00:00Z,1374.99,1372.99,0,9,1365.99,9,7,NA,Unknown,Water level accuracy is unknown,1,Department of Water Resources,NA,1,Department of Water Resources
37187,397941N1232377W001,1770072,1973-04-12T00:00:00Z,1374.99,1372.99,0,-9.2,1384.19,-9.2,-11.2,NA,Unknown,Water level accuracy is unknown,1,Department of Water Resources,NA,1,Department of Water Resources
37187,397941N1232377W001,1770071,1972-10-12T00:00:00Z,1374.99,1372.99,0,3.6,1371.39,3.6,1.6,NA,Unknown,Water level accuracy is unknown,1,Department of Water Resources,NA,1,Department of Water Resources
37187,397941N1232377W001,1770070,1972-04-05T00:00:00Z,1374.99,1372.99,0,-9.2,1384.19,-9.2,-11.2,NA,Unknown,Water level accuracy is unknown,1,Department of Water Resources,NA,1,Department of Water Resources
37187,397941N1232377W001,1770069,1971-10-14T00:00:00Z,1374.99,1372.99,0,3.2,1371.79,3.2,1.2,NA,Unknown,Water level accuracy is unknown,1,Department of Water Resources,NA,1,Department of Water Resources
37187,397941N1232377W001,1770068,1971-04-15T00:00:00Z,1374.99,1372.99,0,-9.5,1384.49,-9.5,-11.5,NA,Unknown,Water level accuracy is unknown,1,Department of Water Resources,NA,1,Department of Water Resources
37187,397941N1232377W001,1770067,1970-10-15T00:00:00Z,1374.99,1372.99,0,7.2,1367.79,7.2,5.2,NA,Unknown,Water level accuracy is unknown,1,Department of Water Resources,NA,1,Department of Water Resources
37187,397941N1232377W001,1770066,1970-04-09T00:00:00Z,1374.99,1372.99,0,-8.6,1383.59,-8.6,-10.6,NA,Unknown,Water level accuracy is unknown,1,Department of Water Resources,NA,1,Department of Water Resources
37187,397941N1232377W001,1770065,1969-10-16T00:00:00Z,1374.99,1372.99,0,5,1369.99,5,3,NA,Unknown,Water level accuracy is unknown,1,Department of Water Resources,NA,1,Department of Water Resources
37187,397941N1232377W001,1770064,1969-04-10T00:00:00Z,1374.99,1372.99,0,-9.5,1384.49,-9.5,-11.5,NA,Unknown,Water level accuracy is unknown,1,Department of Water Resources,NA,1,Department of Water Resources
37187,397941N1232377W001,1770063,1968-10-16T00:00:00Z,1374.99,1372.99,0,2.3,1372.69,2.3,0.3,NA,Unknown,Water level accuracy is unknown,1,Department of Water Resources,NA,1,Department of Water Resources
37187,397941N1232377W001,1770062,1968-04-09T00:00:00Z,1374.99,1372.99,0,-7.5,1382.49,-7.5,-9.5,NA,Unknown,Water level accuracy is unknown,1,Department of Water Resources,NA,1,Department of Water Resources
37187,397941N1232377W001,1770061,1967-10-02T00:00:00Z,1374.99,1372.99,0,4.6,1370.39,4.6,2.6,NA,Unknown,Water level accuracy is unknown,1,Department of Water Resources,NA,1,Department of Water Resources
37187,397941N1232377W001,1770060,1967-04-11T00:00:00Z,1374.99,1372.99,0,-9,1383.99,-9,-11,NA,Unknown,Water level accuracy is unknown,1,Department of Water Resources,NA,1,Department of Water Resources
37187,397941N1232377W001,1770059,1966-10-05T00:00:00Z,1374.99,1372.99,0,7.6,1367.39,7.6,5.6,NA,Unknown,Water level accuracy is unknown,1,Department of Water Resources,NA,1,Department of Water Resources
37187,397941N1232377W001,1770058,1966-04-20T00:00:00Z,1374.99,1372.99,0,-8.8,1383.79,-8.8,-10.8,NA,Unknown,Water level accuracy is unknown,1,Department of Water Resources,NA,1,Department of Water Resources
37187,397941N1232377W001,1770057,1966-04-06T00:00:00Z,1374.99,1372.99,0,-5.8,1380.79,-5.8,-7.8,NA,Unknown,Water level accuracy is unknown,1,Department of Water Resources,NA,1,Department of Water Resources
37187,397941N1232377W001,1770056,1966-02-23T00:00:00Z,1374.99,1372.99,NA,NA,NA,NA,NA,Special/Other,NA,NA,1,Department of Water Resources,NA,1,Department of Water Resources
37187,397941N1232377W001,1770055,1966-01-19T00:00:00Z,1374.99,1372.99,0,-8.4,1383.39,-8.4,-10.4,NA,Unknown,Water level accuracy is unknown,1,Department of Water Resources,NA,1,Department of Water Resources
37187,397941N1232377W001,1770054,1965-12-09T00:00:00Z,1374.99,1372.99,0,-0.5,1375.49,-0.5,-2.5,NA,Unknown,Water level accuracy is unknown,1,Department of Water Resources,NA,1,Department of Water Resources
37187,397941N1232377W001,1770053,1965-11-10T00:00:00Z,1374.99,1372.99,0,11.7,1363.29,11.7,9.7,NA,Unknown,Water level accuracy is unknown,1,Department of Water Resources,NA,1,Department of Water Resources
37187,397941N1232377W001,1770052,1965-10-06T00:00:00Z,1374.99,1372.99,0,0.1,1374.89,0.1,-1.9,NA,Unknown,Water level accuracy is unknown,1,Department of Water Resources,NA,1,Department of Water Resources
37187,397941N1232377W001,1770051,1965-09-23T00:00:00Z,1374.99,1372.99,0,0.1,1374.89,0.1,-1.9,NA,Unknown,Water level accuracy is unknown,1,Department of Water Resources,NA,1,Department of Water Resources
37187,397941N1232377W001,1770050,1965-08-18T00:00:00Z,1374.99,1372.99,0,15.3,1359.69,15.3,13.3,NA,Unknown,Water level accuracy is unknown,1,Department of Water Resources,NA,1,Department of Water Resources
37187,397941N1232377W001,1770049,1965-07-13T00:00:00Z,1374.99,1372.99,0,-6,1380.99,-6,-8,NA,Unknown,Water level accuracy is unknown,1,Department of Water Resources,NA,1,Department of Water Resources
37187,397941N1232377W001,1770048,1965-06-15T00:00:00Z,1374.99,1372.99,0,-18.6,1393.59,-18.6,-20.6,NA,Unknown,Water level accuracy is unknown,1,Department of Water Resources,NA,1,Department of Water Resources
37187,397941N1232377W001,1770047,1965-05-18T00:00:00Z,1374.99,1372.99,0,-2.9,1377.89,-2.9,-4.9,NA,Unknown,Water level accuracy is unknown,1,Department of Water Resources,NA,1,Department of Water Resources
37187,397941N1232377W001,1770046,1965-04-15T00:00:00Z,1374.99,1372.99,0,2.1,1372.89,2.1,0.1,NA,Unknown,Water level accuracy is unknown,1,Department of Water Resources,NA,1,Department of Water Resources
37187,397941N1232377W001,1770045,1965-03-17T00:00:00Z,1374.99,1372.99,0,-1.1,1376.09,-1.1,-3.1,NA,Unknown,Water level accuracy is unknown,1,Department of Water Resources,NA,1,Department of Water Resources
37187,397941N1232377W001,1770044,1965-02-16T00:00:00Z,1374.99,1372.99,0,-1.1,1376.09,-1.1,-3.1,NA,Unknown,Water level accuracy is unknown,1,Department of Water Resources,NA,1,Department of Water Resources
37187,397941N1232377W001,1770043,1965-01-10T00:00:00Z,1374.99,1372.99,NA,NA,NA,NA,NA,Temporarily inaccessible,NA,NA,1,Department of Water Resources,NA,1,Department of Water Resources
37187,397941N1232377W001,1770042,1964-12-16T00:00:00Z,1374.99,1372.99,0,0.5,1374.49,0.5,-1.5,NA,Unknown,Water level accuracy is unknown,1,Department of Water Resources,NA,1,Department of Water Resources
37187,397941N1232377W001,1770041,1964-11-17T00:00:00Z,1374.99,1372.99,0,1.6,1373.39,1.6,-0.4,NA,Unknown,Water level accuracy is unknown,1,Department of Water Resources,NA,1,Department of Water Resources
37187,397941N1232377W001,1770040,1964-10-13T00:00:00Z,1374.99,1372.99,0,6.1,1368.89,6.1,4.1,NA,Unknown,Water level accuracy is unknown,1,Department of Water Resources,NA,1,Department of Water Resources
37187,397941N1232377W001,1770039,1964-09-15T00:00:00Z,1374.99,1372.99,0,26.2,1348.79,26.2,24.2,NA,Unknown,Water level accuracy is unknown,1,Department of Water Resources,NA,1,Department of Water Resources
37187,397941N1232377W001,1770038,1964-09-09T00:00:00Z,1374.99,1372.99,0,28.2,1346.79,28.2,26.2,NA,Unknown,Water level accuracy is unknown,1,Department of Water Resources,NA,1,Department of Water Resources
37187,397941N1232377W001,1770037,1964-08-26T00:00:00Z,1380.29,1372.99,0,25.7,1354.59,25.7,18.4,NA,Unknown,Water level accuracy is unknown,1,Department of Water Resources,NA,1,Department of Water Resources
37187,397941N1232377W001,1770036,1964-07-22T00:00:00Z,1380.29,1372.99,0,20.4,1359.89,20.4,13.1,NA,Unknown,Water level accuracy is unknown,1,Department of Water Resources,NA,1,Department of Water Resources
37187,397941N1232377W001,1770035,1964-06-09T00:00:00Z,1380.29,1372.99,0,0.6,1379.69,0.6,-6.7,NA,Unknown,Water level accuracy is unknown,1,Department of Water Resources,NA,1,Department of Water Resources
37187,397941N1232377W001,1770034,1964-05-07T00:00:00Z,1380.29,1372.99,NA,NA,NA,NA,NA,Special/Other,NA,NA,1,Department of Water Resources,NA,1,Department of Water Resources
37187,397941N1232377W001,1770033,1964-04-09T00:00:00Z,1380.29,1372.99,NA,NA,NA,NA,NA,Special/Other,NA,NA,1,Department of Water Resources,NA,1,Department of Water Resources
37187,397941N1232377W001,1770032,1964-02-26T00:00:00Z,1380.29,1372.99,NA,NA,NA,NA,NA,Special/Other,NA,NA,1,Department of Water Resources,NA,1,Department of Water Resources
37187,397941N1232377W001,1770031,1963-12-18T00:00:00Z,1380.29,1372.99,0,0.5,1379.79,0.5,-6.8,NA,Unknown,Water level accuracy is unknown,1,Department of Water Resources,NA,1,Department of Water Resources
37187,397941N1232377W001,1770030,1963-11-14T00:00:00Z,1380.29,1372.99,0,3.7,1376.59,3.7,-3.6,NA,Unknown,Water level accuracy is unknown,1,Department of Water Resources,NA,1,Department of Water Resources
37187,397941N1232377W001,1770029,1963-10-09T00:00:00Z,1380.29,1372.99,0,9.8,1370.49,9.8,2.5,NA,Unknown,Water level accuracy is unknown,1,Department of Water Resources,NA,1,Department of Water Resources
37187,397941N1232377W001,1770028,1963-09-05T00:00:00Z,1380.29,1372.99,0,15,1365.29,15,7.7,NA,Unknown,Water level accuracy is unknown,1,Department of Water Resources,NA,1,Department of Water Resources
37187,397941N1232377W001,1770027,1963-07-31T00:00:00Z,1379.99,1372.99,0,12.5,1367.49,12.5,5.5,NA,Unknown,Water level accuracy is unknown,1,Department of Water Resources,NA,1,Department of Water Resources
37187,397941N1232377W001,1770026,1963-06-26T00:00:00Z,1380.29,1372.99,0,12.6,1367.69,12.6,5.3,NA,Unknown,Water level accuracy is unknown,1,Department of Water Resources,NA,1,Department of Water Resources
37187,397941N1232377W001,1770025,1963-05-15T00:00:00Z,1380.29,1372.99,NA,NA,NA,NA,NA,Special/Other,NA,NA,1,Department of Water Resources,NA,1,Department of Water Resources
37187,397941N1232377W001,1770024,1963-04-03T00:00:00Z,1380.29,1372.99,NA,NA,NA,NA,NA,Special/Other,NA,NA,1,Department of Water Resources,NA,1,Department of Water Resources
37187,397941N1232377W001,1770023,1963-03-01T00:00:00Z,1380.29,1372.99,NA,NA,NA,NA,NA,Special/Other,NA,NA,1,Department of Water Resources,NA,1,Department of Water Resources
37187,397941N1232377W001,1770022,1963-01-24T00:00:00Z,1380.29,1372.99,NA,NA,NA,NA,NA,Special/Other,NA,NA,1,Department of Water Resources,NA,1,Department of Water Resources
37187,397941N1232377W001,1770021,1963-01-08T00:00:00Z,1380.29,1372.99,0,0.4,1379.89,0.4,-6.9,NA,Unknown,Water level accuracy is unknown,1,Department of Water Resources,NA,1,Department of Water Resources
37187,397941N1232377W001,1770020,1962-12-12T00:00:00Z,1380.29,1372.99,0,1.1,1379.19,1.1,-6.2,NA,Unknown,Water level accuracy is unknown,1,Department of Water Resources,NA,1,Department of Water Resources
37187,397941N1232377W001,1770019,1962-11-18T00:00:00Z,1380.29,1372.99,0,3.3,1376.99,3.3,-4,NA,Unknown,Water level accuracy is unknown,1,Department of Water Resources,NA,1,Department of Water Resources
37187,397941N1232377W001,1770018,1962-10-12T00:00:00Z,1380.29,1372.99,0,9.7,1370.59,9.7,2.4,NA,Unknown,Water level accuracy is unknown,1,Department of Water Resources,NA,1,Department of Water Resources
37187,397941N1232377W001,1770017,1962-09-12T00:00:00Z,1380.29,1372.99,0,23.5,1356.79,23.5,16.2,NA,Unknown,Water level accuracy is unknown,1,Department of Water Resources,NA,1,Department of Water Resources
37187,397941N1232377W001,1770016,1962-08-02T00:00:00Z,1380.29,1372.99,0,16.2,1364.09,16.2,8.9,NA,Unknown,Water level accuracy is unknown,1,Department of Water Resources,NA,1,Department of Water Resources
37187,397941N1232377W001,1770015,1962-06-20T00:00:00Z,1380.29,1372.99,0,12.6,1367.69,12.6,5.3,NA,Unknown,Water level accuracy is unknown,1,Department of Water Resources,NA,1,Department of Water Resources
37187,397941N1232377W001,1770014,1962-05-17T00:00:00Z,1380.29,1372.99,NA,NA,NA,NA,NA,Special/Other,NA,NA,1,Department of Water Resources,NA,1,Department of Water Resources
37187,397941N1232377W001,1770013,1962-04-24T00:00:00Z,1380.29,1372.99,NA,NA,NA,NA,NA,Special/Other,NA,NA,1,Department of Water Resources,NA,1,Department of Water Resources
37187,397941N1232377W001,1770012,1962-03-21T00:00:00Z,1380.29,1372.99,NA,NA,NA,NA,NA,Special/Other,NA,NA,1,Department of Water Resources,NA,1,Department of Water Resources
37187,397941N1232377W001,1770011,1962-02-05T00:00:00Z,1380.29,1372.99,0,0.8,1379.49,0.8,-6.5,NA,Unknown,Water level accuracy is unknown,1,Department of Water Resources,NA,1,Department of Water Resources
37187,397941N1232377W001,1770010,1961-12-19T00:00:00Z,1380.29,1372.99,0,3.6,1376.69,3.6,-3.7,NA,Unknown,Water level accuracy is unknown,1,Department of Water Resources,NA,1,Department of Water Resources
37187,397941N1232377W001,1770009,1961-11-14T00:00:00Z,1380.29,1372.99,0,6.8,1373.49,6.8,-0.5,NA,Unknown,Water level accuracy is unknown,1,Department of Water Resources,NA,1,Department of Water Resources
37187,397941N1232377W001,1770008,1961-10-11T00:00:00Z,1380.29,1372.99,0,6.8,1373.49,6.8,-0.5,NA,Unknown,Water level accuracy is unknown,1,Department of Water Resources,NA,1,Department of Water Resources
37187,397941N1232377W001,1770007,1961-08-30T00:00:00Z,1380.29,1372.99,0,13.9,1366.39,13.9,6.6,NA,Unknown,Water level accuracy is unknown,1,Department of Water Resources,NA,1,Department of Water Resources
37187,397941N1232377W001,1770006,1961-07-26T00:00:00Z,1380.29,1372.99,0,4.2,1376.09,4.2,-3.1,NA,Unknown,Water level accuracy is unknown,1,Department of Water Resources,NA,1,Department of Water Resources
37187,397941N1232377W001,1770005,1961-06-14T00:00:00Z,1380.29,1372.99,NA,NA,NA,NA,NA,Special/Other,NA,NA,1,Department of Water Resources,NA,1,Department of Water Resources
37187,397941N1232377W001,1770004,1961-05-11T00:00:00Z,1380.29,1372.99,NA,NA,NA,NA,NA,Special/Other,NA,NA,1,Department of Water Resources,NA,1,Department of Water Resources
37187,397941N1232377W001,1770003,1961-04-11T00:00:00Z,1380.29,1372.99,NA,NA,NA,NA,NA,Special/Other,NA,NA,1,Department of Water Resources,NA,1,Department of Water Resources
37187,397941N1232377W001,1770002,1961-02-07T00:00:00Z,1380.29,1372.99,0,0.1,1380.19,0.1,-7.2,NA,Unknown,Water level accuracy is unknown,1,Department of Water Resources,NA,1,Department of Water Resources
37187,397941N1232377W001,1770001,1960-12-30T00:00:00Z,1380.29,1372.99,NA,NA,NA,NA,NA,Special/Other,NA,NA,1,Department of Water Resources,NA,1,Department of Water Resources
37187,397941N1232377W001,1770000,1960-11-09T00:00:00Z,1380.29,1372.99,0,7.4,1372.89,7.4,0.1,NA,Unknown,Water level accuracy is unknown,1,Department of Water Resources,NA,1,Department of Water Resources
37187,397941N1232377W001,1769999,1960-10-26T00:00:00Z,1380.29,1372.99,0,7.4,1372.89,7.4,0.1,NA,Unknown,Water level accuracy is unknown,1,Department of Water Resources,NA,1,Department of Water Resources
37187,397941N1232377W001,1769998,1960-09-20T00:00:00Z,1380.29,1372.99,0,5.8,1374.49,5.8,-1.5,NA,Unknown,Water level accuracy is unknown,1,Department of Water Resources,NA,1,Department of Water Resources
37187,397941N1232377W001,1769997,1960-08-24T00:00:00Z,1380.29,1372.99,0,7.4,1372.89,7.4,0.1,NA,Unknown,Water level accuracy is unknown,1,Department of Water Resources,NA,1,Department of Water Resources
