STN_ID,SITE_CODE,WLM_ID,MSMT_DATE,WLM_RPE,WLM_GSE,RDNG_WS,RDNG_RP,WSE,RPE_WSE,GSE_WSE,WLM_QA_DESC,WLM_DESC,WLM_ACC_DESC,WLM_ORG_ID,WLM_ORG_NAME,MSMT_CMT,COOP_AGENCY_ORG_ID,COOP_ORG_NAME
37346,353136N1208529W001,748899,1980-05-02T00:00:00Z,68.93,68.93,0,56.7,12.23,56.7,56.7,NA,Unknown,Water level accuracy is unknown,1,Department of Water Resources,NA,5167,United States Geological Survey
37346,353136N1208529W001,748898,1979-10-15T00:00:00Z,68.93,68.93,0,60.3,8.63,60.3,60.3,NA,Unknown,Water level accuracy is unknown,1,Department of Water Resources,NA,5167,United States Geological Survey
37346,353136N1208529W001,748897,1979-04-24T00:00:00Z,68.93,68.93,0,56.6,12.33,56.6,56.6,NA,Unknown,Water level accuracy is unknown,1,Department of Water Resources,NA,5167,United States Geological Survey
37346,353136N1208529W001,748896,1978-11-28T00:00:00Z,68.93,68.93,0,56.5,12.43,56.5,56.5,NA,Unknown,Water level accuracy is unknown,1,Department of Water Resources,NA,5167,United States Geological Survey
37346,353136N1208529W001,748895,1978-04-04T00:00:00Z,68.93,68.93,0,46.2,22.73,46.2,46.2,NA,Unknown,Water level accuracy is unknown,1,Department of Water Resources,NA,5167,United States Geological Survey
37346,353136N1208529W001,748894,1977-10-12T00:00:00Z,68.93,68.93,0,57.8,11.13,57.8,57.8,NA,Unknown,Water level accuracy is unknown,1,Department of Water Resources,NA,5167,United States Geological Survey
37346,353136N1208529W001,748893,1977-03-11T00:00:00Z,68.93,68.93,0,63.5,5.43,63.5,63.5,NA,Unknown,Water level accuracy is unknown,1,Department of Water Resources,NA,5167,United States Geological Survey
37346,353136N1208529W001,748892,1976-12-21T00:00:00Z,68.93,68.93,0,62.7,6.23,62.7,62.7,NA,Unknown,Water level accuracy is unknown,1,Department of Water Resources,NA,5167,United States Geological Survey
37346,353136N1208529W001,748891,1976-10-08T00:00:00Z,68.93,68.93,0,57.3,11.63,57.3,57.3,NA,Unknown,Water level accuracy is unknown,1,Department of Water Resources,NA,5167,United States Geological Survey
37346,353136N1208529W001,748890,1976-05-05T00:00:00Z,68.93,68.93,0,57.2,11.73,57.2,57.2,NA,Unknown,Water level accuracy is unknown,1,Department of Water Resources,NA,5167,United States Geological Survey
37346,353136N1208529W001,748889,1975-04-07T00:00:00Z,68.93,68.93,0,66.3,2.63,66.3,66.3,NA,Unknown,Water level accuracy is unknown,1,Department of Water Resources,NA,5167,United States Geological Survey
37346,353136N1208529W001,748888,1974-12-02T00:00:00Z,68.93,68.93,0,56.4,12.53,56.4,56.4,NA,Unknown,Water level accuracy is unknown,1,Department of Water Resources,NA,5167,United States Geological Survey
