STN_ID,SITE_CODE,WLM_ID,MSMT_DATE,WLM_RPE,WLM_GSE,RDNG_WS,RDNG_RP,WSE,RPE_WSE,GSE_WSE,WLM_QA_DESC,WLM_DESC,WLM_ACC_DESC,WLM_ORG_ID,WLM_ORG_NAME,MSMT_CMT,COOP_AGENCY_ORG_ID,COOP_ORG_NAME
37352,346333N1201436W001,1413733,2010-03-09T00:00:00Z,617.57,617.57,0,96.44,521.13,96.44,96.44,NA,Unknown,Water level accuracy is unknown,1,Department of Water Resources,NA,5167,United States Geological Survey
37352,346333N1201436W001,1413732,2009-03-03T00:00:00Z,617.57,617.57,0,95.7,521.87,95.7,95.7,NA,Unknown,Water level accuracy is unknown,1,Department of Water Resources,NA,5167,United States Geological Survey
37352,346333N1201436W001,1413729,2008-03-13T00:00:00Z,617.57,617.57,0,93.8,523.77,93.8,93.8,NA,Unknown,Water level accuracy is unknown,1,Department of Water Resources,NA,5167,United States Geological Survey
37352,346333N1201436W001,1413730,2007-03-26T00:00:00Z,617.57,617.57,0,92.7,524.87,92.7,92.7,NA,Unknown,Water level accuracy is unknown,1,Department of Water Resources,NA,5167,United States Geological Survey
37352,346333N1201436W001,1413731,2006-03-28T00:00:00Z,617.57,617.57,0,92.29,525.28,92.29,92.29,NA,Unknown,Water level accuracy is unknown,1,Department of Water Resources,NA,5167,United States Geological Survey
37352,346333N1201436W001,1413728,2005-03-23T00:00:00Z,617.57,617.57,0,92.39,525.18,92.39,92.39,NA,Unknown,Water level accuracy is unknown,1,Department of Water Resources,NA,5167,United States Geological Survey
