STN_ID,SITE_CODE,WLM_ID,MSMT_DATE,WLM_RPE,WLM_GSE,RDNG_WS,RDNG_RP,WSE,RPE_WSE,GSE_WSE,WLM_QA_DESC,WLM_DESC,WLM_ACC_DESC,WLM_ORG_ID,WLM_ORG_NAME,MSMT_CMT,COOP_AGENCY_ORG_ID,COOP_ORG_NAME
37636,357775N1195711W001,852529,1968-02-01T00:00:00Z,215.22,214.62,NA,NA,NA,NA,NA,Well has been destroyed,NA,NA,1,Department of Water Resources,NA,423,Kern County Water Agency
37636,357775N1195711W001,852528,1963-02-18T00:00:00Z,215.22,214.62,0,87.8,127.42,87.8,87.2,NA,Unknown,Water level accuracy is unknown,1,Department of Water Resources,NA,1,Department of Water Resources
37636,357775N1195711W001,852527,1962-03-20T00:00:00Z,215.22,214.62,NA,NA,NA,NA,NA,Special/Other,NA,NA,1,Department of Water Resources,NA,1,Department of Water Resources
37636,357775N1195711W001,852526,1961-03-08T00:00:00Z,215.22,214.62,0,68.6,146.62,68.6,68,NA,Unknown,Water level accuracy is unknown,1,Department of Water Resources,NA,1,Department of Water Resources
37636,357775N1195711W001,852525,1960-10-12T00:00:00Z,215.22,214.62,NA,NA,NA,NA,NA,Tape hung up,NA,NA,1,Department of Water Resources,NA,1,Department of Water Resources
