STN_ID,SITE_CODE,WLM_ID,MSMT_DATE,WLM_RPE,WLM_GSE,RDNG_WS,RDNG_RP,WSE,RPE_WSE,GSE_WSE,WLM_QA_DESC,WLM_DESC,WLM_ACC_DESC,WLM_ORG_ID,WLM_ORG_NAME,MSMT_CMT,COOP_AGENCY_ORG_ID,COOP_ORG_NAME
38263,348033N1184797W001,1303846,2010-03-23T00:00:00Z,2689.85,2689.85,0,44.32,2645.53,44.32,44.32,NA,Unknown,Water level accuracy is unknown,1,Department of Water Resources,NA,5167,United States Geological Survey
38263,348033N1184797W001,1303847,2009-03-25T00:00:00Z,2689.85,2689.85,0,45.89,2643.96,45.89,45.89,NA,Unknown,Water level accuracy is unknown,1,Department of Water Resources,NA,5167,United States Geological Survey
38263,348033N1184797W001,1303845,2008-03-25T00:00:00Z,2689.85,2689.85,0,44.05,2645.8,44.05,44.05,NA,Unknown,Water level accuracy is unknown,1,Department of Water Resources,NA,5167,United States Geological Survey
38263,348033N1184797W001,1303842,2007-03-28T00:00:00Z,2689.85,2689.85,0,43.82,2646.03,43.82,43.82,NA,Unknown,Water level accuracy is unknown,1,Department of Water Resources,NA,5167,United States Geological Survey
38263,348033N1184797W001,1303843,2006-03-30T00:00:00Z,2689.85,2689.85,0,43.84,2646.01,43.84,43.84,NA,Unknown,Water level accuracy is unknown,1,Department of Water Resources,NA,5167,United States Geological Survey
38263,348033N1184797W001,1303844,2005-05-26T00:00:00Z,2689.85,2689.85,0,43.6,2646.25,43.6,43.6,NA,Unknown,Water level accuracy is unknown,1,Department of Water Resources,NA,5167,United States Geological Survey
