STN_ID,SITE_CODE,WLM_ID,MSMT_DATE,WLM_RPE,WLM_GSE,RDNG_WS,RDNG_RP,WSE,RPE_WSE,GSE_WSE,WLM_QA_DESC,WLM_DESC,WLM_ACC_DESC,WLM_ORG_ID,WLM_ORG_NAME,MSMT_CMT,COOP_AGENCY_ORG_ID,COOP_ORG_NAME
3836,342169N1190570W001,1663306,1976-03-30T00:00:00Z,121.7,121.7,0,206.4,-84.7,206.4,206.4,NA,Unknown,Water level accuracy is unknown,1,Department of Water Resources,NA,1082,VENTURA COUNTY FLOOD CONTROL DISTRICT
3836,342169N1190570W001,1663305,1976-02-11T00:00:00Z,121.7,121.7,NA,NA,NA,NA,NA,Tape hung up,NA,NA,1,Department of Water Resources,NA,1082,VENTURA COUNTY FLOOD CONTROL DISTRICT
3836,342169N1190570W001,1663304,1975-12-01T00:00:00Z,121.7,121.7,0,206,-84.3,206,206,NA,Unknown,Water level accuracy is unknown,1,Department of Water Resources,NA,1082,VENTURA COUNTY FLOOD CONTROL DISTRICT
3836,342169N1190570W001,1663303,1975-10-15T00:00:00Z,121.7,121.7,0,214.5,-92.8,214.5,214.5,NA,Unknown,Water level accuracy is unknown,1,Department of Water Resources,NA,1082,VENTURA COUNTY FLOOD CONTROL DISTRICT
3836,342169N1190570W001,1663302,1975-07-23T00:00:00Z,121.7,121.7,NA,NA,NA,NA,NA,Pumping,NA,NA,1,Department of Water Resources,NA,1082,VENTURA COUNTY FLOOD CONTROL DISTRICT
3836,342169N1190570W001,1663301,1975-05-28T00:00:00Z,121.7,121.7,0,196.3,-74.6,196.3,196.3,NA,Unknown,Water level accuracy is unknown,1,Department of Water Resources,NA,1082,VENTURA COUNTY FLOOD CONTROL DISTRICT
3836,342169N1190570W001,1663300,1975-03-31T00:00:00Z,121.7,121.7,0,186.7,-65,186.7,186.7,NA,Unknown,Water level accuracy is unknown,1,Department of Water Resources,NA,1082,VENTURA COUNTY FLOOD CONTROL DISTRICT
3836,342169N1190570W001,1663299,1975-01-20T00:00:00Z,121.7,121.7,NA,NA,NA,NA,NA,Pumping,NA,NA,1,Department of Water Resources,NA,1082,VENTURA COUNTY FLOOD CONTROL DISTRICT
3836,342169N1190570W001,1663298,1974-12-02T00:00:00Z,121.7,121.7,0,212.5,-90.8,212.5,212.5,NA,Unknown,Water level accuracy is unknown,1,Department of Water Resources,NA,1082,VENTURA COUNTY FLOOD CONTROL DISTRICT
3836,342169N1190570W001,1663297,1974-10-15T00:00:00Z,121.7,121.7,0,199.5,-77.8,199.5,199.5,NA,Unknown,Water level accuracy is unknown,1,Department of Water Resources,NA,1082,VENTURA COUNTY FLOOD CONTROL DISTRICT
3836,342169N1190570W001,1663296,1974-07-22T00:00:00Z,121.7,121.7,0,215.9,-94.2,215.9,215.9,NA,Unknown,Water level accuracy is unknown,1,Department of Water Resources,NA,1082,VENTURA COUNTY FLOOD CONTROL DISTRICT
3836,342169N1190570W001,1663295,1974-05-20T00:00:00Z,121.7,121.7,0,206.5,-84.8,206.5,206.5,NA,Unknown,Water level accuracy is unknown,1,Department of Water Resources,NA,1082,VENTURA COUNTY FLOOD CONTROL DISTRICT
3836,342169N1190570W001,1663294,1974-03-25T00:00:00Z,121.7,121.7,0,186.8,-65.1,186.8,186.8,NA,Unknown,Water level accuracy is unknown,1,Department of Water Resources,NA,1082,VENTURA COUNTY FLOOD CONTROL DISTRICT
3836,342169N1190570W001,1663293,1974-01-23T00:00:00Z,121.7,121.7,0,194.2,-72.5,194.2,194.2,NA,Unknown,Water level accuracy is unknown,1,Department of Water Resources,NA,1082,VENTURA COUNTY FLOOD CONTROL DISTRICT
3836,342169N1190570W001,1663292,1973-12-04T00:00:00Z,121.7,121.7,0,193.5,-71.8,193.5,193.5,NA,Unknown,Water level accuracy is unknown,1,Department of Water Resources,NA,1082,VENTURA COUNTY FLOOD CONTROL DISTRICT
3836,342169N1190570W001,1663291,1973-09-24T00:00:00Z,121.7,121.7,0,201.6,-79.9,201.6,201.6,NA,Unknown,Water level accuracy is unknown,1,Department of Water Resources,NA,1082,VENTURA COUNTY FLOOD CONTROL DISTRICT
3836,342169N1190570W001,1663290,1973-08-15T00:00:00Z,121.7,121.7,0,198.9,-77.2,198.9,198.9,NA,Unknown,Water level accuracy is unknown,1,Department of Water Resources,NA,1082,VENTURA COUNTY FLOOD CONTROL DISTRICT
3836,342169N1190570W001,1663289,1973-05-29T00:00:00Z,121.7,121.7,0,224.8,-103.1,224.8,224.8,NA,Unknown,Water level accuracy is unknown,1,Department of Water Resources,NA,1082,VENTURA COUNTY FLOOD CONTROL DISTRICT
3836,342169N1190570W001,1663288,1973-03-30T00:00:00Z,121.7,121.7,0,215.7,-94,215.7,215.7,NA,Unknown,Water level accuracy is unknown,1,Department of Water Resources,NA,1082,VENTURA COUNTY FLOOD CONTROL DISTRICT
3836,342169N1190570W001,1663287,1973-02-20T00:00:00Z,121.7,121.7,0,192.4,-70.7,192.4,192.4,NA,Unknown,Water level accuracy is unknown,1,Department of Water Resources,NA,1082,VENTURA COUNTY FLOOD CONTROL DISTRICT
3836,342169N1190570W001,1663286,1972-07-25T00:00:00Z,121.7,121.7,0,237.6,-115.9,237.6,237.6,NA,Unknown,Water level accuracy is unknown,1,Department of Water Resources,NA,1082,VENTURA COUNTY FLOOD CONTROL DISTRICT
3836,342169N1190570W001,1663285,1972-06-08T00:00:00Z,121.7,121.7,0,240.7,-119,240.7,240.7,NA,Unknown,Water level accuracy is unknown,1,Department of Water Resources,NA,1082,VENTURA COUNTY FLOOD CONTROL DISTRICT
3836,342169N1190570W001,1663284,1972-04-05T00:00:00Z,121.7,121.7,0,224.7,-103,224.7,224.7,NA,Unknown,Water level accuracy is unknown,1,Department of Water Resources,NA,1082,VENTURA COUNTY FLOOD CONTROL DISTRICT
3836,342169N1190570W001,1663283,1971-08-05T00:00:00Z,121.7,121.7,0,229.5,-107.8,229.5,229.5,NA,Unknown,Water level accuracy is unknown,1,Department of Water Resources,NA,1082,VENTURA COUNTY FLOOD CONTROL DISTRICT
3836,342169N1190570W001,1663282,1971-06-03T00:00:00Z,121.7,121.7,0,203.1,-81.4,203.1,203.1,NA,Unknown,Water level accuracy is unknown,1,Department of Water Resources,NA,1082,VENTURA COUNTY FLOOD CONTROL DISTRICT
3836,342169N1190570W001,1663281,1971-01-28T00:00:00Z,121.7,121.7,0,235.4,-113.7,235.4,235.4,NA,Unknown,Water level accuracy is unknown,1,Department of Water Resources,NA,1082,VENTURA COUNTY FLOOD CONTROL DISTRICT
3836,342169N1190570W001,1663280,1970-12-10T00:00:00Z,121.7,121.7,0,235.8,-114.1,235.8,235.8,NA,Unknown,Water level accuracy is unknown,1,Department of Water Resources,NA,1082,VENTURA COUNTY FLOOD CONTROL DISTRICT
3836,342169N1190570W001,1663279,1970-09-30T00:00:00Z,121.7,121.7,0,224.9,-103.2,224.9,224.9,NA,Unknown,Water level accuracy is unknown,1,Department of Water Resources,NA,1082,VENTURA COUNTY FLOOD CONTROL DISTRICT
3836,342169N1190570W001,1663278,1970-07-21T00:00:00Z,121.7,121.7,0,225.7,-104,225.7,225.7,NA,Unknown,Water level accuracy is unknown,1,Department of Water Resources,NA,1082,VENTURA COUNTY FLOOD CONTROL DISTRICT
3836,342169N1190570W001,1663277,1970-05-26T00:00:00Z,121.7,121.7,0,211.9,-90.2,211.9,211.9,NA,Unknown,Water level accuracy is unknown,1,Department of Water Resources,NA,1082,VENTURA COUNTY FLOOD CONTROL DISTRICT
3836,342169N1190570W001,1663276,1970-04-09T00:00:00Z,121.7,121.7,0,217.5,-95.8,217.5,217.5,NA,Unknown,Water level accuracy is unknown,1,Department of Water Resources,NA,1082,VENTURA COUNTY FLOOD CONTROL DISTRICT
