STN_ID,SITE_CODE,WLM_ID,MSMT_DATE,WLM_RPE,WLM_GSE,RDNG_WS,RDNG_RP,WSE,RPE_WSE,GSE_WSE,WLM_QA_DESC,WLM_DESC,WLM_ACC_DESC,WLM_ORG_ID,WLM_ORG_NAME,MSMT_CMT,COOP_AGENCY_ORG_ID,COOP_ORG_NAME
38713,351518N1193235W001,658595,2009-07-30T00:00:00Z,313.7,312.8,NA,NA,NA,NA,NA,Dry well,NA,NA,1,Department of Water Resources,NA,423,Kern County Water Agency
38713,351518N1193235W001,658596,2008-08-19T00:00:00Z,313.7,312.8,NA,NA,NA,NA,NA,Dry well,NA,NA,1,Department of Water Resources,NA,423,Kern County Water Agency
38713,351518N1193235W001,658594,2007-07-01T00:00:00Z,313.7,312.8,0,19.4,294.3,19.4,18.5,NA,Unknown,Water level accuracy is unknown,1,Department of Water Resources,NA,423,Kern County Water Agency
38713,351518N1193235W001,658593,2006-08-01T00:00:00Z,313.7,312.8,0,19.3,294.4,19.3,18.4,NA,Unknown,Water level accuracy is unknown,1,Department of Water Resources,NA,423,Kern County Water Agency
38713,351518N1193235W001,658592,2005-08-01T00:00:00Z,313.7,312.8,NA,NA,NA,NA,NA,Dry well,NA,NA,1,Department of Water Resources,NA,423,Kern County Water Agency
38713,351518N1193235W001,658591,2004-08-01T00:00:00Z,313.7,312.8,0,19.2,294.5,19.2,18.3,NA,Unknown,Water level accuracy is unknown,1,Department of Water Resources,NA,423,Kern County Water Agency
38713,351518N1193235W001,658590,2003-08-01T00:00:00Z,313.7,312.8,0,19.3,294.4,19.3,18.4,NA,Unknown,Water level accuracy is unknown,1,Department of Water Resources,NA,423,Kern County Water Agency
