STN_ID,SITE_CODE,WLM_ID,MSMT_DATE,WLM_RPE,WLM_GSE,RDNG_WS,RDNG_RP,WSE,RPE_WSE,GSE_WSE,WLM_QA_DESC,WLM_DESC,WLM_ACC_DESC,WLM_ORG_ID,WLM_ORG_NAME,MSMT_CMT,COOP_AGENCY_ORG_ID,COOP_ORG_NAME
38908,357769N1195753W001,852533,1970-01-27T00:00:00Z,217.62,214.62,0,100,117.62,100,97,NA,Unknown,Water level accuracy is unknown,1,Department of Water Resources,NA,423,Kern County Water Agency
38908,357769N1195753W001,852532,1969-04-01T00:00:00Z,217.62,214.62,NA,NA,NA,NA,NA,Temporarily inaccessible,NA,NA,1,Department of Water Resources,NA,423,Kern County Water Agency
38908,357769N1195753W001,852531,1968-09-25T00:00:00Z,217.62,214.62,NA,NA,NA,NA,NA,Pumping,NA,NA,1,Department of Water Resources,NA,423,Kern County Water Agency
38908,357769N1195753W001,852530,1968-02-01T00:00:00Z,217.62,214.62,0,96,121.62,96,93,NA,Unknown,Water level accuracy is unknown,1,Department of Water Resources,NA,423,Kern County Water Agency
