STN_ID,SITE_CODE,WLM_ID,MSMT_DATE,WLM_RPE,WLM_GSE,RDNG_WS,RDNG_RP,WSE,RPE_WSE,GSE_WSE,WLM_QA_DESC,WLM_DESC,WLM_ACC_DESC,WLM_ORG_ID,WLM_ORG_NAME,MSMT_CMT,COOP_AGENCY_ORG_ID,COOP_ORG_NAME
39141,368525N1196302W001,1109885,1969-02-10T00:00:00Z,420.56,419.56,0,50.6,369.96,50.6,49.6,NA,Unknown,Water level accuracy is unknown,1,Department of Water Resources,NA,624,Bureau of Reclamation
39141,368525N1196302W001,1109884,1968-02-08T00:00:00Z,420.56,419.56,0,60.9,359.66,60.9,59.9,NA,Unknown,Water level accuracy is unknown,1,Department of Water Resources,NA,624,Bureau of Reclamation
39141,368525N1196302W001,1109883,1967-02-10T00:00:00Z,420.56,419.56,NA,NA,NA,NA,NA,Can't get tape in casing,NA,NA,1,Department of Water Resources,NA,624,Bureau of Reclamation
39141,368525N1196302W001,1109882,1966-02-03T00:00:00Z,420.56,419.56,NA,NA,NA,NA,NA,Can't get tape in casing,NA,NA,1,Department of Water Resources,NA,624,Bureau of Reclamation
39141,368525N1196302W001,1109881,1965-02-11T00:00:00Z,420.56,419.56,NA,NA,NA,NA,NA,Pumping,NA,NA,1,Department of Water Resources,NA,624,Bureau of Reclamation
39141,368525N1196302W001,1109880,1964-10-09T00:00:00Z,420.56,419.56,0,50,370.56,50,49,NA,Unknown,Water level accuracy is unknown,1,Department of Water Resources,NA,624,Bureau of Reclamation
39141,368525N1196302W001,1109879,1964-02-13T00:00:00Z,420.56,419.56,NA,NA,NA,NA,NA,Pumping,NA,NA,1,Department of Water Resources,NA,624,Bureau of Reclamation
