STN_ID,SITE_CODE,WLM_ID,MSMT_DATE,WLM_RPE,WLM_GSE,RDNG_WS,RDNG_RP,WSE,RPE_WSE,GSE_WSE,WLM_QA_DESC,WLM_DESC,WLM_ACC_DESC,WLM_ORG_ID,WLM_ORG_NAME,MSMT_CMT,COOP_AGENCY_ORG_ID,COOP_ORG_NAME
39343,355725N1194384W001,2581624,2020-03-09T21:44:00Z,277.53,277.53,NA,NA,NA,NA,NA,Measurement Discontinued,NA,NA,1,Department of Water Resources,Inaccessible,1,Department of Water Resources
39343,355725N1194384W001,2507340,2019-11-18T19:42:00Z,277.53,277.53,0,366.6,-89.07,366.6,366.6,Acoustical sounder,Acoustic or sonic sounder,Water level accuracy to nearest foot,1,Department of Water Resources,NA,1,Department of Water Resources
39343,355725N1194384W001,2454547,2019-03-05T21:21:00Z,277.53,277.53,0,372.5,-94.97,372.5,372.5,Acoustical sounder,Acoustic or sonic sounder,Water level accuracy to nearest tenth of a foot,1,Department of Water Resources,0,1,Department of Water Resources
39343,355725N1194384W001,2431435,2018-10-03T21:48:00Z,277.53,277.53,0,392.5,-114.97,392.5,392.5,Acoustical sounder,Unknown,Water level accuracy to nearest tenth of a foot,1,Department of Water Resources,NA,1,Department of Water Resources
39343,355725N1194384W001,2286887,2018-03-07T23:30:00Z,277.53,277.53,0,333,-55.47,333,333,Acoustical sounder,Unknown,Water level accuracy to nearest tenth of a foot,1,Department of Water Resources,Moved dot,1,Department of Water Resources
39343,355725N1194384W001,2272404,2017-10-25T17:36:00Z,277.53,277.53,0,351,-73.47,351,351,Acoustical sounder,Unknown,Water level accuracy to nearest tenth of a foot,1,Department of Water Resources,0,1,Department of Water Resources
39343,355725N1194384W001,2241129,2017-03-16T12:00:00Z,277.53,277.53,0,347,-69.47,347,347,Acoustical sounder,Unknown,Water level accuracy to nearest tenth of a foot,1,Department of Water Resources,NA,1,Department of Water Resources
39343,355725N1194384W001,2188502,2016-03-09T12:00:00Z,277.53,277.53,0,358,-80.47,358,358,Acoustical sounder,Unknown,Water level accuracy to nearest tenth of a foot,1,Department of Water Resources,NA,1,Department of Water Resources
39343,355725N1194384W001,2169857,2015-10-06T00:00:00Z,277.53,277.53,NA,NA,NA,NA,NA,Pumping,NA,NA,1,Department of Water Resources,NA,1,Department of Water Resources
39343,355725N1194384W001,2135424,2015-03-04T08:05:00Z,277.53,277.53,NA,NA,NA,NA,NA,Pumping,NA,NA,1,Department of Water Resources,NA,1,Department of Water Resources
39343,355725N1194384W001,2135184,2015-03-04T08:05:00Z,277.53,277.53,NA,NA,NA,NA,NA,Pumping,NA,NA,1,Department of Water Resources,NA,1,Department of Water Resources
39343,355725N1194384W001,2108346,2014-10-02T12:00:00Z,277.53,277.53,NA,NA,NA,NA,NA,Pumping,NA,NA,1,Department of Water Resources,NA,1,Department of Water Resources
39343,355725N1194384W001,1882442,2014-01-22T12:00:00Z,277.53,277.53,NA,NA,NA,NA,NA,Pumping,NA,NA,1,Department of Water Resources,NA,1,Department of Water Resources
39343,355725N1194384W001,1812130,2013-10-30T12:00:00Z,277.53,277.53,NA,NA,NA,NA,NA,Pumping,NA,NA,1,Department of Water Resources,NA,1,Department of Water Resources
39343,355725N1194384W001,1723609,2013-02-20T12:00:00Z,277.53,277.53,0,303,-25.47,303,303,Acoustical sounder,Unknown,Water level accuracy to nearest tenth of a foot,1,Department of Water Resources,NA,1,Department of Water Resources
39343,355725N1194384W001,1821156,2012-10-11T12:00:00Z,277.53,277.53,NA,NA,NA,NA,NA,Special/Other,NA,NA,1,Department of Water Resources,NA,1,Department of Water Resources
39343,355725N1194384W001,65894,2012-01-18T12:00:00Z,277.53,277.53,0,275,2.53,275,275,Acoustical sounder,Unknown,Water level accuracy to nearest tenth of a foot,1,Department of Water Resources,NA,1,Department of Water Resources
39343,355725N1194384W001,707880,2011-10-18T00:00:00Z,277.53,277.53,0,269,8.53,269,269,Acoustical sounder,Unknown,Water level accuracy is unknown,1,Department of Water Resources,NA,1,Department of Water Resources
39343,355725N1194384W001,707879,2011-01-14T00:00:00Z,277.53,277.53,0,291,-13.47,291,291,Acoustical sounder,Unknown,Water level accuracy is unknown,1,Department of Water Resources,NA,1,Department of Water Resources
39343,355725N1194384W001,707878,2010-10-26T00:00:00Z,277.53,277.53,0,305,-27.47,305,305,Acoustical sounder,Unknown,Water level accuracy is unknown,1,Department of Water Resources,NA,1,Department of Water Resources
39343,355725N1194384W001,707877,2010-01-12T00:00:00Z,277.53,277.53,0,314,-36.47,314,314,Acoustical sounder,Unknown,Water level accuracy is unknown,1,Department of Water Resources,NA,1,Department of Water Resources
39343,355725N1194384W001,707876,2009-10-28T00:00:00Z,277.53,277.53,0,338,-60.47,338,338,Acoustical sounder,Unknown,Water level accuracy is unknown,1,Department of Water Resources,NA,1,Department of Water Resources
39343,355725N1194384W001,707874,2009-01-20T00:00:00Z,277.53,277.53,NA,NA,NA,NA,NA,Pumping,NA,NA,1,Department of Water Resources,NA,1,Department of Water Resources
39343,355725N1194384W001,707873,2008-10-09T00:00:00Z,277.53,277.53,NA,NA,NA,NA,NA,Pumping,NA,NA,1,Department of Water Resources,NA,1,Department of Water Resources
39343,355725N1194384W001,707872,2008-01-31T00:00:00Z,277.53,277.53,NA,NA,NA,NA,NA,Pumping,NA,NA,1,Department of Water Resources,NA,1,Department of Water Resources
39343,355725N1194384W001,707871,2007-10-17T00:00:00Z,277.53,277.53,NA,NA,NA,NA,NA,Pumping,NA,NA,1,Department of Water Resources,NA,1,Department of Water Resources
39343,355725N1194384W001,707870,2007-01-11T00:00:00Z,277.53,277.53,0,224,53.53,224,224,Acoustical sounder,Unknown,Water level accuracy is unknown,1,Department of Water Resources,NA,1,Department of Water Resources
39343,355725N1194384W001,707875,2006-10-18T00:00:00Z,277.53,277.53,0,246,31.53,246,246,Acoustical sounder,Unknown,Water level accuracy is unknown,1,Department of Water Resources,NA,1,Department of Water Resources
39343,355725N1194384W001,707869,2006-01-11T00:00:00Z,277.53,277.53,0,239,38.53,239,239,Acoustical sounder,Unknown,Water level accuracy is unknown,1,Department of Water Resources,NA,1,Department of Water Resources
39343,355725N1194384W001,707868,2005-10-19T00:00:00Z,277.53,277.53,0,253,24.53,253,253,Acoustical sounder,Unknown,Water level accuracy is unknown,1,Department of Water Resources,NA,1,Department of Water Resources
39343,355725N1194384W001,707867,2005-01-26T00:00:00Z,277.53,277.53,0,261,16.53,261,261,Acoustical sounder,Unknown,Water level accuracy is unknown,1,Department of Water Resources,NA,1,Department of Water Resources
39343,355725N1194384W001,707866,2004-11-04T00:00:00Z,277.53,277.53,NA,NA,NA,NA,NA,Pumping,NA,NA,1,Department of Water Resources,NA,1,Department of Water Resources
39343,355725N1194384W001,707865,2004-01-27T00:00:00Z,277.53,277.53,0,236,41.53,236,236,Acoustical sounder,Unknown,Water level accuracy is unknown,1,Department of Water Resources,NA,1,Department of Water Resources
39343,355725N1194384W001,707864,2003-10-29T00:00:00Z,277.53,277.53,0,245,32.53,245,245,Acoustical sounder,Unknown,Water level accuracy is unknown,1,Department of Water Resources,NA,1,Department of Water Resources
39343,355725N1194384W001,707862,2003-01-29T00:00:00Z,277.53,277.53,0,247,30.53,247,247,Acoustical sounder,Unknown,Water level accuracy is unknown,1,Department of Water Resources,NA,1,Department of Water Resources
39343,355725N1194384W001,707863,2002-11-07T00:00:00Z,277.53,277.53,0,265,12.53,265,265,Acoustical sounder,Unknown,Water level accuracy is unknown,1,Department of Water Resources,NA,1,Department of Water Resources
39343,355725N1194384W001,707860,2002-01-09T00:00:00Z,277.53,277.53,0,268,9.53,268,268,Acoustical sounder,Unknown,Water level accuracy is unknown,1,Department of Water Resources,-4,1,Department of Water Resources
39343,355725N1194384W001,707859,2001-10-03T00:00:00Z,277.53,277.53,NA,NA,NA,NA,NA,Pumping,NA,NA,1,Department of Water Resources,NA,1,Department of Water Resources
39343,355725N1194384W001,707861,2001-01-24T00:00:00Z,277.53,277.53,0,226,51.53,226,226,Acoustical sounder,Unknown,Water level accuracy is unknown,1,Department of Water Resources,NA,1,Department of Water Resources
39343,355725N1194384W001,707858,2000-01-05T00:00:00Z,277.53,277.53,0,235,42.53,235,235,Acoustical sounder,Unknown,Water level accuracy is unknown,1,Department of Water Resources,NA,1,Department of Water Resources
39343,355725N1194384W001,707857,1999-10-06T00:00:00Z,277.53,277.53,0,243,34.53,243,243,Acoustical sounder,Unknown,Water level accuracy is unknown,1,Department of Water Resources,NA,1,Department of Water Resources
39343,355725N1194384W001,707856,1999-01-06T00:00:00Z,277.53,277.53,0,259,18.53,259,259,Acoustical sounder,Unknown,Water level accuracy is unknown,1,Department of Water Resources,NA,1,Department of Water Resources
39343,355725N1194384W001,707855,1998-10-07T00:00:00Z,277.53,277.53,0,264,13.53,264,264,Acoustical sounder,Unknown,Water level accuracy is unknown,1,Department of Water Resources,NA,1,Department of Water Resources
39343,355725N1194384W001,707854,1998-01-07T00:00:00Z,277.53,277.53,0,270,7.53,270,270,Acoustical sounder,Unknown,Water level accuracy is unknown,1,Department of Water Resources,NA,1,Department of Water Resources
39343,355725N1194384W001,707853,1997-10-08T00:00:00Z,277.53,277.53,0,278,-0.47,278,278,Acoustical sounder,Unknown,Water level accuracy is unknown,1,Department of Water Resources,NA,1,Department of Water Resources
39343,355725N1194384W001,707852,1997-01-08T00:00:00Z,277.53,277.53,0,259,18.53,259,259,Acoustical sounder,Unknown,Water level accuracy is unknown,1,Department of Water Resources,NA,1,Department of Water Resources
39343,355725N1194384W001,707851,1996-10-09T00:00:00Z,277.53,277.53,0,289,-11.47,289,289,Acoustical sounder,Unknown,Water level accuracy is unknown,1,Department of Water Resources,NA,1,Department of Water Resources
39343,355725N1194384W001,707850,1996-01-10T00:00:00Z,277.53,277.53,0,284,-6.47,284,284,Acoustical sounder,Unknown,Water level accuracy is unknown,1,Department of Water Resources,NA,1,Department of Water Resources
39343,355725N1194384W001,707849,1995-10-04T00:00:00Z,277.53,277.53,NA,NA,NA,NA,NA,Pumping,NA,NA,1,Department of Water Resources,NA,1,Department of Water Resources
39343,355725N1194384W001,707848,1995-01-24T00:00:00Z,277.53,277.53,0,289,-11.47,289,289,Casing leaking or wet,Unknown,Water level accuracy is unknown,1,Department of Water Resources,NA,1,Department of Water Resources
39343,355725N1194384W001,707847,1994-10-05T00:00:00Z,277.53,277.53,NA,NA,NA,NA,NA,Pumping,NA,NA,1,Department of Water Resources,NA,1,Department of Water Resources
39343,355725N1194384W001,707846,1994-01-26T00:00:00Z,277.53,277.53,0,271,6.53,271,271,Acoustical sounder,Unknown,Water level accuracy is unknown,1,Department of Water Resources,NA,1,Department of Water Resources
39343,355725N1194384W001,707845,1993-10-06T00:00:00Z,277.53,277.53,0,291,-13.47,291,291,Acoustical sounder,Unknown,Water level accuracy is unknown,1,Department of Water Resources,NA,1,Department of Water Resources
39343,355725N1194384W001,707844,1993-01-27T00:00:00Z,277.53,277.53,0,291,-13.47,291,291,Acoustical sounder,Unknown,Water level accuracy is unknown,1,Department of Water Resources,NA,1,Department of Water Resources
39343,355725N1194384W001,707843,1992-10-07T00:00:00Z,277.53,277.53,0,316,-38.47,316,316,Acoustical sounder,Unknown,Water level accuracy is unknown,1,Department of Water Resources,NA,1,Department of Water Resources
39343,355725N1194384W001,707842,1992-01-29T00:00:00Z,277.53,277.53,0,285,-7.47,285,285,Acoustical sounder,Unknown,Water level accuracy is unknown,1,Department of Water Resources,NA,1,Department of Water Resources
39343,355725N1194384W001,707841,1991-10-02T00:00:00Z,277.53,277.53,NA,NA,NA,NA,NA,Pumping,NA,NA,1,Department of Water Resources,NA,1,Department of Water Resources
39343,355725N1194384W001,707840,1991-01-30T00:00:00Z,277.53,277.53,NA,NA,NA,NA,NA,Pumping,NA,NA,1,Department of Water Resources,NA,1,Department of Water Resources
39343,355725N1194384W001,707839,1990-01-24T00:00:00Z,277.53,277.53,0,243,34.53,243,243,Acoustical sounder,Unknown,Water level accuracy is unknown,1,Department of Water Resources,NA,1,Department of Water Resources
39343,355725N1194384W001,707838,1989-10-03T00:00:00Z,277.53,277.53,0,249,28.53,249,249,Acoustical sounder,Unknown,Water level accuracy is unknown,1,Department of Water Resources,NA,1,Department of Water Resources
39343,355725N1194384W001,707837,1989-01-26T00:00:00Z,277.53,277.53,NA,NA,NA,NA,NA,Special/Other,NA,NA,1,Department of Water Resources,NA,1,Department of Water Resources
39343,355725N1194384W001,707836,1988-10-06T00:00:00Z,277.53,277.53,0,267,10.53,267,267,Acoustical sounder,Unknown,Water level accuracy is unknown,1,Department of Water Resources,NA,1,Department of Water Resources
39343,355725N1194384W001,707835,1988-01-28T00:00:00Z,277.53,277.53,0,219,58.53,219,219,Acoustical sounder,Unknown,Water level accuracy is unknown,1,Department of Water Resources,NA,1,Department of Water Resources
39343,355725N1194384W001,707834,1987-10-07T00:00:00Z,277.53,277.53,0,240,37.53,240,240,Acoustical sounder,Unknown,Water level accuracy is unknown,1,Department of Water Resources,NA,1,Department of Water Resources
39343,355725N1194384W001,707833,1987-01-29T00:00:00Z,277.53,277.53,0,224,53.53,224,224,Acoustical sounder,Unknown,Water level accuracy is unknown,1,Department of Water Resources,NA,1,Department of Water Resources
39343,355725N1194384W001,707832,1986-10-01T00:00:00Z,277.53,277.53,0,240,37.53,240,240,Acoustical sounder,Unknown,Water level accuracy is unknown,1,Department of Water Resources,NA,624,Bureau of Reclamation
39343,355725N1194384W001,707831,1986-01-30T00:00:00Z,277.53,277.53,0,223,54.53,223,223,Acoustical sounder,Unknown,Water level accuracy is unknown,1,Department of Water Resources,NA,624,Bureau of Reclamation
39343,355725N1194384W001,707830,1985-10-01T00:00:00Z,277.53,277.53,0,261,16.53,261,261,Acoustical sounder,Unknown,Water level accuracy is unknown,1,Department of Water Resources,NA,624,Bureau of Reclamation
39343,355725N1194384W001,707829,1985-01-31T00:00:00Z,277.53,277.53,0,225,52.53,225,225,Acoustical sounder,Unknown,Water level accuracy is unknown,1,Department of Water Resources,NA,1,Department of Water Resources
39343,355725N1194384W001,707828,1984-10-01T00:00:00Z,277.53,277.53,0,258,19.53,258,258,Acoustical sounder,Unknown,Water level accuracy is unknown,1,Department of Water Resources,NA,1,Department of Water Resources
39343,355725N1194384W001,707827,1984-01-31T00:00:00Z,277.53,277.53,0,227,50.53,227,227,Acoustical sounder,Unknown,Water level accuracy is unknown,1,Department of Water Resources,NA,624,Bureau of Reclamation
39343,355725N1194384W001,707826,1983-09-28T00:00:00Z,277.53,277.53,0,254,23.53,254,254,NA,Unknown,Water level accuracy is unknown,1,Department of Water Resources,NA,624,Bureau of Reclamation
39343,355725N1194384W001,707825,1983-02-17T00:00:00Z,277.53,277.53,0,240,37.53,240,240,Acoustical sounder,Unknown,Water level accuracy is unknown,1,Department of Water Resources,NA,1,Department of Water Resources
39343,355725N1194384W001,707824,1982-10-01T00:00:00Z,277.53,277.53,0,270,7.53,270,270,Acoustical sounder,Unknown,Water level accuracy is unknown,1,Department of Water Resources,NA,1,Department of Water Resources
39343,355725N1194384W001,707823,1982-01-29T00:00:00Z,277.53,277.53,0,255,22.53,255,255,Acoustical sounder,Unknown,Water level accuracy is unknown,1,Department of Water Resources,NA,1,Department of Water Resources
