STN_ID,SITE_CODE,WLM_ID,MSMT_DATE,WLM_RPE,WLM_GSE,RDNG_WS,RDNG_RP,WSE,RPE_WSE,GSE_WSE,WLM_QA_DESC,WLM_DESC,WLM_ACC_DESC,WLM_ORG_ID,WLM_ORG_NAME,MSMT_CMT,COOP_AGENCY_ORG_ID,COOP_ORG_NAME
40119,335256N1168045W001,1455978,2005-05-19T00:00:00Z,3432.65,3432.65,0,28.99,3403.66,28.99,28.99,NA,Unknown,Water level accuracy is unknown,1,Department of Water Resources,NA,5167,United States Geological Survey
40119,335256N1168045W001,1455977,1986-07-17T00:00:00Z,3432.65,3432.65,0,16.73,3415.92,16.73,16.73,NA,Unknown,Water level accuracy is unknown,1,Department of Water Resources,NA,5167,United States Geological Survey
40119,335256N1168045W001,1455976,1986-04-08T00:00:00Z,3432.65,3432.65,0,13.44,3419.21,13.44,13.44,NA,Unknown,Water level accuracy is unknown,1,Department of Water Resources,NA,5167,United States Geological Survey
40119,335256N1168045W001,1455975,1986-01-21T00:00:00Z,3432.65,3432.65,0,13.56,3419.09,13.56,13.56,NA,Unknown,Water level accuracy is unknown,1,Department of Water Resources,NA,5167,United States Geological Survey
