STN_ID,SITE_CODE,WLM_ID,MSMT_DATE,WLM_RPE,WLM_GSE,RDNG_WS,RDNG_RP,WSE,RPE_WSE,GSE_WSE,WLM_QA_DESC,WLM_DESC,WLM_ACC_DESC,WLM_ORG_ID,WLM_ORG_NAME,MSMT_CMT,COOP_AGENCY_ORG_ID,COOP_ORG_NAME
40131,391512N1216190W001,2662281,2020-09-08T00:00:00Z,62.08,61.28,NA,NA,NA,NA,NA,Special/Other,NA,NA,1,Department of Water Resources,Run 9 - Data not collected due to Covid-19,1,Department of Water Resources
40131,391512N1216190W001,2660337,2020-08-05T00:00:00Z,62.08,61.28,NA,NA,NA,NA,NA,Special/Other,NA,NA,1,Department of Water Resources,Run 9 - Data not collected due to Covid-19,1,Department of Water Resources
40131,391512N1216190W001,2632013,2020-07-01T00:00:00Z,62.08,61.28,NA,NA,NA,NA,NA,Special/Other,NA,NA,1,Department of Water Resources,Run 9 - Data not collected due to Covid-19,1,Department of Water Resources
40131,391512N1216190W001,2626436,2020-06-04T00:00:00Z,62.08,61.28,NA,NA,NA,NA,NA,Special/Other,NA,NA,1,Department of Water Resources,Run 9 - Data was not collected due to Covid-19,1,Department of Water Resources
40131,391512N1216190W001,2626424,2020-05-15T00:00:00Z,62.08,61.28,NA,NA,NA,NA,NA,Special/Other,NA,NA,1,Department of Water Resources,Run 9 - Data was not collected due to Covid-19,1,Department of Water Resources
40131,391512N1216190W001,2624672,2020-04-01T00:00:00Z,62.08,61.28,NA,NA,NA,NA,NA,Special/Other,NA,NA,1,Department of Water Resources,Run 9 - Data not collected due to Covid-19,1,Department of Water Resources
40131,391512N1216190W001,2538580,2020-03-11T00:00:00Z,62.08,61.28,0,21.9,40.18,21.9,21.1,NA,Electric sounder measurement,Water level accuracy to nearest tenth of a foot,1,Department of Water Resources,NA,1,Department of Water Resources
40131,391512N1216190W001,2526661,2020-02-13T00:00:00Z,62.08,61.28,0,21.8,40.28,21.8,21,NA,Electric sounder measurement,Water level accuracy to nearest tenth of a foot,1,Department of Water Resources,NA,1,Department of Water Resources
40131,391512N1216190W001,2498063,2020-01-23T00:00:00Z,62.08,61.28,0,21.5,40.58,21.5,20.7,NA,Electric sounder measurement,Water level accuracy to nearest tenth of a foot,1,Department of Water Resources,NA,1,Department of Water Resources
40131,391512N1216190W001,2491161,2019-12-17T00:00:00Z,62.08,61.28,0,21.5,40.58,21.5,20.7,NA,Electric sounder measurement,Water level accuracy to nearest tenth of a foot,1,Department of Water Resources,NA,1,Department of Water Resources
40131,391512N1216190W001,2482772,2019-11-05T00:00:00Z,62.08,61.28,0,21.8,40.28,21.8,21,NA,Electric sounder measurement,Water level accuracy to nearest tenth of a foot,1,Department of Water Resources,NA,1,Department of Water Resources
40131,391512N1216190W001,2478047,2019-10-03T00:00:00Z,62.08,61.28,0,21.4,40.68,21.4,20.6,NA,Electric sounder measurement,Water level accuracy to nearest tenth of a foot,1,Department of Water Resources,NA,1,Department of Water Resources
40131,391512N1216190W001,2474930,2019-09-04T00:00:00Z,62.08,61.28,0,21,41.08,21,20.2,NA,Electric sounder measurement,Water level accuracy to nearest tenth of a foot,1,Department of Water Resources,NA,1,Department of Water Resources
40131,391512N1216190W001,2473551,2019-08-07T00:00:00Z,62.08,61.28,0,20.5,41.58,20.5,19.7,NA,Electric sounder measurement,Water level accuracy to nearest tenth of a foot,1,Department of Water Resources,NA,1,Department of Water Resources
40131,391512N1216190W001,2473355,2019-07-23T00:00:00Z,62.08,61.28,0,20.1,41.98,20.1,19.3,NA,Electric sounder measurement,Water level accuracy to nearest tenth of a foot,1,Department of Water Resources,NA,1,Department of Water Resources
40131,391512N1216190W001,2465979,2019-06-26T00:00:00Z,62.08,61.28,0,19.5,42.58,19.5,18.7,NA,Electric sounder measurement,Water level accuracy to nearest tenth of a foot,1,Department of Water Resources,NA,1,Department of Water Resources
40131,391512N1216190W001,2460646,2019-05-13T00:00:00Z,62.08,61.28,0,19,43.08,19,18.2,NA,Electric sounder measurement,Water level accuracy to nearest tenth of a foot,1,Department of Water Resources,NA,1,Department of Water Resources
40131,391512N1216190W001,2457534,2019-05-08T00:00:00Z,62.08,61.28,0,19,43.08,19,18.2,NA,Electric sounder measurement,Water level accuracy to nearest tenth of a foot,1,Department of Water Resources,NA,1,Department of Water Resources
40131,391512N1216190W001,2457299,2019-04-02T00:00:00Z,62.08,61.28,0,19.3,42.78,19.3,18.5,NA,Electric sounder measurement,Water level accuracy to nearest tenth of a foot,1,Department of Water Resources,NA,1,Department of Water Resources
40131,391512N1216190W001,2450023,2019-02-14T00:00:00Z,62.08,61.28,0,21.9,40.18,21.9,21.1,NA,Electric sounder measurement,Water level accuracy to nearest tenth of a foot,1,Department of Water Resources,Heavy rain the previous couple of days.,1,Department of Water Resources
40131,391512N1216190W001,2438293,2019-01-15T00:00:00Z,62.08,61.28,0,22.9,39.18,22.9,22.1,NA,Electric sounder measurement,Water level accuracy to nearest tenth of a foot,1,Department of Water Resources,NA,1,Department of Water Resources
40131,391512N1216190W001,2433506,2018-12-19T00:00:00Z,62.08,61.28,0,23.2,38.88,23.2,22.4,NA,Electric sounder measurement,Water level accuracy to nearest tenth of a foot,1,Department of Water Resources,NA,1,Department of Water Resources
40131,391512N1216190W001,2429600,2018-11-29T00:00:00Z,62.08,61.28,0,23.4,38.68,23.4,22.6,NA,Electric sounder measurement,Water level accuracy to nearest tenth of a foot,1,Department of Water Resources,NA,1,Department of Water Resources
40131,391512N1216190W001,2411084,2018-10-11T00:00:00Z,62.08,61.28,0,23.1,38.98,23.1,22.3,NA,Electric sounder measurement,Water level accuracy to nearest tenth of a foot,1,Department of Water Resources,NA,1,Department of Water Resources
40131,391512N1216190W001,2409753,2018-09-12T00:00:00Z,62.08,61.28,0,23.2,38.88,23.2,22.4,NA,Electric sounder measurement,Water level accuracy to nearest tenth of a foot,1,Department of Water Resources,NA,1,Department of Water Resources
40131,391512N1216190W001,2409165,2018-08-28T00:00:00Z,62.08,61.28,0,22.9,39.18,22.9,22.1,NA,Electric sounder measurement,Water level accuracy to nearest tenth of a foot,1,Department of Water Resources,NA,1,Department of Water Resources
40131,391512N1216190W001,2308357,2018-08-08T00:00:00Z,62.08,61.28,0,22.7,39.38,22.7,21.9,NA,Electric sounder measurement,Water level accuracy to nearest tenth of a foot,1,Department of Water Resources,NA,1,Department of Water Resources
40131,391512N1216190W001,2307476,2018-07-20T00:00:00Z,62.08,61.28,0,21.8,40.28,21.8,21,NA,Electric sounder measurement,Water level accuracy to nearest tenth of a foot,1,Department of Water Resources,NA,1,Department of Water Resources
40131,391512N1216190W001,2307481,2018-07-17T00:00:00Z,62.08,61.28,0,22.2,39.88,22.2,21.4,NA,Electric sounder measurement,Water level accuracy to nearest tenth of a foot,1,Department of Water Resources,915am,1,Department of Water Resources
40131,391512N1216190W001,2307464,2018-07-13T00:00:00Z,62.08,61.28,0,22.2,39.88,22.2,21.4,NA,Electric sounder measurement,Water level accuracy to nearest tenth of a foot,1,Department of Water Resources,NA,1,Department of Water Resources
40131,391512N1216190W001,2307452,2018-05-07T00:00:00Z,62.08,61.28,0,20.6,41.48,20.6,19.8,NA,Electric sounder measurement,Water level accuracy to nearest tenth of a foot,1,Department of Water Resources,NA,1,Department of Water Resources
40131,391512N1216190W001,2307440,2018-04-13T00:00:00Z,62.08,61.28,0,21.2,40.88,21.2,20.4,NA,Electric sounder measurement,Water level accuracy to nearest tenth of a foot,1,Department of Water Resources,NA,1,Department of Water Resources
40131,391512N1216190W001,2285031,2018-03-13T00:00:00Z,62.08,61.28,0,21.6,40.48,21.6,20.8,NA,Electric sounder measurement,Water level accuracy to nearest tenth of a foot,1,Department of Water Resources,NA,1,Department of Water Resources
40131,391512N1216190W001,2283414,2018-02-13T00:00:00Z,62.08,61.28,0,21.9,40.18,21.9,21.1,NA,Electric sounder measurement,Water level accuracy to nearest tenth of a foot,1,Department of Water Resources,NA,1,Department of Water Resources
40131,391512N1216190W001,2280942,2018-01-17T00:00:00Z,62.08,61.28,0,21.7,40.38,21.7,20.9,NA,Electric sounder measurement,Water level accuracy to nearest tenth of a foot,1,Department of Water Resources,NA,1,Department of Water Resources
40131,391512N1216190W001,2278010,2017-12-19T00:00:00Z,62.08,61.28,0,21.7,40.38,21.7,20.9,NA,Electric sounder measurement,Water level accuracy to nearest tenth of a foot,1,Department of Water Resources,NA,1,Department of Water Resources
40131,391512N1216190W001,2278000,2017-11-28T00:00:00Z,62.08,61.28,0,21.6,40.48,21.6,20.8,NA,Electric sounder measurement,Water level accuracy to nearest tenth of a foot,1,Department of Water Resources,NA,1,Department of Water Resources
40131,391512N1216190W001,2264893,2017-10-05T00:00:00Z,62.08,61.28,0,21.5,40.58,21.5,20.7,NA,Electric sounder measurement,Water level accuracy to nearest tenth of a foot,1,Department of Water Resources,NA,1,Department of Water Resources
40131,391512N1216190W001,2264883,2017-09-08T00:00:00Z,62.08,61.28,0,20.4,41.68,20.4,19.6,NA,Electric sounder measurement,Water level accuracy to nearest tenth of a foot,1,Department of Water Resources,NA,1,Department of Water Resources
40131,391512N1216190W001,2264873,2017-08-31T00:00:00Z,62.08,61.28,NA,NA,NA,NA,NA,Temporarily inaccessible,NA,NA,1,Department of Water Resources,NA,1,Department of Water Resources
40131,391512N1216190W001,2264863,2017-07-03T00:00:00Z,62.08,61.28,NA,NA,NA,NA,NA,Special/Other,NA,NA,1,Department of Water Resources,Groundwater data collection activities for the month of July cancelled,1,Department of Water Resources
40131,391512N1216190W001,2264853,2017-06-15T00:00:00Z,62.08,61.28,0,17.4,44.68,17.4,16.6,NA,Electric sounder measurement,Water level accuracy to nearest tenth of a foot,1,Department of Water Resources,NA,1,Department of Water Resources
40131,391512N1216190W001,2264843,2017-05-03T00:00:00Z,62.08,61.28,0,16.5,45.58,16.5,15.7,NA,Electric sounder measurement,Water level accuracy to nearest tenth of a foot,1,Department of Water Resources,NA,1,Department of Water Resources
40131,391512N1216190W001,2264833,2017-04-25T00:00:00Z,62.08,61.28,0,16.7,45.38,16.7,15.9,NA,Electric sounder measurement,Water level accuracy to nearest tenth of a foot,1,Department of Water Resources,NA,1,Department of Water Resources
40131,391512N1216190W001,2236885,2017-03-09T00:00:00Z,62.08,61.28,0,16.9,45.18,16.9,16.1,NA,Electric sounder measurement,Water level accuracy to nearest tenth of a foot,1,Department of Water Resources,NA,1,Department of Water Resources
40131,391512N1216190W001,2236873,2017-02-28T00:00:00Z,62.08,61.28,NA,NA,NA,NA,NA,Special/Other,NA,NA,1,Department of Water Resources,Measurement unattainable due to weather and emergency operations,1,Department of Water Resources
40131,391512N1216190W001,2230751,2017-01-30T00:00:00Z,62.08,61.28,0,22.1,39.98,22.1,21.3,NA,Electric sounder measurement,Water level accuracy to nearest tenth of a foot,1,Department of Water Resources,NA,1,Department of Water Resources
40131,391512N1216190W001,2223708,2016-12-21T00:00:00Z,62.08,61.28,0,24.4,37.68,24.4,23.6,NA,Electric sounder measurement,Water level accuracy to nearest tenth of a foot,1,Department of Water Resources,NA,1,Department of Water Resources
40131,391512N1216190W001,2223696,2016-11-30T00:00:00Z,62.08,61.28,0,24.3,37.78,24.3,23.5,NA,Electric sounder measurement,Water level accuracy to nearest tenth of a foot,1,Department of Water Resources,NA,1,Department of Water Resources
40131,391512N1216190W001,2214638,2016-10-11T00:00:00Z,62.08,61.28,0,24.9,37.18,24.9,24.1,NA,Electric sounder measurement,Water level accuracy to nearest tenth of a foot,1,Department of Water Resources,NA,1,Department of Water Resources
40131,391512N1216190W001,2214760,2016-09-26T00:00:00Z,62.08,61.28,0,25,37.08,25,24.2,NA,Electric sounder measurement,Water level accuracy to nearest tenth of a foot,1,Department of Water Resources,NA,1,Department of Water Resources
40131,391512N1216190W001,2214759,2016-08-29T00:00:00Z,62.08,61.28,0,24.8,37.28,24.8,24,NA,Electric sounder measurement,Water level accuracy to nearest tenth of a foot,1,Department of Water Resources,NA,1,Department of Water Resources
40131,391512N1216190W001,2214758,2016-07-19T00:00:00Z,62.08,61.28,0,24.5,37.58,24.5,23.7,NA,Electric sounder measurement,Water level accuracy to nearest tenth of a foot,1,Department of Water Resources,NA,1,Department of Water Resources
40131,391512N1216190W001,2214757,2016-06-24T00:00:00Z,62.08,61.28,0,24.1,37.98,24.1,23.3,NA,Electric sounder measurement,Water level accuracy to nearest tenth of a foot,1,Department of Water Resources,NA,1,Department of Water Resources
40131,391512N1216190W001,2198534,2016-05-10T00:00:00Z,62.08,61.28,NA,NA,NA,NA,NA,Temporarily inaccessible,NA,NA,1,Department of Water Resources,NA,1,Department of Water Resources
40131,391512N1216190W001,2191845,2016-04-12T00:00:00Z,62.08,61.28,0,23.6,38.48,23.6,22.8,NA,Electric sounder measurement,Water level accuracy to nearest tenth of a foot,1,Department of Water Resources,NA,1,Department of Water Resources
40131,391512N1216190W001,2185862,2016-03-15T00:00:00Z,62.08,61.28,0,23.6,38.48,23.6,22.8,NA,Electric sounder measurement,Water level accuracy to nearest tenth of a foot,1,Department of Water Resources,NA,1,Department of Water Resources
40131,391512N1216190W001,2182670,2016-02-22T00:00:00Z,62.08,61.28,0,25.1,36.98,25.1,24.3,NA,Electric sounder measurement,Water level accuracy to nearest tenth of a foot,1,Department of Water Resources,NA,1,Department of Water Resources
40131,391512N1216190W001,2182658,2016-01-25T00:00:00Z,62.08,61.28,0,25.8,36.28,25.8,25,NA,Electric sounder measurement,Water level accuracy to nearest tenth of a foot,1,Department of Water Resources,NA,1,Department of Water Resources
40131,391512N1216190W001,2178092,2015-12-18T00:00:00Z,62.08,61.28,0,26.3,35.78,26.3,25.5,NA,Electric sounder measurement,Water level accuracy to nearest tenth of a foot,1,Department of Water Resources,NA,1,Department of Water Resources
40131,391512N1216190W001,2176548,2015-11-17T00:00:00Z,62.08,61.28,0,26.6,35.48,26.6,25.8,NA,Electric sounder measurement,Water level accuracy to nearest tenth of a foot,1,Department of Water Resources,NA,1,Department of Water Resources
40131,391512N1216190W001,2158628,2015-10-08T00:00:00Z,62.08,61.28,NA,NA,NA,NA,NA,Temporarily inaccessible,NA,NA,1,Department of Water Resources,NA,1,Department of Water Resources
40131,391512N1216190W001,2153640,2015-09-02T00:00:00Z,62.08,61.28,0,26.3,35.78,26.3,25.5,NA,Electric sounder measurement,Water level accuracy to nearest tenth of a foot,1,Department of Water Resources,NA,1,Department of Water Resources
40131,391512N1216190W001,2150378,2015-08-12T00:00:00Z,62.08,61.28,0,26.1,35.98,26.1,25.3,NA,Electric sounder measurement,Water level accuracy to nearest tenth of a foot,1,Department of Water Resources,NA,1,Department of Water Resources
40131,391512N1216190W001,2146938,2015-07-09T00:00:00Z,62.08,61.28,0,25.7,36.38,25.7,24.9,NA,Electric sounder measurement,Water level accuracy to nearest tenth of a foot,1,Department of Water Resources,NA,1,Department of Water Resources
40131,391512N1216190W001,2143536,2015-06-17T00:00:00Z,62.08,61.28,0,25.2,36.88,25.2,24.4,NA,Electric sounder measurement,Water level accuracy to nearest tenth of a foot,1,Department of Water Resources,NA,1,Department of Water Resources
40131,391512N1216190W001,2138124,2015-05-06T00:00:00Z,62.08,61.28,0,24.5,37.58,24.5,23.7,NA,Electric sounder measurement,Water level accuracy to nearest tenth of a foot,1,Department of Water Resources,NA,1,Department of Water Resources
40131,391512N1216190W001,2140459,2015-05-06T00:00:00Z,62.08,61.28,0,24.5,37.58,24.5,23.7,NA,Electric sounder measurement,Water level accuracy to nearest tenth of a foot,1,Department of Water Resources,NA,1,Department of Water Resources
40131,391512N1216190W001,2135855,2015-04-02T00:00:00Z,62.08,61.28,0,24.3,37.78,24.3,23.5,NA,Electric sounder measurement,Water level accuracy to nearest tenth of a foot,1,Department of Water Resources,NA,1,Department of Water Resources
40131,391512N1216190W001,2121794,2015-03-03T00:00:00Z,62.08,61.28,0,24,38.08,24,23.2,NA,Electric sounder measurement,Water level accuracy to nearest tenth of a foot,1,Department of Water Resources,NA,1,Department of Water Resources
40131,391512N1216190W001,2121773,2015-02-03T00:00:00Z,62.08,61.28,0,24.2,37.88,24.2,23.4,NA,Electric sounder measurement,Water level accuracy to nearest tenth of a foot,1,Department of Water Resources,NA,1,Department of Water Resources
40131,391512N1216190W001,2112721,2015-01-08T00:00:00Z,62.08,61.28,0,24.2,37.88,24.2,23.4,NA,Electric sounder measurement,Water level accuracy to nearest tenth of a foot,1,Department of Water Resources,NA,1,Department of Water Resources
40131,391512N1216190W001,2109834,2014-12-09T00:00:00Z,62.08,61.28,NA,NA,NA,NA,NA,Temporarily inaccessible,NA,NA,1,Department of Water Resources,NA,1,Department of Water Resources
40131,391512N1216190W001,2107563,2014-11-04T00:00:00Z,62.08,61.28,0,25.8,36.28,25.8,25,NA,Electric sounder measurement,Water level accuracy to nearest tenth of a foot,1,Department of Water Resources,NA,1,Department of Water Resources
40131,391512N1216190W001,2030096,2014-10-08T00:00:00Z,62.08,61.28,0,25.8,36.28,25.8,25,NA,Electric sounder measurement,Water level accuracy to nearest tenth of a foot,1,Department of Water Resources,NA,1,Department of Water Resources
40131,391512N1216190W001,2016016,2014-09-04T00:00:00Z,62.08,61.28,0,25.5,36.58,25.5,24.7,NA,Electric sounder measurement,Water level accuracy to nearest tenth of a foot,1,Department of Water Resources,NA,1,Department of Water Resources
40131,391512N1216190W001,1995453,2014-08-05T00:00:00Z,62.08,61.28,0,24.9,37.18,24.9,24.1,NA,Electric sounder measurement,Water level accuracy to nearest tenth of a foot,1,Department of Water Resources,NA,1,Department of Water Resources
40131,391512N1216190W001,1991605,2014-07-02T00:00:00Z,62.08,61.28,0,24.6,37.48,24.6,23.8,NA,Electric sounder measurement,Water level accuracy to nearest tenth of a foot,1,Department of Water Resources,NA,1,Department of Water Resources
40131,391512N1216190W001,1990572,2014-06-04T00:00:00Z,62.08,61.28,0,24.3,37.78,24.3,23.5,NA,Electric sounder measurement,Water level accuracy to nearest tenth of a foot,1,Department of Water Resources,NA,1,Department of Water Resources
40131,391512N1216190W001,1988352,2014-05-08T00:00:00Z,62.08,61.28,0,23.6,38.48,23.6,22.8,NA,Electric sounder measurement,Water level accuracy to nearest tenth of a foot,1,Department of Water Resources,NA,1,Department of Water Resources
40131,391512N1216190W001,1976727,2014-04-02T00:00:00Z,62.08,61.28,0,23.4,38.68,23.4,22.6,NA,Electric sounder measurement,Water level accuracy to nearest tenth of a foot,1,Department of Water Resources,NA,1,Department of Water Resources
40131,391512N1216190W001,1883884,2014-03-05T00:00:00Z,62.08,61.28,0,23.1,38.98,23.1,22.3,NA,Electric sounder measurement,Water level accuracy to nearest tenth of a foot,1,Department of Water Resources,NA,1,Department of Water Resources
40131,391512N1216190W001,1874653,2014-02-11T00:00:00Z,62.08,61.28,0,23.3,38.78,23.3,22.5,NA,Electric sounder measurement,Water level accuracy to nearest tenth of a foot,1,Department of Water Resources,NA,1,Department of Water Resources
40131,391512N1216190W001,1858098,2014-01-14T00:00:00Z,62.08,61.28,0,23.3,38.78,23.3,22.5,NA,Electric sounder measurement,Water level accuracy to nearest tenth of a foot,1,Department of Water Resources,NA,1,Department of Water Resources
40131,391512N1216190W001,1858082,2013-12-05T00:00:00Z,62.08,61.28,0,23.1,38.98,23.1,22.3,NA,Electric sounder measurement,Water level accuracy to nearest tenth of a foot,1,Department of Water Resources,NA,1,Department of Water Resources
40131,391512N1216190W001,1820738,2013-11-05T00:00:00Z,62.08,61.28,0,23,39.08,23,22.2,NA,Electric sounder measurement,Water level accuracy to nearest tenth of a foot,1,Department of Water Resources,NA,1,Department of Water Resources
40131,391512N1216190W001,1820723,2013-10-08T00:00:00Z,62.08,61.28,0,22.9,39.18,22.9,22.1,NA,Electric sounder measurement,Water level accuracy to nearest tenth of a foot,1,Department of Water Resources,NA,1,Department of Water Resources
40131,391512N1216190W001,1820708,2013-09-05T00:00:00Z,62.08,61.28,0,22.8,39.28,22.8,22,NA,Electric sounder measurement,Water level accuracy to nearest tenth of a foot,1,Department of Water Resources,NA,1,Department of Water Resources
40131,391512N1216190W001,1820678,2013-09-05T00:00:00Z,62.08,61.28,0,22.8,39.28,22.8,22,NA,Electric sounder measurement,Water level accuracy to nearest tenth of a foot,1,Department of Water Resources,NA,1,Department of Water Resources
40131,391512N1216190W001,1820693,2013-09-05T00:00:00Z,62.08,61.28,0,22.8,39.28,22.8,22,NA,Electric sounder measurement,Water level accuracy to nearest tenth of a foot,1,Department of Water Resources,NA,1,Department of Water Resources
40131,391512N1216190W001,1818301,2013-08-07T00:00:00Z,62.08,61.28,0,22.6,39.48,22.6,21.8,NA,Electric sounder measurement,Water level accuracy to nearest tenth of a foot,1,Department of Water Resources,NA,1,Department of Water Resources
40131,391512N1216190W001,1820663,2013-08-07T00:00:00Z,62.08,61.28,0,22.6,39.48,22.6,21.8,NA,Electric sounder measurement,Water level accuracy to nearest tenth of a foot,1,Department of Water Resources,NA,1,Department of Water Resources
40131,391512N1216190W001,1739573,2013-07-09T00:00:00Z,62.08,61.28,0,22.3,39.78,22.3,21.5,NA,Electric sounder measurement,Water level accuracy to nearest tenth of a foot,1,Department of Water Resources,NA,1,Department of Water Resources
40131,391512N1216190W001,1739558,2013-06-06T00:00:00Z,62.08,61.28,0,21.8,40.28,21.8,21,NA,Electric sounder measurement,Water level accuracy to nearest tenth of a foot,1,Department of Water Resources,NA,1,Department of Water Resources
40131,391512N1216190W001,1739543,2013-05-02T00:00:00Z,62.08,61.28,0,21.3,40.78,21.3,20.5,NA,Electric sounder measurement,Water level accuracy to nearest tenth of a foot,1,Department of Water Resources,NA,1,Department of Water Resources
40131,391512N1216190W001,1739528,2013-04-09T00:00:00Z,62.08,61.28,0,21.1,40.98,21.1,20.3,NA,Electric sounder measurement,Water level accuracy to nearest tenth of a foot,1,Department of Water Resources,NA,1,Department of Water Resources
40131,391512N1216190W001,1739314,2013-03-05T00:00:00Z,62.08,61.28,0,21,41.08,21,20.2,NA,Electric sounder measurement,Water level accuracy to nearest tenth of a foot,1,Department of Water Resources,NA,1,Department of Water Resources
40131,391512N1216190W001,1739299,2013-02-07T00:00:00Z,62.08,61.28,0,20.8,41.28,20.8,20,NA,Electric sounder measurement,Water level accuracy to nearest tenth of a foot,1,Department of Water Resources,NA,1,Department of Water Resources
40131,391512N1216190W001,1739284,2013-01-08T00:00:00Z,62.08,61.28,0,20.8,41.28,20.8,20,NA,Electric sounder measurement,Water level accuracy to nearest tenth of a foot,1,Department of Water Resources,NA,1,Department of Water Resources
40131,391512N1216190W001,1739269,2012-12-05T00:00:00Z,62.08,61.28,0,21.8,40.28,21.8,21,NA,Electric sounder measurement,Water level accuracy to nearest tenth of a foot,1,Department of Water Resources,NA,1,Department of Water Resources
40131,391512N1216190W001,1739254,2012-11-08T00:00:00Z,62.08,61.28,0,22.2,39.88,22.2,21.4,NA,Electric sounder measurement,Water level accuracy to nearest tenth of a foot,1,Department of Water Resources,NA,1,Department of Water Resources
40131,391512N1216190W001,1739239,2012-10-15T00:00:00Z,62.08,61.28,0,22.4,39.68,22.4,21.6,NA,Electric sounder measurement,Water level accuracy to nearest tenth of a foot,1,Department of Water Resources,NA,1,Department of Water Resources
40131,391512N1216190W001,1739224,2012-09-17T00:00:00Z,62.08,61.28,0,22.2,39.88,22.2,21.4,NA,Electric sounder measurement,Water level accuracy to nearest tenth of a foot,1,Department of Water Resources,NA,1,Department of Water Resources
40131,391512N1216190W001,1739209,2012-08-02T00:00:00Z,62.08,61.28,0,21.9,40.18,21.9,21.1,NA,Electric sounder measurement,Water level accuracy to nearest tenth of a foot,1,Department of Water Resources,NA,1,Department of Water Resources
40131,391512N1216190W001,1739194,2012-07-03T00:00:00Z,62.08,61.28,0,21.7,40.38,21.7,20.9,NA,Electric sounder measurement,Water level accuracy to nearest tenth of a foot,1,Department of Water Resources,NA,1,Department of Water Resources
40131,391512N1216190W001,1739179,2012-06-07T00:00:00Z,62.08,61.28,0,21.4,40.68,21.4,20.6,NA,Electric sounder measurement,Water level accuracy to nearest tenth of a foot,1,Department of Water Resources,NA,1,Department of Water Resources
40131,391512N1216190W001,1739149,2012-05-15T00:00:00Z,62.08,61.28,0,20.8,41.28,20.8,20,NA,Electric sounder measurement,Water level accuracy to nearest tenth of a foot,1,Department of Water Resources,NA,1,Department of Water Resources
40131,391512N1216190W001,1738963,2012-04-05T00:00:00Z,62.08,61.28,0,20.8,41.28,20.8,20,NA,Electric sounder measurement,Water level accuracy to nearest tenth of a foot,1,Department of Water Resources,NA,1,Department of Water Resources
40131,391512N1216190W001,65286,2012-03-05T00:00:00Z,62.08,61.28,0,21.2,40.88,21.2,20.4,NA,Electric sounder measurement,Water level accuracy to nearest tenth of a foot,1,Department of Water Resources,NA,1,Department of Water Resources
40131,391512N1216190W001,1738933,2012-02-09T00:00:00Z,62.08,61.28,0,21.1,40.98,21.1,20.3,NA,Electric sounder measurement,Water level accuracy to nearest tenth of a foot,1,Department of Water Resources,NA,1,Department of Water Resources
40131,391512N1216190W001,1738918,2012-01-12T00:00:00Z,62.08,61.28,0,21.3,40.78,21.3,20.5,NA,Electric sounder measurement,Water level accuracy to nearest tenth of a foot,1,Department of Water Resources,NA,1,Department of Water Resources
40131,391512N1216190W001,1738733,2011-12-09T00:00:00Z,62.08,61.28,0,20.7,41.38,20.7,19.9,NA,Electric sounder measurement,Water level accuracy to nearest tenth of a foot,1,Department of Water Resources,NA,1,Department of Water Resources
40131,391512N1216190W001,1738718,2011-11-07T00:00:00Z,62.08,61.28,0,21,41.08,21,20.2,NA,Electric sounder measurement,Water level accuracy to nearest tenth of a foot,1,Department of Water Resources,NA,1,Department of Water Resources
40131,391512N1216190W001,1738703,2011-10-04T00:00:00Z,62.08,61.28,0,21.2,40.88,21.2,20.4,NA,Electric sounder measurement,Water level accuracy to nearest tenth of a foot,1,Department of Water Resources,NA,1,Department of Water Resources
40131,391512N1216190W001,1738688,2011-09-07T00:00:00Z,62.08,61.28,0,20.8,41.28,20.8,20,NA,Electric sounder measurement,Water level accuracy to nearest tenth of a foot,1,Department of Water Resources,NA,1,Department of Water Resources
40131,391512N1216190W001,1179557,2011-08-01T00:00:00Z,62.08,61.28,0,19.4,42.68,19.4,18.6,NA,Unknown,Water level accuracy is unknown,1,Department of Water Resources,NA,1,Department of Water Resources
40131,391512N1216190W001,1179556,2011-07-08T00:00:00Z,62.08,61.28,0,19,43.08,19,18.2,NA,Unknown,Water level accuracy is unknown,1,Department of Water Resources,NA,1,Department of Water Resources
40131,391512N1216190W001,1179555,2011-06-07T00:00:00Z,62.08,61.28,0,18.4,43.68,18.4,17.6,NA,Unknown,Water level accuracy is unknown,1,Department of Water Resources,NA,1,Department of Water Resources
40131,391512N1216190W001,1179554,2011-05-10T00:00:00Z,62.08,61.28,0,18.5,43.58,18.5,17.7,NA,Unknown,Water level accuracy is unknown,1,Department of Water Resources,NA,1,Department of Water Resources
40131,391512N1216190W001,1179553,2011-04-27T00:00:00Z,62.08,61.28,0,18.4,43.68,18.4,17.6,NA,Unknown,Water level accuracy is unknown,1,Department of Water Resources,NA,1,Department of Water Resources
40131,391512N1216190W001,1179552,2011-03-02T00:00:00Z,62.08,61.28,0,20.8,41.28,20.8,20,NA,Unknown,Water level accuracy is unknown,1,Department of Water Resources,NA,1,Department of Water Resources
40131,391512N1216190W001,1179551,2011-02-02T00:00:00Z,62.08,61.28,0,21.2,40.88,21.2,20.4,NA,Unknown,Water level accuracy is unknown,1,Department of Water Resources,NA,1,Department of Water Resources
40131,391512N1216190W001,1179550,2011-01-05T00:00:00Z,62.08,61.28,0,21.3,40.78,21.3,20.5,NA,Unknown,Water level accuracy is unknown,1,Department of Water Resources,NA,1,Department of Water Resources
40131,391512N1216190W001,1179549,2010-12-06T00:00:00Z,62.08,61.28,0,22,40.08,22,21.2,NA,Unknown,Water level accuracy is unknown,1,Department of Water Resources,NA,1,Department of Water Resources
40131,391512N1216190W001,1179548,2010-10-28T00:00:00Z,62.08,61.28,0,22.6,39.48,22.6,21.8,NA,Unknown,Water level accuracy is unknown,1,Department of Water Resources,NA,1,Department of Water Resources
40131,391512N1216190W001,1179547,2010-10-04T00:00:00Z,62.08,61.28,0,22.7,39.38,22.7,21.9,NA,Unknown,Water level accuracy is unknown,1,Department of Water Resources,NA,1,Department of Water Resources
40131,391512N1216190W001,1179546,2010-09-01T00:00:00Z,62.08,61.28,0,22.8,39.28,22.8,22,NA,Unknown,Water level accuracy is unknown,1,Department of Water Resources,NA,1,Department of Water Resources
40131,391512N1216190W001,1179545,2010-08-11T00:00:00Z,62.08,61.28,0,22.8,39.28,22.8,22,NA,Unknown,Water level accuracy is unknown,1,Department of Water Resources,NA,1,Department of Water Resources
40131,391512N1216190W001,1179544,2010-07-13T00:00:00Z,62.08,61.28,0,22.6,39.48,22.6,21.8,NA,Unknown,Water level accuracy is unknown,1,Department of Water Resources,NA,1,Department of Water Resources
40131,391512N1216190W001,1179543,2010-06-03T00:00:00Z,62.08,61.28,0,22.3,39.78,22.3,21.5,NA,Unknown,Water level accuracy is unknown,1,Department of Water Resources,NA,1,Department of Water Resources
40131,391512N1216190W001,1179542,2010-05-05T00:00:00Z,62.08,61.28,0,21.6,40.48,21.6,20.8,NA,Unknown,Water level accuracy is unknown,1,Department of Water Resources,NA,1,Department of Water Resources
40131,391512N1216190W001,1179541,2010-04-07T00:00:00Z,62.08,61.28,0,21.7,40.38,21.7,20.9,NA,Unknown,Water level accuracy is unknown,1,Department of Water Resources,NA,1,Department of Water Resources
40131,391512N1216190W001,1179540,2010-03-10T00:00:00Z,62.08,61.28,0,22,40.08,22,21.2,NA,Unknown,Water level accuracy is unknown,1,Department of Water Resources,NA,1,Department of Water Resources
40131,391512N1216190W001,1179539,2010-02-18T00:00:00Z,62.08,61.28,0,18,44.08,18,17.2,NA,Unknown,Water level accuracy is unknown,1,Department of Water Resources,NA,1,Department of Water Resources
40131,391512N1216190W001,1179538,2010-01-12T00:00:00Z,62.08,61.28,0,23.4,38.68,23.4,22.6,NA,Unknown,Water level accuracy is unknown,1,Department of Water Resources,NA,1,Department of Water Resources
40131,391512N1216190W001,1179537,2009-12-02T00:00:00Z,62.08,61.28,0,22.7,39.38,22.7,21.9,NA,Unknown,Water level accuracy is unknown,1,Department of Water Resources,NA,1,Department of Water Resources
40131,391512N1216190W001,1179536,2009-11-03T00:00:00Z,62.08,61.28,0,23.1,38.98,23.1,22.3,NA,Unknown,Water level accuracy is unknown,1,Department of Water Resources,NA,1,Department of Water Resources
40131,391512N1216190W001,1179535,2009-10-12T00:00:00Z,62.08,61.28,0,23.4,38.68,23.4,22.6,NA,Unknown,Water level accuracy is unknown,1,Department of Water Resources,NA,1,Department of Water Resources
40131,391512N1216190W001,1179534,2009-09-02T00:00:00Z,62.08,61.28,0,23.5,38.58,23.5,22.7,NA,Unknown,Water level accuracy is unknown,1,Department of Water Resources,NA,1,Department of Water Resources
40131,391512N1216190W001,1179533,2009-08-06T00:00:00Z,62.08,61.28,0,23.3,38.78,23.3,22.5,NA,Unknown,Water level accuracy is unknown,1,Department of Water Resources,NA,1,Department of Water Resources
40131,391512N1216190W001,1179532,2009-07-09T00:00:00Z,62.08,61.28,0,23.2,38.88,23.2,22.4,NA,Unknown,Water level accuracy is unknown,1,Department of Water Resources,NA,1,Department of Water Resources
40131,391512N1216190W001,1179531,2009-06-04T00:00:00Z,62.08,61.28,0,22.6,39.48,22.6,21.8,NA,Unknown,Water level accuracy is unknown,1,Department of Water Resources,NA,1,Department of Water Resources
40131,391512N1216190W001,1179530,2009-05-05T00:00:00Z,62.08,61.28,0,22.4,39.68,22.4,21.6,NA,Unknown,Water level accuracy is unknown,1,Department of Water Resources,NA,1,Department of Water Resources
40131,391512N1216190W001,1179529,2009-04-01T00:00:00Z,62.08,61.28,0,22.2,39.88,22.2,21.4,NA,Unknown,Water level accuracy is unknown,1,Department of Water Resources,NA,1,Department of Water Resources
40131,391512N1216190W001,1179528,2009-03-03T00:00:00Z,62.08,61.28,0,22.8,39.28,22.8,22,NA,Unknown,Water level accuracy is unknown,1,Department of Water Resources,NA,1,Department of Water Resources
40131,391512N1216190W001,1179527,2009-02-04T00:00:00Z,62.08,61.28,0,23.4,38.68,23.4,22.6,NA,Unknown,Water level accuracy is unknown,1,Department of Water Resources,NA,1,Department of Water Resources
40131,391512N1216190W001,1179526,2009-01-06T00:00:00Z,62.08,61.28,0,23.5,38.58,23.5,22.7,NA,Unknown,Water level accuracy is unknown,1,Department of Water Resources,NA,1,Department of Water Resources
40131,391512N1216190W001,1179525,2008-12-03T00:00:00Z,62.08,61.28,0,23.5,38.58,23.5,22.7,NA,Unknown,Water level accuracy is unknown,1,Department of Water Resources,NA,1,Department of Water Resources
40131,391512N1216190W001,1179524,2008-11-04T00:00:00Z,62.08,61.28,0,22.6,39.48,22.6,21.8,NA,Unknown,Water level accuracy is unknown,1,Department of Water Resources,NA,1,Department of Water Resources
40131,391512N1216190W001,1179523,2008-10-01T00:00:00Z,62.08,61.28,0,22.1,39.98,22.1,21.3,NA,Unknown,Water level accuracy is unknown,1,Department of Water Resources,NA,1,Department of Water Resources
40131,391512N1216190W001,1179522,2008-09-03T00:00:00Z,62.08,61.28,0,22,40.08,22,21.2,NA,Unknown,Water level accuracy is unknown,1,Department of Water Resources,NA,1,Department of Water Resources
40131,391512N1216190W001,1179521,2008-08-04T00:00:00Z,62.08,61.28,0,22.9,39.18,22.9,22.1,NA,Unknown,Water level accuracy is unknown,1,Department of Water Resources,NA,1,Department of Water Resources
40131,391512N1216190W001,1179520,2008-07-01T00:00:00Z,62.08,61.28,0,24.9,37.18,24.9,24.1,NA,Unknown,Water level accuracy is unknown,1,Department of Water Resources,NA,1,Department of Water Resources
40131,391512N1216190W001,1179519,2008-06-17T00:00:00Z,62.08,61.28,0,23.6,38.48,23.6,22.8,NA,Unknown,Water level accuracy is unknown,1,Department of Water Resources,NA,1,Department of Water Resources
40131,391512N1216190W001,1179518,2008-05-01T00:00:00Z,62.08,61.28,0,22.2,39.88,22.2,21.4,NA,Unknown,Water level accuracy is unknown,1,Department of Water Resources,NA,1,Department of Water Resources
40131,391512N1216190W001,1179517,2008-04-10T00:00:00Z,62.08,61.28,0,21.9,40.18,21.9,21.1,NA,Unknown,Water level accuracy is unknown,1,Department of Water Resources,NA,1,Department of Water Resources
40131,391512N1216190W001,1179516,2008-03-03T00:00:00Z,62.08,61.28,0,20.9,41.18,20.9,20.1,NA,Unknown,Water level accuracy is unknown,1,Department of Water Resources,NA,1,Department of Water Resources
40131,391512N1216190W001,1179515,2008-02-05T00:00:00Z,62.08,61.28,0,21.1,40.98,21.1,20.3,NA,Unknown,Water level accuracy is unknown,1,Department of Water Resources,NA,1,Department of Water Resources
40131,391512N1216190W001,1179514,2008-01-02T00:00:00Z,62.08,61.28,0,21.9,40.18,21.9,21.1,NA,Unknown,Water level accuracy is unknown,1,Department of Water Resources,NA,1,Department of Water Resources
40131,391512N1216190W001,1179513,2007-12-05T00:00:00Z,62.08,61.28,0,20.9,41.18,20.9,20.1,NA,Unknown,Water level accuracy is unknown,1,Department of Water Resources,NA,1,Department of Water Resources
40131,391512N1216190W001,1179512,2007-11-06T00:00:00Z,62.08,61.28,0,21.6,40.48,21.6,20.8,NA,Unknown,Water level accuracy is unknown,1,Department of Water Resources,NA,1,Department of Water Resources
40131,391512N1216190W001,1179511,2007-10-09T00:00:00Z,62.08,61.28,0,22.2,39.88,22.2,21.4,NA,Unknown,Water level accuracy is unknown,1,Department of Water Resources,NA,1,Department of Water Resources
40131,391512N1216190W001,1179510,2007-09-04T00:00:00Z,62.08,61.28,0,20,42.08,20,19.2,NA,Unknown,Water level accuracy is unknown,1,Department of Water Resources,NA,1,Department of Water Resources
40131,391512N1216190W001,1179509,2007-08-01T00:00:00Z,62.08,61.28,0,20.9,41.18,20.9,20.1,NA,Unknown,Water level accuracy is unknown,1,Department of Water Resources,NA,1,Department of Water Resources
40131,391512N1216190W001,1179508,2007-07-09T00:00:00Z,62.08,61.28,0,21.7,40.38,21.7,20.9,NA,Unknown,Water level accuracy is unknown,1,Department of Water Resources,NA,1,Department of Water Resources
40131,391512N1216190W001,1179507,2007-06-05T00:00:00Z,62.08,61.28,0,22.4,39.68,22.4,21.6,NA,Unknown,Water level accuracy is unknown,1,Department of Water Resources,NA,1,Department of Water Resources
40131,391512N1216190W001,1179506,2007-05-02T00:00:00Z,62.08,61.28,0,21.2,40.88,21.2,20.4,NA,Unknown,Water level accuracy is unknown,1,Department of Water Resources,NA,1,Department of Water Resources
40131,391512N1216190W001,1179505,2007-04-03T00:00:00Z,62.08,61.28,0,20.6,41.48,20.6,19.8,NA,Unknown,Water level accuracy is unknown,1,Department of Water Resources,NA,1,Department of Water Resources
40131,391512N1216190W001,1179504,2007-03-06T00:00:00Z,62.08,61.28,0,19.1,42.98,19.1,18.3,NA,Unknown,Water level accuracy is unknown,1,Department of Water Resources,NA,1,Department of Water Resources
40131,391512N1216190W001,1179503,2007-02-06T00:00:00Z,62.08,61.28,0,20.9,41.18,20.9,20.1,NA,Unknown,Water level accuracy is unknown,1,Department of Water Resources,NA,1,Department of Water Resources
40131,391512N1216190W001,1179502,2007-01-02T00:00:00Z,62.08,61.28,0,20.7,41.38,20.7,19.9,NA,Unknown,Water level accuracy is unknown,1,Department of Water Resources,NA,1,Department of Water Resources
40131,391512N1216190W001,1179501,2006-12-07T00:00:00Z,62.08,61.28,0,20.9,41.18,20.9,20.1,NA,Unknown,Water level accuracy is unknown,1,Department of Water Resources,NA,1,Department of Water Resources
40131,391512N1216190W001,1179500,2006-11-01T00:00:00Z,62.08,61.28,0,20.8,41.28,20.8,20,NA,Unknown,Water level accuracy is unknown,1,Department of Water Resources,NA,1,Department of Water Resources
40131,391512N1216190W001,1179499,2006-10-03T00:00:00Z,62.08,61.28,0,20.4,41.68,20.4,19.6,NA,Unknown,Water level accuracy is unknown,1,Department of Water Resources,NA,1,Department of Water Resources
40131,391512N1216190W001,1179498,2006-09-01T00:00:00Z,62.08,61.28,0,19.8,42.28,19.8,19,NA,Unknown,Water level accuracy is unknown,1,Department of Water Resources,NA,1,Department of Water Resources
40131,391512N1216190W001,1179497,2006-08-01T00:00:00Z,62.08,61.28,0,18.8,43.28,18.8,18,NA,Unknown,Water level accuracy is unknown,1,Department of Water Resources,NA,1,Department of Water Resources
40131,391512N1216190W001,1179496,2006-07-03T00:00:00Z,62.08,61.28,0,21.6,40.48,21.6,20.8,NA,Unknown,Water level accuracy is unknown,1,Department of Water Resources,NA,1,Department of Water Resources
40131,391512N1216190W001,1179495,2006-06-06T00:00:00Z,62.08,61.28,0,17.1,44.98,17.1,16.3,NA,Unknown,Water level accuracy is unknown,1,Department of Water Resources,NA,1,Department of Water Resources
40131,391512N1216190W001,1179494,2006-05-03T00:00:00Z,62.08,61.28,0,16.5,45.58,16.5,15.7,NA,Unknown,Water level accuracy is unknown,1,Department of Water Resources,NA,1,Department of Water Resources
40131,391512N1216190W001,1179493,2006-04-05T00:00:00Z,62.08,61.28,0,17.5,44.58,17.5,16.7,NA,Unknown,Water level accuracy is unknown,1,Department of Water Resources,NA,1,Department of Water Resources
40131,391512N1216190W001,1179492,2006-03-01T00:00:00Z,62.08,61.28,0,18.9,43.18,18.9,18.1,NA,Unknown,Water level accuracy is unknown,1,Department of Water Resources,NA,1,Department of Water Resources
40131,391512N1216190W001,1179491,2006-02-01T00:00:00Z,62.08,61.28,0,19.3,42.78,19.3,18.5,NA,Unknown,Water level accuracy is unknown,1,Department of Water Resources,NA,1,Department of Water Resources
40131,391512N1216190W001,1179490,2006-01-04T00:00:00Z,62.08,61.28,0,21.2,40.88,21.2,20.4,NA,Unknown,Water level accuracy is unknown,1,Department of Water Resources,NA,1,Department of Water Resources
40131,391512N1216190W001,1179489,2005-12-07T00:00:00Z,62.08,61.28,0,22.3,39.78,22.3,21.5,NA,Unknown,Water level accuracy is unknown,1,Department of Water Resources,NA,1,Department of Water Resources
40131,391512N1216190W001,1179488,2005-11-01T00:00:00Z,62.08,61.28,0,22.4,39.68,22.4,21.6,NA,Unknown,Water level accuracy is unknown,1,Department of Water Resources,NA,1,Department of Water Resources
40131,391512N1216190W001,1179487,2005-10-04T00:00:00Z,62.08,61.28,0,22.4,39.68,22.4,21.6,NA,Unknown,Water level accuracy is unknown,1,Department of Water Resources,NA,1,Department of Water Resources
40131,391512N1216190W001,1179486,2005-09-01T00:00:00Z,62.08,61.28,0,22.1,39.98,22.1,21.3,NA,Unknown,Water level accuracy is unknown,1,Department of Water Resources,NA,1,Department of Water Resources
40131,391512N1216190W001,1179485,2005-08-03T00:00:00Z,62.08,61.28,0,21.9,40.18,21.9,21.1,NA,Unknown,Water level accuracy is unknown,1,Department of Water Resources,NA,1,Department of Water Resources
40131,391512N1216190W001,1179484,2005-07-07T00:00:00Z,62.08,61.28,0,21.4,40.68,21.4,20.6,NA,Unknown,Water level accuracy is unknown,1,Department of Water Resources,NA,1,Department of Water Resources
40131,391512N1216190W001,1179483,2005-06-08T00:00:00Z,62.08,61.28,0,21.8,40.28,21.8,21,NA,Unknown,Water level accuracy is unknown,1,Department of Water Resources,NA,1,Department of Water Resources
40131,391512N1216190W001,1179482,2005-05-04T00:00:00Z,62.08,61.28,0,21,41.08,21,20.2,NA,Unknown,Water level accuracy is unknown,1,Department of Water Resources,NA,1,Department of Water Resources
40131,391512N1216190W001,1179481,2005-04-06T00:00:00Z,62.08,61.28,0,20.6,41.48,20.6,19.8,NA,Unknown,Water level accuracy is unknown,1,Department of Water Resources,NA,1,Department of Water Resources
40131,391512N1216190W001,1179480,2005-03-02T00:00:00Z,62.08,61.28,0,21.1,40.98,21.1,20.3,NA,Unknown,Water level accuracy is unknown,1,Department of Water Resources,NA,1,Department of Water Resources
40131,391512N1216190W001,1179479,2005-02-01T00:00:00Z,62.08,61.28,0,21.4,40.68,21.4,20.6,NA,Unknown,Water level accuracy is unknown,1,Department of Water Resources,NA,1,Department of Water Resources
40131,391512N1216190W001,1179478,2004-10-19T00:00:00Z,62.08,61.28,0,22.9,39.18,22.9,22.1,NA,Unknown,Water level accuracy is unknown,1,Department of Water Resources,NA,1,Department of Water Resources
40131,391512N1216190W001,1179477,2004-03-16T00:00:00Z,62.08,61.28,0,18.9,43.18,18.9,18.1,NA,Unknown,Water level accuracy is unknown,1,Department of Water Resources,NA,1,Department of Water Resources
40131,391512N1216190W001,1179476,2003-11-18T00:00:00Z,62.08,61.28,0,22.1,39.98,22.1,21.3,NA,Unknown,Water level accuracy is unknown,1,Department of Water Resources,NA,1,Department of Water Resources
40131,391512N1216190W001,1179475,2003-03-25T00:00:00Z,62.08,61.28,0,20.1,41.98,20.1,19.3,NA,Unknown,Water level accuracy is unknown,1,Department of Water Resources,NA,1,Department of Water Resources
40131,391512N1216190W001,1179474,2002-10-17T00:00:00Z,62.08,61.28,0,23.8,38.28,23.8,23,NA,Unknown,Water level accuracy is unknown,1,Department of Water Resources,NA,1,Department of Water Resources
40131,391512N1216190W001,1179473,2002-03-27T00:00:00Z,62.08,61.28,0,22,40.08,22,21.2,NA,Unknown,Water level accuracy is unknown,1,Department of Water Resources,NA,1,Department of Water Resources
40131,391512N1216190W001,1179472,2001-11-15T00:00:00Z,62.08,61.28,0,23.2,38.88,23.2,22.4,NA,Unknown,Water level accuracy is unknown,1,Department of Water Resources,NA,1,Department of Water Resources
40131,391512N1216190W001,1179471,2001-03-28T00:00:00Z,62.08,61.28,0,22.4,39.68,22.4,21.6,Pumped recently,Unknown,Water level accuracy is unknown,1,Department of Water Resources,NA,777,County of Sutter
40131,391512N1216190W001,1179465,2000-10-23T00:00:00Z,62.08,61.28,0,22.2,39.88,22.2,21.4,NA,Unknown,Water level accuracy is unknown,1,Department of Water Resources,NA,777,County of Sutter
40131,391512N1216190W001,1179464,2000-03-29T00:00:00Z,62.08,61.28,0,19.4,42.68,19.4,18.6,NA,Unknown,Water level accuracy is unknown,1,Department of Water Resources,NA,777,County of Sutter
40131,391512N1216190W001,1179463,1999-10-08T00:00:00Z,62.08,61.28,0,21.8,40.28,21.8,21,NA,Unknown,Water level accuracy is unknown,1,Department of Water Resources,NA,777,County of Sutter
40131,391512N1216190W001,1179462,1999-03-18T00:00:00Z,62.08,61.28,0,18.4,43.68,18.4,17.6,NA,Unknown,Water level accuracy is unknown,1,Department of Water Resources,NA,777,County of Sutter
40131,391512N1216190W001,1179470,1998-10-05T00:00:00Z,62.08,61.28,0,23.8,38.28,23.8,23,NA,Unknown,Water level accuracy is unknown,1,Department of Water Resources,NA,777,County of Sutter
40131,391512N1216190W001,1179469,1998-03-25T00:00:00Z,62.08,61.28,0,16.3,45.78,16.3,15.5,NA,Unknown,Water level accuracy is unknown,1,Department of Water Resources,NA,777,County of Sutter
40131,391512N1216190W001,1179468,1997-10-02T00:00:00Z,62.08,61.28,0,18.7,43.38,18.7,17.9,NA,Unknown,Water level accuracy is unknown,1,Department of Water Resources,NA,777,County of Sutter
40131,391512N1216190W001,1179467,1997-04-28T00:00:00Z,62.08,61.28,0,17.4,44.68,17.4,16.6,NA,Unknown,Water level accuracy is unknown,1,Department of Water Resources,NA,777,County of Sutter
40131,391512N1216190W001,1179466,1996-11-15T00:00:00Z,62.08,61.28,0,20.3,41.78,20.3,19.5,NA,Unknown,Water level accuracy is unknown,1,Department of Water Resources,NA,777,County of Sutter
40131,391512N1216190W001,1179461,1996-03-26T00:00:00Z,62.08,61.28,0,16.3,45.78,16.3,15.5,NA,Unknown,Water level accuracy is unknown,1,Department of Water Resources,NA,777,County of Sutter
40131,391512N1216190W001,1179460,1995-10-18T00:00:00Z,62.08,61.28,0,19.2,42.88,19.2,18.4,NA,Unknown,Water level accuracy is unknown,1,Department of Water Resources,NA,777,County of Sutter
40131,391512N1216190W001,1179459,1995-03-30T00:00:00Z,62.08,61.28,0,15.5,46.58,15.5,14.7,NA,Unknown,Water level accuracy is unknown,1,Department of Water Resources,NA,777,County of Sutter
40131,391512N1216190W001,1179458,1994-11-21T00:00:00Z,62.08,61.28,0,23.6,38.48,23.6,22.8,NA,Unknown,Water level accuracy is unknown,1,Department of Water Resources,NA,777,County of Sutter
40131,391512N1216190W001,1179457,1994-04-20T00:00:00Z,62.08,61.28,0,22.3,39.78,22.3,21.5,NA,Unknown,Water level accuracy is unknown,1,Department of Water Resources,NA,777,County of Sutter
40131,391512N1216190W001,1179456,1993-12-17T00:00:00Z,62.08,61.28,0,26.3,35.78,26.3,25.5,NA,Unknown,Water level accuracy is unknown,1,Department of Water Resources,NA,777,County of Sutter
40131,391512N1216190W001,1179455,1993-03-16T00:00:00Z,62.08,61.28,0,22,40.08,22,21.2,NA,Unknown,Water level accuracy is unknown,1,Department of Water Resources,NA,777,County of Sutter
40131,391512N1216190W001,1179454,1992-11-23T00:00:00Z,62.08,61.28,0,18.4,43.68,18.4,17.6,NA,Unknown,Water level accuracy is unknown,1,Department of Water Resources,NA,777,County of Sutter
40131,391512N1216190W001,1179453,1992-05-15T00:00:00Z,62.08,61.28,0,22.6,39.48,22.6,21.8,NA,Unknown,Water level accuracy is unknown,1,Department of Water Resources,NA,777,County of Sutter
40131,391512N1216190W001,1179452,1991-10-21T00:00:00Z,62.08,61.28,0,27.8,34.28,27.8,27,NA,Unknown,Water level accuracy is unknown,1,Department of Water Resources,NA,777,County of Sutter
40131,391512N1216190W001,1179451,1991-04-02T00:00:00Z,62.08,61.28,0,21.6,40.48,21.6,20.8,NA,Unknown,Water level accuracy is unknown,1,Department of Water Resources,NA,777,County of Sutter
40131,391512N1216190W001,1179406,1990-11-05T00:00:00Z,62.08,61.28,0,25.9,36.18,25.9,25.1,NA,Unknown,Water level accuracy is unknown,1,Department of Water Resources,NA,777,County of Sutter
40131,391512N1216190W001,1179405,1990-04-05T00:00:00Z,62.08,61.28,0,23.9,38.18,23.9,23.1,NA,Unknown,Water level accuracy is unknown,1,Department of Water Resources,NA,777,County of Sutter
40131,391512N1216190W001,1179450,1989-10-25T00:00:00Z,62.08,61.28,0,25.3,36.78,25.3,24.5,NA,Unknown,Water level accuracy is unknown,1,Department of Water Resources,NA,777,County of Sutter
40131,391512N1216190W001,1179449,1989-03-23T00:00:00Z,62.08,61.28,0,23.8,38.28,23.8,23,NA,Unknown,Water level accuracy is unknown,1,Department of Water Resources,NA,777,County of Sutter
40131,391512N1216190W001,1179448,1988-10-14T00:00:00Z,62.08,61.28,0,25.1,36.98,25.1,24.3,NA,Unknown,Water level accuracy is unknown,1,Department of Water Resources,NA,777,County of Sutter
40131,391512N1216190W001,1179447,1988-03-03T00:00:00Z,62.08,61.28,0,23.4,38.68,23.4,22.6,NA,Unknown,Water level accuracy is unknown,1,Department of Water Resources,NA,777,County of Sutter
40131,391512N1216190W001,1179446,1987-11-02T00:00:00Z,62.08,61.28,0,24.3,37.78,24.3,23.5,NA,Unknown,Water level accuracy is unknown,1,Department of Water Resources,NA,777,County of Sutter
40131,391512N1216190W001,1179445,1987-03-30T00:00:00Z,62.08,61.28,0,21.5,40.58,21.5,20.7,NA,Unknown,Water level accuracy is unknown,1,Department of Water Resources,NA,777,County of Sutter
40131,391512N1216190W001,1179444,1986-11-18T00:00:00Z,62.08,61.28,0,21.6,40.48,21.6,20.8,NA,Unknown,Water level accuracy is unknown,1,Department of Water Resources,NA,777,County of Sutter
40131,391512N1216190W001,1179443,1986-04-09T00:00:00Z,62.08,61.28,0,17.3,44.78,17.3,16.5,NA,Unknown,Water level accuracy is unknown,1,Department of Water Resources,NA,777,County of Sutter
40131,391512N1216190W001,1179442,1985-10-17T00:00:00Z,62.08,61.28,0,22.8,39.28,22.8,22,NA,Unknown,Water level accuracy is unknown,1,Department of Water Resources,NA,777,County of Sutter
40131,391512N1216190W001,1179441,1985-04-14T00:00:00Z,62.08,61.28,0,20.9,41.18,20.9,20.1,NA,Unknown,Water level accuracy is unknown,1,Department of Water Resources,NA,777,County of Sutter
40131,391512N1216190W001,1179440,1984-11-12T00:00:00Z,62.08,61.28,0,20.3,41.78,20.3,19.5,NA,Unknown,Water level accuracy is unknown,1,Department of Water Resources,NA,777,County of Sutter
40131,391512N1216190W001,1179439,1984-04-24T00:00:00Z,62.08,61.28,0,15.4,46.68,15.4,14.6,NA,Unknown,Water level accuracy is unknown,1,Department of Water Resources,NA,777,County of Sutter
40131,391512N1216190W001,1179438,1983-11-15T00:00:00Z,62.08,61.28,0,18.2,43.88,18.2,17.4,NA,Unknown,Water level accuracy is unknown,1,Department of Water Resources,NA,777,County of Sutter
40131,391512N1216190W001,1179437,1982-04-22T00:00:00Z,62.08,61.28,0,17.5,44.58,17.5,16.7,NA,Unknown,Water level accuracy is unknown,1,Department of Water Resources,NA,777,County of Sutter
40131,391512N1216190W001,1179436,1981-11-04T00:00:00Z,62.08,61.28,0,25.9,36.18,25.9,25.1,NA,Unknown,Water level accuracy is unknown,1,Department of Water Resources,NA,777,County of Sutter
40131,391512N1216190W001,1179435,1981-04-14T00:00:00Z,62.08,61.28,0,24,38.08,24,23.2,NA,Unknown,Water level accuracy is unknown,1,Department of Water Resources,NA,777,County of Sutter
40131,391512N1216190W001,1179434,1980-10-21T00:00:00Z,62.08,61.28,0,24.6,37.48,24.6,23.8,NA,Unknown,Water level accuracy is unknown,1,Department of Water Resources,NA,777,County of Sutter
40131,391512N1216190W001,1179433,1980-03-31T00:00:00Z,62.08,61.28,0,20.5,41.58,20.5,19.7,NA,Unknown,Water level accuracy is unknown,1,Department of Water Resources,NA,777,County of Sutter
40131,391512N1216190W001,1179432,1979-10-16T00:00:00Z,62.08,61.28,0,26.5,35.58,26.5,25.7,NA,Unknown,Water level accuracy is unknown,1,Department of Water Resources,NA,777,County of Sutter
40131,391512N1216190W001,1179431,1979-03-26T00:00:00Z,62.08,61.28,0,24.6,37.48,24.6,23.8,NA,Unknown,Water level accuracy is unknown,1,Department of Water Resources,NA,777,County of Sutter
40131,391512N1216190W001,1179430,1978-10-11T00:00:00Z,62.08,61.28,0,27.2,34.88,27.2,26.4,NA,Unknown,Water level accuracy is unknown,1,Department of Water Resources,NA,777,County of Sutter
40131,391512N1216190W001,1179429,1978-03-14T00:00:00Z,62.08,61.28,0,26.2,35.88,26.2,25.4,NA,Unknown,Water level accuracy is unknown,1,Department of Water Resources,NA,777,County of Sutter
40131,391512N1216190W001,1179428,1977-10-03T00:00:00Z,62.08,61.28,0,30.1,31.98,30.1,29.3,NA,Unknown,Water level accuracy is unknown,1,Department of Water Resources,NA,777,County of Sutter
40131,391512N1216190W001,1179427,1977-07-25T00:00:00Z,62.08,61.28,0,29.8,32.28,29.8,29,NA,Unknown,Water level accuracy is unknown,1,Department of Water Resources,NA,777,County of Sutter
40131,391512N1216190W001,1179426,1977-02-23T00:00:00Z,62.08,61.28,0,27,35.08,27,26.2,NA,Unknown,Water level accuracy is unknown,1,Department of Water Resources,NA,777,County of Sutter
40131,391512N1216190W001,1179425,1976-10-07T00:00:00Z,62.08,61.28,0,26.4,35.68,26.4,25.6,NA,Unknown,Water level accuracy is unknown,1,Department of Water Resources,NA,777,County of Sutter
40131,391512N1216190W001,1179424,1976-03-01T00:00:00Z,62.08,61.28,0,22.9,39.18,22.9,22.1,NA,Unknown,Water level accuracy is unknown,1,Department of Water Resources,NA,777,County of Sutter
40131,391512N1216190W001,1179423,1975-10-07T00:00:00Z,62.08,61.28,0,24.2,37.88,24.2,23.4,NA,Unknown,Water level accuracy is unknown,1,Department of Water Resources,NA,777,County of Sutter
40131,391512N1216190W001,1179422,1975-03-28T00:00:00Z,62.08,61.28,0,20.1,41.98,20.1,19.3,NA,Unknown,Water level accuracy is unknown,1,Department of Water Resources,NA,1,Department of Water Resources
40131,391512N1216190W001,1179421,1974-10-10T00:00:00Z,62.08,61.28,0,23,39.08,23,22.2,NA,Unknown,Water level accuracy is unknown,1,Department of Water Resources,NA,1,Department of Water Resources
40131,391512N1216190W001,1179420,1974-03-08T00:00:00Z,62.08,61.28,0,20.4,41.68,20.4,19.6,NA,Unknown,Water level accuracy is unknown,1,Department of Water Resources,NA,1,Department of Water Resources
40131,391512N1216190W001,1179419,1973-10-11T00:00:00Z,62.08,61.28,0,24.8,37.28,24.8,24,NA,Unknown,Water level accuracy is unknown,1,Department of Water Resources,NA,1,Department of Water Resources
40131,391512N1216190W001,1179418,1973-03-23T00:00:00Z,62.08,61.28,0,20.6,41.48,20.6,19.8,NA,Unknown,Water level accuracy is unknown,1,Department of Water Resources,NA,1,Department of Water Resources
40131,391512N1216190W001,1179417,1972-10-26T00:00:00Z,62.08,61.28,0,26.8,35.28,26.8,26,NA,Unknown,Water level accuracy is unknown,1,Department of Water Resources,NA,1,Department of Water Resources
40131,391512N1216190W001,1179416,1972-03-17T00:00:00Z,62.08,61.28,0,24,38.08,24,23.2,NA,Unknown,Water level accuracy is unknown,1,Department of Water Resources,NA,777,County of Sutter
40131,391512N1216190W001,1179415,1971-10-12T00:00:00Z,62.08,61.28,0,24.5,37.58,24.5,23.7,NA,Unknown,Water level accuracy is unknown,1,Department of Water Resources,NA,777,County of Sutter
40131,391512N1216190W001,1179414,1971-03-26T00:00:00Z,62.08,61.28,0,23,39.08,23,22.2,NA,Unknown,Water level accuracy is unknown,1,Department of Water Resources,NA,777,County of Sutter
40131,391512N1216190W001,1179413,1970-10-14T00:00:00Z,62.08,61.28,0,25.6,36.48,25.6,24.8,NA,Unknown,Water level accuracy is unknown,1,Department of Water Resources,NA,777,County of Sutter
40131,391512N1216190W001,1179412,1970-03-23T00:00:00Z,62.08,61.28,0,20.8,41.28,20.8,20,NA,Unknown,Water level accuracy is unknown,1,Department of Water Resources,NA,777,County of Sutter
40131,391512N1216190W001,1179411,1969-10-10T00:00:00Z,62.08,61.28,0,27,35.08,27,26.2,NA,Unknown,Water level accuracy is unknown,1,Department of Water Resources,NA,777,County of Sutter
40131,391512N1216190W001,1179410,1969-04-01T00:00:00Z,62.08,61.28,0,23.8,38.28,23.8,23,NA,Unknown,Water level accuracy is unknown,1,Department of Water Resources,NA,777,County of Sutter
40131,391512N1216190W001,1179409,1968-10-04T00:00:00Z,62.08,61.28,0,33.2,28.88,33.2,32.4,NA,Unknown,Water level accuracy is unknown,1,Department of Water Resources,NA,777,County of Sutter
40131,391512N1216190W001,1179408,1968-04-03T00:00:00Z,62.08,61.28,0,27.6,34.48,27.6,26.8,NA,Unknown,Water level accuracy is unknown,1,Department of Water Resources,NA,1,Department of Water Resources
40131,391512N1216190W001,1179407,1968-02-13T00:00:00Z,62.08,61.28,0,28.5,33.58,28.5,27.7,Pumped recently,Unknown,Water level accuracy is unknown,1,Department of Water Resources,NA,1,Department of Water Resources
