STN_ID,SITE_CODE,WLM_ID,MSMT_DATE,WLM_RPE,WLM_GSE,RDNG_WS,RDNG_RP,WSE,RPE_WSE,GSE_WSE,WLM_QA_DESC,WLM_DESC,WLM_ACC_DESC,WLM_ORG_ID,WLM_ORG_NAME,MSMT_CMT,COOP_AGENCY_ORG_ID,COOP_ORG_NAME
4142,380038N1211579W001,1809635,2013-10-23T12:00:00Z,63,62.5,0,130.3,-67.3,130.3,129.8,NA,Electric sounder measurement,Water level accuracy to nearest foot,5022,San Joaquin County Flood Control and Water Conservation District,NA,5022,San Joaquin County Flood Control and Water Conservation District
4142,380038N1211579W001,1817422,2013-04-02T12:00:00Z,63,62.5,1,125,-61,124,123.5,NA,Electric sounder measurement,Water level accuracy to nearest foot,5022,San Joaquin County Flood Control and Water Conservation District,NA,5022,San Joaquin County Flood Control and Water Conservation District
4142,380038N1211579W001,89301,2012-11-09T12:00:00Z,63,62.5,15,140,-62,125,124.5,NA,Steel tape measurement,Water level accuracy to nearest tenth of a foot,5022,San Joaquin County Flood Control and Water Conservation District,NA,5022,San Joaquin County Flood Control and Water Conservation District
4142,380038N1211579W001,57161,2012-04-02T12:00:00Z,63,62.5,0,121.8,-58.8,121.8,121.3,NA,Electric sounder measurement,Water level accuracy to nearest tenth of a foot,5022,San Joaquin County Flood Control and Water Conservation District,NA,5022,San Joaquin County Flood Control and Water Conservation District
4142,380038N1211579W001,30972,2011-11-15T00:00:00Z,63,62.5,0,120.6,-57.6,120.6,120.1,NA,Electric sounder measurement,Water level accuracy to nearest tenth of a foot,5022,San Joaquin County Flood Control and Water Conservation District,NA,5022,San Joaquin County Flood Control and Water Conservation District
4142,380038N1211579W001,1651071,2010-03-22T00:00:00Z,65.19,64.69,0,121.3,-56.11,121.3,120.8,NA,Unknown,Water level accuracy is unknown,1,Department of Water Resources,NA,5022,San Joaquin County Flood Control and Water Conservation District
4142,380038N1211579W001,1651073,2009-10-26T00:00:00Z,65.19,64.69,0,124,-58.81,124,123.5,NA,Unknown,Water level accuracy is unknown,1,Department of Water Resources,NA,5022,San Joaquin County Flood Control and Water Conservation District
4142,380038N1211579W001,1651070,2009-04-02T00:00:00Z,65.19,64.69,0,117,-51.81,117,116.5,NA,Unknown,Water level accuracy is unknown,1,Department of Water Resources,NA,5022,San Joaquin County Flood Control and Water Conservation District
4142,380038N1211579W001,1651072,2008-11-04T00:00:00Z,65.19,64.69,0,122,-56.81,122,121.5,NA,Unknown,Water level accuracy is unknown,1,Department of Water Resources,NA,5022,San Joaquin County Flood Control and Water Conservation District
4142,380038N1211579W001,1651069,2008-03-18T00:00:00Z,65.19,64.69,0,110,-44.81,110,109.5,NA,Unknown,Water level accuracy is unknown,1,Department of Water Resources,NA,5022,San Joaquin County Flood Control and Water Conservation District
4142,380038N1211579W001,1651068,2007-10-24T00:00:00Z,65.19,64.69,0,117.9,-52.71,117.9,117.4,NA,Unknown,Water level accuracy is unknown,1,Department of Water Resources,NA,5022,San Joaquin County Flood Control and Water Conservation District
4142,380038N1211579W001,1651067,2003-03-14T00:00:00Z,65.19,64.69,0,106.9,-41.71,106.9,106.4,Recharge or surface water effects near well,Unknown,Water level accuracy is unknown,1,Department of Water Resources,NA,5022,San Joaquin County Flood Control and Water Conservation District
4142,380038N1211579W001,1651065,2002-10-21T00:00:00Z,65.19,64.69,0,114.6,-49.41,114.6,114.1,NA,Unknown,Water level accuracy is unknown,1,Department of Water Resources,NA,5022,San Joaquin County Flood Control and Water Conservation District
4142,380038N1211579W001,1651066,2002-03-26T00:00:00Z,65.19,64.69,0,104.3,-39.11,104.3,103.8,NA,Unknown,Water level accuracy is unknown,1,Department of Water Resources,NA,5022,San Joaquin County Flood Control and Water Conservation District
4142,380038N1211579W001,1651064,2001-10-18T00:00:00Z,65.19,64.69,0,113.5,-48.31,113.5,113,NA,Unknown,Water level accuracy is unknown,1,Department of Water Resources,NA,5022,San Joaquin County Flood Control and Water Conservation District
4142,380038N1211579W001,1651060,2000-03-28T00:00:00Z,65.19,64.69,0,101.5,-36.31,101.5,101,NA,Unknown,Water level accuracy is unknown,1,Department of Water Resources,NA,5022,San Joaquin County Flood Control and Water Conservation District
4142,380038N1211579W001,1651063,1997-10-14T00:00:00Z,65.19,64.69,0,119.9,-54.71,119.9,119.4,NA,Unknown,Water level accuracy is unknown,1,Department of Water Resources,NA,5022,San Joaquin County Flood Control and Water Conservation District
4142,380038N1211579W001,1651062,1997-03-12T00:00:00Z,65.19,64.69,0,112.5,-47.31,112.5,112,NA,Unknown,Water level accuracy is unknown,1,Department of Water Resources,NA,5022,San Joaquin County Flood Control and Water Conservation District
4142,380038N1211579W001,1651061,1996-10-16T00:00:00Z,65.19,64.69,0,125,-59.81,125,124.5,NA,Unknown,Water level accuracy is unknown,1,Department of Water Resources,NA,5022,San Joaquin County Flood Control and Water Conservation District
4142,380038N1211579W001,1651059,1996-03-08T00:00:00Z,65.19,64.69,0,112,-46.81,112,111.5,NA,Unknown,Water level accuracy is unknown,1,Department of Water Resources,NA,5022,San Joaquin County Flood Control and Water Conservation District
4142,380038N1211579W001,1651058,1995-10-13T00:00:00Z,65.19,64.69,0,128,-62.81,128,127.5,NA,Unknown,Water level accuracy is unknown,1,Department of Water Resources,NA,5022,San Joaquin County Flood Control and Water Conservation District
4142,380038N1211579W001,1651057,1995-03-28T00:00:00Z,65.19,64.69,0,114.5,-49.31,114.5,114,NA,Unknown,Water level accuracy is unknown,1,Department of Water Resources,NA,5022,San Joaquin County Flood Control and Water Conservation District
4142,380038N1211579W001,1651056,1994-10-19T00:00:00Z,65.19,64.69,0,125,-59.81,125,124.5,NA,Unknown,Water level accuracy is unknown,1,Department of Water Resources,NA,5022,San Joaquin County Flood Control and Water Conservation District
4142,380038N1211579W001,1651055,1994-03-14T00:00:00Z,65.19,64.69,0,116,-50.81,116,115.5,NA,Unknown,Water level accuracy is unknown,1,Department of Water Resources,NA,5022,San Joaquin County Flood Control and Water Conservation District
4142,380038N1211579W001,1651054,1993-10-14T00:00:00Z,65.19,64.69,0,127,-61.81,127,126.5,NA,Unknown,Water level accuracy is unknown,1,Department of Water Resources,NA,5022,San Joaquin County Flood Control and Water Conservation District
4142,380038N1211579W001,1651053,1993-03-29T00:00:00Z,65.19,64.69,0,117,-51.81,117,116.5,NA,Unknown,Water level accuracy is unknown,1,Department of Water Resources,NA,5022,San Joaquin County Flood Control and Water Conservation District
4142,380038N1211579W001,1651012,1992-10-20T00:00:00Z,65.19,64.69,0,128,-62.81,128,127.5,NA,Unknown,Water level accuracy is unknown,1,Department of Water Resources,NA,5022,San Joaquin County Flood Control and Water Conservation District
4142,380038N1211579W001,1651011,1992-03-24T00:00:00Z,65.19,64.69,0,97,-31.81,97,96.5,NA,Unknown,Water level accuracy is unknown,1,Department of Water Resources,NA,5022,San Joaquin County Flood Control and Water Conservation District
4142,380038N1211579W001,1651007,1991-10-28T00:00:00Z,65.19,64.69,0,130,-64.81,130,129.5,NA,Unknown,Water level accuracy is unknown,1,Department of Water Resources,NA,5022,San Joaquin County Flood Control and Water Conservation District
4142,380038N1211579W001,1651008,1991-04-01T00:00:00Z,65.19,64.69,0,127,-61.81,127,126.5,NA,Unknown,Water level accuracy is unknown,1,Department of Water Resources,NA,5022,San Joaquin County Flood Control and Water Conservation District
4142,380038N1211579W001,1651006,1990-10-18T00:00:00Z,65.19,64.69,0,128,-62.81,128,127.5,NA,Unknown,Water level accuracy is unknown,1,Department of Water Resources,NA,5022,San Joaquin County Flood Control and Water Conservation District
4142,380038N1211579W001,1651005,1990-03-22T00:00:00Z,65.19,64.69,0,113,-47.81,113,112.5,Oil or foreign substance in casing,Unknown,Water level accuracy is unknown,1,Department of Water Resources,NA,5022,San Joaquin County Flood Control and Water Conservation District
4142,380038N1211579W001,1651009,1989-10-13T00:00:00Z,65.19,64.69,0,116,-50.81,116,115.5,Oil or foreign substance in casing,Unknown,Water level accuracy is unknown,1,Department of Water Resources,NA,5022,San Joaquin County Flood Control and Water Conservation District
4142,380038N1211579W001,1651010,1989-03-29T00:00:00Z,65.19,64.69,0,106,-40.81,106,105.5,NA,Unknown,Water level accuracy is unknown,1,Department of Water Resources,NA,5022,San Joaquin County Flood Control and Water Conservation District
4142,380038N1211579W001,1651052,1988-10-14T00:00:00Z,65.19,64.69,0,110,-44.81,110,109.5,NA,Unknown,Water level accuracy is unknown,1,Department of Water Resources,NA,5022,San Joaquin County Flood Control and Water Conservation District
4142,380038N1211579W001,1651051,1988-03-15T00:00:00Z,65.19,64.69,0,105,-39.81,105,104.5,NA,Unknown,Water level accuracy is unknown,1,Department of Water Resources,NA,5022,San Joaquin County Flood Control and Water Conservation District
4142,380038N1211579W001,1651050,1987-10-30T00:00:00Z,65.19,64.69,0,107.5,-42.31,107.5,107,NA,Unknown,Water level accuracy is unknown,1,Department of Water Resources,NA,5022,San Joaquin County Flood Control and Water Conservation District
4142,380038N1211579W001,1651049,1987-04-15T00:00:00Z,65.19,64.69,0,91.5,-26.31,91.5,91,NA,Unknown,Water level accuracy is unknown,1,Department of Water Resources,NA,5022,San Joaquin County Flood Control and Water Conservation District
4142,380038N1211579W001,1651048,1986-10-22T00:00:00Z,65.19,64.69,0,90,-24.81,90,89.5,NA,Unknown,Water level accuracy is unknown,1,Department of Water Resources,NA,5022,San Joaquin County Flood Control and Water Conservation District
4142,380038N1211579W001,1651047,1986-04-16T00:00:00Z,65.19,64.69,0,88,-22.81,88,87.5,NA,Unknown,Water level accuracy is unknown,1,Department of Water Resources,NA,5022,San Joaquin County Flood Control and Water Conservation District
4142,380038N1211579W001,1651046,1985-10-11T00:00:00Z,65.19,64.69,0,90.5,-25.31,90.5,90,NA,Unknown,Water level accuracy is unknown,1,Department of Water Resources,NA,5022,San Joaquin County Flood Control and Water Conservation District
4142,380038N1211579W001,1651045,1985-04-02T00:00:00Z,65.19,64.69,0,88,-22.81,88,87.5,NA,Unknown,Water level accuracy is unknown,1,Department of Water Resources,NA,5022,San Joaquin County Flood Control and Water Conservation District
4142,380038N1211579W001,1651044,1984-12-04T00:00:00Z,65.19,64.69,0,88,-22.81,88,87.5,NA,Unknown,Water level accuracy is unknown,1,Department of Water Resources,NA,5022,San Joaquin County Flood Control and Water Conservation District
4142,380038N1211579W001,1651043,1984-04-11T00:00:00Z,65.19,64.69,0,86.5,-21.31,86.5,86,NA,Unknown,Water level accuracy is unknown,1,Department of Water Resources,NA,5022,San Joaquin County Flood Control and Water Conservation District
4142,380038N1211579W001,1651042,1983-12-07T00:00:00Z,65.19,64.69,0,90,-24.81,90,89.5,NA,Unknown,Water level accuracy is unknown,1,Department of Water Resources,NA,5022,San Joaquin County Flood Control and Water Conservation District
4142,380038N1211579W001,1651041,1983-04-12T00:00:00Z,65.19,64.69,0,97,-31.81,97,96.5,NA,Unknown,Water level accuracy is unknown,1,Department of Water Resources,NA,5022,San Joaquin County Flood Control and Water Conservation District
4142,380038N1211579W001,1651040,1982-10-12T00:00:00Z,65.19,64.69,NA,NA,NA,NA,NA,Pumping,NA,NA,1,Department of Water Resources,NA,5022,San Joaquin County Flood Control and Water Conservation District
4142,380038N1211579W001,1651039,1982-05-11T00:00:00Z,65.19,64.69,0,110,-44.81,110,109.5,NA,Unknown,Water level accuracy is unknown,1,Department of Water Resources,NA,5022,San Joaquin County Flood Control and Water Conservation District
4142,380038N1211579W001,1651038,1981-11-02T00:00:00Z,65.19,64.69,0,125.5,-60.31,125.5,125,NA,Unknown,Water level accuracy is unknown,1,Department of Water Resources,NA,5022,San Joaquin County Flood Control and Water Conservation District
4142,380038N1211579W001,1651037,1981-04-02T00:00:00Z,65.19,64.69,0,109,-43.81,109,108.5,NA,Unknown,Water level accuracy is unknown,1,Department of Water Resources,NA,5022,San Joaquin County Flood Control and Water Conservation District
4142,380038N1211579W001,1651036,1980-09-30T00:00:00Z,65.19,64.69,0,127,-61.81,127,126.5,NA,Unknown,Water level accuracy is unknown,1,Department of Water Resources,NA,5022,San Joaquin County Flood Control and Water Conservation District
4142,380038N1211579W001,1651035,1980-03-12T00:00:00Z,65.19,64.69,0,108,-42.81,108,107.5,NA,Unknown,Water level accuracy is unknown,1,Department of Water Resources,NA,5022,San Joaquin County Flood Control and Water Conservation District
4142,380038N1211579W001,1651034,1979-10-03T00:00:00Z,65.19,64.69,0,121,-55.81,121,120.5,NA,Unknown,Water level accuracy is unknown,1,Department of Water Resources,NA,5022,San Joaquin County Flood Control and Water Conservation District
4142,380038N1211579W001,1651033,1979-03-29T00:00:00Z,65.19,64.69,0,106.5,-41.31,106.5,106,NA,Unknown,Water level accuracy is unknown,1,Department of Water Resources,NA,5022,San Joaquin County Flood Control and Water Conservation District
4142,380038N1211579W001,1651032,1978-10-10T00:00:00Z,65.19,64.69,0,119.5,-54.31,119.5,119,NA,Unknown,Water level accuracy is unknown,1,Department of Water Resources,NA,5022,San Joaquin County Flood Control and Water Conservation District
4142,380038N1211579W001,1651031,1978-03-26T00:00:00Z,65.19,64.69,0,112,-46.81,112,111.5,NA,Unknown,Water level accuracy is unknown,1,Department of Water Resources,NA,5022,San Joaquin County Flood Control and Water Conservation District
4142,380038N1211579W001,1651030,1977-10-11T00:00:00Z,65.19,64.69,0,115.5,-50.31,115.5,115,NA,Unknown,Water level accuracy is unknown,1,Department of Water Resources,NA,5022,San Joaquin County Flood Control and Water Conservation District
4142,380038N1211579W001,1651029,1977-03-02T00:00:00Z,65.19,64.69,0,108.5,-43.31,108.5,108,NA,Unknown,Water level accuracy is unknown,1,Department of Water Resources,NA,5022,San Joaquin County Flood Control and Water Conservation District
4142,380038N1211579W001,1651028,1976-10-12T00:00:00Z,65.19,64.69,0,116,-50.81,116,115.5,NA,Unknown,Water level accuracy is unknown,1,Department of Water Resources,NA,5022,San Joaquin County Flood Control and Water Conservation District
4142,380038N1211579W001,1651027,1976-03-15T00:00:00Z,65.19,64.69,0,96.5,-31.31,96.5,96,NA,Unknown,Water level accuracy is unknown,1,Department of Water Resources,NA,5022,San Joaquin County Flood Control and Water Conservation District
4142,380038N1211579W001,1651026,1975-10-22T00:00:00Z,65.19,64.69,0,105,-39.81,105,104.5,NA,Unknown,Water level accuracy is unknown,1,Department of Water Resources,NA,5022,San Joaquin County Flood Control and Water Conservation District
4142,380038N1211579W001,1651025,1975-04-03T00:00:00Z,65.19,64.69,0,94,-28.81,94,93.5,NA,Unknown,Water level accuracy is unknown,1,Department of Water Resources,NA,5022,San Joaquin County Flood Control and Water Conservation District
4142,380038N1211579W001,1651024,1974-10-07T00:00:00Z,65.19,64.69,0,105,-39.81,105,104.5,NA,Unknown,Water level accuracy is unknown,1,Department of Water Resources,NA,5022,San Joaquin County Flood Control and Water Conservation District
4142,380038N1211579W001,1651023,1974-03-15T00:00:00Z,65.19,64.69,0,91.5,-26.31,91.5,91,NA,Unknown,Water level accuracy is unknown,1,Department of Water Resources,NA,5022,San Joaquin County Flood Control and Water Conservation District
4142,380038N1211579W001,1651022,1973-10-10T00:00:00Z,65.19,64.69,0,107.5,-42.31,107.5,107,NA,Unknown,Water level accuracy is unknown,1,Department of Water Resources,NA,5022,San Joaquin County Flood Control and Water Conservation District
4142,380038N1211579W001,1651021,1973-03-22T00:00:00Z,65.19,64.69,0,90.8,-25.61,90.8,90.3,NA,Unknown,Water level accuracy is unknown,1,Department of Water Resources,NA,5022,San Joaquin County Flood Control and Water Conservation District
4142,380038N1211579W001,1651020,1972-10-12T00:00:00Z,65.19,64.69,0,113,-47.81,113,112.5,NA,Unknown,Water level accuracy is unknown,1,Department of Water Resources,NA,5022,San Joaquin County Flood Control and Water Conservation District
4142,380038N1211579W001,1651019,1972-03-14T00:00:00Z,65.19,64.69,0,90.5,-25.31,90.5,90,NA,Unknown,Water level accuracy is unknown,1,Department of Water Resources,NA,5022,San Joaquin County Flood Control and Water Conservation District
4142,380038N1211579W001,1651018,1971-10-13T00:00:00Z,65.19,64.69,0,105,-39.81,105,104.5,NA,Unknown,Water level accuracy is unknown,1,Department of Water Resources,NA,5022,San Joaquin County Flood Control and Water Conservation District
4142,380038N1211579W001,1651017,1971-03-16T00:00:00Z,65.19,64.69,0,86,-20.81,86,85.5,NA,Unknown,Water level accuracy is unknown,1,Department of Water Resources,NA,5022,San Joaquin County Flood Control and Water Conservation District
4142,380038N1211579W001,1651016,1970-10-21T00:00:00Z,65.19,64.69,0,103,-37.81,103,102.5,NA,Unknown,Water level accuracy is unknown,1,Department of Water Resources,NA,5022,San Joaquin County Flood Control and Water Conservation District
4142,380038N1211579W001,1651015,1970-03-23T00:00:00Z,65.19,64.69,0,93,-27.81,93,92.5,NA,Unknown,Water level accuracy is unknown,1,Department of Water Resources,NA,5022,San Joaquin County Flood Control and Water Conservation District
4142,380038N1211579W001,1651014,1969-10-28T00:00:00Z,65.19,64.69,0,96,-30.81,96,95.5,NA,Unknown,Water level accuracy is unknown,1,Department of Water Resources,NA,5022,San Joaquin County Flood Control and Water Conservation District
4142,380038N1211579W001,1651013,1969-04-10T00:00:00Z,65.19,64.69,0,85,-19.81,85,84.5,NA,Unknown,Water level accuracy is unknown,1,Department of Water Resources,NA,5022,San Joaquin County Flood Control and Water Conservation District
