STN_ID,SITE_CODE,WLM_ID,MSMT_DATE,WLM_RPE,WLM_GSE,RDNG_WS,RDNG_RP,WSE,RPE_WSE,GSE_WSE,WLM_QA_DESC,WLM_DESC,WLM_ACC_DESC,WLM_ORG_ID,WLM_ORG_NAME,MSMT_CMT,COOP_AGENCY_ORG_ID,COOP_ORG_NAME
4156,379782N1212375W001,2661750,2020-03-17T12:00:00Z,35.04,32.04,0,44.8,-9.76,44.8,41.8,NA,Electric sounder measurement,Water level accuracy to nearest tenth of a foot,6604,County of San Joaquin GSA - Eastern San Joaquin 1,NA,5022,San Joaquin County Flood Control and Water Conservation District
4156,379782N1212375W001,2487163,2019-10-22T12:00:00Z,35.04,32.04,0,45.9,-10.86,45.9,42.9,NA,Electric sounder measurement,Water level accuracy to nearest tenth of a foot,5022,San Joaquin County Flood Control and Water Conservation District,NA,5022,San Joaquin County Flood Control and Water Conservation District
4156,379782N1212375W001,2464086,2019-04-02T12:00:00Z,35.04,32.04,0,38.2,-3.16,38.2,35.2,NA,Electric sounder measurement,Water level accuracy to nearest tenth of a foot,5022,San Joaquin County Flood Control and Water Conservation District,NA,5022,San Joaquin County Flood Control and Water Conservation District
4156,379782N1212375W001,2420908,2018-10-18T12:00:00Z,35.04,32.04,32,72,-4.96,40,37,NA,Steel tape measurement,Water level accuracy to nearest tenth of a foot,5022,San Joaquin County Flood Control and Water Conservation District,NA,5022,San Joaquin County Flood Control and Water Conservation District
4156,379782N1212375W001,2294557,2018-03-19T12:00:00Z,35.04,32.04,15,60,-9.96,45,42,NA,Steel tape measurement,Water level accuracy to nearest tenth of a foot,5022,San Joaquin County Flood Control and Water Conservation District,NA,5022,San Joaquin County Flood Control and Water Conservation District
4156,379782N1212375W001,2282968,2017-10-19T12:00:00Z,35.04,32.04,20,60,-4.96,40,37,NA,Steel tape measurement,Water level accuracy to nearest tenth of a foot,5022,San Joaquin County Flood Control and Water Conservation District,NA,5022,San Joaquin County Flood Control and Water Conservation District
4156,379782N1212375W001,2255547,2017-03-30T12:00:00Z,35.04,32.04,33.5,80,-11.46,46.5,43.5,NA,Steel tape measurement,Water level accuracy to nearest tenth of a foot,5022,San Joaquin County Flood Control and Water Conservation District,NA,5022,San Joaquin County Flood Control and Water Conservation District
4156,379782N1212375W001,2221159,2016-10-12T12:00:00Z,35.04,32.04,10,90,-44.96,80,77,NA,Steel tape measurement,Water level accuracy to nearest tenth of a foot,5022,San Joaquin County Flood Control and Water Conservation District,NA,5022,San Joaquin County Flood Control and Water Conservation District
4156,379782N1212375W001,2194585,2016-03-21T12:00:00Z,35.04,32.04,6,88,-46.96,82,79,NA,Steel tape measurement,Water level accuracy to nearest tenth of a foot,5022,San Joaquin County Flood Control and Water Conservation District,NA,5022,San Joaquin County Flood Control and Water Conservation District
4156,379782N1212375W001,2164987,2015-10-21T12:00:00Z,35.04,32.04,4,85,-45.96,81,78,NA,Steel tape measurement,Water level accuracy to nearest tenth of a foot,5022,San Joaquin County Flood Control and Water Conservation District,NA,5022,San Joaquin County Flood Control and Water Conservation District
4156,379782N1212375W001,1809648,2013-10-23T12:00:00Z,33,30,0,64.2,-31.2,64.2,61.2,NA,Electric sounder measurement,Water level accuracy to nearest foot,5022,San Joaquin County Flood Control and Water Conservation District,NA,5022,San Joaquin County Flood Control and Water Conservation District
4156,379782N1212375W001,1817434,2013-04-02T12:00:00Z,33,30,1,60,-26,59,56,NA,Electric sounder measurement,Water level accuracy to nearest foot,5022,San Joaquin County Flood Control and Water Conservation District,NA,5022,San Joaquin County Flood Control and Water Conservation District
4156,379782N1212375W001,89313,2012-11-09T12:00:00Z,33,30,11,70,-26,59,56,NA,Steel tape measurement,Water level accuracy to nearest tenth of a foot,5022,San Joaquin County Flood Control and Water Conservation District,NA,5022,San Joaquin County Flood Control and Water Conservation District
4156,379782N1212375W001,57173,2012-04-02T12:00:00Z,33,30,0,58.5,-25.5,58.5,55.5,NA,Electric sounder measurement,Water level accuracy to nearest tenth of a foot,5022,San Joaquin County Flood Control and Water Conservation District,NA,5022,San Joaquin County Flood Control and Water Conservation District
4156,379782N1212375W001,30984,2011-11-15T00:00:00Z,33,30,1.5,60,-25.5,58.5,55.5,NA,Steel tape measurement,Water level accuracy to nearest tenth of a foot,5022,San Joaquin County Flood Control and Water Conservation District,NA,5022,San Joaquin County Flood Control and Water Conservation District
4156,379782N1212375W001,1651946,2010-03-22T00:00:00Z,35.04,32.04,0,73,-37.96,73,70,NA,Unknown,Water level accuracy is unknown,1,Department of Water Resources,NA,5022,San Joaquin County Flood Control and Water Conservation District
4156,379782N1212375W001,1651948,2009-10-26T00:00:00Z,35.04,32.04,0,72,-36.96,72,69,NA,Unknown,Water level accuracy is unknown,1,Department of Water Resources,NA,5022,San Joaquin County Flood Control and Water Conservation District
4156,379782N1212375W001,1651945,2009-04-02T00:00:00Z,35.04,32.04,0,67.5,-32.46,67.5,64.5,NA,Unknown,Water level accuracy is unknown,1,Department of Water Resources,NA,5022,San Joaquin County Flood Control and Water Conservation District
4156,379782N1212375W001,1651947,2008-11-04T00:00:00Z,35.04,32.04,0,66.5,-31.46,66.5,63.5,NA,Unknown,Water level accuracy is unknown,1,Department of Water Resources,NA,5022,San Joaquin County Flood Control and Water Conservation District
4156,379782N1212375W001,1651944,2008-03-18T00:00:00Z,35.04,32.04,0,61,-25.96,61,58,NA,Unknown,Water level accuracy is unknown,1,Department of Water Resources,NA,5022,San Joaquin County Flood Control and Water Conservation District
4156,379782N1212375W001,1651943,2007-10-24T00:00:00Z,35.04,32.04,0,58,-22.96,58,55,NA,Unknown,Water level accuracy is unknown,1,Department of Water Resources,NA,5022,San Joaquin County Flood Control and Water Conservation District
4156,379782N1212375W001,1651942,2003-03-14T00:00:00Z,35.04,32.04,0,65,-29.96,65,62,NA,Unknown,Water level accuracy is unknown,1,Department of Water Resources,NA,5022,San Joaquin County Flood Control and Water Conservation District
4156,379782N1212375W001,1651940,2002-10-21T00:00:00Z,35.04,32.04,0,67.5,-32.46,67.5,64.5,NA,Unknown,Water level accuracy is unknown,1,Department of Water Resources,NA,5022,San Joaquin County Flood Control and Water Conservation District
4156,379782N1212375W001,1651941,2002-03-26T00:00:00Z,35.04,32.04,0,59,-23.96,59,56,NA,Unknown,Water level accuracy is unknown,1,Department of Water Resources,NA,5022,San Joaquin County Flood Control and Water Conservation District
4156,379782N1212375W001,1651939,2001-10-18T00:00:00Z,35.04,32.04,0,63.5,-28.46,63.5,60.5,NA,Unknown,Water level accuracy is unknown,1,Department of Water Resources,NA,5022,San Joaquin County Flood Control and Water Conservation District
4156,379782N1212375W001,1651938,2001-03-12T00:00:00Z,35.04,32.04,0,54.5,-19.46,54.5,51.5,NA,Unknown,Water level accuracy is unknown,1,Department of Water Resources,NA,5022,San Joaquin County Flood Control and Water Conservation District
4156,379782N1212375W001,1651937,2000-10-16T00:00:00Z,35.04,32.04,0,56,-20.96,56,53,NA,Unknown,Water level accuracy is unknown,1,Department of Water Resources,NA,5022,San Joaquin County Flood Control and Water Conservation District
4156,379782N1212375W001,1651933,2000-03-27T00:00:00Z,35.04,32.04,0,45,-9.96,45,42,NA,Unknown,Water level accuracy is unknown,1,Department of Water Resources,NA,5022,San Joaquin County Flood Control and Water Conservation District
4156,379782N1212375W001,1651936,1997-10-14T00:00:00Z,35.04,32.04,0,65,-29.96,65,62,NA,Unknown,Water level accuracy is unknown,1,Department of Water Resources,NA,5022,San Joaquin County Flood Control and Water Conservation District
4156,379782N1212375W001,1651935,1997-03-12T00:00:00Z,35.04,32.04,0,56.5,-21.46,56.5,53.5,NA,Unknown,Water level accuracy is unknown,1,Department of Water Resources,NA,5022,San Joaquin County Flood Control and Water Conservation District
4156,379782N1212375W001,1651934,1996-10-16T00:00:00Z,35.04,32.04,0,68,-32.96,68,65,NA,Unknown,Water level accuracy is unknown,1,Department of Water Resources,NA,5022,San Joaquin County Flood Control and Water Conservation District
4156,379782N1212375W001,1651932,1996-03-08T00:00:00Z,35.04,32.04,0,57,-21.96,57,54,NA,Unknown,Water level accuracy is unknown,1,Department of Water Resources,NA,5022,San Joaquin County Flood Control and Water Conservation District
4156,379782N1212375W001,1651931,1995-10-13T00:00:00Z,35.04,32.04,0,84,-48.96,84,81,NA,Unknown,Water level accuracy is unknown,1,Department of Water Resources,NA,5022,San Joaquin County Flood Control and Water Conservation District
4156,379782N1212375W001,1651930,1995-03-28T00:00:00Z,35.04,32.04,0,60,-24.96,60,57,NA,Unknown,Water level accuracy is unknown,1,Department of Water Resources,NA,5022,San Joaquin County Flood Control and Water Conservation District
4156,379782N1212375W001,1651929,1994-10-19T00:00:00Z,35.04,32.04,0,79,-43.96,79,76,NA,Unknown,Water level accuracy is unknown,1,Department of Water Resources,NA,5022,San Joaquin County Flood Control and Water Conservation District
4156,379782N1212375W001,1651928,1994-03-14T00:00:00Z,35.04,32.04,0,77,-41.96,77,74,NA,Unknown,Water level accuracy is unknown,1,Department of Water Resources,NA,5022,San Joaquin County Flood Control and Water Conservation District
4156,379782N1212375W001,1651927,1993-10-14T00:00:00Z,35.04,32.04,0,77.5,-42.46,77.5,74.5,NA,Unknown,Water level accuracy is unknown,1,Department of Water Resources,NA,5022,San Joaquin County Flood Control and Water Conservation District
4156,379782N1212375W001,1651926,1993-04-01T00:00:00Z,35.04,32.04,0,85,-49.96,85,82,NA,Unknown,Water level accuracy is unknown,1,Department of Water Resources,NA,5022,San Joaquin County Flood Control and Water Conservation District
4156,379782N1212375W001,1651885,1992-10-19T00:00:00Z,35.04,32.04,0,92,-56.96,92,89,NA,Unknown,Water level accuracy is unknown,1,Department of Water Resources,NA,5022,San Joaquin County Flood Control and Water Conservation District
4156,379782N1212375W001,1651884,1992-03-23T00:00:00Z,35.04,32.04,0,90,-54.96,90,87,NA,Unknown,Water level accuracy is unknown,1,Department of Water Resources,NA,5022,San Joaquin County Flood Control and Water Conservation District
4156,379782N1212375W001,1651880,1991-10-28T00:00:00Z,35.04,32.04,0,96,-60.96,96,93,NA,Unknown,Water level accuracy is unknown,1,Department of Water Resources,NA,5022,San Joaquin County Flood Control and Water Conservation District
4156,379782N1212375W001,1651881,1991-04-01T00:00:00Z,35.04,32.04,0,93,-57.96,93,90,NA,Unknown,Water level accuracy is unknown,1,Department of Water Resources,NA,5022,San Joaquin County Flood Control and Water Conservation District
4156,379782N1212375W001,1651879,1990-10-18T00:00:00Z,35.04,32.04,0,98,-62.96,98,95,NA,Unknown,Water level accuracy is unknown,1,Department of Water Resources,NA,5022,San Joaquin County Flood Control and Water Conservation District
4156,379782N1212375W001,1651878,1990-03-22T00:00:00Z,35.04,32.04,0,76,-40.96,76,73,NA,Unknown,Water level accuracy is unknown,1,Department of Water Resources,NA,5022,San Joaquin County Flood Control and Water Conservation District
4156,379782N1212375W001,1651882,1989-10-13T00:00:00Z,35.04,32.04,0,75,-39.96,75,72,NA,Unknown,Water level accuracy is unknown,1,Department of Water Resources,NA,5022,San Joaquin County Flood Control and Water Conservation District
4156,379782N1212375W001,1651883,1989-03-29T00:00:00Z,35.04,32.04,0,64,-28.96,64,61,NA,Unknown,Water level accuracy is unknown,1,Department of Water Resources,NA,5022,San Joaquin County Flood Control and Water Conservation District
4156,379782N1212375W001,1651925,1988-10-14T00:00:00Z,35.04,32.04,0,63,-27.96,63,60,NA,Unknown,Water level accuracy is unknown,1,Department of Water Resources,NA,5022,San Joaquin County Flood Control and Water Conservation District
4156,379782N1212375W001,1651924,1988-03-15T00:00:00Z,35.04,32.04,0,55,-19.96,55,52,NA,Unknown,Water level accuracy is unknown,1,Department of Water Resources,NA,5022,San Joaquin County Flood Control and Water Conservation District
4156,379782N1212375W001,1651923,1987-10-30T00:00:00Z,35.04,32.04,0,54,-18.96,54,51,NA,Unknown,Water level accuracy is unknown,1,Department of Water Resources,NA,5022,San Joaquin County Flood Control and Water Conservation District
4156,379782N1212375W001,1651922,1987-04-15T00:00:00Z,35.04,32.04,0,44,-8.96,44,41,NA,Unknown,Water level accuracy is unknown,1,Department of Water Resources,NA,5022,San Joaquin County Flood Control and Water Conservation District
4156,379782N1212375W001,1651921,1986-10-22T00:00:00Z,35.04,32.04,0,46,-10.96,46,43,NA,Unknown,Water level accuracy is unknown,1,Department of Water Resources,NA,5022,San Joaquin County Flood Control and Water Conservation District
4156,379782N1212375W001,1651920,1986-04-16T00:00:00Z,35.04,32.04,0,44,-8.96,44,41,NA,Unknown,Water level accuracy is unknown,1,Department of Water Resources,NA,5022,San Joaquin County Flood Control and Water Conservation District
4156,379782N1212375W001,1651919,1985-10-11T00:00:00Z,35.04,32.04,0,45,-9.96,45,42,NA,Unknown,Water level accuracy is unknown,1,Department of Water Resources,NA,5022,San Joaquin County Flood Control and Water Conservation District
4156,379782N1212375W001,1651918,1985-04-02T00:00:00Z,35.04,32.04,0,47,-11.96,47,44,NA,Unknown,Water level accuracy is unknown,1,Department of Water Resources,NA,5022,San Joaquin County Flood Control and Water Conservation District
4156,379782N1212375W001,1651917,1984-12-04T00:00:00Z,35.04,32.04,0,46,-10.96,46,43,NA,Unknown,Water level accuracy is unknown,1,Department of Water Resources,NA,5022,San Joaquin County Flood Control and Water Conservation District
4156,379782N1212375W001,1651916,1984-04-11T00:00:00Z,35.04,32.04,0,44,-8.96,44,41,NA,Unknown,Water level accuracy is unknown,1,Department of Water Resources,NA,5022,San Joaquin County Flood Control and Water Conservation District
4156,379782N1212375W001,1651915,1983-12-07T00:00:00Z,35.04,32.04,0,42,-6.96,42,39,NA,Unknown,Water level accuracy is unknown,1,Department of Water Resources,NA,5022,San Joaquin County Flood Control and Water Conservation District
4156,379782N1212375W001,1651914,1983-04-11T00:00:00Z,35.04,32.04,0,46,-10.96,46,43,NA,Unknown,Water level accuracy is unknown,1,Department of Water Resources,NA,5022,San Joaquin County Flood Control and Water Conservation District
4156,379782N1212375W001,1651913,1982-10-12T00:00:00Z,35.04,32.04,0,60.5,-25.46,60.5,57.5,NA,Unknown,Water level accuracy is unknown,1,Department of Water Resources,NA,5022,San Joaquin County Flood Control and Water Conservation District
4156,379782N1212375W001,1651912,1982-05-11T00:00:00Z,35.04,32.04,0,64.5,-29.46,64.5,61.5,NA,Unknown,Water level accuracy is unknown,1,Department of Water Resources,NA,5022,San Joaquin County Flood Control and Water Conservation District
4156,379782N1212375W001,1651911,1981-11-02T00:00:00Z,35.04,32.04,0,70,-34.96,70,67,NA,Unknown,Water level accuracy is unknown,1,Department of Water Resources,NA,5022,San Joaquin County Flood Control and Water Conservation District
4156,379782N1212375W001,1651910,1981-03-26T00:00:00Z,35.04,32.04,0,75.5,-40.46,75.5,72.5,NA,Unknown,Water level accuracy is unknown,1,Department of Water Resources,NA,5022,San Joaquin County Flood Control and Water Conservation District
4156,379782N1212375W001,1651909,1980-10-01T00:00:00Z,35.04,32.04,0,76,-40.96,76,73,NA,Unknown,Water level accuracy is unknown,1,Department of Water Resources,NA,5022,San Joaquin County Flood Control and Water Conservation District
4156,379782N1212375W001,1651908,1980-03-12T00:00:00Z,35.04,32.04,0,70,-34.96,70,67,NA,Unknown,Water level accuracy is unknown,1,Department of Water Resources,NA,5022,San Joaquin County Flood Control and Water Conservation District
4156,379782N1212375W001,1651907,1979-10-05T00:00:00Z,35.04,32.04,0,78,-42.96,78,75,NA,Unknown,Water level accuracy is unknown,1,Department of Water Resources,NA,5022,San Joaquin County Flood Control and Water Conservation District
4156,379782N1212375W001,1651906,1979-03-26T00:00:00Z,35.04,32.04,0,77,-41.96,77,74,NA,Unknown,Water level accuracy is unknown,1,Department of Water Resources,NA,5022,San Joaquin County Flood Control and Water Conservation District
4156,379782N1212375W001,1651905,1978-10-10T00:00:00Z,35.04,32.04,0,84,-48.96,84,81,NA,Unknown,Water level accuracy is unknown,1,Department of Water Resources,NA,5022,San Joaquin County Flood Control and Water Conservation District
4156,379782N1212375W001,1651904,1978-03-28T00:00:00Z,35.04,32.04,0,86.5,-51.46,86.5,83.5,NA,Unknown,Water level accuracy is unknown,1,Department of Water Resources,NA,5022,San Joaquin County Flood Control and Water Conservation District
4156,379782N1212375W001,1651903,1977-10-11T00:00:00Z,35.04,32.04,0,96,-60.96,96,93,NA,Unknown,Water level accuracy is unknown,1,Department of Water Resources,NA,5022,San Joaquin County Flood Control and Water Conservation District
4156,379782N1212375W001,1651902,1977-03-02T00:00:00Z,35.04,32.04,0,84.5,-49.46,84.5,81.5,NA,Unknown,Water level accuracy is unknown,1,Department of Water Resources,NA,5022,San Joaquin County Flood Control and Water Conservation District
4156,379782N1212375W001,1651901,1976-10-12T00:00:00Z,35.04,32.04,0,82.5,-47.46,82.5,79.5,NA,Unknown,Water level accuracy is unknown,1,Department of Water Resources,NA,5022,San Joaquin County Flood Control and Water Conservation District
4156,379782N1212375W001,1651900,1976-03-15T00:00:00Z,35.04,32.04,0,79.5,-44.46,79.5,76.5,NA,Unknown,Water level accuracy is unknown,1,Department of Water Resources,NA,5022,San Joaquin County Flood Control and Water Conservation District
4156,379782N1212375W001,1651899,1975-10-22T00:00:00Z,35.04,32.04,0,78,-42.96,78,75,NA,Unknown,Water level accuracy is unknown,1,Department of Water Resources,NA,5022,San Joaquin County Flood Control and Water Conservation District
4156,379782N1212375W001,1651898,1975-04-02T00:00:00Z,35.04,32.04,0,69,-33.96,69,66,NA,Unknown,Water level accuracy is unknown,1,Department of Water Resources,NA,5022,San Joaquin County Flood Control and Water Conservation District
4156,379782N1212375W001,1651897,1974-10-07T00:00:00Z,35.04,32.04,0,74,-38.96,74,71,NA,Unknown,Water level accuracy is unknown,1,Department of Water Resources,NA,5022,San Joaquin County Flood Control and Water Conservation District
4156,379782N1212375W001,1651896,1974-03-15T00:00:00Z,35.04,32.04,0,75,-39.96,75,72,NA,Unknown,Water level accuracy is unknown,1,Department of Water Resources,NA,5022,San Joaquin County Flood Control and Water Conservation District
4156,379782N1212375W001,1651895,1973-10-11T00:00:00Z,35.04,32.04,0,73,-37.96,73,70,NA,Unknown,Water level accuracy is unknown,1,Department of Water Resources,NA,5022,San Joaquin County Flood Control and Water Conservation District
4156,379782N1212375W001,1651894,1973-03-23T00:00:00Z,35.04,32.04,0,72.5,-37.46,72.5,69.5,NA,Unknown,Water level accuracy is unknown,1,Department of Water Resources,NA,5022,San Joaquin County Flood Control and Water Conservation District
4156,379782N1212375W001,1651893,1972-10-12T00:00:00Z,35.04,32.04,0,73,-37.96,73,70,NA,Unknown,Water level accuracy is unknown,1,Department of Water Resources,NA,5022,San Joaquin County Flood Control and Water Conservation District
4156,379782N1212375W001,1651892,1972-03-14T00:00:00Z,35.04,32.04,0,71,-35.96,71,68,NA,Unknown,Water level accuracy is unknown,1,Department of Water Resources,NA,5022,San Joaquin County Flood Control and Water Conservation District
4156,379782N1212375W001,1651891,1971-10-15T00:00:00Z,35.04,32.04,0,66,-30.96,66,63,NA,Unknown,Water level accuracy is unknown,1,Department of Water Resources,NA,5022,San Joaquin County Flood Control and Water Conservation District
4156,379782N1212375W001,1651890,1971-03-15T00:00:00Z,35.04,32.04,0,68,-32.96,68,65,NA,Unknown,Water level accuracy is unknown,1,Department of Water Resources,NA,5022,San Joaquin County Flood Control and Water Conservation District
4156,379782N1212375W001,1651889,1970-10-21T00:00:00Z,35.04,32.04,0,70,-34.96,70,67,NA,Unknown,Water level accuracy is unknown,1,Department of Water Resources,NA,5022,San Joaquin County Flood Control and Water Conservation District
4156,379782N1212375W001,1651888,1970-03-24T00:00:00Z,35.04,32.04,0,71.5,-36.46,71.5,68.5,NA,Unknown,Water level accuracy is unknown,1,Department of Water Resources,NA,5022,San Joaquin County Flood Control and Water Conservation District
4156,379782N1212375W001,1651887,1969-10-22T00:00:00Z,35.04,32.04,0,70,-34.96,70,67,NA,Unknown,Water level accuracy is unknown,1,Department of Water Resources,NA,5022,San Joaquin County Flood Control and Water Conservation District
4156,379782N1212375W001,1651886,1969-04-10T00:00:00Z,35.04,32.04,0,69,-33.96,69,66,NA,Unknown,Water level accuracy is unknown,1,Department of Water Resources,NA,5022,San Joaquin County Flood Control and Water Conservation District
