STN_ID,SITE_CODE,WLM_ID,MSMT_DATE,WLM_RPE,WLM_GSE,RDNG_WS,RDNG_RP,WSE,RPE_WSE,GSE_WSE,WLM_QA_DESC,WLM_DESC,WLM_ACC_DESC,WLM_ORG_ID,WLM_ORG_NAME,MSMT_CMT,COOP_AGENCY_ORG_ID,COOP_ORG_NAME
46226,369813N1213787W001,2660202,2020-06-30T09:15:00Z,258,257.5,0,37.2,220.8,37.2,36.7,NA,Steel tape measurement,Water level accuracy to nearest hundredth of a foot,5078,San Benito County Water District,NA,5078,San Benito County Water District
46226,369813N1213787W001,2620788,2020-04-06T13:25:00Z,258,257.5,0,26.03,231.97,26.03,25.53,NA,Steel tape measurement,Water level accuracy to nearest hundredth of a foot,5078,San Benito County Water District,NA,5078,San Benito County Water District
46226,369813N1213787W001,2536655,2020-01-02T08:30:00Z,258,257.5,0,28.3,229.7,28.3,27.8,NA,Steel tape measurement,Water level accuracy to nearest hundredth of a foot,5078,San Benito County Water District,NA,5078,San Benito County Water District
46226,369813N1213787W001,2481139,2019-10-04T08:45:00Z,258,257.5,0,30.69,227.31,30.69,30.19,NA,Steel tape measurement,Water level accuracy to nearest hundredth of a foot,5078,San Benito County Water District,NA,5078,San Benito County Water District
46226,369813N1213787W001,2474261,2019-07-09T14:50:00Z,258,257.5,0,29.67,228.33,29.67,29.17,NA,Steel tape measurement,Water level accuracy to nearest hundredth of a foot,5078,San Benito County Water District,NA,5078,San Benito County Water District
46226,369813N1213787W001,2467982,2019-04-04T15:00:00Z,258,257.5,0,24.23,233.77,24.23,23.73,NA,Steel tape measurement,Water level accuracy to nearest hundredth of a foot,5078,San Benito County Water District,NA,5078,San Benito County Water District
46226,369813N1213787W001,2450008,2019-01-02T14:30:00Z,258,257.5,0,40.75,217.25,40.75,40.25,NA,Steel tape measurement,Water level accuracy to nearest hundredth of a foot,5078,San Benito County Water District,NA,5078,San Benito County Water District
46226,369813N1213787W001,2413723,2018-10-16T11:05:00Z,258,257.5,0,67.93,190.07,67.93,67.43,Pumping,Steel tape measurement,Water level accuracy to nearest hundredth of a foot,5078,San Benito County Water District,NA,5078,San Benito County Water District
46226,369813N1213787W001,2308541,2018-07-02T09:45:00Z,258,257.5,0,38.49,219.51,38.49,37.99,NA,Steel tape measurement,Water level accuracy to nearest hundredth of a foot,5078,San Benito County Water District,NA,5078,San Benito County Water District
46226,369813N1213787W001,2298307,2018-04-03T08:55:00Z,258,257.5,0,27.93,230.07,27.93,27.43,NA,Steel tape measurement,Water level accuracy to nearest hundredth of a foot,5078,San Benito County Water District,NA,5078,San Benito County Water District
46226,369813N1213787W001,2284216,2018-01-02T09:05:00Z,258,257.5,0,29.65,228.35,29.65,29.15,NA,Steel tape measurement,Water level accuracy to nearest hundredth of a foot,5078,San Benito County Water District,NA,5078,San Benito County Water District
46226,369813N1213787W001,2267281,2017-10-10T06:47:00Z,258,257.5,0,28.74,229.26,28.74,28.24,NA,Steel tape measurement,Water level accuracy to nearest hundredth of a foot,5078,San Benito County Water District,NA,5078,San Benito County Water District
46226,369813N1213787W001,2260041,2017-07-12T06:30:00Z,258,257.5,0,29.04,228.96,29.04,28.54,NA,Steel tape measurement,Water level accuracy to nearest hundredth of a foot,5078,San Benito County Water District,NA,5078,San Benito County Water District
46226,369813N1213787W001,2250964,2017-04-24T11:25:00Z,258,257.5,0,24.77,233.23,24.77,24.27,NA,Steel tape measurement,Water level accuracy to nearest hundredth of a foot,5078,San Benito County Water District,NA,5078,San Benito County Water District
46226,369813N1213787W001,2234254,2017-01-20T10:35:00Z,258,257.5,0,22.32,235.68,22.32,21.82,NA,Steel tape measurement,Water level accuracy to nearest hundredth of a foot,5078,San Benito County Water District,NA,5078,San Benito County Water District
46226,369813N1213787W001,2215940,2016-10-24T09:45:00Z,258,257.5,0,36.45,221.55,36.45,35.95,NA,Steel tape measurement,Water level accuracy to nearest hundredth of a foot,5078,San Benito County Water District,NA,5078,San Benito County Water District
46226,369813N1213787W001,2206138,2016-06-30T10:20:00Z,258,257.5,0,38.58,219.42,38.58,38.08,NA,Steel tape measurement,Water level accuracy to nearest hundredth of a foot,5078,San Benito County Water District,NA,5078,San Benito County Water District
46226,369813N1213787W001,2196349,2016-04-27T08:46:00Z,258,257.5,0,44.37,213.63,44.37,43.87,NA,Steel tape measurement,Water level accuracy to nearest hundredth of a foot,5078,San Benito County Water District,NA,5078,San Benito County Water District
46226,369813N1213787W001,2182931,2016-01-14T09:02:00Z,258,257.5,0,45.23,212.77,45.23,44.73,NA,Steel tape measurement,Water level accuracy to nearest hundredth of a foot,5078,San Benito County Water District,NA,5078,San Benito County Water District
46226,369813N1213787W001,2158161,2015-10-20T13:26:00Z,258,257.5,0,48.49,209.51,48.49,47.99,NA,Steel tape measurement,Water level accuracy to nearest hundredth of a foot,5078,San Benito County Water District,NA,5078,San Benito County Water District
46226,369813N1213787W001,2145997,2015-07-15T09:03:00Z,258,257.5,0,46.38,211.62,46.38,45.88,NA,Steel tape measurement,Water level accuracy to nearest hundredth of a foot,5078,San Benito County Water District,NA,5078,San Benito County Water District
46226,369813N1213787W001,2138234,2015-04-16T08:39:00Z,258,257.5,0,44.29,213.71,44.29,43.79,NA,Steel tape measurement,Water level accuracy to nearest hundredth of a foot,5078,San Benito County Water District,NA,5078,San Benito County Water District
46226,369813N1213787W001,2113465,2015-01-26T08:24:00Z,258,257.5,0,43.81,214.19,43.81,43.31,NA,Steel tape measurement,Water level accuracy to nearest hundredth of a foot,5078,San Benito County Water District,NA,5078,San Benito County Water District
46226,369813N1213787W001,2029576,2014-10-08T08:56:00Z,258,257.5,0,52.43,205.57,52.43,51.93,NA,Steel tape measurement,Water level accuracy to nearest hundredth of a foot,5078,San Benito County Water District,NA,5078,San Benito County Water District
46226,369813N1213787W001,2002207,2014-07-21T08:17:00Z,258,257.5,0,44.96,213.04,44.96,44.46,NA,Steel tape measurement,Water level accuracy to nearest hundredth of a foot,5078,San Benito County Water District,NA,5078,San Benito County Water District
46226,369813N1213787W001,2002206,2014-04-01T08:24:00Z,258,257.5,0,43.24,214.76,43.24,42.74,NA,Steel tape measurement,Water level accuracy to nearest hundredth of a foot,5078,San Benito County Water District,NA,5078,San Benito County Water District
46226,369813N1213787W001,1865392,2014-01-15T13:12:00Z,258,257.5,0,34.79,223.21,34.79,34.29,NA,Steel tape measurement,Water level accuracy to nearest hundredth of a foot,5078,San Benito County Water District,NA,5078,San Benito County Water District
46226,369813N1213787W001,1796469,2013-10-08T08:43:00Z,258,257.5,0,34.32,223.68,34.32,33.82,NA,Steel tape measurement,Water level accuracy to nearest hundredth of a foot,5078,San Benito County Water District,NA,5078,San Benito County Water District
46226,369813N1213787W001,1737349,2013-06-25T13:27:00Z,258,257.5,0,46.52,211.48,46.52,46.02,NA,Steel tape measurement,Water level accuracy to nearest hundredth of a foot,5078,San Benito County Water District,NA,5078,San Benito County Water District
46226,369813N1213787W001,1713014,2013-05-02T10:58:00Z,258,257.5,0,36.32,221.68,36.32,35.82,NA,Steel tape measurement,Water level accuracy to nearest hundredth of a foot,5078,San Benito County Water District,NA,5078,San Benito County Water District
46226,369813N1213787W001,94083,2013-01-03T09:21:00Z,258,257.5,0,34.95,223.05,34.95,34.45,NA,Steel tape measurement,Water level accuracy to nearest hundredth of a foot,5078,San Benito County Water District,NA,5078,San Benito County Water District
46226,369813N1213787W001,69114,2012-10-03T09:21:00Z,258,257.5,0,43.45,214.55,43.45,42.95,NA,Steel tape measurement,Water level accuracy to nearest hundredth of a foot,5078,San Benito County Water District,NA,5078,San Benito County Water District
46226,369813N1213787W001,63672,2012-07-10T08:17:00Z,258,257.5,0,42.46,215.54,42.46,41.96,NA,Steel tape measurement,Water level accuracy to nearest hundredth of a foot,5078,San Benito County Water District,NA,5078,San Benito County Water District
46226,369813N1213787W001,55590,2012-04-23T08:27:00Z,258,257.5,0,40.38,217.62,40.38,39.88,NA,Steel tape measurement,Water level accuracy to nearest hundredth of a foot,5078,San Benito County Water District,NA,5078,San Benito County Water District
46226,369813N1213787W001,53685,2012-01-24T09:33:00Z,258,257.5,0,41.36,216.64,41.36,40.86,NA,Steel tape measurement,Water level accuracy to nearest hundredth of a foot,5078,San Benito County Water District,NA,5078,San Benito County Water District
46226,369813N1213787W001,17227,2011-10-18T08:21:00Z,258,257.5,0,33.68,224.32,33.68,33.18,NA,Steel tape measurement,Water level accuracy to nearest hundredth of a foot,5078,San Benito County Water District,NA,5078,San Benito County Water District
