STN_ID,SITE_CODE,WLM_ID,MSMT_DATE,WLM_RPE,WLM_GSE,RDNG_WS,RDNG_RP,WSE,RPE_WSE,GSE_WSE,WLM_QA_DESC,WLM_DESC,WLM_ACC_DESC,WLM_ORG_ID,WLM_ORG_NAME,MSMT_CMT,COOP_AGENCY_ORG_ID,COOP_ORG_NAME
46232,369405N1213868W001,2660208,2020-06-30T00:00:00Z,208,207,0,27.4,180.6,27.4,26.4,NA,Electric sounder measurement,Water level accuracy to nearest hundredth of a foot,5078,San Benito County Water District,NA,5078,San Benito County Water District
46232,369405N1213868W001,2620794,2020-04-06T14:20:00Z,208,207,0,22.25,185.75,22.25,21.25,NA,Electric sounder measurement,Water level accuracy to nearest hundredth of a foot,5078,San Benito County Water District,NA,5078,San Benito County Water District
46232,369405N1213868W001,2536661,2020-01-14T13:00:00Z,208,207,0,22.72,185.28,22.72,21.72,NA,Electric sounder measurement,Water level accuracy to nearest hundredth of a foot,5078,San Benito County Water District,NA,5078,San Benito County Water District
46232,369405N1213868W001,2481145,2019-10-04T00:00:00Z,208,207,0,19.04,188.96,19.04,18.04,NA,Electric sounder measurement,Water level accuracy to nearest hundredth of a foot,5078,San Benito County Water District,NA,5078,San Benito County Water District
46232,369405N1213868W001,2474267,2019-07-10T00:00:00Z,208,207,0,24.51,183.49,24.51,23.51,NA,Electric sounder measurement,Water level accuracy to nearest hundredth of a foot,5078,San Benito County Water District,NA,5078,San Benito County Water District
46232,369405N1213868W001,2467989,2019-04-05T00:00:00Z,208,207,0,22.03,185.97,22.03,21.03,NA,Electric sounder measurement,Water level accuracy to nearest hundredth of a foot,5078,San Benito County Water District,NA,5078,San Benito County Water District
46232,369405N1213868W001,2450112,2019-01-02T15:10:00Z,208,207,0,26.91,181.09,26.91,25.91,NA,Electric sounder measurement,Water level accuracy to nearest hundredth of a foot,5078,San Benito County Water District,NA,5078,San Benito County Water District
46232,369405N1213868W001,2413729,2018-10-16T09:15:00Z,208,207,0,30.51,177.49,30.51,29.51,NA,Electric sounder measurement,Water level accuracy to nearest hundredth of a foot,5078,San Benito County Water District,NA,5078,San Benito County Water District
46232,369405N1213868W001,2308547,2018-07-02T11:20:00Z,208,207,0,28.38,179.62,28.38,27.38,NA,Electric sounder measurement,Water level accuracy to nearest hundredth of a foot,5078,San Benito County Water District,NA,5078,San Benito County Water District
46232,369405N1213868W001,2298313,2018-04-05T11:25:00Z,208,207,0,24.14,183.86,24.14,23.14,NA,Electric sounder measurement,Water level accuracy to nearest hundredth of a foot,5078,San Benito County Water District,NA,5078,San Benito County Water District
46232,369405N1213868W001,2284222,2018-01-02T10:00:00Z,208,207,0,26.12,181.88,26.12,25.12,NA,Electric sounder measurement,Water level accuracy to nearest hundredth of a foot,5078,San Benito County Water District,NA,5078,San Benito County Water District
46232,369405N1213868W001,2267287,2017-10-10T05:47:00Z,208,207,0,27.58,180.42,27.58,26.58,NA,Electric sounder measurement,Water level accuracy to nearest hundredth of a foot,5078,San Benito County Water District,NA,5078,San Benito County Water District
46232,369405N1213868W001,2260047,2017-07-12T07:12:00Z,208,207,0,26.93,181.07,26.93,25.93,NA,Electric sounder measurement,Water level accuracy to nearest hundredth of a foot,5078,San Benito County Water District,NA,5078,San Benito County Water District
46232,369405N1213868W001,2250968,2017-04-24T13:05:00Z,208,207,0,22.75,185.25,22.75,21.75,NA,Electric sounder measurement,Water level accuracy to nearest hundredth of a foot,5078,San Benito County Water District,NA,5078,San Benito County Water District
46232,369405N1213868W001,2234260,2017-01-20T11:15:00Z,208,207,0,28.43,179.57,28.43,27.43,NA,Electric sounder measurement,Water level accuracy to nearest hundredth of a foot,5078,San Benito County Water District,NA,5078,San Benito County Water District
46232,369405N1213868W001,2215946,2016-10-24T10:05:00Z,208,207,0,38.43,169.57,38.43,37.43,NA,Electric sounder measurement,Water level accuracy to nearest hundredth of a foot,5078,San Benito County Water District,NA,5078,San Benito County Water District
46232,369405N1213868W001,2206166,2016-06-30T13:15:00Z,208,207,0,37.97,170.03,37.97,36.97,NA,Electric sounder measurement,Water level accuracy to nearest hundredth of a foot,5078,San Benito County Water District,NA,5078,San Benito County Water District
46232,369405N1213868W001,2196355,2016-04-27T14:02:00Z,208,207,0,37.89,170.11,37.89,36.89,NA,Electric sounder measurement,Water level accuracy to nearest hundredth of a foot,5078,San Benito County Water District,NA,5078,San Benito County Water District
46232,369405N1213868W001,2182937,2016-01-14T10:27:00Z,208,207,0,38.76,169.24,38.76,37.76,NA,Electric sounder measurement,Water level accuracy to nearest hundredth of a foot,5078,San Benito County Water District,NA,5078,San Benito County Water District
46232,369405N1213868W001,2158167,2015-10-20T15:07:00Z,208,207,0,41.23,166.77,41.23,40.23,NA,Electric sounder measurement,Water level accuracy to nearest hundredth of a foot,5078,San Benito County Water District,NA,5078,San Benito County Water District
46232,369405N1213868W001,2146003,2015-07-15T10:21:00Z,208,207,0,39.46,168.54,39.46,38.46,NA,Electric sounder measurement,Water level accuracy to nearest hundredth of a foot,5078,San Benito County Water District,NA,5078,San Benito County Water District
46232,369405N1213868W001,2138266,2015-04-16T10:26:00Z,208,207,0,36.98,171.02,36.98,35.98,NA,Electric sounder measurement,Water level accuracy to nearest hundredth of a foot,5078,San Benito County Water District,NA,5078,San Benito County Water District
46232,369405N1213868W001,2113471,2015-01-26T00:00:00Z,208,207,0,37.17,170.83,37.17,36.17,NA,Electric sounder measurement,Water level accuracy to nearest hundredth of a foot,5078,San Benito County Water District,NA,5078,San Benito County Water District
46232,369405N1213868W001,2029378,2014-10-08T09:58:00Z,208,207,0,38.51,169.49,38.51,37.51,NA,Electric sounder measurement,Water level accuracy to nearest hundredth of a foot,5078,San Benito County Water District,NA,5078,San Benito County Water District
46232,369405N1213868W001,2002219,2014-07-21T11:13:00Z,208,207,0,35.88,172.12,35.88,34.88,NA,Electric sounder measurement,Water level accuracy to nearest hundredth of a foot,5078,San Benito County Water District,NA,5078,San Benito County Water District
46232,369405N1213868W001,2002218,2014-04-01T11:07:00Z,208,207,0,36.06,171.94,36.06,35.06,NA,Electric sounder measurement,Water level accuracy to nearest hundredth of a foot,5078,San Benito County Water District,NA,5078,San Benito County Water District
46232,369405N1213868W001,1865403,2014-01-15T14:15:00Z,208,207,0,35.46,172.54,35.46,34.46,NA,Electric sounder measurement,Water level accuracy to nearest hundredth of a foot,5078,San Benito County Water District,NA,5078,San Benito County Water District
46232,369405N1213868W001,1796475,2013-10-08T10:49:00Z,208,207,0,34.51,173.49,34.51,33.51,NA,Electric sounder measurement,Water level accuracy to nearest hundredth of a foot,5078,San Benito County Water District,NA,5078,San Benito County Water District
46232,369405N1213868W001,1735750,2013-06-25T14:14:00Z,208,207,0,30.32,177.68,30.32,29.32,NA,Electric sounder measurement,Water level accuracy to nearest hundredth of a foot,5078,San Benito County Water District,NA,5078,San Benito County Water District
46232,369405N1213868W001,1713020,2013-05-02T13:38:00Z,208,207,0,22.68,185.32,22.68,21.68,NA,Electric sounder measurement,Water level accuracy to nearest hundredth of a foot,5078,San Benito County Water District,NA,5078,San Benito County Water District
46232,369405N1213868W001,94099,2013-01-03T10:46:00Z,208,207,0,21.57,186.43,21.57,20.57,NA,Electric sounder measurement,Water level accuracy to nearest hundredth of a foot,5078,San Benito County Water District,NA,5078,San Benito County Water District
46232,369405N1213868W001,69108,2012-10-10T06:05:00Z,208,207,0,24.17,183.83,24.17,23.17,NA,Electric sounder measurement,Water level accuracy to nearest hundredth of a foot,5078,San Benito County Water District,NA,5078,San Benito County Water District
46232,369405N1213868W001,63666,2012-07-10T09:47:00Z,208,207,0,23.85,184.15,23.85,22.85,NA,Electric sounder measurement,Water level accuracy to nearest hundredth of a foot,5078,San Benito County Water District,NA,5078,San Benito County Water District
46232,369405N1213868W001,55576,2012-04-23T10:28:00Z,208,207,0,22.88,185.12,22.88,21.88,NA,Electric sounder measurement,Water level accuracy to nearest hundredth of a foot,5078,San Benito County Water District,NA,5078,San Benito County Water District
46232,369405N1213868W001,53500,2012-01-24T10:19:00Z,208,207,0,25.68,182.32,25.68,24.68,NA,Electric sounder measurement,Water level accuracy to nearest hundredth of a foot,5078,San Benito County Water District,NA,5078,San Benito County Water District
46232,369405N1213868W001,17264,2011-10-18T08:58:00Z,208,207,0,24.33,183.67,24.33,23.33,NA,Electric sounder measurement,Water level accuracy to nearest hundredth of a foot,5078,San Benito County Water District,NA,5078,San Benito County Water District
