STN_ID,SITE_CODE,WLM_ID,MSMT_DATE,WLM_RPE,WLM_GSE,RDNG_WS,RDNG_RP,WSE,RPE_WSE,GSE_WSE,WLM_QA_DESC,WLM_DESC,WLM_ACC_DESC,WLM_ORG_ID,WLM_ORG_NAME,MSMT_CMT,COOP_AGENCY_ORG_ID,COOP_ORG_NAME
46583,339670N1183597W001,2632417,2020-07-02T09:57:00Z,112.82,112.82,0,131.06,-18.24,131.06,131.06,NA,Electric sounder measurement,Water level accuracy to nearest hundredth of a foot,5043,Water Replenishment District of Southern California,NA,5043,Water Replenishment District of Southern California
46583,339670N1183597W001,2581242,2020-03-11T09:20:00Z,112.82,112.82,0,129.4,-16.58,129.4,129.4,NA,Electric sounder measurement,Water level accuracy to nearest hundredth of a foot,5043,Water Replenishment District of Southern California,NA,5043,Water Replenishment District of Southern California
46583,339670N1183597W001,2493268,2019-12-10T10:40:00Z,112.82,112.82,0,133.63,-20.81,133.63,133.63,NA,Electric sounder measurement,Water level accuracy to nearest hundredth of a foot,5043,Water Replenishment District of Southern California,NA,5043,Water Replenishment District of Southern California
46583,339670N1183597W001,2477968,2019-09-09T07:20:00Z,112.82,112.82,0,132.23,-19.41,132.23,132.23,NA,Electric sounder measurement,Water level accuracy to nearest hundredth of a foot,5043,Water Replenishment District of Southern California,NA,5043,Water Replenishment District of Southern California
46583,339670N1183597W001,2468081,2019-06-10T14:52:00Z,112.82,112.82,0,126.05,-13.23,126.05,126.05,NA,Electric sounder measurement,Water level accuracy to nearest hundredth of a foot,5043,Water Replenishment District of Southern California,NA,5043,Water Replenishment District of Southern California
46583,339670N1183597W001,2452759,2019-03-12T12:42:00Z,112.82,112.82,0,130.65,-17.83,130.65,130.65,NA,Electric sounder measurement,Water level accuracy to nearest hundredth of a foot,5043,Water Replenishment District of Southern California,NA,5043,Water Replenishment District of Southern California
46583,339670N1183597W001,2433770,2018-12-12T13:03:00Z,112.82,112.82,0,128.83,-16.01,128.83,128.83,NA,Electric sounder measurement,Water level accuracy to nearest hundredth of a foot,5043,Water Replenishment District of Southern California,NA,5043,Water Replenishment District of Southern California
46583,339670N1183597W001,2410525,2018-09-13T10:17:00Z,112.82,112.82,0,129.91,-17.09,129.91,129.91,NA,Electric sounder measurement,Water level accuracy to nearest hundredth of a foot,5043,Water Replenishment District of Southern California,NA,5043,Water Replenishment District of Southern California
46583,339670N1183597W001,2304304,2018-06-19T10:16:00Z,112.82,112.82,0,131.51,-18.69,131.51,131.51,NA,Electric sounder measurement,Water level accuracy to nearest hundredth of a foot,5043,Water Replenishment District of Southern California,NA,5043,Water Replenishment District of Southern California
46583,339670N1183597W001,2284667,2018-03-19T13:08:00Z,112.82,112.82,0,132.28,-19.46,132.28,132.28,NA,Electric sounder measurement,Water level accuracy to nearest hundredth of a foot,5043,Water Replenishment District of Southern California,NA,5043,Water Replenishment District of Southern California
46583,339670N1183597W001,2279002,2017-12-19T13:38:00Z,112.82,112.82,0,133.13,-20.31,133.13,133.13,NA,Electric sounder measurement,Water level accuracy to nearest hundredth of a foot,5043,Water Replenishment District of Southern California,NA,5043,Water Replenishment District of Southern California
46583,339670N1183597W001,2262921,2017-09-15T15:07:00Z,112.82,112.82,0,133.35,-20.53,133.35,133.35,NA,Electric sounder measurement,Water level accuracy to nearest hundredth of a foot,5043,Water Replenishment District of Southern California,NA,5043,Water Replenishment District of Southern California
46583,339670N1183597W001,2257474,2017-06-13T14:47:00Z,112.82,112.82,0,132.4,-19.58,132.4,132.4,NA,Electric sounder measurement,Water level accuracy to nearest hundredth of a foot,5043,Water Replenishment District of Southern California,NA,5043,Water Replenishment District of Southern California
46583,339670N1183597W001,2235912,2017-03-09T12:32:00Z,112.82,112.82,0,133.09,-20.27,133.09,133.09,NA,Electric sounder measurement,Water level accuracy to nearest hundredth of a foot,5043,Water Replenishment District of Southern California,NA,5043,Water Replenishment District of Southern California
46583,339670N1183597W001,2224353,2016-12-19T10:52:00Z,112.82,112.82,0,133.75,-20.93,133.75,133.75,NA,Electric sounder measurement,Water level accuracy to nearest hundredth of a foot,5043,Water Replenishment District of Southern California,NA,5043,Water Replenishment District of Southern California
46583,339670N1183597W001,2218158,2016-09-15T11:46:00Z,112.82,112.82,0,133.81,-20.99,133.81,133.81,NA,Electric sounder measurement,Water level accuracy to nearest hundredth of a foot,5043,Water Replenishment District of Southern California,NA,5043,Water Replenishment District of Southern California
46583,339670N1183597W001,2198842,2016-06-15T10:28:00Z,112.82,112.82,0,134.32,-21.5,134.32,134.32,NA,Electric sounder measurement,Water level accuracy to nearest hundredth of a foot,5043,Water Replenishment District of Southern California,NA,5043,Water Replenishment District of Southern California
46583,339670N1183597W001,2184370,2016-03-21T11:16:00Z,112.82,112.82,0,134.97,-22.15,134.97,134.97,NA,Electric sounder measurement,Water level accuracy to nearest hundredth of a foot,5043,Water Replenishment District of Southern California,NA,5043,Water Replenishment District of Southern California
46583,339670N1183597W001,2177981,2015-12-18T10:56:00Z,112.82,112.82,0,135.85,-23.03,135.85,135.85,NA,Electric sounder measurement,Water level accuracy to nearest hundredth of a foot,5043,Water Replenishment District of Southern California,NA,5043,Water Replenishment District of Southern California
46583,339670N1183597W001,2157003,2015-09-15T10:58:00Z,112.82,112.82,0,136.15,-23.33,136.15,136.15,NA,Electric sounder measurement,Water level accuracy to nearest hundredth of a foot,5043,Water Replenishment District of Southern California,NA,5043,Water Replenishment District of Southern California
46583,339670N1183597W001,2143058,2015-06-17T10:57:00Z,112.82,112.82,0,139.33,-26.51,139.33,139.33,NA,Electric sounder measurement,Water level accuracy to nearest hundredth of a foot,5043,Water Replenishment District of Southern California,NA,5043,Water Replenishment District of Southern California
46583,339670N1183597W001,2119265,2015-03-18T13:03:00Z,112.82,112.82,0,140.61,-27.79,140.61,140.61,NA,Electric sounder measurement,Water level accuracy to nearest hundredth of a foot,5043,Water Replenishment District of Southern California,NA,5043,Water Replenishment District of Southern California
46583,339670N1183597W001,2109570,2014-12-11T12:10:00Z,112.82,112.82,0,144.44,-31.62,144.44,144.44,NA,Electric sounder measurement,Water level accuracy to nearest hundredth of a foot,5043,Water Replenishment District of Southern California,NA,5043,Water Replenishment District of Southern California
46583,339670N1183597W001,2022159,2014-09-12T11:28:00Z,112.82,112.82,0,146.79,-33.97,146.79,146.79,NA,Electric sounder measurement,Water level accuracy to nearest hundredth of a foot,5043,Water Replenishment District of Southern California,NA,5043,Water Replenishment District of Southern California
46583,339670N1183597W001,1991199,2014-06-18T10:50:00Z,113.36,113.36,0,146.25,-32.89,146.25,146.25,NA,Electric sounder measurement,Water level accuracy to nearest hundredth of a foot,5043,Water Replenishment District of Southern California,NA,5043,Water Replenishment District of Southern California
46583,339670N1183597W001,1881208,2014-03-14T10:07:00Z,113.36,113.36,0,146.03,-32.67,146.03,146.03,NA,Electric sounder measurement,Water level accuracy to nearest hundredth of a foot,5043,Water Replenishment District of Southern California,NA,5043,Water Replenishment District of Southern California
46583,339670N1183597W001,1817902,2013-12-12T10:04:00Z,113.36,113.36,0,146.7,-33.34,146.7,146.7,NA,Electric sounder measurement,Water level accuracy to nearest hundredth of a foot,5043,Water Replenishment District of Southern California,NA,5043,Water Replenishment District of Southern California
46583,339670N1183597W001,1795698,2013-09-10T08:46:00Z,113.36,113.36,0,144.44,-31.08,144.44,144.44,NA,Electric sounder measurement,Water level accuracy to nearest hundredth of a foot,5043,Water Replenishment District of Southern California,NA,5043,Water Replenishment District of Southern California
46583,339670N1183597W001,1735569,2013-06-13T00:47:00Z,113.36,113.36,0,142.11,-28.75,142.11,142.11,NA,Electric sounder measurement,Water level accuracy to nearest hundredth of a foot,5043,Water Replenishment District of Southern California,NA,5043,Water Replenishment District of Southern California
46583,339670N1183597W001,1825447,2013-05-02T12:00:00Z,113.36,113.36,0,141.35,-27.99,141.35,141.35,NA,Electric sounder measurement,Water level accuracy to nearest hundredth of a foot,5043,Water Replenishment District of Southern California,NA,5043,Water Replenishment District of Southern California
46583,339670N1183597W001,1684573,2013-03-18T12:41:00Z,113.36,113.36,0,140.33,-26.97,140.33,140.33,NA,Electric sounder measurement,Water level accuracy to nearest hundredth of a foot,5043,Water Replenishment District of Southern California,NA,5043,Water Replenishment District of Southern California
46583,339670N1183597W001,92156,2012-12-18T10:31:00Z,113.36,113.36,0,144.21,-30.85,144.21,144.21,NA,Electric sounder measurement,Water level accuracy to nearest hundredth of a foot,5043,Water Replenishment District of Southern California,NA,5043,Water Replenishment District of Southern California
46583,339670N1183597W001,68064,2012-09-18T09:03:00Z,113.36,113.36,0,145.86,-32.5,145.86,145.86,NA,Electric sounder measurement,Water level accuracy to nearest hundredth of a foot,5043,Water Replenishment District of Southern California,NA,5043,Water Replenishment District of Southern California
46583,339670N1183597W001,56259,2012-06-15T15:45:00Z,113.36,113.36,0,146.55,-33.19,146.55,146.55,NA,Electric sounder measurement,Water level accuracy to nearest hundredth of a foot,5043,Water Replenishment District of Southern California,NA,5043,Water Replenishment District of Southern California
46583,339670N1183597W001,54971,2012-03-27T15:46:00Z,113.36,113.36,0,148.43,-35.07,148.43,148.43,NA,Electric sounder measurement,Water level accuracy to nearest hundredth of a foot,5043,Water Replenishment District of Southern California,NA,5043,Water Replenishment District of Southern California
46583,339670N1183597W001,37296,2011-12-19T15:46:00Z,113.36,113.36,0,147.23,-33.87,147.23,147.23,NA,Electric sounder measurement,Water level accuracy to nearest hundredth of a foot,5043,Water Replenishment District of Southern California,NA,5043,Water Replenishment District of Southern California
46583,339670N1183597W001,1825446,2011-11-14T12:00:00Z,113.36,113.36,0,148.13,-34.77,148.13,148.13,NA,Electric sounder measurement,Water level accuracy to nearest hundredth of a foot,5043,Water Replenishment District of Southern California,NA,5043,Water Replenishment District of Southern California
46583,339670N1183597W001,1825445,2011-09-22T12:00:00Z,113.36,113.36,0,148.59,-35.23,148.59,148.59,NA,Electric sounder measurement,Water level accuracy to nearest hundredth of a foot,5043,Water Replenishment District of Southern California,NA,5043,Water Replenishment District of Southern California
46583,339670N1183597W001,1825444,2011-06-17T12:00:00Z,113.36,113.36,0,148.89,-35.53,148.89,148.89,NA,Electric sounder measurement,Water level accuracy to nearest hundredth of a foot,5043,Water Replenishment District of Southern California,NA,5043,Water Replenishment District of Southern California
46583,339670N1183597W001,1825443,2011-03-23T12:00:00Z,113.36,113.36,0,149.91,-36.55,149.91,149.91,NA,Electric sounder measurement,Water level accuracy to nearest hundredth of a foot,5043,Water Replenishment District of Southern California,NA,5043,Water Replenishment District of Southern California
46583,339670N1183597W001,1825442,2011-01-25T12:00:00Z,113.36,113.36,0,150.85,-37.49,150.85,150.85,NA,Electric sounder measurement,Water level accuracy to nearest hundredth of a foot,5043,Water Replenishment District of Southern California,NA,5043,Water Replenishment District of Southern California
46583,339670N1183597W001,1825441,2010-12-23T12:00:00Z,113.36,113.36,0,151.29,-37.93,151.29,151.29,NA,Electric sounder measurement,Water level accuracy to nearest hundredth of a foot,5043,Water Replenishment District of Southern California,NA,5043,Water Replenishment District of Southern California
46583,339670N1183597W001,1825440,2010-09-21T12:00:00Z,113.36,113.36,0,154.67,-41.31,154.67,154.67,NA,Electric sounder measurement,Water level accuracy to nearest hundredth of a foot,5043,Water Replenishment District of Southern California,NA,5043,Water Replenishment District of Southern California
46583,339670N1183597W001,1825439,2010-06-30T12:00:00Z,113.36,113.36,0,154.92,-41.56,154.92,154.92,NA,Electric sounder measurement,Water level accuracy to nearest hundredth of a foot,5043,Water Replenishment District of Southern California,NA,5043,Water Replenishment District of Southern California
46583,339670N1183597W001,1825438,2010-05-06T12:00:00Z,113.36,113.36,0,154.57,-41.21,154.57,154.57,NA,Electric sounder measurement,Water level accuracy to nearest hundredth of a foot,5043,Water Replenishment District of Southern California,NA,5043,Water Replenishment District of Southern California
46583,339670N1183597W001,1825437,2010-04-27T12:00:00Z,113.36,113.36,0,154.29,-40.93,154.29,154.29,NA,Electric sounder measurement,Water level accuracy to nearest hundredth of a foot,5043,Water Replenishment District of Southern California,NA,5043,Water Replenishment District of Southern California
46583,339670N1183597W001,1825436,2010-03-30T12:00:00Z,113.36,113.36,0,154.17,-40.81,154.17,154.17,NA,Electric sounder measurement,Water level accuracy to nearest hundredth of a foot,5043,Water Replenishment District of Southern California,NA,5043,Water Replenishment District of Southern California
46583,339670N1183597W001,1825435,2009-12-29T12:00:00Z,113.36,113.36,0,155.54,-42.18,155.54,155.54,NA,Electric sounder measurement,Water level accuracy to nearest hundredth of a foot,5043,Water Replenishment District of Southern California,NA,5043,Water Replenishment District of Southern California
46583,339670N1183597W001,1825434,2009-09-24T12:00:00Z,113.36,113.36,0,156.82,-43.46,156.82,156.82,NA,Electric sounder measurement,Water level accuracy to nearest hundredth of a foot,5043,Water Replenishment District of Southern California,NA,5043,Water Replenishment District of Southern California
46583,339670N1183597W001,1825433,2009-08-27T12:00:00Z,113.36,113.36,0,156.9,-43.54,156.9,156.9,NA,Electric sounder measurement,Water level accuracy to nearest hundredth of a foot,5043,Water Replenishment District of Southern California,NA,5043,Water Replenishment District of Southern California
46583,339670N1183597W001,1825432,2009-06-25T12:00:00Z,113.36,113.36,0,156.47,-43.11,156.47,156.47,NA,Electric sounder measurement,Water level accuracy to nearest hundredth of a foot,5043,Water Replenishment District of Southern California,NA,5043,Water Replenishment District of Southern California
46583,339670N1183597W001,1825431,2009-05-09T12:00:00Z,113.36,113.36,0,156.28,-42.92,156.28,156.28,NA,Electric sounder measurement,Water level accuracy to nearest hundredth of a foot,5043,Water Replenishment District of Southern California,NA,5043,Water Replenishment District of Southern California
46583,339670N1183597W001,1825430,2009-04-21T12:00:00Z,113.36,113.36,0,155.91,-42.55,155.91,155.91,NA,Electric sounder measurement,Water level accuracy to nearest hundredth of a foot,5043,Water Replenishment District of Southern California,NA,5043,Water Replenishment District of Southern California
46583,339670N1183597W001,1825429,2009-03-24T12:00:00Z,113.36,113.36,0,155.23,-41.87,155.23,155.23,NA,Electric sounder measurement,Water level accuracy to nearest hundredth of a foot,5043,Water Replenishment District of Southern California,NA,5043,Water Replenishment District of Southern California
46583,339670N1183597W001,1825428,2008-12-29T12:00:00Z,113.36,113.36,0,156.73,-43.37,156.73,156.73,NA,Electric sounder measurement,Water level accuracy to nearest hundredth of a foot,5043,Water Replenishment District of Southern California,NA,5043,Water Replenishment District of Southern California
46583,339670N1183597W001,1825427,2008-09-17T12:00:00Z,113.36,113.36,0,154.69,-41.33,154.69,154.69,NA,Electric sounder measurement,Water level accuracy to nearest hundredth of a foot,5043,Water Replenishment District of Southern California,NA,5043,Water Replenishment District of Southern California
46583,339670N1183597W001,1825426,2008-09-10T12:00:00Z,113.36,113.36,0,154.18,-40.82,154.18,154.18,NA,Electric sounder measurement,Water level accuracy to nearest hundredth of a foot,5043,Water Replenishment District of Southern California,NA,5043,Water Replenishment District of Southern California
46583,339670N1183597W001,1825425,2008-06-29T12:00:00Z,113.36,113.36,0,152.65,-39.29,152.65,152.65,NA,Electric sounder measurement,Water level accuracy to nearest hundredth of a foot,5043,Water Replenishment District of Southern California,NA,5043,Water Replenishment District of Southern California
46583,339670N1183597W001,1825424,2008-05-20T12:00:00Z,113.36,113.36,0,157.09,-43.73,157.09,157.09,NA,Electric sounder measurement,Water level accuracy to nearest hundredth of a foot,5043,Water Replenishment District of Southern California,NA,5043,Water Replenishment District of Southern California
46583,339670N1183597W001,1825423,2008-05-09T12:00:00Z,113.36,113.36,0,157.13,-43.77,157.13,157.13,NA,Electric sounder measurement,Water level accuracy to nearest hundredth of a foot,5043,Water Replenishment District of Southern California,NA,5043,Water Replenishment District of Southern California
46583,339670N1183597W001,1825422,2008-03-19T12:00:00Z,113.36,113.36,0,156.11,-42.75,156.11,156.11,NA,Electric sounder measurement,Water level accuracy to nearest hundredth of a foot,5043,Water Replenishment District of Southern California,NA,5043,Water Replenishment District of Southern California
46583,339670N1183597W001,1825421,2008-03-03T12:00:00Z,113.36,113.36,0,156.14,-42.78,156.14,156.14,NA,Electric sounder measurement,Water level accuracy to nearest hundredth of a foot,5043,Water Replenishment District of Southern California,NA,5043,Water Replenishment District of Southern California
46583,339670N1183597W001,1825420,2007-12-26T12:00:00Z,113.36,113.36,0,155.29,-41.93,155.29,155.29,NA,Electric sounder measurement,Water level accuracy to nearest hundredth of a foot,5043,Water Replenishment District of Southern California,NA,5043,Water Replenishment District of Southern California
46583,339670N1183597W001,1825419,2007-10-22T12:00:00Z,113.36,113.36,0,156.98,-43.62,156.98,156.98,NA,Electric sounder measurement,Water level accuracy to nearest hundredth of a foot,5043,Water Replenishment District of Southern California,NA,5043,Water Replenishment District of Southern California
46583,339670N1183597W001,1825418,2007-09-26T12:00:00Z,113.36,113.36,0,158.48,-45.12,158.48,158.48,NA,Electric sounder measurement,Water level accuracy to nearest hundredth of a foot,5043,Water Replenishment District of Southern California,NA,5043,Water Replenishment District of Southern California
46583,339670N1183597W001,1825417,2007-08-28T12:00:00Z,113.36,113.36,0,157.81,-44.45,157.81,157.81,NA,Electric sounder measurement,Water level accuracy to nearest hundredth of a foot,5043,Water Replenishment District of Southern California,NA,5043,Water Replenishment District of Southern California
46583,339670N1183597W001,1825416,2007-06-22T12:00:00Z,113.36,113.36,0,152.91,-39.55,152.91,152.91,NA,Electric sounder measurement,Water level accuracy to nearest hundredth of a foot,5043,Water Replenishment District of Southern California,NA,5043,Water Replenishment District of Southern California
46583,339670N1183597W001,1825415,2007-05-10T12:00:00Z,113.36,113.36,0,153.13,-39.77,153.13,153.13,NA,Electric sounder measurement,Water level accuracy to nearest hundredth of a foot,5043,Water Replenishment District of Southern California,NA,5043,Water Replenishment District of Southern California
46583,339670N1183597W001,1825414,2007-03-27T12:00:00Z,113.36,113.36,0,155.79,-42.43,155.79,155.79,NA,Electric sounder measurement,Water level accuracy to nearest hundredth of a foot,5043,Water Replenishment District of Southern California,NA,5043,Water Replenishment District of Southern California
46583,339670N1183597W001,1825413,2006-12-21T12:00:00Z,113.36,113.36,0,155.54,-42.18,155.54,155.54,NA,Electric sounder measurement,Water level accuracy to nearest hundredth of a foot,5043,Water Replenishment District of Southern California,NA,5043,Water Replenishment District of Southern California
46583,339670N1183597W001,1825412,2006-10-10T12:00:00Z,113.36,113.36,0,163.31,-49.95,163.31,163.31,NA,Electric sounder measurement,Water level accuracy to nearest hundredth of a foot,5043,Water Replenishment District of Southern California,NA,5043,Water Replenishment District of Southern California
46583,339670N1183597W001,1825411,2006-09-28T12:00:00Z,113.36,113.36,0,162.89,-49.53,162.89,162.89,NA,Electric sounder measurement,Water level accuracy to nearest hundredth of a foot,5043,Water Replenishment District of Southern California,NA,5043,Water Replenishment District of Southern California
46583,339670N1183597W001,1825410,2006-07-18T12:00:00Z,113.36,113.36,0,158.81,-45.45,158.81,158.81,NA,Electric sounder measurement,Water level accuracy to nearest hundredth of a foot,5043,Water Replenishment District of Southern California,NA,5043,Water Replenishment District of Southern California
46583,339670N1183597W001,1825409,2006-06-28T12:00:00Z,113.36,113.36,0,159.88,-46.52,159.88,159.88,NA,Electric sounder measurement,Water level accuracy to nearest hundredth of a foot,5043,Water Replenishment District of Southern California,NA,5043,Water Replenishment District of Southern California
46583,339670N1183597W001,1825408,2006-03-29T12:00:00Z,113.36,113.36,0,161.61,-48.25,161.61,161.61,NA,Electric sounder measurement,Water level accuracy to nearest hundredth of a foot,5043,Water Replenishment District of Southern California,NA,5043,Water Replenishment District of Southern California
46583,339670N1183597W001,1825407,2005-12-29T12:00:00Z,113.36,113.36,0,162.65,-49.29,162.65,162.65,NA,Electric sounder measurement,Water level accuracy to nearest hundredth of a foot,5043,Water Replenishment District of Southern California,NA,5043,Water Replenishment District of Southern California
46583,339670N1183597W001,1825405,2005-09-19T12:00:00Z,113.36,113.36,0,161.68,-48.32,161.68,161.68,NA,Electric sounder measurement,Water level accuracy to nearest hundredth of a foot,5043,Water Replenishment District of Southern California,NA,5043,Water Replenishment District of Southern California
46583,339670N1183597W001,1825406,2005-09-19T12:00:00Z,113.36,113.36,0,161.68,-48.32,161.68,161.68,NA,Electric sounder measurement,Water level accuracy to nearest hundredth of a foot,5043,Water Replenishment District of Southern California,NA,5043,Water Replenishment District of Southern California
46583,339670N1183597W001,1825404,2005-06-27T12:00:00Z,113.36,113.36,0,164.27,-50.91,164.27,164.27,NA,Electric sounder measurement,Water level accuracy to nearest hundredth of a foot,5043,Water Replenishment District of Southern California,NA,5043,Water Replenishment District of Southern California
46583,339670N1183597W001,1825403,2005-03-30T12:00:00Z,113.36,113.36,0,165.65,-52.29,165.65,165.65,NA,Electric sounder measurement,Water level accuracy to nearest hundredth of a foot,5043,Water Replenishment District of Southern California,NA,5043,Water Replenishment District of Southern California
46583,339670N1183597W001,1825401,2005-03-02T12:00:00Z,113.36,113.36,0,165.24,-51.88,165.24,165.24,NA,Electric sounder measurement,Water level accuracy to nearest hundredth of a foot,5043,Water Replenishment District of Southern California,NA,5043,Water Replenishment District of Southern California
46583,339670N1183597W001,1825402,2005-03-02T12:00:00Z,113.36,113.36,0,165.24,-51.88,165.24,165.24,NA,Electric sounder measurement,Water level accuracy to nearest hundredth of a foot,5043,Water Replenishment District of Southern California,NA,5043,Water Replenishment District of Southern California
46583,339670N1183597W001,1825400,2004-12-30T12:00:00Z,113.36,113.36,0,164.25,-50.89,164.25,164.25,NA,Electric sounder measurement,Water level accuracy to nearest hundredth of a foot,5043,Water Replenishment District of Southern California,NA,5043,Water Replenishment District of Southern California
46583,339670N1183597W001,1825399,2004-09-21T12:00:00Z,113.36,113.36,0,168.23,-54.87,168.23,168.23,NA,Electric sounder measurement,Water level accuracy to nearest hundredth of a foot,5043,Water Replenishment District of Southern California,NA,5043,Water Replenishment District of Southern California
46583,339670N1183597W001,1825398,2004-09-14T12:00:00Z,113.36,113.36,0,167.78,-54.42,167.78,167.78,NA,Electric sounder measurement,Water level accuracy to nearest hundredth of a foot,5043,Water Replenishment District of Southern California,NA,5043,Water Replenishment District of Southern California
46583,339670N1183597W001,1825397,2004-09-02T12:00:00Z,113.36,113.36,0,167.66,-54.3,167.66,167.66,NA,Electric sounder measurement,Water level accuracy to nearest hundredth of a foot,5043,Water Replenishment District of Southern California,NA,5043,Water Replenishment District of Southern California
46583,339670N1183597W001,1825396,2004-06-27T12:00:00Z,113.36,113.36,0,166.01,-52.65,166.01,166.01,NA,Electric sounder measurement,Water level accuracy to nearest hundredth of a foot,5043,Water Replenishment District of Southern California,NA,5043,Water Replenishment District of Southern California
46583,339670N1183597W001,1825395,2004-05-11T12:00:00Z,113.36,113.36,0,161.07,-47.71,161.07,161.07,NA,Electric sounder measurement,Water level accuracy to nearest hundredth of a foot,5043,Water Replenishment District of Southern California,NA,5043,Water Replenishment District of Southern California
46583,339670N1183597W001,1825394,2004-03-30T12:00:00Z,113.36,113.36,0,155.11,-41.75,155.11,155.11,NA,Electric sounder measurement,Water level accuracy to nearest hundredth of a foot,5043,Water Replenishment District of Southern California,NA,5043,Water Replenishment District of Southern California
46583,339670N1183597W001,1825393,2003-12-29T12:00:00Z,113.36,113.36,0,158.95,-45.59,158.95,158.95,NA,Electric sounder measurement,Water level accuracy to nearest hundredth of a foot,5043,Water Replenishment District of Southern California,NA,5043,Water Replenishment District of Southern California
46583,339670N1183597W001,1825392,2003-09-29T12:00:00Z,113.36,113.36,0,164.65,-51.29,164.65,164.65,NA,Electric sounder measurement,Water level accuracy to nearest hundredth of a foot,5043,Water Replenishment District of Southern California,NA,5043,Water Replenishment District of Southern California
46583,339670N1183597W001,1825391,2003-06-27T12:00:00Z,113.36,113.36,0,164.12,-50.76,164.12,164.12,NA,Electric sounder measurement,Water level accuracy to nearest hundredth of a foot,5043,Water Replenishment District of Southern California,NA,5043,Water Replenishment District of Southern California
46583,339670N1183597W001,1825390,2003-03-30T12:00:00Z,113.36,113.36,0,163.01,-49.65,163.01,163.01,NA,Electric sounder measurement,Water level accuracy to nearest hundredth of a foot,5043,Water Replenishment District of Southern California,NA,5043,Water Replenishment District of Southern California
46583,339670N1183597W001,1825389,2002-12-30T12:00:00Z,113.36,113.36,0,162.59,-49.23,162.59,162.59,NA,Electric sounder measurement,Water level accuracy to nearest hundredth of a foot,5043,Water Replenishment District of Southern California,NA,5043,Water Replenishment District of Southern California
46583,339670N1183597W001,1825388,2002-09-30T12:00:00Z,113.36,113.36,0,160.46,-47.1,160.46,160.46,NA,Electric sounder measurement,Water level accuracy to nearest hundredth of a foot,5043,Water Replenishment District of Southern California,NA,5043,Water Replenishment District of Southern California
46583,339670N1183597W001,1825387,2002-06-27T12:00:00Z,113.36,113.36,0,162.38,-49.02,162.38,162.38,NA,Electric sounder measurement,Water level accuracy to nearest hundredth of a foot,5043,Water Replenishment District of Southern California,NA,5043,Water Replenishment District of Southern California
46583,339670N1183597W001,1825386,2002-03-26T12:00:00Z,113.36,113.36,0,160.15,-46.79,160.15,160.15,NA,Electric sounder measurement,Water level accuracy to nearest hundredth of a foot,5043,Water Replenishment District of Southern California,NA,5043,Water Replenishment District of Southern California
46583,339670N1183597W001,1825385,2002-03-05T12:00:00Z,113.36,113.36,0,160.46,-47.1,160.46,160.46,NA,Electric sounder measurement,Water level accuracy to nearest hundredth of a foot,5043,Water Replenishment District of Southern California,NA,5043,Water Replenishment District of Southern California
46583,339670N1183597W001,1825384,2001-12-28T12:00:00Z,113.36,113.36,0,160.45,-47.09,160.45,160.45,NA,Electric sounder measurement,Water level accuracy to nearest hundredth of a foot,5043,Water Replenishment District of Southern California,NA,5043,Water Replenishment District of Southern California
46583,339670N1183597W001,1825383,2001-09-26T12:00:00Z,113.36,113.36,0,158.72,-45.36,158.72,158.72,NA,Electric sounder measurement,Water level accuracy to nearest hundredth of a foot,5043,Water Replenishment District of Southern California,NA,5043,Water Replenishment District of Southern California
46583,339670N1183597W001,1825382,2001-06-29T12:00:00Z,113.36,113.36,0,156.69,-43.33,156.69,156.69,NA,Electric sounder measurement,Water level accuracy to nearest hundredth of a foot,5043,Water Replenishment District of Southern California,NA,5043,Water Replenishment District of Southern California
46583,339670N1183597W001,1825381,2001-05-23T12:00:00Z,113.36,113.36,0,155.71,-42.35,155.71,155.71,NA,Electric sounder measurement,Water level accuracy to nearest hundredth of a foot,5043,Water Replenishment District of Southern California,NA,5043,Water Replenishment District of Southern California
46583,339670N1183597W001,1825380,2001-04-03T12:00:00Z,113.36,113.36,0,153.26,-39.9,153.26,153.26,NA,Electric sounder measurement,Water level accuracy to nearest hundredth of a foot,5043,Water Replenishment District of Southern California,NA,5043,Water Replenishment District of Southern California
46583,339670N1183597W001,1825379,2001-01-23T12:00:00Z,113.36,113.36,0,150.11,-36.75,150.11,150.11,NA,Electric sounder measurement,Water level accuracy to nearest hundredth of a foot,5043,Water Replenishment District of Southern California,NA,5043,Water Replenishment District of Southern California
46583,339670N1183597W001,1825378,2001-01-02T12:00:00Z,113.36,113.36,0,150.82,-37.46,150.82,150.82,NA,Electric sounder measurement,Water level accuracy to nearest hundredth of a foot,5043,Water Replenishment District of Southern California,NA,5043,Water Replenishment District of Southern California
46583,339670N1183597W001,1825377,2000-09-28T12:00:00Z,113.36,113.36,0,151.05,-37.69,151.05,151.05,NA,Electric sounder measurement,Water level accuracy to nearest hundredth of a foot,5043,Water Replenishment District of Southern California,NA,5043,Water Replenishment District of Southern California
46583,339670N1183597W001,1825376,2000-07-24T12:00:00Z,113.36,113.36,0,150.82,-37.46,150.82,150.82,NA,Electric sounder measurement,Water level accuracy to nearest hundredth of a foot,5043,Water Replenishment District of Southern California,NA,5043,Water Replenishment District of Southern California
46583,339670N1183597W001,1825375,2000-05-22T12:00:00Z,113.36,113.36,0,149.74,-36.38,149.74,149.74,NA,Electric sounder measurement,Water level accuracy to nearest hundredth of a foot,5043,Water Replenishment District of Southern California,NA,5043,Water Replenishment District of Southern California
46583,339670N1183597W001,1825374,2000-04-05T12:00:00Z,113.36,113.36,0,151.08,-37.72,151.08,151.08,NA,Electric sounder measurement,Water level accuracy to nearest hundredth of a foot,5043,Water Replenishment District of Southern California,NA,5043,Water Replenishment District of Southern California
46583,339670N1183597W001,1825373,2000-03-23T12:00:00Z,113.36,113.36,0,151.4,-38.04,151.4,151.4,NA,Electric sounder measurement,Water level accuracy to nearest hundredth of a foot,5043,Water Replenishment District of Southern California,NA,5043,Water Replenishment District of Southern California
46583,339670N1183597W001,1825372,2000-01-07T12:00:00Z,113.36,113.36,0,150.24,-36.88,150.24,150.24,NA,Electric sounder measurement,Water level accuracy to nearest hundredth of a foot,5043,Water Replenishment District of Southern California,NA,5043,Water Replenishment District of Southern California
46583,339670N1183597W001,1825371,1999-10-15T12:00:00Z,113.36,113.36,0,150.09,-36.73,150.09,150.09,NA,Electric sounder measurement,Water level accuracy to nearest hundredth of a foot,5043,Water Replenishment District of Southern California,NA,5043,Water Replenishment District of Southern California
46583,339670N1183597W001,1825370,1999-10-05T12:00:00Z,113.36,113.36,0,151,-37.64,151,151,NA,Electric sounder measurement,Water level accuracy to nearest hundredth of a foot,5043,Water Replenishment District of Southern California,NA,5043,Water Replenishment District of Southern California
46583,339670N1183597W001,1825369,1999-09-10T12:00:00Z,113.36,113.36,0,150.93,-37.57,150.93,150.93,NA,Electric sounder measurement,Water level accuracy to nearest hundredth of a foot,5043,Water Replenishment District of Southern California,NA,5043,Water Replenishment District of Southern California
46583,339670N1183597W001,1825368,1999-08-04T12:00:00Z,113.36,113.36,0,149.95,-36.59,149.95,149.95,NA,Electric sounder measurement,Water level accuracy to nearest hundredth of a foot,5043,Water Replenishment District of Southern California,NA,5043,Water Replenishment District of Southern California
46583,339670N1183597W001,1825367,1999-05-22T12:00:00Z,113.36,113.36,0,147.46,-34.1,147.46,147.46,NA,Electric sounder measurement,Water level accuracy to nearest hundredth of a foot,5043,Water Replenishment District of Southern California,NA,5043,Water Replenishment District of Southern California
46583,339670N1183597W001,1825366,1999-05-19T12:00:00Z,113.36,113.36,0,147.34,-33.98,147.34,147.34,NA,Electric sounder measurement,Water level accuracy to nearest hundredth of a foot,5043,Water Replenishment District of Southern California,NA,5043,Water Replenishment District of Southern California
46583,339670N1183597W001,1825365,1999-02-17T12:00:00Z,113.36,113.36,0,147.86,-34.5,147.86,147.86,NA,Electric sounder measurement,Water level accuracy to nearest hundredth of a foot,5043,Water Replenishment District of Southern California,NA,5043,Water Replenishment District of Southern California
46583,339670N1183597W001,1825364,1998-12-08T12:00:00Z,113.36,113.36,0,147.08,-33.72,147.08,147.08,NA,Electric sounder measurement,Water level accuracy to nearest hundredth of a foot,5043,Water Replenishment District of Southern California,NA,5043,Water Replenishment District of Southern California
46583,339670N1183597W001,1825363,1998-10-05T12:00:00Z,113.36,113.36,0,149.67,-36.31,149.67,149.67,NA,Electric sounder measurement,Water level accuracy to nearest hundredth of a foot,5043,Water Replenishment District of Southern California,NA,5043,Water Replenishment District of Southern California
