STN_ID,SITE_CODE,WLM_ID,MSMT_DATE,WLM_RPE,WLM_GSE,RDNG_WS,RDNG_RP,WSE,RPE_WSE,GSE_WSE,WLM_QA_DESC,WLM_DESC,WLM_ACC_DESC,WLM_ORG_ID,WLM_ORG_NAME,MSMT_CMT,COOP_AGENCY_ORG_ID,COOP_ORG_NAME
46781,370536N1220097W001,2001925,2014-03-27T00:00:00Z,568.05,561.7,NA,NA,NA,NA,NA,Well has been destroyed,NA,NA,5057,Santa Cruz County Environmental Health Services,Destroyed,5093,Scotts Valley Water District
46781,370536N1220097W001,2001931,2013-11-08T00:00:00Z,568.05,561.7,NA,NA,NA,NA,NA,Well has been destroyed,NA,NA,5057,Santa Cruz County Environmental Health Services,Destroyed,5093,Scotts Valley Water District
46781,370536N1220097W001,92481,2012-09-20T10:00:00Z,568.05,561.7,0,288,280.05,288,281.65,NA,Electric sounder measurement,Water level accuracy to nearest tenth of a foot,5057,Santa Cruz County Environmental Health Services,NA,5093,Scotts Valley Water District
46781,370536N1220097W001,56216,2012-04-18T12:00:00Z,568.05,561.7,NA,NA,NA,NA,NA,Special/Other,NA,NA,5057,Santa Cruz County Environmental Health Services,NA,5093,Scotts Valley Water District
46781,370536N1220097W001,40125,2011-09-30T12:00:00Z,568.05,561.7,NA,NA,NA,NA,NA,Temporarily inaccessible,NA,NA,5057,Santa Cruz County Environmental Health Services,NA,5093,Scotts Valley Water District
