STN_ID,SITE_CODE,WLM_ID,MSMT_DATE,WLM_RPE,WLM_GSE,RDNG_WS,RDNG_RP,WSE,RPE_WSE,GSE_WSE,WLM_QA_DESC,WLM_DESC,WLM_ACC_DESC,WLM_ORG_ID,WLM_ORG_NAME,MSMT_CMT,COOP_AGENCY_ORG_ID,COOP_ORG_NAME
46795,369701N1219065W004,2629240,2020-01-14T13:17:00Z,11.44,12.08,0,-2.35,13.79,-2.35,-1.71,NA,"Airline measurement, pressure gage, or manometer",Water level accuracy to nearest tenth of a foot,6544,Santa Cruz Mid-County Groundwater Agency GSA,NA,5092,Soquel Creek Water District
46795,369701N1219065W004,2629239,2019-10-02T09:28:00Z,11.44,12.08,0,-1.4,12.84,-1.4,-0.76,NA,"Airline measurement, pressure gage, or manometer",Water level accuracy to nearest tenth of a foot,6544,Santa Cruz Mid-County Groundwater Agency GSA,NA,5092,Soquel Creek Water District
46795,369701N1219065W004,2593966,2019-07-03T10:28:00Z,11.44,12.08,0,-4,15.44,-4,-3.36,NA,Other,Water level accuracy to nearest tenth of a foot,6544,Santa Cruz Mid-County Groundwater Agency GSA,Artesian well measured with ruler.,5092,Soquel Creek Water District
46795,369701N1219065W004,2593962,2019-04-09T09:32:00Z,11.44,12.08,0,0.31,11.13,0.31,0.95,NA,Other,Water level accuracy to nearest tenth of a foot,6544,Santa Cruz Mid-County Groundwater Agency GSA,Artesian well measured with ruler.,5092,Soquel Creek Water District
46795,369701N1219065W004,2593958,2019-01-08T12:46:00Z,11.44,12.08,0,-2.63,14.07,-2.63,-1.99,NA,Other,Water level accuracy to nearest tenth of a foot,6544,Santa Cruz Mid-County Groundwater Agency GSA,Artesian well measured with ruler.,5092,Soquel Creek Water District
46795,369701N1219065W004,2593953,2018-10-10T11:57:00Z,11.44,12.08,0,-1.31,12.75,-1.31,-0.67,NA,Other,Water level accuracy to nearest tenth of a foot,6544,Santa Cruz Mid-County Groundwater Agency GSA,Artesian well measured with ruler.,5092,Soquel Creek Water District
46795,369701N1219065W004,2593948,2018-07-24T11:25:00Z,11.44,12.08,0,-2.53,13.97,-2.53,-1.89,NA,Other,Water level accuracy to nearest tenth of a foot,6544,Santa Cruz Mid-County Groundwater Agency GSA,Artesian well measured with ruler.,5092,Soquel Creek Water District
46795,369701N1219065W004,2593943,2018-05-01T12:10:00Z,11.44,12.08,0,-2.7,14.14,-2.7,-2.06,NA,Other,Water level accuracy to nearest tenth of a foot,6544,Santa Cruz Mid-County Groundwater Agency GSA,Artesian well measured with ruler.,5092,Soquel Creek Water District
46795,369701N1219065W004,2593940,2018-03-05T15:20:00Z,11.44,12.08,0,-1.97,13.41,-1.97,-1.33,NA,Other,Water level accuracy to nearest tenth of a foot,6544,Santa Cruz Mid-County Groundwater Agency GSA,Artesian well measured with ruler.,5092,Soquel Creek Water District
46795,369701N1219065W004,2593936,2017-10-17T14:05:00Z,11.44,12.08,0,-0.37,11.81,-0.37,0.27,NA,Other,Water level accuracy to nearest tenth of a foot,6544,Santa Cruz Mid-County Groundwater Agency GSA,Artesian well measured with ruler.,5092,Soquel Creek Water District
46795,369701N1219065W004,2593930,2017-08-15T14:45:00Z,11.44,12.08,0,-1.51,12.95,-1.51,-0.87,NA,Other,Water level accuracy to nearest tenth of a foot,6544,Santa Cruz Mid-County Groundwater Agency GSA,Artesian well measured with ruler.,5092,Soquel Creek Water District
46795,369701N1219065W004,2593925,2017-04-18T12:07:00Z,11.44,12.08,0,-4.62,16.06,-4.62,-3.98,NA,Other,Water level accuracy to nearest tenth of a foot,6544,Santa Cruz Mid-County Groundwater Agency GSA,Artesian well measured with ruler.,5092,Soquel Creek Water District
46795,369701N1219065W004,2593922,2017-02-15T13:41:00Z,11.44,12.08,0,-6.47,17.91,-6.47,-5.83,NA,Other,Water level accuracy to nearest tenth of a foot,6544,Santa Cruz Mid-County Groundwater Agency GSA,Artesian well measured with ruler.,5092,Soquel Creek Water District
46795,369701N1219065W004,2593917,2016-12-13T13:59:00Z,11.44,12.08,0,-5.16,16.6,-5.16,-4.52,NA,Other,Water level accuracy to nearest tenth of a foot,6544,Santa Cruz Mid-County Groundwater Agency GSA,Artesian well measured with ruler.,5092,Soquel Creek Water District
46795,369701N1219065W004,2593914,2016-12-09T15:05:00Z,11.44,12.08,0,-4.99,16.43,-4.99,-4.35,NA,Other,Water level accuracy to nearest tenth of a foot,6544,Santa Cruz Mid-County Groundwater Agency GSA,Artesian well measured with ruler.,5092,Soquel Creek Water District
46795,369701N1219065W004,2593910,2016-12-06T13:34:00Z,11.44,12.08,0,-5.15,16.59,-5.15,-4.51,NA,Other,Water level accuracy to nearest tenth of a foot,6544,Santa Cruz Mid-County Groundwater Agency GSA,Artesian well measured with ruler.,5092,Soquel Creek Water District
46795,369701N1219065W004,2593906,2016-11-08T14:59:00Z,11.44,12.08,0,-5.14,16.58,-5.14,-4.5,NA,Other,Water level accuracy to nearest tenth of a foot,6544,Santa Cruz Mid-County Groundwater Agency GSA,Artesian well measured with ruler.,5092,Soquel Creek Water District
46795,369701N1219065W004,2593902,2016-10-05T09:26:00Z,11.44,12.08,0,-3.9,15.34,-3.9,-3.26,NA,Other,Water level accuracy to nearest tenth of a foot,6544,Santa Cruz Mid-County Groundwater Agency GSA,Artesian well measured with ruler.,5092,Soquel Creek Water District
46795,369701N1219065W004,2593897,2016-07-20T12:57:00Z,11.44,12.08,0,-4.84,16.28,-4.84,-4.2,NA,Other,Water level accuracy to nearest tenth of a foot,6544,Santa Cruz Mid-County Groundwater Agency GSA,Artesian well measured with ruler.,5092,Soquel Creek Water District
46795,369701N1219065W004,2593003,2016-04-26T09:45:00Z,11.44,12.08,0,-4.2,15.64,-4.2,-3.56,NA,Other,Water level accuracy to nearest tenth of a foot,6544,Santa Cruz Mid-County Groundwater Agency GSA,Artesian well measured with ruler.,5092,Soquel Creek Water District
46795,369701N1219065W004,2592999,2015-10-14T09:53:00Z,11.44,12.08,0,2.4,9.04,2.4,3.04,NA,Electric sounder measurement,Water level accuracy to nearest tenth of a foot,6544,Santa Cruz Mid-County Groundwater Agency GSA,NA,5092,Soquel Creek Water District
46795,369701N1219065W004,2592995,2015-07-14T13:39:00Z,11.44,12.08,0,1.97,9.47,1.97,2.61,NA,Electric sounder measurement,Water level accuracy to nearest tenth of a foot,6544,Santa Cruz Mid-County Groundwater Agency GSA,NA,5092,Soquel Creek Water District
46795,369701N1219065W004,2592991,2015-04-22T09:57:00Z,11.44,12.08,0,2.19,9.25,2.19,2.83,NA,Electric sounder measurement,Water level accuracy to nearest tenth of a foot,6544,Santa Cruz Mid-County Groundwater Agency GSA,NA,5092,Soquel Creek Water District
46795,369701N1219065W004,2592986,2015-01-14T12:00:00Z,11.44,12.08,0,1.37,10.07,1.37,2.01,NA,Electric sounder measurement,Water level accuracy to nearest tenth of a foot,6544,Santa Cruz Mid-County Groundwater Agency GSA,NA,5092,Soquel Creek Water District
46795,369701N1219065W004,2592981,2014-10-01T12:00:00Z,11.44,12.08,0,7.17,4.27,7.17,7.81,NA,Electric sounder measurement,Water level accuracy to nearest tenth of a foot,6544,Santa Cruz Mid-County Groundwater Agency GSA,NA,5092,Soquel Creek Water District
46795,369701N1219065W004,2592976,2014-07-17T10:32:00Z,11.44,12.08,0,9.34,2.1,9.34,9.98,NA,Electric sounder measurement,Water level accuracy to nearest tenth of a foot,6544,Santa Cruz Mid-County Groundwater Agency GSA,NA,5092,Soquel Creek Water District
46795,369701N1219065W004,2592971,2014-04-08T12:00:00Z,11.44,12.08,0,6.46,4.98,6.46,7.1,NA,Electric sounder measurement,Water level accuracy to nearest tenth of a foot,6544,Santa Cruz Mid-County Groundwater Agency GSA,NA,5092,Soquel Creek Water District
46795,369701N1219065W004,2592967,2014-01-29T12:00:00Z,11.44,12.08,0,8.32,3.12,8.32,8.96,NA,Electric sounder measurement,Water level accuracy to nearest tenth of a foot,6544,Santa Cruz Mid-County Groundwater Agency GSA,NA,5092,Soquel Creek Water District
46795,369701N1219065W004,2592963,2013-10-03T12:00:00Z,11.44,12.08,0,6.17,5.27,6.17,6.81,NA,Electric sounder measurement,Water level accuracy to nearest tenth of a foot,6544,Santa Cruz Mid-County Groundwater Agency GSA,NA,5092,Soquel Creek Water District
46795,369701N1219065W004,2592959,2013-07-19T12:00:00Z,11.44,12.08,0,4.9,6.54,4.9,5.54,NA,Electric sounder measurement,Water level accuracy to nearest tenth of a foot,6544,Santa Cruz Mid-County Groundwater Agency GSA,NA,5092,Soquel Creek Water District
46795,369701N1219065W004,2592955,2013-06-17T12:00:00Z,11.44,12.08,0,4.03,7.41,4.03,4.67,NA,Electric sounder measurement,Water level accuracy to nearest tenth of a foot,6544,Santa Cruz Mid-County Groundwater Agency GSA,NA,5092,Soquel Creek Water District
46795,369701N1219065W004,2592949,2013-04-10T09:46:00Z,11.44,12.08,0,0.89,10.55,0.89,1.53,NA,Electric sounder measurement,Water level accuracy to nearest tenth of a foot,6544,Santa Cruz Mid-County Groundwater Agency GSA,NA,5092,Soquel Creek Water District
46795,369701N1219065W004,2592945,2013-02-13T09:45:00Z,11.44,12.08,0,3.72,7.72,3.72,4.36,NA,Electric sounder measurement,Water level accuracy to nearest tenth of a foot,6544,Santa Cruz Mid-County Groundwater Agency GSA,NA,5092,Soquel Creek Water District
46795,369701N1219065W004,2592941,2012-12-19T12:00:00Z,11.44,12.08,0,7.12,4.32,7.12,7.76,NA,Electric sounder measurement,Water level accuracy to nearest tenth of a foot,6544,Santa Cruz Mid-County Groundwater Agency GSA,NA,5092,Soquel Creek Water District
46795,369701N1219065W004,2592936,2012-10-05T12:00:00Z,11.44,12.08,0,11.08,0.36,11.08,11.72,NA,Electric sounder measurement,Water level accuracy to nearest tenth of a foot,6544,Santa Cruz Mid-County Groundwater Agency GSA,NA,5092,Soquel Creek Water District
46795,369701N1219065W004,2592930,2012-08-13T12:00:00Z,11.44,12.08,0,10.73,0.71,10.73,11.37,NA,Electric sounder measurement,Water level accuracy to nearest tenth of a foot,6544,Santa Cruz Mid-County Groundwater Agency GSA,NA,5092,Soquel Creek Water District
46795,369701N1219065W004,2592926,2012-06-01T12:00:00Z,11.44,12.08,0,9.58,1.86,9.58,10.22,NA,Electric sounder measurement,Water level accuracy to nearest tenth of a foot,6544,Santa Cruz Mid-County Groundwater Agency GSA,NA,5092,Soquel Creek Water District
46795,369701N1219065W004,2592920,2012-04-17T12:00:00Z,11.44,12.08,0,6.68,4.76,6.68,7.32,NA,Electric sounder measurement,Water level accuracy to nearest tenth of a foot,6544,Santa Cruz Mid-County Groundwater Agency GSA,NA,5092,Soquel Creek Water District
46795,369701N1219065W004,2592917,2012-02-22T12:00:00Z,11.44,12.08,0,6.16,5.28,6.16,6.8,NA,Electric sounder measurement,Water level accuracy to nearest tenth of a foot,6544,Santa Cruz Mid-County Groundwater Agency GSA,NA,5092,Soquel Creek Water District
46795,369701N1219065W004,2592912,2012-01-18T12:00:00Z,11.44,12.08,0,6.51,4.93,6.51,7.15,NA,Electric sounder measurement,Water level accuracy to nearest tenth of a foot,6544,Santa Cruz Mid-County Groundwater Agency GSA,NA,5092,Soquel Creek Water District
46795,369701N1219065W004,2592907,2011-12-19T12:00:00Z,11.44,12.08,0,7.39,4.05,7.39,8.03,NA,Electric sounder measurement,Water level accuracy to nearest tenth of a foot,6544,Santa Cruz Mid-County Groundwater Agency GSA,NA,5092,Soquel Creek Water District
46795,369701N1219065W004,2592903,2011-11-30T12:00:00Z,11.44,12.08,0,8.62,2.82,8.62,9.26,NA,Electric sounder measurement,Water level accuracy to nearest tenth of a foot,6544,Santa Cruz Mid-County Groundwater Agency GSA,NA,5092,Soquel Creek Water District
46795,369701N1219065W004,2592900,2011-10-18T12:00:00Z,11.44,12.08,0,10.95,0.49,10.95,11.59,NA,Electric sounder measurement,Water level accuracy to nearest tenth of a foot,6544,Santa Cruz Mid-County Groundwater Agency GSA,NA,5092,Soquel Creek Water District
46795,369701N1219065W004,2592895,2011-10-07T12:00:00Z,11.44,12.08,0,12.16,-0.72,12.16,12.8,NA,Electric sounder measurement,Water level accuracy to nearest tenth of a foot,6544,Santa Cruz Mid-County Groundwater Agency GSA,NA,5092,Soquel Creek Water District
46795,369701N1219065W004,2592891,2011-08-29T12:00:00Z,11.44,12.08,0,15.52,-4.08,15.52,16.16,NA,Electric sounder measurement,Water level accuracy to nearest tenth of a foot,6544,Santa Cruz Mid-County Groundwater Agency GSA,NA,5092,Soquel Creek Water District
46795,369701N1219065W004,2592887,2011-07-18T12:00:00Z,11.44,12.08,0,14.78,-3.34,14.78,15.42,NA,Electric sounder measurement,Water level accuracy to nearest tenth of a foot,6544,Santa Cruz Mid-County Groundwater Agency GSA,NA,5092,Soquel Creek Water District
46795,369701N1219065W004,2592883,2011-06-22T12:00:00Z,11.44,12.08,0,11.66,-0.22,11.66,12.3,NA,Electric sounder measurement,Water level accuracy to nearest tenth of a foot,6544,Santa Cruz Mid-County Groundwater Agency GSA,NA,5092,Soquel Creek Water District
46795,369701N1219065W004,2592878,2011-06-01T12:00:00Z,11.44,12.08,0,9.56,1.88,9.56,10.2,NA,Electric sounder measurement,Water level accuracy to nearest tenth of a foot,6544,Santa Cruz Mid-County Groundwater Agency GSA,NA,5092,Soquel Creek Water District
46795,369701N1219065W004,2592875,2011-04-13T12:00:00Z,11.44,12.08,0,5.6,5.84,5.6,6.24,NA,Electric sounder measurement,Water level accuracy to nearest tenth of a foot,6544,Santa Cruz Mid-County Groundwater Agency GSA,NA,5092,Soquel Creek Water District
46795,369701N1219065W004,2592871,2011-03-28T12:00:00Z,11.44,12.08,0,5.34,6.1,5.34,5.98,NA,Electric sounder measurement,Water level accuracy to nearest tenth of a foot,6544,Santa Cruz Mid-County Groundwater Agency GSA,NA,5092,Soquel Creek Water District
46795,369701N1219065W004,2592866,2011-02-24T12:00:00Z,11.44,12.08,0,3.48,7.96,3.48,4.12,NA,Electric sounder measurement,Water level accuracy to nearest tenth of a foot,6544,Santa Cruz Mid-County Groundwater Agency GSA,NA,5092,Soquel Creek Water District
46795,369701N1219065W004,2592861,2011-01-27T12:00:00Z,11.44,12.08,0,6.03,5.41,6.03,6.67,NA,Electric sounder measurement,Water level accuracy to nearest tenth of a foot,6544,Santa Cruz Mid-County Groundwater Agency GSA,NA,5092,Soquel Creek Water District
46795,369701N1219065W004,2592856,2010-12-30T12:00:00Z,11.44,12.08,0,6.03,5.41,6.03,6.67,NA,Electric sounder measurement,Water level accuracy to nearest tenth of a foot,6544,Santa Cruz Mid-County Groundwater Agency GSA,NA,5092,Soquel Creek Water District
46795,369701N1219065W004,2592852,2010-11-19T12:00:00Z,11.44,12.08,0,9.48,1.96,9.48,10.12,NA,Electric sounder measurement,Water level accuracy to nearest tenth of a foot,6544,Santa Cruz Mid-County Groundwater Agency GSA,NA,5092,Soquel Creek Water District
46795,369701N1219065W004,2592847,2010-10-26T12:00:00Z,11.44,12.08,0,12.64,-1.2,12.64,13.28,NA,Electric sounder measurement,Water level accuracy to nearest tenth of a foot,6544,Santa Cruz Mid-County Groundwater Agency GSA,NA,5092,Soquel Creek Water District
46795,369701N1219065W004,2592844,2010-09-17T12:00:00Z,11.44,12.08,0,14.94,-3.5,14.94,15.58,NA,Electric sounder measurement,Water level accuracy to nearest tenth of a foot,6544,Santa Cruz Mid-County Groundwater Agency GSA,NA,5092,Soquel Creek Water District
46795,369701N1219065W004,2592840,2010-08-27T12:00:00Z,11.44,12.08,0,13.1,-1.66,13.1,13.74,NA,Electric sounder measurement,Water level accuracy to nearest tenth of a foot,6544,Santa Cruz Mid-County Groundwater Agency GSA,NA,5092,Soquel Creek Water District
46795,369701N1219065W004,2592834,2010-07-08T12:00:00Z,11.44,12.08,0,9.87,1.57,9.87,10.51,NA,Electric sounder measurement,Water level accuracy to nearest tenth of a foot,6544,Santa Cruz Mid-County Groundwater Agency GSA,NA,5092,Soquel Creek Water District
46795,369701N1219065W004,2592830,2010-06-29T12:00:00Z,11.44,12.08,0,13.33,-1.89,13.33,13.97,NA,Electric sounder measurement,Water level accuracy to nearest tenth of a foot,6544,Santa Cruz Mid-County Groundwater Agency GSA,NA,5092,Soquel Creek Water District
46795,369701N1219065W004,2592826,2010-05-26T12:00:00Z,11.44,12.08,0,8.48,2.96,8.48,9.12,NA,Electric sounder measurement,Water level accuracy to nearest tenth of a foot,6544,Santa Cruz Mid-County Groundwater Agency GSA,NA,5092,Soquel Creek Water District
46795,369701N1219065W004,2592822,2010-04-19T12:00:00Z,11.44,12.08,0,8.94,2.5,8.94,9.58,NA,Electric sounder measurement,Water level accuracy to nearest tenth of a foot,6544,Santa Cruz Mid-County Groundwater Agency GSA,NA,5092,Soquel Creek Water District
46795,369701N1219065W004,2592818,2010-03-30T12:00:00Z,11.44,12.08,0,9.87,1.57,9.87,10.51,NA,Electric sounder measurement,Water level accuracy to nearest tenth of a foot,6544,Santa Cruz Mid-County Groundwater Agency GSA,NA,5092,Soquel Creek Water District
46795,369701N1219065W004,2592814,2010-02-16T12:00:00Z,11.44,12.08,0,9.87,1.57,9.87,10.51,NA,Electric sounder measurement,Water level accuracy to nearest tenth of a foot,6544,Santa Cruz Mid-County Groundwater Agency GSA,NA,5092,Soquel Creek Water District
46795,369701N1219065W004,2591878,2010-01-27T12:00:00Z,11.44,12.08,0,9.87,1.57,9.87,10.51,NA,Electric sounder measurement,Water level accuracy to nearest tenth of a foot,6544,Santa Cruz Mid-County Groundwater Agency GSA,NA,5092,Soquel Creek Water District
46795,369701N1219065W004,2591873,2009-12-30T12:00:00Z,11.44,12.08,0,11.71,-0.27,11.71,12.35,NA,Electric sounder measurement,Water level accuracy to nearest tenth of a foot,6544,Santa Cruz Mid-County Groundwater Agency GSA,NA,5092,Soquel Creek Water District
46795,369701N1219065W004,2591869,2009-11-30T12:00:00Z,11.44,12.08,0,14.94,-3.5,14.94,15.58,NA,Electric sounder measurement,Water level accuracy to nearest tenth of a foot,6544,Santa Cruz Mid-County Groundwater Agency GSA,NA,5092,Soquel Creek Water District
46795,369701N1219065W004,2591864,2009-10-06T12:00:00Z,11.44,12.08,0,18.63,-7.19,18.63,19.27,NA,Electric sounder measurement,Water level accuracy to nearest tenth of a foot,6544,Santa Cruz Mid-County Groundwater Agency GSA,NA,5092,Soquel Creek Water District
46795,369701N1219065W004,2591861,2009-10-02T12:00:00Z,11.44,12.08,0,19.1,-7.66,19.1,19.74,NA,Electric sounder measurement,Water level accuracy to nearest tenth of a foot,6544,Santa Cruz Mid-County Groundwater Agency GSA,NA,5092,Soquel Creek Water District
46795,369701N1219065W004,2591856,2009-08-21T12:00:00Z,11.44,12.08,0,21.4,-9.96,21.4,22.04,NA,Electric sounder measurement,Water level accuracy to nearest tenth of a foot,6544,Santa Cruz Mid-County Groundwater Agency GSA,NA,5092,Soquel Creek Water District
46795,369701N1219065W004,2591852,2009-07-07T12:00:00Z,11.44,12.08,0,17.25,-5.81,17.25,17.89,NA,Electric sounder measurement,Water level accuracy to nearest tenth of a foot,6544,Santa Cruz Mid-County Groundwater Agency GSA,NA,5092,Soquel Creek Water District
46795,369701N1219065W004,2591848,2009-06-06T12:00:00Z,11.44,12.08,0,16.79,-5.35,16.79,17.43,NA,Electric sounder measurement,Water level accuracy to nearest tenth of a foot,6544,Santa Cruz Mid-County Groundwater Agency GSA,NA,5092,Soquel Creek Water District
46795,369701N1219065W004,2591844,2009-05-27T12:00:00Z,11.44,12.08,0,12.17,-0.73,12.17,12.81,NA,Electric sounder measurement,Water level accuracy to nearest tenth of a foot,6544,Santa Cruz Mid-County Groundwater Agency GSA,NA,5092,Soquel Creek Water District
46795,369701N1219065W004,2591839,2009-04-30T12:00:00Z,11.44,12.08,0,13.1,-1.66,13.1,13.74,NA,Electric sounder measurement,Water level accuracy to nearest tenth of a foot,6544,Santa Cruz Mid-County Groundwater Agency GSA,NA,5092,Soquel Creek Water District
46795,369701N1219065W004,2591836,2009-03-18T12:00:00Z,11.44,12.08,0,7.56,3.88,7.56,8.2,NA,Electric sounder measurement,Water level accuracy to nearest tenth of a foot,6544,Santa Cruz Mid-County Groundwater Agency GSA,NA,5092,Soquel Creek Water District
46795,369701N1219065W004,2591832,2009-02-27T12:00:00Z,11.44,12.08,0,7.1,4.34,7.1,7.74,NA,Electric sounder measurement,Water level accuracy to nearest tenth of a foot,6544,Santa Cruz Mid-County Groundwater Agency GSA,NA,5092,Soquel Creek Water District
46795,369701N1219065W004,2591826,2009-01-30T12:00:00Z,11.44,12.08,0,10.33,1.11,10.33,10.97,NA,Electric sounder measurement,Water level accuracy to nearest tenth of a foot,6544,Santa Cruz Mid-County Groundwater Agency GSA,NA,5092,Soquel Creek Water District
46795,369701N1219065W004,2591822,2008-12-29T12:00:00Z,11.44,12.08,0,12.17,-0.73,12.17,12.81,NA,Electric sounder measurement,Water level accuracy to nearest tenth of a foot,6544,Santa Cruz Mid-County Groundwater Agency GSA,NA,5092,Soquel Creek Water District
46795,369701N1219065W004,2591818,2008-12-05T12:00:00Z,11.44,12.08,0,12.17,-0.73,12.17,12.81,NA,Electric sounder measurement,Water level accuracy to nearest tenth of a foot,6544,Santa Cruz Mid-County Groundwater Agency GSA,NA,5092,Soquel Creek Water District
46795,369701N1219065W004,2591815,2008-10-10T12:00:00Z,11.44,12.08,0,12.17,-0.73,12.17,12.81,NA,Electric sounder measurement,Water level accuracy to nearest tenth of a foot,6544,Santa Cruz Mid-County Groundwater Agency GSA,NA,5092,Soquel Creek Water District
46795,369701N1219065W004,2591811,2008-09-22T12:00:00Z,11.44,12.08,0,13.33,-1.89,13.33,13.97,NA,Electric sounder measurement,Water level accuracy to nearest tenth of a foot,6544,Santa Cruz Mid-County Groundwater Agency GSA,NA,5092,Soquel Creek Water District
46795,369701N1219065W004,2591806,2008-08-18T12:00:00Z,11.44,12.08,0,14.48,-3.04,14.48,15.12,NA,Electric sounder measurement,Water level accuracy to nearest tenth of a foot,6544,Santa Cruz Mid-County Groundwater Agency GSA,NA,5092,Soquel Creek Water District
46795,369701N1219065W004,2591802,2008-07-07T12:00:00Z,11.44,12.08,0,19.1,-7.66,19.1,19.74,NA,Electric sounder measurement,Water level accuracy to nearest tenth of a foot,6544,Santa Cruz Mid-County Groundwater Agency GSA,NA,5092,Soquel Creek Water District
46795,369701N1219065W004,2591798,2008-06-17T12:00:00Z,11.44,12.08,0,17.94,-6.5,17.94,18.58,NA,Electric sounder measurement,Water level accuracy to nearest tenth of a foot,6544,Santa Cruz Mid-County Groundwater Agency GSA,NA,5092,Soquel Creek Water District
46795,369701N1219065W004,2591793,2008-05-30T12:00:00Z,11.44,12.08,0,16.79,-5.35,16.79,17.43,NA,Electric sounder measurement,Water level accuracy to nearest tenth of a foot,6544,Santa Cruz Mid-County Groundwater Agency GSA,NA,5092,Soquel Creek Water District
46795,369701N1219065W004,2591788,2008-04-01T12:00:00Z,11.44,12.08,0,15.63,-4.19,15.63,16.27,NA,Electric sounder measurement,Water level accuracy to nearest tenth of a foot,6544,Santa Cruz Mid-County Groundwater Agency GSA,NA,5092,Soquel Creek Water District
46795,369701N1219065W004,2591783,2008-03-11T12:00:00Z,11.44,12.08,0,14.48,-3.04,14.48,15.12,NA,Electric sounder measurement,Water level accuracy to nearest tenth of a foot,6544,Santa Cruz Mid-County Groundwater Agency GSA,NA,5092,Soquel Creek Water District
46795,369701N1219065W004,2591778,2008-02-19T12:00:00Z,11.44,12.08,0,14.48,-3.04,14.48,15.12,NA,Electric sounder measurement,Water level accuracy to nearest tenth of a foot,6544,Santa Cruz Mid-County Groundwater Agency GSA,NA,5092,Soquel Creek Water District
46795,369701N1219065W004,2591774,2008-01-30T12:00:00Z,11.44,12.08,0,14.48,-3.04,14.48,15.12,NA,Electric sounder measurement,Water level accuracy to nearest tenth of a foot,6544,Santa Cruz Mid-County Groundwater Agency GSA,NA,5092,Soquel Creek Water District
46795,369701N1219065W004,2591770,2007-12-28T12:00:00Z,11.44,12.08,0,16.79,-5.35,16.79,17.43,NA,Electric sounder measurement,Water level accuracy to nearest tenth of a foot,6544,Santa Cruz Mid-County Groundwater Agency GSA,NA,5092,Soquel Creek Water District
46795,369701N1219065W004,2591767,2007-11-02T12:00:00Z,11.44,12.08,0,21.17,-9.73,21.17,21.81,NA,Electric sounder measurement,Water level accuracy to nearest tenth of a foot,6544,Santa Cruz Mid-County Groundwater Agency GSA,NA,5092,Soquel Creek Water District
46795,369701N1219065W004,2591762,2007-10-03T12:00:00Z,11.44,12.08,0,23.48,-12.04,23.48,24.12,NA,Electric sounder measurement,Water level accuracy to nearest tenth of a foot,6544,Santa Cruz Mid-County Groundwater Agency GSA,NA,5092,Soquel Creek Water District
46795,369701N1219065W004,2591758,2007-09-17T12:00:00Z,11.44,12.08,0,24.63,-13.19,24.63,25.27,NA,Electric sounder measurement,Water level accuracy to nearest tenth of a foot,6544,Santa Cruz Mid-County Groundwater Agency GSA,NA,5092,Soquel Creek Water District
46795,369701N1219065W004,2591755,2007-08-03T12:00:00Z,11.44,12.08,0,22.79,-11.35,22.79,23.43,NA,Electric sounder measurement,Water level accuracy to nearest tenth of a foot,6544,Santa Cruz Mid-County Groundwater Agency GSA,NA,5092,Soquel Creek Water District
46795,369701N1219065W004,2591751,2007-07-05T12:00:00Z,11.44,12.08,0,21.17,-9.73,21.17,21.81,NA,Electric sounder measurement,Water level accuracy to nearest tenth of a foot,6544,Santa Cruz Mid-County Groundwater Agency GSA,NA,5092,Soquel Creek Water District
46795,369701N1219065W004,2591748,2007-06-20T12:00:00Z,11.44,12.08,0,16.33,-4.89,16.33,16.97,NA,Electric sounder measurement,Water level accuracy to nearest tenth of a foot,6544,Santa Cruz Mid-County Groundwater Agency GSA,NA,5092,Soquel Creek Water District
46795,369701N1219065W004,2591743,2007-05-09T12:00:00Z,11.44,12.08,0,14.94,-3.5,14.94,15.58,NA,Electric sounder measurement,Water level accuracy to nearest tenth of a foot,6544,Santa Cruz Mid-County Groundwater Agency GSA,NA,5092,Soquel Creek Water District
46795,369701N1219065W004,2591739,2007-04-17T12:00:00Z,11.44,12.08,0,14.02,-2.58,14.02,14.66,NA,Electric sounder measurement,Water level accuracy to nearest tenth of a foot,6544,Santa Cruz Mid-County Groundwater Agency GSA,NA,5092,Soquel Creek Water District
46795,369701N1219065W004,2591735,2007-03-14T12:00:00Z,11.44,12.08,0,12.4,-0.96,12.4,13.04,NA,Electric sounder measurement,Water level accuracy to nearest tenth of a foot,6544,Santa Cruz Mid-County Groundwater Agency GSA,NA,5092,Soquel Creek Water District
46795,369701N1219065W004,2591731,2007-02-12T12:00:00Z,11.44,12.08,0,16.33,-4.89,16.33,16.97,NA,Electric sounder measurement,Water level accuracy to nearest tenth of a foot,6544,Santa Cruz Mid-County Groundwater Agency GSA,NA,5092,Soquel Creek Water District
46795,369701N1219065W004,2591726,2007-01-18T12:00:00Z,11.44,12.08,0,16.33,-4.89,16.33,16.97,NA,Electric sounder measurement,Water level accuracy to nearest tenth of a foot,6544,Santa Cruz Mid-County Groundwater Agency GSA,NA,5092,Soquel Creek Water District
46795,369701N1219065W004,2591722,2006-12-14T12:00:00Z,11.44,12.08,0,18.86,-7.42,18.86,19.5,NA,Electric sounder measurement,Water level accuracy to nearest tenth of a foot,6544,Santa Cruz Mid-County Groundwater Agency GSA,NA,5092,Soquel Creek Water District
46795,369701N1219065W004,2591718,2006-11-30T12:00:00Z,11.44,12.08,0,20.71,-9.27,20.71,21.35,NA,Electric sounder measurement,Water level accuracy to nearest tenth of a foot,6544,Santa Cruz Mid-County Groundwater Agency GSA,NA,5092,Soquel Creek Water District
46795,369701N1219065W004,2591714,2006-10-09T12:00:00Z,11.44,12.08,0,20.71,-9.27,20.71,21.35,NA,Electric sounder measurement,Water level accuracy to nearest tenth of a foot,6544,Santa Cruz Mid-County Groundwater Agency GSA,NA,5092,Soquel Creek Water District
46795,369701N1219065W004,2591709,2006-09-20T12:00:00Z,11.44,12.08,0,21.17,-9.73,21.17,21.81,NA,Electric sounder measurement,Water level accuracy to nearest tenth of a foot,6544,Santa Cruz Mid-County Groundwater Agency GSA,NA,5092,Soquel Creek Water District
46795,369701N1219065W004,2591705,2006-08-03T12:00:00Z,11.44,12.08,0,18.86,-7.42,18.86,19.5,NA,Electric sounder measurement,Water level accuracy to nearest tenth of a foot,6544,Santa Cruz Mid-County Groundwater Agency GSA,NA,5092,Soquel Creek Water District
46795,369701N1219065W004,2591700,2006-07-13T12:00:00Z,11.44,12.08,0,16.79,-5.35,16.79,17.43,NA,Electric sounder measurement,Water level accuracy to nearest tenth of a foot,6544,Santa Cruz Mid-County Groundwater Agency GSA,NA,5092,Soquel Creek Water District
46795,369701N1219065W004,2591698,2006-06-08T12:00:00Z,11.44,12.08,0,12.87,-1.43,12.87,13.51,NA,Electric sounder measurement,Water level accuracy to nearest tenth of a foot,6544,Santa Cruz Mid-County Groundwater Agency GSA,NA,5092,Soquel Creek Water District
46795,369701N1219065W004,2591693,2006-05-01T12:00:00Z,11.44,12.08,0,10.33,1.11,10.33,10.97,NA,Electric sounder measurement,Water level accuracy to nearest tenth of a foot,6544,Santa Cruz Mid-County Groundwater Agency GSA,NA,5092,Soquel Creek Water District
46795,369701N1219065W004,2590720,2006-04-07T12:00:00Z,11.44,12.08,0,11.71,-0.27,11.71,12.35,NA,Electric sounder measurement,Water level accuracy to nearest tenth of a foot,6544,Santa Cruz Mid-County Groundwater Agency GSA,NA,5092,Soquel Creek Water District
46795,369701N1219065W004,2590716,2006-03-17T12:00:00Z,11.44,12.08,0,11.71,-0.27,11.71,12.35,NA,Electric sounder measurement,Water level accuracy to nearest tenth of a foot,6544,Santa Cruz Mid-County Groundwater Agency GSA,NA,5092,Soquel Creek Water District
46795,369701N1219065W004,2590709,2006-02-07T12:00:00Z,11.44,12.08,0,13.79,-2.35,13.79,14.43,NA,Electric sounder measurement,Water level accuracy to nearest tenth of a foot,6544,Santa Cruz Mid-County Groundwater Agency GSA,NA,5092,Soquel Creek Water District
46795,369701N1219065W004,2590705,2006-01-06T12:00:00Z,11.44,12.08,0,15.17,-3.73,15.17,15.81,NA,Electric sounder measurement,Water level accuracy to nearest tenth of a foot,6544,Santa Cruz Mid-County Groundwater Agency GSA,NA,5092,Soquel Creek Water District
46795,369701N1219065W004,2590701,2005-12-13T12:00:00Z,11.44,12.08,0,16.79,-5.35,16.79,17.43,NA,Electric sounder measurement,Water level accuracy to nearest tenth of a foot,6544,Santa Cruz Mid-County Groundwater Agency GSA,NA,5092,Soquel Creek Water District
46795,369701N1219065W004,2590696,2005-11-08T12:00:00Z,11.44,12.08,0,19.1,-7.66,19.1,19.74,NA,Electric sounder measurement,Water level accuracy to nearest tenth of a foot,6544,Santa Cruz Mid-County Groundwater Agency GSA,NA,5092,Soquel Creek Water District
46795,369701N1219065W004,2590691,2005-10-18T12:00:00Z,11.44,12.08,0,21.4,-9.96,21.4,22.04,NA,Electric sounder measurement,Water level accuracy to nearest tenth of a foot,6544,Santa Cruz Mid-County Groundwater Agency GSA,NA,5092,Soquel Creek Water District
46795,369701N1219065W004,2590687,2005-09-19T12:00:00Z,11.44,12.08,0,24.17,-12.73,24.17,24.81,NA,Electric sounder measurement,Water level accuracy to nearest tenth of a foot,6544,Santa Cruz Mid-County Groundwater Agency GSA,NA,5092,Soquel Creek Water District
46795,369701N1219065W004,2590682,2005-08-01T12:00:00Z,11.44,12.08,0,25.55,-14.11,25.55,26.19,NA,Electric sounder measurement,Water level accuracy to nearest tenth of a foot,6544,Santa Cruz Mid-County Groundwater Agency GSA,NA,5092,Soquel Creek Water District
46795,369701N1219065W004,2590677,2005-07-28T12:00:00Z,11.44,12.08,0,25.09,-13.65,25.09,25.73,NA,Electric sounder measurement,Water level accuracy to nearest tenth of a foot,6544,Santa Cruz Mid-County Groundwater Agency GSA,NA,5092,Soquel Creek Water District
46795,369701N1219065W004,2590673,2005-06-07T12:00:00Z,11.44,12.08,0,18.86,-7.42,18.86,19.5,NA,Electric sounder measurement,Water level accuracy to nearest tenth of a foot,6544,Santa Cruz Mid-County Groundwater Agency GSA,NA,5092,Soquel Creek Water District
46795,369701N1219065W004,2590669,2005-05-16T12:00:00Z,11.44,12.08,0,16.1,-4.66,16.1,16.74,NA,Electric sounder measurement,Water level accuracy to nearest tenth of a foot,6544,Santa Cruz Mid-County Groundwater Agency GSA,NA,5092,Soquel Creek Water District
46795,369701N1219065W004,2590665,2005-04-13T12:00:00Z,11.44,12.08,0,14.48,-3.04,14.48,15.12,NA,Electric sounder measurement,Water level accuracy to nearest tenth of a foot,6544,Santa Cruz Mid-County Groundwater Agency GSA,NA,5092,Soquel Creek Water District
46795,369701N1219065W004,2590661,2005-03-08T12:00:00Z,11.44,12.08,0,17.02,-5.58,17.02,17.66,NA,Electric sounder measurement,Water level accuracy to nearest tenth of a foot,6544,Santa Cruz Mid-County Groundwater Agency GSA,NA,5092,Soquel Creek Water District
46795,369701N1219065W004,2590657,2005-02-07T12:00:00Z,11.44,12.08,0,17.71,-6.27,17.71,18.35,NA,Electric sounder measurement,Water level accuracy to nearest tenth of a foot,6544,Santa Cruz Mid-County Groundwater Agency GSA,NA,5092,Soquel Creek Water District
46795,369701N1219065W004,2590653,2005-01-05T12:00:00Z,11.44,12.08,0,17.71,-6.27,17.71,18.35,NA,Electric sounder measurement,Water level accuracy to nearest tenth of a foot,6544,Santa Cruz Mid-County Groundwater Agency GSA,NA,5092,Soquel Creek Water District
46795,369701N1219065W004,2590648,2004-12-15T12:00:00Z,11.44,12.08,0,18.17,-6.73,18.17,18.81,NA,Electric sounder measurement,Water level accuracy to nearest tenth of a foot,6544,Santa Cruz Mid-County Groundwater Agency GSA,NA,5092,Soquel Creek Water District
46795,369701N1219065W004,2590644,2004-11-08T12:00:00Z,11.44,12.08,0,21.63,-10.19,21.63,22.27,NA,Electric sounder measurement,Water level accuracy to nearest tenth of a foot,6544,Santa Cruz Mid-County Groundwater Agency GSA,NA,5092,Soquel Creek Water District
46795,369701N1219065W004,2590640,2004-10-21T12:00:00Z,11.44,12.08,0,23.02,-11.58,23.02,23.66,NA,Electric sounder measurement,Water level accuracy to nearest tenth of a foot,6544,Santa Cruz Mid-County Groundwater Agency GSA,NA,5092,Soquel Creek Water District
46795,369701N1219065W004,2590636,2004-09-07T12:00:00Z,11.44,12.08,0,22.56,-11.12,22.56,23.2,NA,Electric sounder measurement,Water level accuracy to nearest tenth of a foot,6544,Santa Cruz Mid-County Groundwater Agency GSA,NA,5092,Soquel Creek Water District
46795,369701N1219065W004,2590632,2004-08-09T12:00:00Z,11.44,12.08,0,21.4,-9.96,21.4,22.04,NA,Electric sounder measurement,Water level accuracy to nearest tenth of a foot,6544,Santa Cruz Mid-County Groundwater Agency GSA,NA,5092,Soquel Creek Water District
46795,369701N1219065W004,2590627,2004-06-17T12:00:00Z,11.44,12.08,0,17.71,-6.27,17.71,18.35,NA,Electric sounder measurement,Water level accuracy to nearest tenth of a foot,6544,Santa Cruz Mid-County Groundwater Agency GSA,NA,5092,Soquel Creek Water District
46795,369701N1219065W004,2590623,2004-05-03T12:00:00Z,11.44,12.08,0,12.87,-1.43,12.87,13.51,NA,Electric sounder measurement,Water level accuracy to nearest tenth of a foot,6544,Santa Cruz Mid-County Groundwater Agency GSA,NA,5092,Soquel Creek Water District
46795,369701N1219065W004,2590619,2004-04-07T12:00:00Z,11.44,12.08,0,10.56,0.88,10.56,11.2,NA,Electric sounder measurement,Water level accuracy to nearest tenth of a foot,6544,Santa Cruz Mid-County Groundwater Agency GSA,NA,5092,Soquel Creek Water District
46795,369701N1219065W004,2590615,2004-03-03T12:00:00Z,11.44,12.08,0,10.56,0.88,10.56,11.2,NA,Electric sounder measurement,Water level accuracy to nearest tenth of a foot,6544,Santa Cruz Mid-County Groundwater Agency GSA,NA,5092,Soquel Creek Water District
46795,369701N1219065W004,2590610,2004-02-11T12:00:00Z,11.44,12.08,0,10.79,0.65,10.79,11.43,NA,Electric sounder measurement,Water level accuracy to nearest tenth of a foot,6544,Santa Cruz Mid-County Groundwater Agency GSA,NA,5092,Soquel Creek Water District
46795,369701N1219065W004,2590606,2004-01-26T12:00:00Z,11.44,12.08,0,9.87,1.57,9.87,10.51,NA,Electric sounder measurement,Water level accuracy to nearest tenth of a foot,6544,Santa Cruz Mid-County Groundwater Agency GSA,NA,5092,Soquel Creek Water District
46795,369701N1219065W004,2590602,2003-12-10T12:00:00Z,11.44,12.08,0,12.64,-1.2,12.64,13.28,NA,Electric sounder measurement,Water level accuracy to nearest tenth of a foot,6544,Santa Cruz Mid-County Groundwater Agency GSA,NA,5092,Soquel Creek Water District
46795,369701N1219065W004,2590598,2003-11-05T12:00:00Z,11.44,12.08,0,17.02,-5.58,17.02,17.66,NA,Electric sounder measurement,Water level accuracy to nearest tenth of a foot,6544,Santa Cruz Mid-County Groundwater Agency GSA,NA,5092,Soquel Creek Water District
46795,369701N1219065W004,2590595,2003-10-09T12:00:00Z,11.44,12.08,0,17.94,-6.5,17.94,18.58,NA,Electric sounder measurement,Water level accuracy to nearest tenth of a foot,6544,Santa Cruz Mid-County Groundwater Agency GSA,NA,5092,Soquel Creek Water District
46795,369701N1219065W004,2590590,2003-09-18T12:00:00Z,11.44,12.08,0,19.1,-7.66,19.1,19.74,NA,Electric sounder measurement,Water level accuracy to nearest tenth of a foot,6544,Santa Cruz Mid-County Groundwater Agency GSA,NA,5092,Soquel Creek Water District
46795,369701N1219065W004,2590586,2003-08-11T12:00:00Z,11.44,12.08,0,19.1,-7.66,19.1,19.74,NA,Electric sounder measurement,Water level accuracy to nearest tenth of a foot,6544,Santa Cruz Mid-County Groundwater Agency GSA,NA,5092,Soquel Creek Water District
46795,369701N1219065W004,2590582,2003-07-15T12:00:00Z,11.44,12.08,0,15.4,-3.96,15.4,16.04,NA,Electric sounder measurement,Water level accuracy to nearest tenth of a foot,6544,Santa Cruz Mid-County Groundwater Agency GSA,NA,5092,Soquel Creek Water District
46795,369701N1219065W004,2590576,2003-06-04T12:00:00Z,11.44,12.08,0,11.02,0.42,11.02,11.66,NA,Electric sounder measurement,Water level accuracy to nearest tenth of a foot,6544,Santa Cruz Mid-County Groundwater Agency GSA,NA,5092,Soquel Creek Water District
46795,369701N1219065W004,2590572,2003-05-07T12:00:00Z,11.44,12.08,0,8.94,2.5,8.94,9.58,NA,Electric sounder measurement,Water level accuracy to nearest tenth of a foot,6544,Santa Cruz Mid-County Groundwater Agency GSA,NA,5092,Soquel Creek Water District
46795,369701N1219065W004,2590568,2003-04-08T12:00:00Z,11.44,12.08,0,8.25,3.19,8.25,8.89,NA,Electric sounder measurement,Water level accuracy to nearest tenth of a foot,6544,Santa Cruz Mid-County Groundwater Agency GSA,NA,5092,Soquel Creek Water District
46795,369701N1219065W004,2590564,2003-03-03T12:00:00Z,11.44,12.08,0,8.25,3.19,8.25,8.89,NA,Electric sounder measurement,Water level accuracy to nearest tenth of a foot,6544,Santa Cruz Mid-County Groundwater Agency GSA,NA,5092,Soquel Creek Water District
46795,369701N1219065W004,2590559,2003-02-04T12:00:00Z,11.44,12.08,0,8.25,3.19,8.25,8.89,NA,Electric sounder measurement,Water level accuracy to nearest tenth of a foot,6544,Santa Cruz Mid-County Groundwater Agency GSA,NA,5092,Soquel Creek Water District
46795,369701N1219065W004,2590557,2003-01-14T12:00:00Z,11.44,12.08,0,8.02,3.42,8.02,8.66,NA,Electric sounder measurement,Water level accuracy to nearest tenth of a foot,6544,Santa Cruz Mid-County Groundwater Agency GSA,NA,5092,Soquel Creek Water District
46795,369701N1219065W004,2590553,2002-12-23T12:00:00Z,11.44,12.08,0,8.02,3.42,8.02,8.66,NA,Electric sounder measurement,Water level accuracy to nearest tenth of a foot,6544,Santa Cruz Mid-County Groundwater Agency GSA,NA,5092,Soquel Creek Water District
46795,369701N1219065W004,2590548,2002-11-07T12:00:00Z,11.44,12.08,0,14.48,-3.04,14.48,15.12,NA,Electric sounder measurement,Water level accuracy to nearest tenth of a foot,6544,Santa Cruz Mid-County Groundwater Agency GSA,NA,5092,Soquel Creek Water District
46795,369701N1219065W004,2590544,2002-10-07T12:00:00Z,11.44,12.08,0,18.86,-7.42,18.86,19.5,NA,Electric sounder measurement,Water level accuracy to nearest tenth of a foot,6544,Santa Cruz Mid-County Groundwater Agency GSA,NA,5092,Soquel Creek Water District
46795,369701N1219065W004,2590540,2002-09-04T12:00:00Z,11.44,12.08,0,18.4,-6.96,18.4,19.04,NA,Electric sounder measurement,Water level accuracy to nearest tenth of a foot,6544,Santa Cruz Mid-County Groundwater Agency GSA,NA,5092,Soquel Creek Water District
46795,369701N1219065W004,2590536,2002-08-08T12:00:00Z,11.44,12.08,0,14.02,-2.58,14.02,14.66,NA,Electric sounder measurement,Water level accuracy to nearest tenth of a foot,6544,Santa Cruz Mid-County Groundwater Agency GSA,NA,5092,Soquel Creek Water District
46795,369701N1219065W004,2590531,2002-07-15T12:00:00Z,11.44,12.08,0,14.25,-2.81,14.25,14.89,NA,Electric sounder measurement,Water level accuracy to nearest tenth of a foot,6544,Santa Cruz Mid-County Groundwater Agency GSA,NA,5092,Soquel Creek Water District
46795,369701N1219065W004,2589671,2002-06-04T12:00:00Z,11.44,12.08,0,11.94,-0.5,11.94,12.58,NA,Electric sounder measurement,Water level accuracy to nearest tenth of a foot,6544,Santa Cruz Mid-County Groundwater Agency GSA,NA,5092,Soquel Creek Water District
46795,369701N1219065W004,2589668,2002-05-01T12:00:00Z,11.44,12.08,0,12.4,-0.96,12.4,13.04,NA,Electric sounder measurement,Water level accuracy to nearest tenth of a foot,6544,Santa Cruz Mid-County Groundwater Agency GSA,NA,5092,Soquel Creek Water District
46795,369701N1219065W004,2589665,2002-04-01T12:00:00Z,11.44,12.08,0,13.14,-1.7,13.14,13.78,NA,Electric sounder measurement,Water level accuracy to nearest tenth of a foot,6544,Santa Cruz Mid-County Groundwater Agency GSA,NA,5092,Soquel Creek Water District
46795,369701N1219065W004,2589661,2002-03-01T12:00:00Z,11.44,12.08,0,11.07,0.37,11.07,11.71,NA,Electric sounder measurement,Water level accuracy to nearest tenth of a foot,6544,Santa Cruz Mid-County Groundwater Agency GSA,NA,5092,Soquel Creek Water District
46795,369701N1219065W004,2589659,2002-02-06T12:00:00Z,11.44,12.08,0,12.22,-0.78,12.22,12.86,NA,Electric sounder measurement,Water level accuracy to nearest tenth of a foot,6544,Santa Cruz Mid-County Groundwater Agency GSA,NA,5092,Soquel Creek Water District
46795,369701N1219065W004,2589655,2002-01-09T12:00:00Z,11.44,12.08,0,12.68,-1.24,12.68,13.32,NA,Electric sounder measurement,Water level accuracy to nearest tenth of a foot,6544,Santa Cruz Mid-County Groundwater Agency GSA,NA,5092,Soquel Creek Water District
46795,369701N1219065W004,2589651,2001-12-01T12:00:00Z,11.44,12.08,0,14.76,-3.32,14.76,15.4,NA,Electric sounder measurement,Water level accuracy to nearest tenth of a foot,6544,Santa Cruz Mid-County Groundwater Agency GSA,NA,5092,Soquel Creek Water District
46795,369701N1219065W004,2589648,2001-11-01T12:00:00Z,11.44,12.08,0,16.83,-5.39,16.83,17.47,NA,Electric sounder measurement,Water level accuracy to nearest tenth of a foot,6544,Santa Cruz Mid-County Groundwater Agency GSA,NA,5092,Soquel Creek Water District
46795,369701N1219065W004,2589645,2001-10-01T12:00:00Z,11.44,12.08,0,16.83,-5.39,16.83,17.47,NA,Electric sounder measurement,Water level accuracy to nearest tenth of a foot,6544,Santa Cruz Mid-County Groundwater Agency GSA,NA,5092,Soquel Creek Water District
46795,369701N1219065W004,2589643,2001-09-01T12:00:00Z,11.44,12.08,0,16.6,-5.16,16.6,17.24,NA,Electric sounder measurement,Water level accuracy to nearest tenth of a foot,6544,Santa Cruz Mid-County Groundwater Agency GSA,NA,5092,Soquel Creek Water District
46795,369701N1219065W004,2589639,2001-08-01T12:00:00Z,11.44,12.08,0,14.53,-3.09,14.53,15.17,NA,Electric sounder measurement,Water level accuracy to nearest tenth of a foot,6544,Santa Cruz Mid-County Groundwater Agency GSA,NA,5092,Soquel Creek Water District
46795,369701N1219065W004,2589636,2001-07-01T12:00:00Z,11.44,12.08,0,12.68,-1.24,12.68,13.32,NA,Electric sounder measurement,Water level accuracy to nearest tenth of a foot,6544,Santa Cruz Mid-County Groundwater Agency GSA,NA,5092,Soquel Creek Water District
46795,369701N1219065W004,2589633,2001-06-01T12:00:00Z,11.44,12.08,0,8.07,3.37,8.07,8.71,NA,Electric sounder measurement,Water level accuracy to nearest tenth of a foot,6544,Santa Cruz Mid-County Groundwater Agency GSA,NA,5092,Soquel Creek Water District
46795,369701N1219065W004,2589630,2001-05-01T12:00:00Z,11.44,12.08,0,3.22,8.22,3.22,3.86,NA,Electric sounder measurement,Water level accuracy to nearest tenth of a foot,6544,Santa Cruz Mid-County Groundwater Agency GSA,NA,5092,Soquel Creek Water District
46795,369701N1219065W004,2589626,2001-04-01T12:00:00Z,11.44,12.08,0,3.22,8.22,3.22,3.86,NA,Electric sounder measurement,Water level accuracy to nearest tenth of a foot,6544,Santa Cruz Mid-County Groundwater Agency GSA,NA,5092,Soquel Creek Water District
46795,369701N1219065W004,2589623,2001-03-01T12:00:00Z,11.44,12.08,0,2.99,8.45,2.99,3.63,NA,Electric sounder measurement,Water level accuracy to nearest tenth of a foot,6544,Santa Cruz Mid-County Groundwater Agency GSA,NA,5092,Soquel Creek Water District
46795,369701N1219065W004,2589620,2001-02-01T12:00:00Z,11.44,12.08,0,3.68,7.76,3.68,4.32,NA,Electric sounder measurement,Water level accuracy to nearest tenth of a foot,6544,Santa Cruz Mid-County Groundwater Agency GSA,NA,5092,Soquel Creek Water District
46795,369701N1219065W004,2589618,2001-01-01T12:00:00Z,11.44,12.08,0,3.68,7.76,3.68,4.32,NA,Electric sounder measurement,Water level accuracy to nearest tenth of a foot,6544,Santa Cruz Mid-County Groundwater Agency GSA,NA,5092,Soquel Creek Water District
46795,369701N1219065W004,2589613,2000-12-01T12:00:00Z,11.44,12.08,0,4.61,6.83,4.61,5.25,NA,Electric sounder measurement,Water level accuracy to nearest tenth of a foot,6544,Santa Cruz Mid-County Groundwater Agency GSA,NA,5092,Soquel Creek Water District
46795,369701N1219065W004,2589611,2000-11-01T12:00:00Z,11.44,12.08,0,8.76,2.68,8.76,9.4,NA,Electric sounder measurement,Water level accuracy to nearest tenth of a foot,6544,Santa Cruz Mid-County Groundwater Agency GSA,NA,5092,Soquel Creek Water District
46795,369701N1219065W004,2589608,2000-10-01T12:00:00Z,11.44,12.08,0,11.76,-0.32,11.76,12.4,NA,Electric sounder measurement,Water level accuracy to nearest tenth of a foot,6544,Santa Cruz Mid-County Groundwater Agency GSA,NA,5092,Soquel Creek Water District
46795,369701N1219065W004,2589605,2000-09-01T12:00:00Z,11.44,12.08,0,13.6,-2.16,13.6,14.24,NA,Electric sounder measurement,Water level accuracy to nearest tenth of a foot,6544,Santa Cruz Mid-County Groundwater Agency GSA,NA,5092,Soquel Creek Water District
46795,369701N1219065W004,2589602,2000-08-01T12:00:00Z,11.44,12.08,0,14.76,-3.32,14.76,15.4,NA,Electric sounder measurement,Water level accuracy to nearest tenth of a foot,6544,Santa Cruz Mid-County Groundwater Agency GSA,NA,5092,Soquel Creek Water District
46795,369701N1219065W004,2589599,2000-07-01T12:00:00Z,11.44,12.08,0,12.45,-1.01,12.45,13.09,NA,Electric sounder measurement,Water level accuracy to nearest tenth of a foot,6544,Santa Cruz Mid-County Groundwater Agency GSA,NA,5092,Soquel Creek Water District
46795,369701N1219065W004,2589594,2000-06-01T12:00:00Z,11.44,12.08,0,8.3,3.14,8.3,8.94,NA,Electric sounder measurement,Water level accuracy to nearest tenth of a foot,6544,Santa Cruz Mid-County Groundwater Agency GSA,NA,5092,Soquel Creek Water District
46795,369701N1219065W004,2589591,2000-05-01T12:00:00Z,11.44,12.08,0,4.61,6.83,4.61,5.25,NA,Electric sounder measurement,Water level accuracy to nearest tenth of a foot,6544,Santa Cruz Mid-County Groundwater Agency GSA,NA,5092,Soquel Creek Water District
46795,369701N1219065W004,2589588,2000-04-01T12:00:00Z,11.44,12.08,0,3.68,7.76,3.68,4.32,NA,Electric sounder measurement,Water level accuracy to nearest tenth of a foot,6544,Santa Cruz Mid-County Groundwater Agency GSA,NA,5092,Soquel Creek Water District
46795,369701N1219065W004,2589584,2000-03-01T12:00:00Z,11.44,12.08,0,4.38,7.06,4.38,5.02,NA,Electric sounder measurement,Water level accuracy to nearest tenth of a foot,6544,Santa Cruz Mid-County Groundwater Agency GSA,NA,5092,Soquel Creek Water District
46795,369701N1219065W004,2589582,2000-02-01T12:00:00Z,11.44,12.08,0,5.07,6.37,5.07,5.71,NA,Electric sounder measurement,Water level accuracy to nearest tenth of a foot,6544,Santa Cruz Mid-County Groundwater Agency GSA,NA,5092,Soquel Creek Water District
46795,369701N1219065W004,2589578,2000-01-01T12:00:00Z,11.44,12.08,0,6.68,4.76,6.68,7.32,NA,Electric sounder measurement,Water level accuracy to nearest tenth of a foot,6544,Santa Cruz Mid-County Groundwater Agency GSA,NA,5092,Soquel Creek Water District
46795,369701N1219065W004,2589575,1999-12-01T12:00:00Z,11.44,12.08,0,8.76,2.68,8.76,9.4,NA,Electric sounder measurement,Water level accuracy to nearest tenth of a foot,6544,Santa Cruz Mid-County Groundwater Agency GSA,NA,5092,Soquel Creek Water District
46795,369701N1219065W004,2589571,1999-11-01T12:00:00Z,11.44,12.08,0,10.37,1.07,10.37,11.01,NA,Electric sounder measurement,Water level accuracy to nearest tenth of a foot,6544,Santa Cruz Mid-County Groundwater Agency GSA,NA,5092,Soquel Creek Water District
46795,369701N1219065W004,2589568,1999-10-01T12:00:00Z,11.44,12.08,0,9.91,1.53,9.91,10.55,NA,Electric sounder measurement,Water level accuracy to nearest tenth of a foot,6544,Santa Cruz Mid-County Groundwater Agency GSA,NA,5092,Soquel Creek Water District
46795,369701N1219065W004,2589565,1999-09-01T12:00:00Z,11.44,12.08,0,10.84,0.6,10.84,11.48,NA,Electric sounder measurement,Water level accuracy to nearest tenth of a foot,6544,Santa Cruz Mid-County Groundwater Agency GSA,NA,5092,Soquel Creek Water District
46795,369701N1219065W004,2589562,1999-08-01T12:00:00Z,11.44,12.08,0,11.07,0.37,11.07,11.71,NA,Electric sounder measurement,Water level accuracy to nearest tenth of a foot,6544,Santa Cruz Mid-County Groundwater Agency GSA,NA,5092,Soquel Creek Water District
46795,369701N1219065W004,2589558,1999-07-01T12:00:00Z,11.44,12.08,0,9.22,2.22,9.22,9.86,NA,Electric sounder measurement,Water level accuracy to nearest tenth of a foot,6544,Santa Cruz Mid-County Groundwater Agency GSA,NA,5092,Soquel Creek Water District
46795,369701N1219065W004,2589556,1999-06-01T12:00:00Z,11.44,12.08,0,6.68,4.76,6.68,7.32,NA,Electric sounder measurement,Water level accuracy to nearest tenth of a foot,6544,Santa Cruz Mid-County Groundwater Agency GSA,NA,5092,Soquel Creek Water District
46795,369701N1219065W004,2589553,1999-05-01T12:00:00Z,11.44,12.08,0,4.38,7.06,4.38,5.02,NA,Electric sounder measurement,Water level accuracy to nearest tenth of a foot,6544,Santa Cruz Mid-County Groundwater Agency GSA,NA,5092,Soquel Creek Water District
46795,369701N1219065W004,2589550,1999-04-01T12:00:00Z,11.44,12.08,0,3.92,7.52,3.92,4.56,NA,Electric sounder measurement,Water level accuracy to nearest tenth of a foot,6544,Santa Cruz Mid-County Groundwater Agency GSA,NA,5092,Soquel Creek Water District
46795,369701N1219065W004,2589546,1999-03-01T12:00:00Z,11.44,12.08,0,5.3,6.14,5.3,5.94,NA,Electric sounder measurement,Water level accuracy to nearest tenth of a foot,6544,Santa Cruz Mid-County Groundwater Agency GSA,NA,5092,Soquel Creek Water District
46795,369701N1219065W004,2589543,1999-02-01T12:00:00Z,11.44,12.08,0,8.3,3.14,8.3,8.94,NA,Electric sounder measurement,Water level accuracy to nearest tenth of a foot,6544,Santa Cruz Mid-County Groundwater Agency GSA,NA,5092,Soquel Creek Water District
46795,369701N1219065W004,2589540,1999-01-01T12:00:00Z,11.44,12.08,0,8.07,3.37,8.07,8.71,NA,Electric sounder measurement,Water level accuracy to nearest tenth of a foot,6544,Santa Cruz Mid-County Groundwater Agency GSA,NA,5092,Soquel Creek Water District
46795,369701N1219065W004,2589537,1998-12-01T12:00:00Z,11.44,12.08,0,9.91,1.53,9.91,10.55,NA,Electric sounder measurement,Water level accuracy to nearest tenth of a foot,6544,Santa Cruz Mid-County Groundwater Agency GSA,NA,5092,Soquel Creek Water District
46795,369701N1219065W004,2589534,1998-11-01T12:00:00Z,11.44,12.08,0,12.45,-1.01,12.45,13.09,NA,Electric sounder measurement,Water level accuracy to nearest tenth of a foot,6544,Santa Cruz Mid-County Groundwater Agency GSA,NA,5092,Soquel Creek Water District
46795,369701N1219065W004,2589531,1998-10-01T12:00:00Z,11.44,12.08,0,13.14,-1.7,13.14,13.78,NA,Electric sounder measurement,Water level accuracy to nearest tenth of a foot,6544,Santa Cruz Mid-County Groundwater Agency GSA,NA,5092,Soquel Creek Water District
46795,369701N1219065W004,2589200,1998-09-01T12:00:00Z,11.44,12.08,0,13.84,-2.4,13.84,14.48,NA,Electric sounder measurement,Water level accuracy to nearest tenth of a foot,6544,Santa Cruz Mid-County Groundwater Agency GSA,NA,5092,Soquel Creek Water District
46795,369701N1219065W004,2589199,1998-08-01T12:00:00Z,11.44,12.08,0,14.3,-2.86,14.3,14.94,NA,Electric sounder measurement,Water level accuracy to nearest tenth of a foot,6544,Santa Cruz Mid-County Groundwater Agency GSA,NA,5092,Soquel Creek Water District
46795,369701N1219065W004,2589198,1998-07-01T12:00:00Z,11.44,12.08,0,11.53,-0.09,11.53,12.17,NA,Electric sounder measurement,Water level accuracy to nearest tenth of a foot,6544,Santa Cruz Mid-County Groundwater Agency GSA,NA,5092,Soquel Creek Water District
46795,369701N1219065W004,2589196,1998-06-01T12:00:00Z,11.44,12.08,0,9.68,1.76,9.68,10.32,NA,Electric sounder measurement,Water level accuracy to nearest tenth of a foot,6544,Santa Cruz Mid-County Groundwater Agency GSA,NA,5092,Soquel Creek Water District
46795,369701N1219065W004,2589195,1998-05-01T12:00:00Z,11.44,12.08,0,8.76,2.68,8.76,9.4,NA,Electric sounder measurement,Water level accuracy to nearest tenth of a foot,6544,Santa Cruz Mid-County Groundwater Agency GSA,NA,5092,Soquel Creek Water District
46795,369701N1219065W004,2589194,1998-04-01T12:00:00Z,11.44,12.08,0,9.91,1.53,9.91,10.55,NA,Electric sounder measurement,Water level accuracy to nearest tenth of a foot,6544,Santa Cruz Mid-County Groundwater Agency GSA,NA,5092,Soquel Creek Water District
46795,369701N1219065W004,2589193,1998-03-01T12:00:00Z,11.44,12.08,0,11.53,-0.09,11.53,12.17,NA,Electric sounder measurement,Water level accuracy to nearest tenth of a foot,6544,Santa Cruz Mid-County Groundwater Agency GSA,NA,5092,Soquel Creek Water District
46795,369701N1219065W004,2589191,1998-02-01T12:00:00Z,11.44,12.08,0,12.45,-1.01,12.45,13.09,NA,Electric sounder measurement,Water level accuracy to nearest tenth of a foot,6544,Santa Cruz Mid-County Groundwater Agency GSA,NA,5092,Soquel Creek Water District
46795,369701N1219065W004,2589190,1998-01-01T12:00:00Z,11.44,12.08,0,11.3,0.14,11.3,11.94,NA,Electric sounder measurement,Water level accuracy to nearest tenth of a foot,6544,Santa Cruz Mid-County Groundwater Agency GSA,NA,5092,Soquel Creek Water District
46795,369701N1219065W004,2589189,1997-12-01T12:00:00Z,11.44,12.08,0,13.37,-1.93,13.37,14.01,NA,Electric sounder measurement,Water level accuracy to nearest tenth of a foot,6544,Santa Cruz Mid-County Groundwater Agency GSA,NA,5092,Soquel Creek Water District
46795,369701N1219065W004,2589187,1997-11-01T12:00:00Z,11.44,12.08,0,14.07,-2.63,14.07,14.71,NA,Electric sounder measurement,Water level accuracy to nearest tenth of a foot,6544,Santa Cruz Mid-County Groundwater Agency GSA,NA,5092,Soquel Creek Water District
46795,369701N1219065W004,2589186,1997-10-01T12:00:00Z,11.44,12.08,0,14.3,-2.86,14.3,14.94,NA,Electric sounder measurement,Water level accuracy to nearest tenth of a foot,6544,Santa Cruz Mid-County Groundwater Agency GSA,NA,5092,Soquel Creek Water District
46795,369701N1219065W004,2589185,1997-09-01T12:00:00Z,11.44,12.08,0,14.3,-2.86,14.3,14.94,NA,Electric sounder measurement,Water level accuracy to nearest tenth of a foot,6544,Santa Cruz Mid-County Groundwater Agency GSA,NA,5092,Soquel Creek Water District
46795,369701N1219065W004,2589184,1997-08-01T12:00:00Z,11.44,12.08,0,13.6,-2.16,13.6,14.24,NA,Electric sounder measurement,Water level accuracy to nearest tenth of a foot,6544,Santa Cruz Mid-County Groundwater Agency GSA,NA,5092,Soquel Creek Water District
46795,369701N1219065W004,2589183,1997-07-01T12:00:00Z,11.44,12.08,0,11.3,0.14,11.3,11.94,NA,Electric sounder measurement,Water level accuracy to nearest tenth of a foot,6544,Santa Cruz Mid-County Groundwater Agency GSA,NA,5092,Soquel Creek Water District
46795,369701N1219065W004,2589181,1997-06-01T12:00:00Z,11.44,12.08,0,10.84,0.6,10.84,11.48,NA,Electric sounder measurement,Water level accuracy to nearest tenth of a foot,6544,Santa Cruz Mid-County Groundwater Agency GSA,NA,5092,Soquel Creek Water District
46795,369701N1219065W004,2589180,1997-05-01T12:00:00Z,11.44,12.08,0,10.37,1.07,10.37,11.01,NA,Electric sounder measurement,Water level accuracy to nearest tenth of a foot,6544,Santa Cruz Mid-County Groundwater Agency GSA,NA,5092,Soquel Creek Water District
46795,369701N1219065W004,2589179,1997-04-01T12:00:00Z,11.44,12.08,0,8.53,2.91,8.53,9.17,NA,Electric sounder measurement,Water level accuracy to nearest tenth of a foot,6544,Santa Cruz Mid-County Groundwater Agency GSA,NA,5092,Soquel Creek Water District
46795,369701N1219065W004,2589178,1997-03-01T12:00:00Z,11.44,12.08,0,8.76,2.68,8.76,9.4,NA,Electric sounder measurement,Water level accuracy to nearest tenth of a foot,6544,Santa Cruz Mid-County Groundwater Agency GSA,NA,5092,Soquel Creek Water District
46795,369701N1219065W004,2589176,1997-02-01T12:00:00Z,11.44,12.08,0,9.22,2.22,9.22,9.86,NA,Electric sounder measurement,Water level accuracy to nearest tenth of a foot,6544,Santa Cruz Mid-County Groundwater Agency GSA,NA,5092,Soquel Creek Water District
46795,369701N1219065W004,2589175,1997-01-01T12:00:00Z,11.44,12.08,0,8.53,2.91,8.53,9.17,NA,Electric sounder measurement,Water level accuracy to nearest tenth of a foot,6544,Santa Cruz Mid-County Groundwater Agency GSA,NA,5092,Soquel Creek Water District
46795,369701N1219065W004,2589174,1996-12-01T12:00:00Z,11.44,12.08,0,10.61,0.83,10.61,11.25,NA,Electric sounder measurement,Water level accuracy to nearest tenth of a foot,6544,Santa Cruz Mid-County Groundwater Agency GSA,NA,5092,Soquel Creek Water District
46795,369701N1219065W004,2589173,1996-11-01T12:00:00Z,11.44,12.08,0,11.53,-0.09,11.53,12.17,NA,Electric sounder measurement,Water level accuracy to nearest tenth of a foot,6544,Santa Cruz Mid-County Groundwater Agency GSA,NA,5092,Soquel Creek Water District
46795,369701N1219065W004,2589172,1996-10-01T12:00:00Z,11.44,12.08,0,12.45,-1.01,12.45,13.09,NA,Electric sounder measurement,Water level accuracy to nearest tenth of a foot,6544,Santa Cruz Mid-County Groundwater Agency GSA,NA,5092,Soquel Creek Water District
46795,369701N1219065W004,2589170,1996-09-01T12:00:00Z,11.44,12.08,0,13.84,-2.4,13.84,14.48,NA,Electric sounder measurement,Water level accuracy to nearest tenth of a foot,6544,Santa Cruz Mid-County Groundwater Agency GSA,NA,5092,Soquel Creek Water District
46795,369701N1219065W004,2589169,1996-08-01T12:00:00Z,11.44,12.08,0,12.22,-0.78,12.22,12.86,NA,Electric sounder measurement,Water level accuracy to nearest tenth of a foot,6544,Santa Cruz Mid-County Groundwater Agency GSA,NA,5092,Soquel Creek Water District
46795,369701N1219065W004,2589168,1996-07-01T12:00:00Z,11.44,12.08,0,10.37,1.07,10.37,11.01,NA,Electric sounder measurement,Water level accuracy to nearest tenth of a foot,6544,Santa Cruz Mid-County Groundwater Agency GSA,NA,5092,Soquel Creek Water District
46795,369701N1219065W004,2589167,1996-06-01T12:00:00Z,11.44,12.08,0,9.91,1.53,9.91,10.55,NA,Electric sounder measurement,Water level accuracy to nearest tenth of a foot,6544,Santa Cruz Mid-County Groundwater Agency GSA,NA,5092,Soquel Creek Water District
46795,369701N1219065W004,2589165,1996-05-01T12:00:00Z,11.44,12.08,0,8.76,2.68,8.76,9.4,NA,Electric sounder measurement,Water level accuracy to nearest tenth of a foot,6544,Santa Cruz Mid-County Groundwater Agency GSA,NA,5092,Soquel Creek Water District
46795,369701N1219065W004,2589164,1996-04-01T12:00:00Z,11.44,12.08,0,8.99,2.45,8.99,9.63,NA,Electric sounder measurement,Water level accuracy to nearest tenth of a foot,6544,Santa Cruz Mid-County Groundwater Agency GSA,NA,5092,Soquel Creek Water District
46795,369701N1219065W004,2589163,1996-03-01T12:00:00Z,11.44,12.08,0,10.84,0.6,10.84,11.48,NA,Electric sounder measurement,Water level accuracy to nearest tenth of a foot,6544,Santa Cruz Mid-County Groundwater Agency GSA,NA,5092,Soquel Creek Water District
