STN_ID,SITE_CODE,WLM_ID,MSMT_DATE,WLM_RPE,WLM_GSE,RDNG_WS,RDNG_RP,WSE,RPE_WSE,GSE_WSE,WLM_QA_DESC,WLM_DESC,WLM_ACC_DESC,WLM_ORG_ID,WLM_ORG_NAME,MSMT_CMT,COOP_AGENCY_ORG_ID,COOP_ORG_NAME
47662,373161N1217973W004,2632300,2020-06-10T13:12:00Z,188.36,189.15,0,17.25,171.11,17.25,18.04,NA,Electric sounder measurement,Water level accuracy to nearest tenth of a foot,274,Santa Clara Valley Water District,NA,274,Santa Clara Valley Water District
47662,373161N1217973W004,2632299,2020-05-12T09:58:00Z,188.36,189.15,0,17,171.36,17,17.79,NA,Electric sounder measurement,Water level accuracy to nearest tenth of a foot,274,Santa Clara Valley Water District,NA,274,Santa Clara Valley Water District
47662,373161N1217973W004,2618762,2020-03-16T11:30:00Z,188.36,189.15,0,17.09,171.27,17.09,17.88,NA,Electric sounder measurement,Water level accuracy to nearest tenth of a foot,274,Santa Clara Valley Water District,NA,274,Santa Clara Valley Water District
47662,373161N1217973W004,2618761,2020-02-20T13:48:00Z,188.36,189.15,0,16.9,171.46,16.9,17.69,NA,Electric sounder measurement,Water level accuracy to nearest tenth of a foot,274,Santa Clara Valley Water District,NA,274,Santa Clara Valley Water District
47662,373161N1217973W004,2618760,2020-01-13T12:26:00Z,188.36,189.15,0,16.65,171.71,16.65,17.44,NA,Electric sounder measurement,Water level accuracy to nearest tenth of a foot,274,Santa Clara Valley Water District,NA,274,Santa Clara Valley Water District
47662,373161N1217973W004,2537432,2019-12-11T11:52:00Z,188.36,189.15,0,16.61,171.75,16.61,17.4,NA,Electric sounder measurement,Water level accuracy to nearest tenth of a foot,274,Santa Clara Valley Water District,NA,274,Santa Clara Valley Water District
47662,373161N1217973W004,2537431,2019-11-14T11:05:00Z,188.36,189.15,0,16.47,171.89,16.47,17.26,NA,Electric sounder measurement,Water level accuracy to nearest tenth of a foot,274,Santa Clara Valley Water District,NA,274,Santa Clara Valley Water District
47662,373161N1217973W004,2537430,2019-10-18T14:21:00Z,188.36,189.15,0,15.97,172.39,15.97,16.76,NA,Electric sounder measurement,Water level accuracy to nearest tenth of a foot,274,Santa Clara Valley Water District,NA,274,Santa Clara Valley Water District
47662,373161N1217973W004,2478520,2019-08-21T08:42:00Z,188.36,189.15,0,15.06,173.3,15.06,15.85,NA,Electric sounder measurement,Water level accuracy to nearest tenth of a foot,274,Santa Clara Valley Water District,NA,274,Santa Clara Valley Water District
47662,373161N1217973W004,2478519,2019-07-18T08:30:00Z,188.36,189.15,0,14.48,173.88,14.48,15.27,NA,Electric sounder measurement,Water level accuracy to nearest tenth of a foot,274,Santa Clara Valley Water District,NA,274,Santa Clara Valley Water District
47662,373161N1217973W004,2467769,2019-06-12T08:59:00Z,188.36,189.15,0,14.29,174.07,14.29,15.08,NA,Electric sounder measurement,Water level accuracy to nearest tenth of a foot,274,Santa Clara Valley Water District,NA,274,Santa Clara Valley Water District
47662,373161N1217973W004,2467768,2019-05-14T08:31:00Z,188.36,189.15,0,14.59,173.77,14.59,15.38,NA,Electric sounder measurement,Water level accuracy to nearest tenth of a foot,274,Santa Clara Valley Water District,NA,274,Santa Clara Valley Water District
47662,373161N1217973W004,2455910,2019-04-15T08:26:00Z,188.36,189.15,0,14.81,173.55,14.81,15.6,NA,Electric sounder measurement,Water level accuracy to nearest tenth of a foot,274,Santa Clara Valley Water District,NA,274,Santa Clara Valley Water District
47662,373161N1217973W004,2455719,2019-03-15T08:17:00Z,188.36,189.15,0,16.11,172.25,16.11,16.9,NA,Electric sounder measurement,Water level accuracy to nearest tenth of a foot,274,Santa Clara Valley Water District,NA,274,Santa Clara Valley Water District
47662,373161N1217973W004,2455718,2019-02-14T09:30:00Z,188.36,189.15,0,18.04,170.32,18.04,18.83,NA,Electric sounder measurement,Water level accuracy to nearest tenth of a foot,274,Santa Clara Valley Water District,NA,274,Santa Clara Valley Water District
47662,373161N1217973W004,2455717,2019-01-15T10:11:00Z,188.36,189.15,0,18.84,169.52,18.84,19.63,NA,Electric sounder measurement,Water level accuracy to nearest tenth of a foot,274,Santa Clara Valley Water District,NA,274,Santa Clara Valley Water District
47662,373161N1217973W004,2455376,2018-12-11T09:44:00Z,188.36,189.15,0,19.09,169.27,19.09,19.88,NA,Electric sounder measurement,Water level accuracy to nearest tenth of a foot,274,Santa Clara Valley Water District,NA,274,Santa Clara Valley Water District
47662,373161N1217973W004,2455375,2018-11-28T15:01:00Z,188.36,189.15,0,19,169.36,19,19.79,NA,Electric sounder measurement,Water level accuracy to nearest tenth of a foot,274,Santa Clara Valley Water District,NA,274,Santa Clara Valley Water District
47662,373161N1217973W004,2428947,2018-10-16T08:27:00Z,188.36,189.15,0,18.53,169.83,18.53,19.32,NA,Electric sounder measurement,Water level accuracy to nearest tenth of a foot,274,Santa Clara Valley Water District,NA,274,Santa Clara Valley Water District
47662,373161N1217973W004,2428946,2018-09-18T08:52:00Z,188.36,189.15,0,18.06,170.3,18.06,18.85,NA,Electric sounder measurement,Water level accuracy to nearest tenth of a foot,274,Santa Clara Valley Water District,NA,274,Santa Clara Valley Water District
47662,373161N1217973W004,2428945,2018-08-21T08:28:00Z,188.36,189.15,0,17.71,170.65,17.71,18.5,NA,Electric sounder measurement,Water level accuracy to nearest tenth of a foot,274,Santa Clara Valley Water District,NA,274,Santa Clara Valley Water District
47662,373161N1217973W004,2428944,2018-07-17T08:27:00Z,188.36,189.15,0,17.29,171.07,17.29,18.08,NA,Electric sounder measurement,Water level accuracy to nearest tenth of a foot,274,Santa Clara Valley Water District,NA,274,Santa Clara Valley Water District
47662,373161N1217973W004,2394336,2018-03-15T00:00:00Z,188.35,189.15,0,17.05,171.3,17.05,17.85,NA,Electric sounder measurement,Water level accuracy to nearest tenth of a foot,1,Department of Water Resources,NA,274,Santa Clara Valley Water District
47662,373161N1217973W004,2394335,2018-02-21T00:00:00Z,188.35,189.15,0,17.05,171.3,17.05,17.85,NA,Electric sounder measurement,Water level accuracy to nearest tenth of a foot,1,Department of Water Resources,NA,274,Santa Clara Valley Water District
47662,373161N1217973W004,2394334,2018-01-16T00:00:00Z,188.35,189.15,0,17,171.35,17,17.8,NA,Electric sounder measurement,Water level accuracy to nearest tenth of a foot,1,Department of Water Resources,NA,274,Santa Clara Valley Water District
47662,373161N1217973W004,2394333,2017-12-13T00:00:00Z,188.35,189.15,0,16.62,171.73,16.62,17.42,NA,Electric sounder measurement,Water level accuracy to nearest tenth of a foot,1,Department of Water Resources,NA,274,Santa Clara Valley Water District
47662,373161N1217973W004,2394332,2017-11-14T00:00:00Z,188.35,189.15,0,16.36,171.99,16.36,17.16,NA,Electric sounder measurement,Water level accuracy to nearest tenth of a foot,1,Department of Water Resources,NA,274,Santa Clara Valley Water District
47662,373161N1217973W004,2394331,2017-10-17T00:00:00Z,188.35,189.15,0,15.94,172.41,15.94,16.74,NA,Electric sounder measurement,Water level accuracy to nearest tenth of a foot,1,Department of Water Resources,NA,274,Santa Clara Valley Water District
47662,373161N1217973W004,2394330,2017-09-15T00:00:00Z,188.35,189.15,0,15.37,172.98,15.37,16.17,NA,Electric sounder measurement,Water level accuracy to nearest tenth of a foot,1,Department of Water Resources,NA,274,Santa Clara Valley Water District
47662,373161N1217973W004,2394329,2017-08-18T00:00:00Z,188.35,189.15,0,14.82,173.53,14.82,15.62,NA,Electric sounder measurement,Water level accuracy to nearest tenth of a foot,1,Department of Water Resources,NA,274,Santa Clara Valley Water District
47662,373161N1217973W004,2394328,2017-07-25T00:00:00Z,188.35,189.15,0,14.32,174.03,14.32,15.12,NA,Electric sounder measurement,Water level accuracy to nearest tenth of a foot,1,Department of Water Resources,NA,274,Santa Clara Valley Water District
47662,373161N1217973W004,2394327,2017-06-13T00:00:00Z,188.35,189.15,0,13.62,174.73,13.62,14.42,NA,Electric sounder measurement,Water level accuracy to nearest tenth of a foot,1,Department of Water Resources,NA,274,Santa Clara Valley Water District
47662,373161N1217973W004,2394326,2017-05-12T00:00:00Z,188.35,189.15,0,13.55,174.8,13.55,14.35,NA,Electric sounder measurement,Water level accuracy to nearest tenth of a foot,1,Department of Water Resources,NA,274,Santa Clara Valley Water District
47662,373161N1217973W004,2394325,2017-04-17T00:00:00Z,188.35,189.15,0,13.91,174.44,13.91,14.71,NA,Electric sounder measurement,Water level accuracy to nearest tenth of a foot,1,Department of Water Resources,NA,274,Santa Clara Valley Water District
47662,373161N1217973W004,2394324,2017-03-14T00:00:00Z,188.35,189.15,0,15.39,172.96,15.39,16.19,NA,Electric sounder measurement,Water level accuracy to nearest tenth of a foot,1,Department of Water Resources,NA,274,Santa Clara Valley Water District
47662,373161N1217973W004,2394323,2017-02-14T00:00:00Z,188.35,189.15,0,19,169.35,19,19.8,NA,Electric sounder measurement,Water level accuracy to nearest tenth of a foot,1,Department of Water Resources,NA,274,Santa Clara Valley Water District
47662,373161N1217973W004,2394322,2017-01-19T00:00:00Z,188.35,189.15,0,19.25,169.1,19.25,20.05,NA,Electric sounder measurement,Water level accuracy to nearest tenth of a foot,1,Department of Water Resources,NA,274,Santa Clara Valley Water District
47662,373161N1217973W004,2394321,2016-12-14T00:00:00Z,188.35,189.15,0,20,168.35,20,20.8,NA,Electric sounder measurement,Water level accuracy to nearest tenth of a foot,1,Department of Water Resources,NA,274,Santa Clara Valley Water District
47662,373161N1217973W004,2394320,2016-11-14T00:00:00Z,188.35,189.15,0,20.1,168.25,20.1,20.9,NA,Electric sounder measurement,Water level accuracy to nearest tenth of a foot,1,Department of Water Resources,NA,274,Santa Clara Valley Water District
47662,373161N1217973W004,2394319,2016-10-18T00:00:00Z,188.35,189.15,0,20.15,168.2,20.15,20.95,NA,Electric sounder measurement,Water level accuracy to nearest tenth of a foot,1,Department of Water Resources,NA,274,Santa Clara Valley Water District
47662,373161N1217973W004,2394318,2016-09-15T00:00:00Z,188.35,189.15,0,19.93,168.42,19.93,20.73,NA,Electric sounder measurement,Water level accuracy to nearest tenth of a foot,1,Department of Water Resources,NA,274,Santa Clara Valley Water District
47662,373161N1217973W004,2394317,2016-08-17T00:00:00Z,188.35,189.15,0,19.5,168.85,19.5,20.3,NA,Electric sounder measurement,Water level accuracy to nearest tenth of a foot,1,Department of Water Resources,NA,274,Santa Clara Valley Water District
47662,373161N1217973W004,2394316,2016-07-18T00:00:00Z,188.35,189.15,0,19.09,169.26,19.09,19.89,NA,Electric sounder measurement,Water level accuracy to nearest tenth of a foot,1,Department of Water Resources,NA,274,Santa Clara Valley Water District
47662,373161N1217973W004,2394315,2016-06-16T00:00:00Z,188.35,189.15,0,18.73,169.62,18.73,19.53,NA,Electric sounder measurement,Water level accuracy to nearest tenth of a foot,1,Department of Water Resources,NA,274,Santa Clara Valley Water District
47662,373161N1217973W004,2394314,2016-05-13T00:00:00Z,188.35,189.15,0,18.6,169.75,18.6,19.4,NA,Electric sounder measurement,Water level accuracy to nearest tenth of a foot,1,Department of Water Resources,NA,274,Santa Clara Valley Water District
47662,373161N1217973W004,2394313,2016-04-19T00:00:00Z,188.35,189.15,0,18.9,169.45,18.9,19.7,NA,Electric sounder measurement,Water level accuracy to nearest tenth of a foot,1,Department of Water Resources,NA,274,Santa Clara Valley Water District
47662,373161N1217973W004,2394312,2016-03-14T00:00:00Z,188.35,189.15,0,19.85,168.5,19.85,20.65,NA,Electric sounder measurement,Water level accuracy to nearest tenth of a foot,1,Department of Water Resources,NA,274,Santa Clara Valley Water District
47662,373161N1217973W004,2394311,2016-02-18T00:00:00Z,188.35,189.15,0,20.37,167.98,20.37,21.17,NA,Electric sounder measurement,Water level accuracy to nearest tenth of a foot,1,Department of Water Resources,NA,274,Santa Clara Valley Water District
47662,373161N1217973W004,2394310,2016-01-19T00:00:00Z,188.35,189.15,0,21.13,167.22,21.13,21.93,NA,Electric sounder measurement,Water level accuracy to nearest tenth of a foot,1,Department of Water Resources,NA,274,Santa Clara Valley Water District
47662,373161N1217973W004,2394309,2015-12-15T00:00:00Z,188.35,189.15,0,21.55,166.8,21.55,22.35,NA,Electric sounder measurement,Water level accuracy to nearest tenth of a foot,1,Department of Water Resources,NA,274,Santa Clara Valley Water District
47662,373161N1217973W004,2394308,2015-11-19T00:00:00Z,188.35,189.15,0,21.43,166.92,21.43,22.23,NA,Electric sounder measurement,Water level accuracy to nearest tenth of a foot,1,Department of Water Resources,NA,274,Santa Clara Valley Water District
47662,373161N1217973W004,2394307,2015-10-13T00:00:00Z,188.35,189.15,0,21.05,167.3,21.05,21.85,NA,Electric sounder measurement,Water level accuracy to nearest tenth of a foot,1,Department of Water Resources,NA,274,Santa Clara Valley Water District
47662,373161N1217973W004,2394306,2015-09-15T00:00:00Z,188.35,189.15,0,20.56,167.79,20.56,21.36,NA,Electric sounder measurement,Water level accuracy to nearest tenth of a foot,1,Department of Water Resources,NA,274,Santa Clara Valley Water District
47662,373161N1217973W004,2394305,2015-08-19T00:00:00Z,188.35,189.15,0,20.18,168.17,20.18,20.98,NA,Electric sounder measurement,Water level accuracy to nearest tenth of a foot,1,Department of Water Resources,NA,274,Santa Clara Valley Water District
47662,373161N1217973W004,2394304,2015-07-15T00:00:00Z,188.35,189.15,0,19.74,168.61,19.74,20.54,NA,Electric sounder measurement,Water level accuracy to nearest tenth of a foot,1,Department of Water Resources,NA,274,Santa Clara Valley Water District
47662,373161N1217973W004,2394303,2015-06-15T00:00:00Z,188.35,189.15,0,19.47,168.88,19.47,20.27,NA,Electric sounder measurement,Water level accuracy to nearest tenth of a foot,1,Department of Water Resources,NA,274,Santa Clara Valley Water District
47662,373161N1217973W004,2394302,2015-05-15T00:00:00Z,188.35,189.15,0,19.18,169.17,19.18,19.98,NA,Electric sounder measurement,Water level accuracy to nearest tenth of a foot,1,Department of Water Resources,NA,274,Santa Clara Valley Water District
47662,373161N1217973W004,2394301,2015-04-14T00:00:00Z,188.35,189.15,0,19.08,169.27,19.08,19.88,NA,Electric sounder measurement,Water level accuracy to nearest tenth of a foot,1,Department of Water Resources,NA,274,Santa Clara Valley Water District
47662,373161N1217973W004,2394300,2015-03-10T00:00:00Z,188.35,189.15,0,18.97,169.38,18.97,19.77,NA,Electric sounder measurement,Water level accuracy to nearest tenth of a foot,1,Department of Water Resources,NA,274,Santa Clara Valley Water District
47662,373161N1217973W004,2394299,2015-02-11T00:00:00Z,188.35,189.15,0,19.2,169.15,19.2,20,NA,Electric sounder measurement,Water level accuracy to nearest tenth of a foot,1,Department of Water Resources,NA,274,Santa Clara Valley Water District
47662,373161N1217973W004,2394298,2015-01-15T00:00:00Z,188.35,189.15,0,19.57,168.78,19.57,20.37,NA,Electric sounder measurement,Water level accuracy to nearest tenth of a foot,1,Department of Water Resources,NA,274,Santa Clara Valley Water District
47662,373161N1217973W004,2394297,2014-12-12T00:00:00Z,188.35,189.15,0,20.87,167.48,20.87,21.67,NA,Electric sounder measurement,Water level accuracy to nearest tenth of a foot,1,Department of Water Resources,NA,274,Santa Clara Valley Water District
47662,373161N1217973W004,2394296,2014-11-17T00:00:00Z,188.35,189.15,0,21.27,167.08,21.27,22.07,NA,Electric sounder measurement,Water level accuracy to nearest tenth of a foot,1,Department of Water Resources,NA,274,Santa Clara Valley Water District
47662,373161N1217973W004,2394295,2014-10-15T00:00:00Z,188.35,189.15,0,21.06,167.29,21.06,21.86,NA,Electric sounder measurement,Water level accuracy to nearest tenth of a foot,1,Department of Water Resources,NA,274,Santa Clara Valley Water District
47662,373161N1217973W004,2394294,2014-09-10T00:00:00Z,188.35,189.15,0,20.75,167.6,20.75,21.55,NA,Electric sounder measurement,Water level accuracy to nearest tenth of a foot,1,Department of Water Resources,NA,274,Santa Clara Valley Water District
47662,373161N1217973W004,2394293,2014-08-18T00:00:00Z,188.35,189.15,0,20.59,167.76,20.59,21.39,NA,Electric sounder measurement,Water level accuracy to nearest tenth of a foot,1,Department of Water Resources,NA,274,Santa Clara Valley Water District
47662,373161N1217973W004,2394292,2014-07-10T00:00:00Z,188.35,189.15,0,20.1,168.25,20.1,20.9,NA,Electric sounder measurement,Water level accuracy to nearest tenth of a foot,1,Department of Water Resources,NA,274,Santa Clara Valley Water District
47662,373161N1217973W004,2394291,2014-06-10T00:00:00Z,188.35,189.15,0,19.57,168.78,19.57,20.37,NA,Electric sounder measurement,Water level accuracy to nearest tenth of a foot,1,Department of Water Resources,NA,274,Santa Clara Valley Water District
47662,373161N1217973W004,2394290,2014-05-08T00:00:00Z,188.35,189.15,0,19.71,168.64,19.71,20.51,NA,Electric sounder measurement,Water level accuracy to nearest tenth of a foot,1,Department of Water Resources,NA,274,Santa Clara Valley Water District
47662,373161N1217973W004,2394289,2014-04-08T00:00:00Z,188.35,189.15,0,19.63,168.72,19.63,20.43,NA,Electric sounder measurement,Water level accuracy to nearest tenth of a foot,1,Department of Water Resources,NA,274,Santa Clara Valley Water District
47662,373161N1217973W004,2394288,2014-03-10T00:00:00Z,188.35,189.15,0,19.73,168.62,19.73,20.53,NA,Electric sounder measurement,Water level accuracy to nearest tenth of a foot,1,Department of Water Resources,NA,274,Santa Clara Valley Water District
47662,373161N1217973W004,2394287,2014-02-19T00:00:00Z,188.35,189.15,0,19.83,168.52,19.83,20.63,NA,Electric sounder measurement,Water level accuracy to nearest tenth of a foot,1,Department of Water Resources,NA,274,Santa Clara Valley Water District
47662,373161N1217973W004,2394286,2014-01-21T00:00:00Z,188.35,189.15,0,19.71,168.64,19.71,20.51,NA,Electric sounder measurement,Water level accuracy to nearest tenth of a foot,1,Department of Water Resources,NA,274,Santa Clara Valley Water District
47662,373161N1217973W004,2394285,2013-12-10T00:00:00Z,188.35,189.15,0,19.36,168.99,19.36,20.16,NA,Electric sounder measurement,Water level accuracy to nearest tenth of a foot,1,Department of Water Resources,NA,274,Santa Clara Valley Water District
47662,373161N1217973W004,2394284,2013-11-13T00:00:00Z,188.35,189.15,0,19.21,169.14,19.21,20.01,NA,Electric sounder measurement,Water level accuracy to nearest tenth of a foot,1,Department of Water Resources,NA,274,Santa Clara Valley Water District
47662,373161N1217973W004,2394283,2013-10-10T00:00:00Z,188.35,189.15,0,18.84,169.51,18.84,19.64,NA,Electric sounder measurement,Water level accuracy to nearest tenth of a foot,1,Department of Water Resources,NA,274,Santa Clara Valley Water District
47662,373161N1217973W004,2394282,2013-09-04T00:00:00Z,188.35,189.15,0,18.57,169.78,18.57,19.37,NA,Electric sounder measurement,Water level accuracy to nearest tenth of a foot,1,Department of Water Resources,NA,274,Santa Clara Valley Water District
47662,373161N1217973W004,2394281,2013-08-05T00:00:00Z,188.35,189.15,0,18.18,170.17,18.18,18.98,NA,Electric sounder measurement,Water level accuracy to nearest tenth of a foot,1,Department of Water Resources,NA,274,Santa Clara Valley Water District
47662,373161N1217973W004,2394280,2013-07-02T00:00:00Z,188.35,189.15,0,17.7,170.65,17.7,18.5,NA,Electric sounder measurement,Water level accuracy to nearest tenth of a foot,1,Department of Water Resources,NA,274,Santa Clara Valley Water District
47662,373161N1217973W004,2394279,2013-06-05T00:00:00Z,188.35,189.15,0,17.3,171.05,17.3,18.1,NA,Electric sounder measurement,Water level accuracy to nearest tenth of a foot,1,Department of Water Resources,NA,274,Santa Clara Valley Water District
47662,373161N1217973W004,2394278,2013-05-01T00:00:00Z,188.35,189.15,0,16.8,171.55,16.8,17.6,NA,Electric sounder measurement,Water level accuracy to nearest tenth of a foot,1,Department of Water Resources,NA,274,Santa Clara Valley Water District
47662,373161N1217973W004,2394277,2013-04-10T00:00:00Z,188.35,189.15,0,16.5,171.85,16.5,17.3,NA,Electric sounder measurement,Water level accuracy to nearest tenth of a foot,1,Department of Water Resources,NA,274,Santa Clara Valley Water District
47662,373161N1217973W004,2394276,2013-03-05T00:00:00Z,188.35,189.15,0,16.4,171.95,16.4,17.2,NA,Electric sounder measurement,Water level accuracy to nearest tenth of a foot,1,Department of Water Resources,NA,274,Santa Clara Valley Water District
47662,373161N1217973W004,2394275,2013-02-07T00:00:00Z,188.35,189.15,0,16.4,171.95,16.4,17.2,NA,Electric sounder measurement,Water level accuracy to nearest tenth of a foot,1,Department of Water Resources,NA,274,Santa Clara Valley Water District
47662,373161N1217973W004,2394274,2013-01-08T00:00:00Z,188.35,189.15,0,16.8,171.55,16.8,17.6,NA,Electric sounder measurement,Water level accuracy to nearest tenth of a foot,1,Department of Water Resources,NA,274,Santa Clara Valley Water District
47662,373161N1217973W004,2394273,2012-12-06T00:00:00Z,188.35,189.15,0,17.3,171.05,17.3,18.1,NA,Electric sounder measurement,Water level accuracy to nearest tenth of a foot,1,Department of Water Resources,NA,274,Santa Clara Valley Water District
47662,373161N1217973W004,2394272,2012-11-01T00:00:00Z,188.35,189.15,0,17.2,171.15,17.2,18,NA,Electric sounder measurement,Water level accuracy to nearest tenth of a foot,1,Department of Water Resources,NA,274,Santa Clara Valley Water District
47662,373161N1217973W004,2394271,2012-10-02T00:00:00Z,188.35,189.15,0,16.9,171.45,16.9,17.7,NA,Electric sounder measurement,Water level accuracy to nearest tenth of a foot,1,Department of Water Resources,NA,274,Santa Clara Valley Water District
47662,373161N1217973W004,2394270,2012-09-13T00:00:00Z,188.35,189.15,0,16.7,171.65,16.7,17.5,NA,Electric sounder measurement,Water level accuracy to nearest tenth of a foot,1,Department of Water Resources,NA,274,Santa Clara Valley Water District
47662,373161N1217973W004,2394269,2012-08-09T00:00:00Z,188.35,189.15,0,16.3,172.05,16.3,17.1,NA,Electric sounder measurement,Water level accuracy to nearest tenth of a foot,1,Department of Water Resources,NA,274,Santa Clara Valley Water District
47662,373161N1217973W004,2394268,2012-07-10T00:00:00Z,188.35,189.15,0,15.9,172.45,15.9,16.7,NA,Electric sounder measurement,Water level accuracy to nearest tenth of a foot,1,Department of Water Resources,NA,274,Santa Clara Valley Water District
47662,373161N1217973W004,2394267,2012-06-07T00:00:00Z,188.35,189.15,0,15.4,172.95,15.4,16.2,NA,Electric sounder measurement,Water level accuracy to nearest tenth of a foot,1,Department of Water Resources,NA,274,Santa Clara Valley Water District
47662,373161N1217973W004,2394266,2012-05-04T00:00:00Z,188.35,189.15,0,15.2,173.15,15.2,16,NA,Electric sounder measurement,Water level accuracy to nearest tenth of a foot,1,Department of Water Resources,NA,274,Santa Clara Valley Water District
47662,373161N1217973W004,2394265,2012-04-03T00:00:00Z,188.35,189.15,0,15.3,173.05,15.3,16.1,NA,Electric sounder measurement,Water level accuracy to nearest tenth of a foot,1,Department of Water Resources,NA,274,Santa Clara Valley Water District
47662,373161N1217973W004,2394264,2012-03-09T00:00:00Z,188.35,189.15,0,15.4,172.95,15.4,16.2,NA,Electric sounder measurement,Water level accuracy to nearest tenth of a foot,1,Department of Water Resources,NA,274,Santa Clara Valley Water District
47662,373161N1217973W004,2394263,2012-02-06T00:00:00Z,188.35,189.15,0,15.1,173.25,15.1,15.9,NA,Electric sounder measurement,Water level accuracy to nearest tenth of a foot,1,Department of Water Resources,NA,274,Santa Clara Valley Water District
47662,373161N1217973W004,2394262,2012-01-04T00:00:00Z,188.35,189.15,0,14.9,173.45,14.9,15.7,NA,Electric sounder measurement,Water level accuracy to nearest tenth of a foot,1,Department of Water Resources,NA,274,Santa Clara Valley Water District
47662,373161N1217973W004,2394261,2011-12-06T00:00:00Z,188.35,189.15,0,14.6,173.75,14.6,15.4,NA,Electric sounder measurement,Water level accuracy to nearest tenth of a foot,1,Department of Water Resources,NA,274,Santa Clara Valley Water District
47662,373161N1217973W004,2394260,2011-11-06T00:00:00Z,188.35,189.15,0,14.4,173.95,14.4,15.2,NA,Electric sounder measurement,Water level accuracy to nearest tenth of a foot,1,Department of Water Resources,NA,274,Santa Clara Valley Water District
47662,373161N1217973W004,2394259,2011-10-05T00:00:00Z,188.35,189.15,0,14.1,174.25,14.1,14.9,NA,Electric sounder measurement,Water level accuracy to nearest tenth of a foot,1,Department of Water Resources,NA,274,Santa Clara Valley Water District
47662,373161N1217973W004,2394258,2011-09-07T00:00:00Z,188.35,189.15,0,13.7,174.65,13.7,14.5,NA,Electric sounder measurement,Water level accuracy to nearest tenth of a foot,1,Department of Water Resources,NA,274,Santa Clara Valley Water District
47662,373161N1217973W004,2394257,2011-08-02T00:00:00Z,188.35,189.15,0,13.1,175.25,13.1,13.9,NA,Electric sounder measurement,Water level accuracy to nearest tenth of a foot,1,Department of Water Resources,NA,274,Santa Clara Valley Water District
47662,373161N1217973W004,2394256,2011-07-11T00:00:00Z,188.35,189.15,0,12.9,175.45,12.9,13.7,NA,Electric sounder measurement,Water level accuracy to nearest tenth of a foot,1,Department of Water Resources,NA,274,Santa Clara Valley Water District
47662,373161N1217973W004,2394255,2011-06-02T00:00:00Z,188.35,189.15,0,12.8,175.55,12.8,13.6,NA,Electric sounder measurement,Water level accuracy to nearest tenth of a foot,1,Department of Water Resources,NA,274,Santa Clara Valley Water District
47662,373161N1217973W004,2394254,2011-05-03T00:00:00Z,188.35,189.15,0,17.9,170.45,17.9,18.7,NA,Electric sounder measurement,Water level accuracy to nearest tenth of a foot,1,Department of Water Resources,NA,274,Santa Clara Valley Water District
47662,373161N1217973W004,2394253,2011-04-08T00:00:00Z,188.35,189.15,0,18.1,170.25,18.1,18.9,NA,Electric sounder measurement,Water level accuracy to nearest tenth of a foot,1,Department of Water Resources,NA,274,Santa Clara Valley Water District
47662,373161N1217973W004,2394252,2011-03-08T00:00:00Z,188.35,189.15,0,19,169.35,19,19.8,NA,Electric sounder measurement,Water level accuracy to nearest tenth of a foot,1,Department of Water Resources,NA,274,Santa Clara Valley Water District
47662,373161N1217973W004,2394251,2011-02-02T00:00:00Z,188.35,189.15,0,19.5,168.85,19.5,20.3,NA,Electric sounder measurement,Water level accuracy to nearest tenth of a foot,1,Department of Water Resources,NA,274,Santa Clara Valley Water District
47662,373161N1217973W004,2394250,2011-01-10T00:00:00Z,188.35,189.15,0,19.6,168.75,19.6,20.4,NA,Electric sounder measurement,Water level accuracy to nearest tenth of a foot,1,Department of Water Resources,NA,274,Santa Clara Valley Water District
47662,373161N1217973W004,2394249,2010-12-02T00:00:00Z,188.35,189.15,0,19.9,168.45,19.9,20.7,NA,Electric sounder measurement,Water level accuracy to nearest tenth of a foot,1,Department of Water Resources,NA,274,Santa Clara Valley Water District
47662,373161N1217973W004,2394248,2010-11-02T00:00:00Z,188.35,189.15,0,19.9,168.45,19.9,20.7,NA,Electric sounder measurement,Water level accuracy to nearest tenth of a foot,1,Department of Water Resources,NA,274,Santa Clara Valley Water District
47662,373161N1217973W004,2394247,2010-10-05T00:00:00Z,188.35,189.15,0,19.6,168.75,19.6,20.4,NA,Electric sounder measurement,Water level accuracy to nearest tenth of a foot,1,Department of Water Resources,NA,274,Santa Clara Valley Water District
47662,373161N1217973W004,2394246,2010-09-02T00:00:00Z,188.35,189.15,0,19.2,169.15,19.2,20,NA,Electric sounder measurement,Water level accuracy to nearest tenth of a foot,1,Department of Water Resources,NA,274,Santa Clara Valley Water District
47662,373161N1217973W004,2394245,2010-08-04T00:00:00Z,188.35,189.15,0,18.9,169.45,18.9,19.7,NA,Electric sounder measurement,Water level accuracy to nearest tenth of a foot,1,Department of Water Resources,NA,274,Santa Clara Valley Water District
47662,373161N1217973W004,2394244,2010-07-12T00:00:00Z,188.35,189.15,0,18.6,169.75,18.6,19.4,NA,Electric sounder measurement,Water level accuracy to nearest tenth of a foot,1,Department of Water Resources,NA,274,Santa Clara Valley Water District
47662,373161N1217973W004,2394243,2010-06-08T00:00:00Z,188.35,189.15,0,18.4,169.95,18.4,19.2,NA,Electric sounder measurement,Water level accuracy to nearest tenth of a foot,1,Department of Water Resources,NA,274,Santa Clara Valley Water District
47662,373161N1217973W004,2394242,2010-05-05T00:00:00Z,188.35,189.15,0,18.7,169.65,18.7,19.5,NA,Electric sounder measurement,Water level accuracy to nearest tenth of a foot,1,Department of Water Resources,NA,274,Santa Clara Valley Water District
47662,373161N1217973W004,2394241,2010-04-14T00:00:00Z,188.35,189.15,0,19.1,169.25,19.1,19.9,NA,Electric sounder measurement,Water level accuracy to nearest tenth of a foot,1,Department of Water Resources,NA,274,Santa Clara Valley Water District
47662,373161N1217973W004,2394240,2010-03-10T00:00:00Z,188.35,189.15,0,19.7,168.65,19.7,20.5,NA,Electric sounder measurement,Water level accuracy to nearest tenth of a foot,1,Department of Water Resources,NA,274,Santa Clara Valley Water District
47662,373161N1217973W004,2394239,2010-02-02T00:00:00Z,188.35,189.15,0,20.6,167.75,20.6,21.4,NA,Electric sounder measurement,Water level accuracy to nearest tenth of a foot,1,Department of Water Resources,NA,274,Santa Clara Valley Water District
47662,373161N1217973W004,2394238,2010-01-06T00:00:00Z,188.35,189.15,0,21.5,166.85,21.5,22.3,NA,Electric sounder measurement,Water level accuracy to nearest tenth of a foot,1,Department of Water Resources,NA,274,Santa Clara Valley Water District
47662,373161N1217973W004,2394237,2009-12-02T00:00:00Z,188.35,189.15,0,21.7,166.65,21.7,22.5,NA,Electric sounder measurement,Water level accuracy to nearest tenth of a foot,1,Department of Water Resources,NA,274,Santa Clara Valley Water District
47662,373161N1217973W004,2394236,2009-11-03T00:00:00Z,188.35,189.15,0,21.6,166.75,21.6,22.4,NA,Electric sounder measurement,Water level accuracy to nearest tenth of a foot,1,Department of Water Resources,NA,274,Santa Clara Valley Water District
47662,373161N1217973W004,2394235,2009-10-05T00:00:00Z,188.35,189.15,0,21.7,166.65,21.7,22.5,NA,Electric sounder measurement,Water level accuracy to nearest tenth of a foot,1,Department of Water Resources,NA,274,Santa Clara Valley Water District
47662,373161N1217973W004,2394234,2009-09-02T00:00:00Z,188.35,189.15,0,21.3,167.05,21.3,22.1,NA,Electric sounder measurement,Water level accuracy to nearest tenth of a foot,1,Department of Water Resources,NA,274,Santa Clara Valley Water District
47662,373161N1217973W004,2394233,2009-08-10T00:00:00Z,188.35,189.15,0,21,167.35,21,21.8,NA,Electric sounder measurement,Water level accuracy to nearest tenth of a foot,1,Department of Water Resources,NA,274,Santa Clara Valley Water District
47662,373161N1217973W004,2394232,2009-07-08T00:00:00Z,188.35,189.15,0,20.5,167.85,20.5,21.3,NA,Electric sounder measurement,Water level accuracy to nearest tenth of a foot,1,Department of Water Resources,NA,274,Santa Clara Valley Water District
47662,373161N1217973W004,2394231,2009-06-03T00:00:00Z,188.35,189.15,0,20.1,168.25,20.1,20.9,NA,Electric sounder measurement,Water level accuracy to nearest tenth of a foot,1,Department of Water Resources,NA,274,Santa Clara Valley Water District
47662,373161N1217973W004,2394230,2009-05-06T00:00:00Z,188.35,189.15,0,20,168.35,20,20.8,NA,Electric sounder measurement,Water level accuracy to nearest tenth of a foot,1,Department of Water Resources,NA,274,Santa Clara Valley Water District
47662,373161N1217973W004,2394229,2009-04-01T00:00:00Z,188.35,189.15,0,20,168.35,20,20.8,NA,Electric sounder measurement,Water level accuracy to nearest tenth of a foot,1,Department of Water Resources,NA,274,Santa Clara Valley Water District
47662,373161N1217973W004,2394228,2009-03-11T00:00:00Z,188.35,189.15,0,20.4,167.95,20.4,21.2,NA,Electric sounder measurement,Water level accuracy to nearest tenth of a foot,1,Department of Water Resources,NA,274,Santa Clara Valley Water District
47662,373161N1217973W004,2394227,2009-02-02T00:00:00Z,188.35,189.15,0,21.4,166.95,21.4,22.2,NA,Electric sounder measurement,Water level accuracy to nearest tenth of a foot,1,Department of Water Resources,NA,274,Santa Clara Valley Water District
47662,373161N1217973W004,2394226,2009-01-07T00:00:00Z,188.35,189.15,0,21.5,166.85,21.5,22.3,NA,Electric sounder measurement,Water level accuracy to nearest tenth of a foot,1,Department of Water Resources,NA,274,Santa Clara Valley Water District
47662,373161N1217973W004,2394225,2008-12-02T00:00:00Z,188.35,189.15,0,21.5,166.85,21.5,22.3,NA,Electric sounder measurement,Water level accuracy to nearest tenth of a foot,1,Department of Water Resources,NA,274,Santa Clara Valley Water District
47662,373161N1217973W004,2394224,2008-11-03T00:00:00Z,188.35,189.15,0,21.4,166.95,21.4,22.2,NA,Electric sounder measurement,Water level accuracy to nearest tenth of a foot,1,Department of Water Resources,NA,274,Santa Clara Valley Water District
47662,373161N1217973W004,2394223,2008-10-20T00:00:00Z,188.35,189.15,0,21.3,167.05,21.3,22.1,NA,Electric sounder measurement,Water level accuracy to nearest tenth of a foot,1,Department of Water Resources,NA,274,Santa Clara Valley Water District
47662,373161N1217973W004,2394222,2008-09-08T00:00:00Z,188.35,189.15,0,20.7,167.65,20.7,21.5,NA,Electric sounder measurement,Water level accuracy to nearest tenth of a foot,1,Department of Water Resources,NA,274,Santa Clara Valley Water District
47662,373161N1217973W004,2394221,2008-08-11T00:00:00Z,188.35,189.15,0,20.3,168.05,20.3,21.1,NA,Electric sounder measurement,Water level accuracy to nearest tenth of a foot,1,Department of Water Resources,NA,274,Santa Clara Valley Water District
47662,373161N1217973W004,2394220,2008-07-14T00:00:00Z,188.35,189.15,0,19.9,168.45,19.9,20.7,NA,Electric sounder measurement,Water level accuracy to nearest tenth of a foot,1,Department of Water Resources,NA,274,Santa Clara Valley Water District
47662,373161N1217973W004,2394219,2008-06-12T00:00:00Z,188.35,189.15,0,19.5,168.85,19.5,20.3,NA,Electric sounder measurement,Water level accuracy to nearest tenth of a foot,1,Department of Water Resources,NA,274,Santa Clara Valley Water District
47662,373161N1217973W004,2394218,2008-05-22T00:00:00Z,188.35,189.15,0,19.2,169.15,19.2,20,NA,Electric sounder measurement,Water level accuracy to nearest tenth of a foot,1,Department of Water Resources,NA,274,Santa Clara Valley Water District
47662,373161N1217973W004,2394217,2008-04-15T00:00:00Z,188.35,189.15,0,19.2,169.15,19.2,20,NA,Electric sounder measurement,Water level accuracy to nearest tenth of a foot,1,Department of Water Resources,NA,274,Santa Clara Valley Water District
47662,373161N1217973W004,2394216,2008-03-10T00:00:00Z,188.35,189.15,0,19.3,169.05,19.3,20.1,NA,Electric sounder measurement,Water level accuracy to nearest tenth of a foot,1,Department of Water Resources,NA,274,Santa Clara Valley Water District
47662,373161N1217973W004,2394215,2008-02-21T00:00:00Z,188.35,189.15,0,19.6,168.75,19.6,20.4,NA,Electric sounder measurement,Water level accuracy to nearest tenth of a foot,1,Department of Water Resources,NA,274,Santa Clara Valley Water District
47662,373161N1217973W004,2394214,2008-01-10T00:00:00Z,188.35,189.15,0,20.2,168.15,20.2,21,NA,Electric sounder measurement,Water level accuracy to nearest tenth of a foot,1,Department of Water Resources,NA,274,Santa Clara Valley Water District
47662,373161N1217973W004,2394213,2007-12-10T00:00:00Z,188.35,189.15,0,20.2,168.15,20.2,21,NA,Electric sounder measurement,Water level accuracy to nearest tenth of a foot,1,Department of Water Resources,NA,274,Santa Clara Valley Water District
47662,373161N1217973W004,2394212,2007-11-20T00:00:00Z,188.35,189.15,0,19.9,168.45,19.9,20.7,NA,Electric sounder measurement,Water level accuracy to nearest tenth of a foot,1,Department of Water Resources,NA,274,Santa Clara Valley Water District
47662,373161N1217973W004,2394211,2007-10-03T00:00:00Z,188.35,189.15,0,18.7,169.65,18.7,19.5,NA,Electric sounder measurement,Water level accuracy to nearest tenth of a foot,1,Department of Water Resources,NA,274,Santa Clara Valley Water District
47662,373161N1217973W004,2394210,2007-09-10T00:00:00Z,188.35,189.15,0,18.4,169.95,18.4,19.2,NA,Electric sounder measurement,Water level accuracy to nearest tenth of a foot,1,Department of Water Resources,NA,274,Santa Clara Valley Water District
47662,373161N1217973W004,2394209,2007-08-09T00:00:00Z,188.35,189.15,0,18,170.35,18,18.8,NA,Electric sounder measurement,Water level accuracy to nearest tenth of a foot,1,Department of Water Resources,NA,274,Santa Clara Valley Water District
47662,373161N1217973W004,2394208,2007-07-18T00:00:00Z,188.35,189.15,0,17.6,170.75,17.6,18.4,NA,Electric sounder measurement,Water level accuracy to nearest tenth of a foot,1,Department of Water Resources,NA,274,Santa Clara Valley Water District
47662,373161N1217973W004,2394207,2007-06-11T00:00:00Z,188.35,189.15,0,17,171.35,17,17.8,NA,Electric sounder measurement,Water level accuracy to nearest tenth of a foot,1,Department of Water Resources,NA,274,Santa Clara Valley Water District
47662,373161N1217973W004,2394206,2007-05-11T00:00:00Z,188.35,189.15,0,16.8,171.55,16.8,17.6,NA,Electric sounder measurement,Water level accuracy to nearest tenth of a foot,1,Department of Water Resources,NA,274,Santa Clara Valley Water District
47662,373161N1217973W004,2394205,2007-04-13T00:00:00Z,188.35,189.15,0,16.5,171.85,16.5,17.3,NA,Electric sounder measurement,Water level accuracy to nearest tenth of a foot,1,Department of Water Resources,NA,274,Santa Clara Valley Water District
47662,373161N1217973W004,2394204,2007-03-07T00:00:00Z,188.35,189.15,0,16.5,171.85,16.5,17.3,NA,Electric sounder measurement,Water level accuracy to nearest tenth of a foot,1,Department of Water Resources,NA,274,Santa Clara Valley Water District
47662,373161N1217973W004,2394203,2007-02-08T00:00:00Z,188.35,189.15,0,16.6,171.75,16.6,17.4,NA,Electric sounder measurement,Water level accuracy to nearest tenth of a foot,1,Department of Water Resources,NA,274,Santa Clara Valley Water District
47662,373161N1217973W004,2394202,2007-01-08T00:00:00Z,188.35,189.15,0,16.5,171.85,16.5,17.3,NA,Electric sounder measurement,Water level accuracy to nearest tenth of a foot,1,Department of Water Resources,NA,274,Santa Clara Valley Water District
47662,373161N1217973W004,2394201,2006-12-20T00:00:00Z,188.35,189.15,0,16.5,171.85,16.5,17.3,NA,Electric sounder measurement,Water level accuracy to nearest tenth of a foot,1,Department of Water Resources,NA,274,Santa Clara Valley Water District
47662,373161N1217973W004,2394200,2006-11-07T00:00:00Z,188.35,189.15,0,16.2,172.15,16.2,17,NA,Electric sounder measurement,Water level accuracy to nearest tenth of a foot,1,Department of Water Resources,NA,274,Santa Clara Valley Water District
47662,373161N1217973W004,2394199,2006-10-16T00:00:00Z,188.35,189.15,0,16,172.35,16,16.8,NA,Electric sounder measurement,Water level accuracy to nearest tenth of a foot,1,Department of Water Resources,NA,274,Santa Clara Valley Water District
47662,373161N1217973W004,2394198,2006-09-06T00:00:00Z,188.35,189.15,0,15.5,172.85,15.5,16.3,NA,Electric sounder measurement,Water level accuracy to nearest tenth of a foot,1,Department of Water Resources,NA,274,Santa Clara Valley Water District
47662,373161N1217973W004,2394197,2006-08-07T00:00:00Z,188.35,189.15,0,15.1,173.25,15.1,15.9,NA,Electric sounder measurement,Water level accuracy to nearest tenth of a foot,1,Department of Water Resources,NA,274,Santa Clara Valley Water District
47662,373161N1217973W004,2394196,2006-07-07T00:00:00Z,188.35,189.15,0,15.1,173.25,15.1,15.9,NA,Electric sounder measurement,Water level accuracy to nearest tenth of a foot,1,Department of Water Resources,NA,274,Santa Clara Valley Water District
47662,373161N1217973W004,2394195,2006-06-09T00:00:00Z,188.35,189.15,0,14.9,173.45,14.9,15.7,NA,Electric sounder measurement,Water level accuracy to nearest tenth of a foot,1,Department of Water Resources,NA,274,Santa Clara Valley Water District
47662,373161N1217973W004,2394194,2006-05-03T00:00:00Z,188.35,189.15,0,15.4,172.95,15.4,16.2,NA,Electric sounder measurement,Water level accuracy to nearest tenth of a foot,1,Department of Water Resources,NA,274,Santa Clara Valley Water District
47662,373161N1217973W004,2394193,2006-04-05T00:00:00Z,188.35,189.15,0,16,172.35,16,16.8,NA,Electric sounder measurement,Water level accuracy to nearest tenth of a foot,1,Department of Water Resources,NA,274,Santa Clara Valley Water District
47662,373161N1217973W004,2394192,2006-03-02T00:00:00Z,188.35,189.15,0,17.2,171.15,17.2,18,NA,Electric sounder measurement,Water level accuracy to nearest tenth of a foot,1,Department of Water Resources,NA,274,Santa Clara Valley Water District
47662,373161N1217973W004,2394191,2006-02-03T00:00:00Z,188.35,189.15,0,17.4,170.95,17.4,18.2,NA,Electric sounder measurement,Water level accuracy to nearest tenth of a foot,1,Department of Water Resources,NA,274,Santa Clara Valley Water District
47662,373161N1217973W004,2394190,2006-01-04T00:00:00Z,188.35,189.15,0,17.7,170.65,17.7,18.5,NA,Electric sounder measurement,Water level accuracy to nearest tenth of a foot,1,Department of Water Resources,NA,274,Santa Clara Valley Water District
47662,373161N1217973W004,2394189,2005-12-07T00:00:00Z,188.35,189.15,0,18,170.35,18,18.8,NA,Electric sounder measurement,Water level accuracy to nearest tenth of a foot,1,Department of Water Resources,NA,274,Santa Clara Valley Water District
47662,373161N1217973W004,2394188,2005-11-02T00:00:00Z,188.35,189.15,0,17.9,170.45,17.9,18.7,NA,Electric sounder measurement,Water level accuracy to nearest tenth of a foot,1,Department of Water Resources,NA,274,Santa Clara Valley Water District
47662,373161N1217973W004,2394187,2005-10-06T00:00:00Z,188.35,189.15,0,17.5,170.85,17.5,18.3,NA,Electric sounder measurement,Water level accuracy to nearest tenth of a foot,1,Department of Water Resources,NA,274,Santa Clara Valley Water District
47662,373161N1217973W004,2394186,2005-09-06T00:00:00Z,188.35,189.15,0,17.4,170.95,17.4,18.2,NA,Electric sounder measurement,Water level accuracy to nearest tenth of a foot,1,Department of Water Resources,NA,274,Santa Clara Valley Water District
47662,373161N1217973W004,2394185,2005-08-08T00:00:00Z,188.35,189.15,0,17,171.35,17,17.8,NA,Electric sounder measurement,Water level accuracy to nearest tenth of a foot,1,Department of Water Resources,NA,274,Santa Clara Valley Water District
47662,373161N1217973W004,2394184,2005-07-12T00:00:00Z,188.35,189.15,0,16.9,171.45,16.9,17.7,NA,Electric sounder measurement,Water level accuracy to nearest tenth of a foot,1,Department of Water Resources,NA,274,Santa Clara Valley Water District
47662,373161N1217973W004,2394183,2005-06-13T00:00:00Z,188.35,189.15,0,16.6,171.75,16.6,17.4,NA,Electric sounder measurement,Water level accuracy to nearest tenth of a foot,1,Department of Water Resources,NA,274,Santa Clara Valley Water District
47662,373161N1217973W004,2394182,2005-05-09T00:00:00Z,188.35,189.15,0,17,171.35,17,17.8,NA,Electric sounder measurement,Water level accuracy to nearest tenth of a foot,1,Department of Water Resources,NA,274,Santa Clara Valley Water District
47662,373161N1217973W004,2394181,2005-04-11T00:00:00Z,188.35,189.15,0,17.9,170.45,17.9,18.7,NA,Electric sounder measurement,Water level accuracy to nearest tenth of a foot,1,Department of Water Resources,NA,274,Santa Clara Valley Water District
47662,373161N1217973W004,2394180,2005-03-04T00:00:00Z,188.35,189.15,0,19.2,169.15,19.2,20,NA,Electric sounder measurement,Water level accuracy to nearest tenth of a foot,1,Department of Water Resources,NA,274,Santa Clara Valley Water District
47662,373161N1217973W004,2394179,2005-02-03T00:00:00Z,188.35,189.15,0,20.1,168.25,20.1,20.9,NA,Electric sounder measurement,Water level accuracy to nearest tenth of a foot,1,Department of Water Resources,NA,274,Santa Clara Valley Water District
