STN_ID,SITE_CODE,WLM_ID,MSMT_DATE,WLM_RPE,WLM_GSE,RDNG_WS,RDNG_RP,WSE,RPE_WSE,GSE_WSE,WLM_QA_DESC,WLM_DESC,WLM_ACC_DESC,WLM_ORG_ID,WLM_ORG_NAME,MSMT_CMT,COOP_AGENCY_ORG_ID,COOP_ORG_NAME
47689,370316N1215433W001,2618628,2020-02-21T11:35:00Z,212.25,209.75,0,42.84,169.41,42.84,40.34,NA,Electric sounder measurement,Water level accuracy to nearest tenth of a foot,274,Santa Clara Valley Water District,NA,274,Santa Clara Valley Water District
47689,370316N1215433W001,2618627,2020-01-27T11:15:00Z,212.25,209.75,0,43.25,169,43.25,40.75,NA,Electric sounder measurement,Water level accuracy to nearest tenth of a foot,274,Santa Clara Valley Water District,NA,274,Santa Clara Valley Water District
47689,370316N1215433W001,2537292,2019-12-19T12:25:00Z,212.25,209.75,0,49.75,162.5,49.75,47.25,NA,Electric sounder measurement,Water level accuracy to nearest tenth of a foot,274,Santa Clara Valley Water District,NA,274,Santa Clara Valley Water District
47689,370316N1215433W001,2537291,2019-11-21T12:40:00Z,212.25,209.75,0,55.96,156.29,55.96,53.46,NA,Electric sounder measurement,Water level accuracy to nearest tenth of a foot,274,Santa Clara Valley Water District,NA,274,Santa Clara Valley Water District
47689,370316N1215433W001,2537290,2019-10-15T14:02:00Z,212.25,209.75,0,62.75,149.5,62.75,60.25,NA,Electric sounder measurement,Water level accuracy to nearest tenth of a foot,274,Santa Clara Valley Water District,NA,274,Santa Clara Valley Water District
47689,370316N1215433W001,2478388,2019-08-29T09:58:00Z,210.42,209.73,0,62.97,147.45,62.97,62.28,NA,Electric sounder measurement,Water level accuracy to nearest tenth of a foot,274,Santa Clara Valley Water District,NA,274,Santa Clara Valley Water District
47689,370316N1215433W001,2478387,2019-07-31T12:21:00Z,210.42,209.73,0,62.63,147.79,62.63,61.94,NA,Electric sounder measurement,Water level accuracy to nearest tenth of a foot,274,Santa Clara Valley Water District,NA,274,Santa Clara Valley Water District
47689,370316N1215433W001,2467685,2019-06-26T12:37:00Z,210.42,209.73,0,54.03,156.39,54.03,53.34,NA,Electric sounder measurement,Water level accuracy to nearest tenth of a foot,274,Santa Clara Valley Water District,NA,274,Santa Clara Valley Water District
47689,370316N1215433W001,2467684,2019-05-29T12:18:00Z,210.42,209.73,0,44.24,166.18,44.24,43.55,NA,Electric sounder measurement,Water level accuracy to nearest tenth of a foot,274,Santa Clara Valley Water District,NA,274,Santa Clara Valley Water District
47689,370316N1215433W001,2455938,2019-04-22T09:25:00Z,210.42,209.73,0,43.63,166.79,43.63,42.94,NA,Electric sounder measurement,Water level accuracy to nearest tenth of a foot,274,Santa Clara Valley Water District,NA,274,Santa Clara Valley Water District
47689,370316N1215433W001,2455564,2019-03-28T11:32:00Z,210.42,209.73,0,37.14,173.28,37.14,36.45,NA,Electric sounder measurement,Water level accuracy to nearest tenth of a foot,274,Santa Clara Valley Water District,NA,274,Santa Clara Valley Water District
47689,370316N1215433W001,2455563,2019-02-26T12:49:00Z,210.42,209.73,0,43.64,166.78,43.64,42.95,NA,Steel tape measurement,Water level accuracy to nearest tenth of a foot,274,Santa Clara Valley Water District,NA,274,Santa Clara Valley Water District
47689,370316N1215433W001,2455562,2019-01-15T14:00:00Z,210.42,209.73,0,50.55,159.87,50.55,49.86,NA,Electronic pressure transducer,Water level accuracy to nearest tenth of a foot,274,Santa Clara Valley Water District,NA,274,Santa Clara Valley Water District
47689,370316N1215433W001,2455249,2019-01-01T14:00:00Z,210.42,209.73,0,54.96,155.46,54.96,54.27,NA,Electronic pressure transducer,Water level accuracy to nearest tenth of a foot,274,Santa Clara Valley Water District,NA,274,Santa Clara Valley Water District
47689,370316N1215433W001,2455248,2018-12-15T14:00:00Z,210.42,209.73,0,54.75,155.67,54.75,54.06,NA,Electronic pressure transducer,Water level accuracy to nearest tenth of a foot,274,Santa Clara Valley Water District,NA,274,Santa Clara Valley Water District
47689,370316N1215433W001,2455247,2018-11-15T14:00:00Z,210.42,209.73,0,60.43,149.99,60.43,59.74,NA,Electronic pressure transducer,Water level accuracy to nearest tenth of a foot,274,Santa Clara Valley Water District,NA,274,Santa Clara Valley Water District
47689,370316N1215433W001,2428739,2018-10-26T10:59:00Z,210.42,209.73,0,53.33,157.09,53.33,52.64,NA,Electric sounder measurement,Water level accuracy to nearest tenth of a foot,274,Santa Clara Valley Water District,NA,274,Santa Clara Valley Water District
47689,370316N1215433W001,2428738,2018-09-15T14:00:00Z,210.42,209.73,0,70.37,140.05,70.37,69.68,NA,Electronic pressure transducer,Water level accuracy to nearest tenth of a foot,274,Santa Clara Valley Water District,NA,274,Santa Clara Valley Water District
47689,370316N1215433W001,2428737,2018-08-15T14:00:00Z,210.42,209.73,0,71.83,138.59,71.83,71.14,NA,Electronic pressure transducer,Water level accuracy to nearest tenth of a foot,274,Santa Clara Valley Water District,NA,274,Santa Clara Valley Water District
47689,370316N1215433W001,2428736,2018-07-15T14:00:00Z,210.42,209.73,0,66.73,143.69,66.73,66.04,NA,Electronic pressure transducer,Water level accuracy to nearest tenth of a foot,274,Santa Clara Valley Water District,NA,274,Santa Clara Valley Water District
47689,370316N1215433W001,2381112,2018-03-29T00:00:00Z,210.43,209.73,0,42,168.43,42,41.3,NA,Electric sounder measurement,Water level accuracy to nearest tenth of a foot,1,Department of Water Resources,NA,274,Santa Clara Valley Water District
47689,370316N1215433W001,2381111,2018-02-15T00:00:00Z,210.43,209.73,0,43.82,166.61,43.82,43.12,NA,Electric sounder measurement,Water level accuracy to nearest tenth of a foot,1,Department of Water Resources,NA,274,Santa Clara Valley Water District
47689,370316N1215433W001,2381110,2018-01-15T00:00:00Z,210.43,209.73,0,46.57,163.86,46.57,45.87,NA,Electric sounder measurement,Water level accuracy to nearest tenth of a foot,1,Department of Water Resources,NA,274,Santa Clara Valley Water District
47689,370316N1215433W001,2381109,2017-12-15T00:00:00Z,210.43,209.73,0,47.02,163.41,47.02,46.32,NA,Electric sounder measurement,Water level accuracy to nearest tenth of a foot,1,Department of Water Resources,NA,274,Santa Clara Valley Water District
47689,370316N1215433W001,2381108,2017-11-15T00:00:00Z,210.43,209.73,0,51.43,159,51.43,50.73,NA,Electric sounder measurement,Water level accuracy to nearest tenth of a foot,1,Department of Water Resources,NA,274,Santa Clara Valley Water District
47689,370316N1215433W001,2381107,2017-10-15T00:00:00Z,210.43,209.73,0,62.51,147.92,62.51,61.81,NA,Electric sounder measurement,Water level accuracy to nearest tenth of a foot,1,Department of Water Resources,NA,274,Santa Clara Valley Water District
47689,370316N1215433W001,2381106,2017-09-15T00:00:00Z,210.43,209.73,0,64.06,146.37,64.06,63.36,NA,Electric sounder measurement,Water level accuracy to nearest tenth of a foot,1,Department of Water Resources,NA,274,Santa Clara Valley Water District
47689,370316N1215433W001,2381105,2017-08-15T00:00:00Z,210.43,209.73,0,63.12,147.31,63.12,62.42,NA,Electric sounder measurement,Water level accuracy to nearest tenth of a foot,1,Department of Water Resources,NA,274,Santa Clara Valley Water District
47689,370316N1215433W001,2381104,2017-07-15T00:00:00Z,210.43,209.73,0,62.12,148.31,62.12,61.42,NA,Electric sounder measurement,Water level accuracy to nearest tenth of a foot,1,Department of Water Resources,NA,274,Santa Clara Valley Water District
47689,370316N1215433W001,2381103,2017-06-15T00:00:00Z,210.43,209.73,0,52.02,158.41,52.02,51.32,NA,Electric sounder measurement,Water level accuracy to nearest tenth of a foot,1,Department of Water Resources,NA,274,Santa Clara Valley Water District
47689,370316N1215433W001,2381102,2017-05-15T00:00:00Z,210.43,209.73,0,46.16,164.27,46.16,45.46,NA,Electric sounder measurement,Water level accuracy to nearest tenth of a foot,1,Department of Water Resources,NA,274,Santa Clara Valley Water District
47689,370316N1215433W001,2381101,2017-04-15T00:00:00Z,210.43,209.73,0,36.98,173.45,36.98,36.28,NA,Electric sounder measurement,Water level accuracy to nearest tenth of a foot,1,Department of Water Resources,NA,274,Santa Clara Valley Water District
47689,370316N1215433W001,2381100,2017-03-15T00:00:00Z,210.43,209.73,0,35.03,175.4,35.03,34.33,NA,Electric sounder measurement,Water level accuracy to nearest tenth of a foot,1,Department of Water Resources,NA,274,Santa Clara Valley Water District
47689,370316N1215433W001,2381099,2017-02-15T00:00:00Z,210.43,209.73,0,36.8,173.63,36.8,36.1,NA,Electric sounder measurement,Water level accuracy to nearest tenth of a foot,1,Department of Water Resources,NA,274,Santa Clara Valley Water District
47689,370316N1215433W001,2381098,2017-01-15T00:00:00Z,210.43,209.73,0,48.96,161.47,48.96,48.26,NA,Electric sounder measurement,Water level accuracy to nearest tenth of a foot,1,Department of Water Resources,NA,274,Santa Clara Valley Water District
47689,370316N1215433W001,2381097,2016-12-15T00:00:00Z,210.43,209.73,0,56,154.43,56,55.3,NA,Electric sounder measurement,Water level accuracy to nearest tenth of a foot,1,Department of Water Resources,NA,274,Santa Clara Valley Water District
47689,370316N1215433W001,2381096,2016-11-15T00:00:00Z,210.43,209.73,0,58.61,151.82,58.61,57.91,NA,Electric sounder measurement,Water level accuracy to nearest tenth of a foot,1,Department of Water Resources,NA,274,Santa Clara Valley Water District
47689,370316N1215433W001,2381095,2016-10-15T00:00:00Z,210.43,209.73,0,72.58,137.85,72.58,71.88,NA,Electric sounder measurement,Water level accuracy to nearest tenth of a foot,1,Department of Water Resources,NA,274,Santa Clara Valley Water District
47689,370316N1215433W001,2381094,2016-09-15T00:00:00Z,210.43,209.73,0,76.29,134.14,76.29,75.59,NA,Electric sounder measurement,Water level accuracy to nearest tenth of a foot,1,Department of Water Resources,NA,274,Santa Clara Valley Water District
47689,370316N1215433W001,2381093,2016-08-15T00:00:00Z,210.43,209.73,0,75.95,134.48,75.95,75.25,NA,Electric sounder measurement,Water level accuracy to nearest tenth of a foot,1,Department of Water Resources,NA,274,Santa Clara Valley Water District
47689,370316N1215433W001,2381092,2016-07-15T00:00:00Z,210.43,209.73,0,69.65,140.78,69.65,68.95,NA,Electric sounder measurement,Water level accuracy to nearest tenth of a foot,1,Department of Water Resources,NA,274,Santa Clara Valley Water District
47689,370316N1215433W001,2381091,2016-06-15T00:00:00Z,210.43,209.73,0,62.34,148.09,62.34,61.64,NA,Electric sounder measurement,Water level accuracy to nearest tenth of a foot,1,Department of Water Resources,NA,274,Santa Clara Valley Water District
47689,370316N1215433W001,2381090,2016-05-15T00:00:00Z,210.43,209.73,0,54.36,156.07,54.36,53.66,NA,Electric sounder measurement,Water level accuracy to nearest tenth of a foot,1,Department of Water Resources,NA,274,Santa Clara Valley Water District
47689,370316N1215433W001,2381089,2016-04-15T00:00:00Z,210.43,209.73,0,51.42,159.01,51.42,50.72,NA,Electric sounder measurement,Water level accuracy to nearest tenth of a foot,1,Department of Water Resources,NA,274,Santa Clara Valley Water District
47689,370316N1215433W001,2381088,2016-03-15T00:00:00Z,210.43,209.73,0,51.67,158.76,51.67,50.97,NA,Electric sounder measurement,Water level accuracy to nearest tenth of a foot,1,Department of Water Resources,NA,274,Santa Clara Valley Water District
47689,370316N1215433W001,2381087,2016-02-15T00:00:00Z,210.43,209.73,0,61.26,149.17,61.26,60.56,NA,Electric sounder measurement,Water level accuracy to nearest tenth of a foot,1,Department of Water Resources,NA,274,Santa Clara Valley Water District
47689,370316N1215433W001,2381086,2016-01-15T00:00:00Z,210.43,209.73,0,64.59,145.84,64.59,63.89,NA,Electric sounder measurement,Water level accuracy to nearest tenth of a foot,1,Department of Water Resources,NA,274,Santa Clara Valley Water District
47689,370316N1215433W001,2381085,2015-12-15T00:00:00Z,210.43,209.73,0,70.3,140.13,70.3,69.6,NA,Electric sounder measurement,Water level accuracy to nearest tenth of a foot,1,Department of Water Resources,NA,274,Santa Clara Valley Water District
47689,370316N1215433W001,2381084,2015-11-15T00:00:00Z,210.43,209.73,0,74.79,135.64,74.79,74.09,NA,Electric sounder measurement,Water level accuracy to nearest tenth of a foot,1,Department of Water Resources,NA,274,Santa Clara Valley Water District
47689,370316N1215433W001,2381083,2015-10-15T00:00:00Z,210.43,209.73,0,82.63,127.8,82.63,81.93,NA,Electric sounder measurement,Water level accuracy to nearest tenth of a foot,1,Department of Water Resources,NA,274,Santa Clara Valley Water District
47689,370316N1215433W001,2381082,2015-09-15T00:00:00Z,210.43,209.73,0,85.98,124.45,85.98,85.28,NA,Electric sounder measurement,Water level accuracy to nearest tenth of a foot,1,Department of Water Resources,NA,274,Santa Clara Valley Water District
47689,370316N1215433W001,2381081,2015-08-15T00:00:00Z,210.43,209.73,0,84.49,125.94,84.49,83.79,NA,Electric sounder measurement,Water level accuracy to nearest tenth of a foot,1,Department of Water Resources,NA,274,Santa Clara Valley Water District
47689,370316N1215433W001,2381080,2015-07-15T00:00:00Z,210.43,209.73,0,81.5,128.93,81.5,80.8,NA,Electric sounder measurement,Water level accuracy to nearest tenth of a foot,1,Department of Water Resources,NA,274,Santa Clara Valley Water District
47689,370316N1215433W001,2381079,2015-06-15T00:00:00Z,210.43,209.73,0,70.12,140.31,70.12,69.42,NA,Electric sounder measurement,Water level accuracy to nearest tenth of a foot,1,Department of Water Resources,NA,274,Santa Clara Valley Water District
47689,370316N1215433W001,2381078,2015-05-15T00:00:00Z,210.43,209.73,0,62.9,147.53,62.9,62.2,NA,Electric sounder measurement,Water level accuracy to nearest tenth of a foot,1,Department of Water Resources,NA,274,Santa Clara Valley Water District
47689,370316N1215433W001,2381077,2015-04-15T00:00:00Z,210.43,209.73,0,60.5,149.93,60.5,59.8,NA,Electric sounder measurement,Water level accuracy to nearest tenth of a foot,1,Department of Water Resources,NA,274,Santa Clara Valley Water District
47689,370316N1215433W001,2381076,2015-03-15T00:00:00Z,210.43,209.73,0,59.18,151.25,59.18,58.48,NA,Electric sounder measurement,Water level accuracy to nearest tenth of a foot,1,Department of Water Resources,NA,274,Santa Clara Valley Water District
47689,370316N1215433W001,2381075,2015-02-15T00:00:00Z,210.43,209.73,0,57.97,152.46,57.97,57.27,NA,Electric sounder measurement,Water level accuracy to nearest tenth of a foot,1,Department of Water Resources,NA,274,Santa Clara Valley Water District
47689,370316N1215433W001,2381074,2015-01-15T00:00:00Z,210.43,209.73,0,63.21,147.22,63.21,62.51,NA,Electric sounder measurement,Water level accuracy to nearest tenth of a foot,1,Department of Water Resources,NA,274,Santa Clara Valley Water District
47689,370316N1215433W001,2381073,2014-12-15T00:00:00Z,210.43,209.73,0,69.83,140.6,69.83,69.13,NA,Electric sounder measurement,Water level accuracy to nearest tenth of a foot,1,Department of Water Resources,NA,274,Santa Clara Valley Water District
47689,370316N1215433W001,2381072,2014-11-15T00:00:00Z,210.43,209.73,0,76.51,133.92,76.51,75.81,NA,Electric sounder measurement,Water level accuracy to nearest tenth of a foot,1,Department of Water Resources,NA,274,Santa Clara Valley Water District
47689,370316N1215433W001,2381071,2014-10-15T00:00:00Z,210.43,209.73,0,85.82,124.61,85.82,85.12,NA,Electric sounder measurement,Water level accuracy to nearest tenth of a foot,1,Department of Water Resources,NA,274,Santa Clara Valley Water District
47689,370316N1215433W001,2381070,2014-09-15T00:00:00Z,210.43,209.73,0,87.06,123.37,87.06,86.36,NA,Electric sounder measurement,Water level accuracy to nearest tenth of a foot,1,Department of Water Resources,NA,274,Santa Clara Valley Water District
47689,370316N1215433W001,2381069,2014-07-15T00:00:00Z,210.43,209.73,0,81.92,128.51,81.92,81.22,NA,Electric sounder measurement,Water level accuracy to nearest tenth of a foot,1,Department of Water Resources,NA,274,Santa Clara Valley Water District
47689,370316N1215433W001,2381068,2014-06-15T00:00:00Z,210.43,209.73,0,69.75,140.68,69.75,69.05,NA,Electric sounder measurement,Water level accuracy to nearest tenth of a foot,1,Department of Water Resources,NA,274,Santa Clara Valley Water District
47689,370316N1215433W001,2381067,2014-05-14T00:00:00Z,210.43,209.73,0,61.89,148.54,61.89,61.19,NA,Electric sounder measurement,Water level accuracy to nearest tenth of a foot,1,Department of Water Resources,NA,274,Santa Clara Valley Water District
47689,370316N1215433W001,2381066,2014-04-15T00:00:00Z,210.43,209.73,0,55.74,154.69,55.74,55.04,NA,Electric sounder measurement,Water level accuracy to nearest tenth of a foot,1,Department of Water Resources,NA,274,Santa Clara Valley Water District
47689,370316N1215433W001,2381065,2014-03-15T00:00:00Z,210.43,209.73,0,55.36,155.07,55.36,54.66,NA,Electric sounder measurement,Water level accuracy to nearest tenth of a foot,1,Department of Water Resources,NA,274,Santa Clara Valley Water District
47689,370316N1215433W001,2381064,2014-02-15T00:00:00Z,210.43,209.73,0,54.72,155.71,54.72,54.02,NA,Electric sounder measurement,Water level accuracy to nearest tenth of a foot,1,Department of Water Resources,NA,274,Santa Clara Valley Water District
47689,370316N1215433W001,2381063,2014-01-15T00:00:00Z,210.43,209.73,0,58,152.43,58,57.3,NA,Electric sounder measurement,Water level accuracy to nearest tenth of a foot,1,Department of Water Resources,NA,274,Santa Clara Valley Water District
47689,370316N1215433W001,2381062,2013-12-15T00:00:00Z,210.43,209.73,0,61.17,149.26,61.17,60.47,NA,Electric sounder measurement,Water level accuracy to nearest tenth of a foot,1,Department of Water Resources,NA,274,Santa Clara Valley Water District
47689,370316N1215433W001,2381061,2013-11-15T00:00:00Z,210.43,209.73,0,66.08,144.35,66.08,65.38,NA,Electric sounder measurement,Water level accuracy to nearest tenth of a foot,1,Department of Water Resources,NA,274,Santa Clara Valley Water District
47689,370316N1215433W001,2381060,2013-10-15T00:00:00Z,210.43,209.73,0,73.33,137.1,73.33,72.63,NA,Electric sounder measurement,Water level accuracy to nearest tenth of a foot,1,Department of Water Resources,NA,274,Santa Clara Valley Water District
47689,370316N1215433W001,2381059,2013-09-15T00:00:00Z,210.43,209.73,0,75.55,134.88,75.55,74.85,NA,Electric sounder measurement,Water level accuracy to nearest tenth of a foot,1,Department of Water Resources,NA,274,Santa Clara Valley Water District
47689,370316N1215433W001,2381058,2013-08-15T00:00:00Z,210.43,209.73,0,72.91,137.52,72.91,72.21,NA,Electric sounder measurement,Water level accuracy to nearest tenth of a foot,1,Department of Water Resources,NA,274,Santa Clara Valley Water District
47689,370316N1215433W001,2381057,2013-07-15T00:00:00Z,210.43,209.73,0,71.29,139.14,71.29,70.59,NA,Electric sounder measurement,Water level accuracy to nearest tenth of a foot,1,Department of Water Resources,NA,274,Santa Clara Valley Water District
47689,370316N1215433W001,2381056,2013-06-15T00:00:00Z,210.43,209.73,0,62.85,147.58,62.85,62.15,NA,Electric sounder measurement,Water level accuracy to nearest tenth of a foot,1,Department of Water Resources,NA,274,Santa Clara Valley Water District
47689,370316N1215433W001,2381055,2013-05-15T00:00:00Z,210.43,209.73,0,57.93,152.5,57.93,57.23,NA,Electric sounder measurement,Water level accuracy to nearest tenth of a foot,1,Department of Water Resources,NA,274,Santa Clara Valley Water District
47689,370316N1215433W001,2381054,2013-04-15T00:00:00Z,210.43,209.73,0,46.73,163.7,46.73,46.03,NA,Electric sounder measurement,Water level accuracy to nearest tenth of a foot,1,Department of Water Resources,NA,274,Santa Clara Valley Water District
47689,370316N1215433W001,2381053,2013-03-15T00:00:00Z,210.43,209.73,0,42.35,168.08,42.35,41.65,NA,Electric sounder measurement,Water level accuracy to nearest tenth of a foot,1,Department of Water Resources,NA,274,Santa Clara Valley Water District
47689,370316N1215433W001,2381052,2013-02-15T00:00:00Z,210.43,209.73,0,44.31,166.12,44.31,43.61,NA,Electric sounder measurement,Water level accuracy to nearest tenth of a foot,1,Department of Water Resources,NA,274,Santa Clara Valley Water District
47689,370316N1215433W001,2381051,2013-01-15T00:00:00Z,210.43,209.73,0,45.29,165.14,45.29,44.59,NA,Electric sounder measurement,Water level accuracy to nearest tenth of a foot,1,Department of Water Resources,NA,274,Santa Clara Valley Water District
47689,370316N1215433W001,2381050,2012-12-15T00:00:00Z,210.43,209.73,0,51.25,159.18,51.25,50.55,NA,Electric sounder measurement,Water level accuracy to nearest tenth of a foot,1,Department of Water Resources,NA,274,Santa Clara Valley Water District
47689,370316N1215433W001,2381049,2012-11-15T00:00:00Z,210.43,209.73,0,59.78,150.65,59.78,59.08,NA,Electric sounder measurement,Water level accuracy to nearest tenth of a foot,1,Department of Water Resources,NA,274,Santa Clara Valley Water District
47689,370316N1215433W001,2381048,2012-10-15T00:00:00Z,210.43,209.73,0,61.43,149,61.43,60.73,NA,Electric sounder measurement,Water level accuracy to nearest tenth of a foot,1,Department of Water Resources,NA,274,Santa Clara Valley Water District
47689,370316N1215433W001,2381047,2012-09-15T00:00:00Z,210.43,209.73,0,70.2,140.23,70.2,69.5,NA,Electric sounder measurement,Water level accuracy to nearest tenth of a foot,1,Department of Water Resources,NA,274,Santa Clara Valley Water District
47689,370316N1215433W001,2381046,2012-08-15T00:00:00Z,210.43,209.73,0,66.3,144.13,66.3,65.6,NA,Electric sounder measurement,Water level accuracy to nearest tenth of a foot,1,Department of Water Resources,NA,274,Santa Clara Valley Water District
47689,370316N1215433W001,2381045,2012-07-15T00:00:00Z,210.43,209.73,0,60.2,150.23,60.2,59.5,NA,Electric sounder measurement,Water level accuracy to nearest tenth of a foot,1,Department of Water Resources,NA,274,Santa Clara Valley Water District
47689,370316N1215433W001,2381044,2012-06-15T00:00:00Z,210.43,209.73,0,55.7,154.73,55.7,55,NA,Electric sounder measurement,Water level accuracy to nearest tenth of a foot,1,Department of Water Resources,NA,274,Santa Clara Valley Water District
47689,370316N1215433W001,2381043,2012-05-15T00:00:00Z,210.43,209.73,0,49.7,160.73,49.7,49,NA,Electric sounder measurement,Water level accuracy to nearest tenth of a foot,1,Department of Water Resources,NA,274,Santa Clara Valley Water District
47689,370316N1215433W001,2381042,2012-04-15T00:00:00Z,210.43,209.73,0,42.7,167.73,42.7,42,NA,Electric sounder measurement,Water level accuracy to nearest tenth of a foot,1,Department of Water Resources,NA,274,Santa Clara Valley Water District
47689,370316N1215433W001,2381041,2012-03-15T00:00:00Z,210.43,209.73,0,41.7,168.73,41.7,41,NA,Electric sounder measurement,Water level accuracy to nearest tenth of a foot,1,Department of Water Resources,NA,274,Santa Clara Valley Water District
47689,370316N1215433W001,2381040,2012-02-15T00:00:00Z,210.43,209.73,0,45.1,165.33,45.1,44.4,NA,Electric sounder measurement,Water level accuracy to nearest tenth of a foot,1,Department of Water Resources,NA,274,Santa Clara Valley Water District
47689,370316N1215433W001,2381039,2012-01-15T00:00:00Z,210.43,209.73,0,45.2,165.23,45.2,44.5,NA,Electric sounder measurement,Water level accuracy to nearest tenth of a foot,1,Department of Water Resources,NA,274,Santa Clara Valley Water District
47689,370316N1215433W001,2381038,2011-12-15T00:00:00Z,210.43,209.73,0,48.3,162.13,48.3,47.6,NA,Electric sounder measurement,Water level accuracy to nearest tenth of a foot,1,Department of Water Resources,NA,274,Santa Clara Valley Water District
47689,370316N1215433W001,2381037,2011-11-15T00:00:00Z,210.43,209.73,0,47.8,162.63,47.8,47.1,NA,Electric sounder measurement,Water level accuracy to nearest tenth of a foot,1,Department of Water Resources,NA,274,Santa Clara Valley Water District
47689,370316N1215433W001,2381036,2011-10-15T00:00:00Z,210.43,209.73,0,55.3,155.13,55.3,54.6,NA,Electric sounder measurement,Water level accuracy to nearest tenth of a foot,1,Department of Water Resources,NA,274,Santa Clara Valley Water District
47689,370316N1215433W001,2381035,2011-09-15T00:00:00Z,210.43,209.73,0,59.5,150.93,59.5,58.8,NA,Electric sounder measurement,Water level accuracy to nearest tenth of a foot,1,Department of Water Resources,NA,274,Santa Clara Valley Water District
47689,370316N1215433W001,2381034,2011-08-15T00:00:00Z,210.43,209.73,0,61.8,148.63,61.8,61.1,NA,Electric sounder measurement,Water level accuracy to nearest tenth of a foot,1,Department of Water Resources,NA,274,Santa Clara Valley Water District
47689,370316N1215433W001,2381033,2011-07-15T00:00:00Z,210.43,209.73,0,56.3,154.13,56.3,55.6,NA,Electric sounder measurement,Water level accuracy to nearest tenth of a foot,1,Department of Water Resources,NA,274,Santa Clara Valley Water District
47689,370316N1215433W001,2381032,2011-06-15T00:00:00Z,210.43,209.73,0,50.3,160.13,50.3,49.6,NA,Electric sounder measurement,Water level accuracy to nearest tenth of a foot,1,Department of Water Resources,NA,274,Santa Clara Valley Water District
47689,370316N1215433W001,2381031,2011-05-15T00:00:00Z,210.43,209.73,0,47.4,163.03,47.4,46.7,NA,Electric sounder measurement,Water level accuracy to nearest tenth of a foot,1,Department of Water Resources,NA,274,Santa Clara Valley Water District
47689,370316N1215433W001,2381030,2011-04-15T00:00:00Z,210.43,209.73,0,36.9,173.53,36.9,36.2,NA,Electric sounder measurement,Water level accuracy to nearest tenth of a foot,1,Department of Water Resources,NA,274,Santa Clara Valley Water District
47689,370316N1215433W001,2381029,2011-03-15T00:00:00Z,210.43,209.73,0,37.3,173.13,37.3,36.6,NA,Electric sounder measurement,Water level accuracy to nearest tenth of a foot,1,Department of Water Resources,NA,274,Santa Clara Valley Water District
47689,370316N1215433W001,2381028,2011-02-15T00:00:00Z,210.43,209.73,0,41.4,169.03,41.4,40.7,NA,Electric sounder measurement,Water level accuracy to nearest tenth of a foot,1,Department of Water Resources,NA,274,Santa Clara Valley Water District
47689,370316N1215433W001,2381027,2011-01-15T00:00:00Z,210.43,209.73,0,40.5,169.93,40.5,39.8,NA,Electric sounder measurement,Water level accuracy to nearest tenth of a foot,1,Department of Water Resources,NA,274,Santa Clara Valley Water District
47689,370316N1215433W001,2381026,2010-12-15T00:00:00Z,210.43,209.73,0,45.8,164.63,45.8,45.1,NA,Electric sounder measurement,Water level accuracy to nearest tenth of a foot,1,Department of Water Resources,NA,274,Santa Clara Valley Water District
47689,370316N1215433W001,2381025,2010-11-15T00:00:00Z,210.43,209.73,0,51.2,159.23,51.2,50.5,NA,Electric sounder measurement,Water level accuracy to nearest tenth of a foot,1,Department of Water Resources,NA,274,Santa Clara Valley Water District
47689,370316N1215433W001,2381024,2010-10-15T00:00:00Z,210.43,209.73,0,62.5,147.93,62.5,61.8,NA,Electric sounder measurement,Water level accuracy to nearest tenth of a foot,1,Department of Water Resources,NA,274,Santa Clara Valley Water District
47689,370316N1215433W001,2381023,2010-09-15T00:00:00Z,210.43,209.73,0,64.5,145.93,64.5,63.8,NA,Electric sounder measurement,Water level accuracy to nearest tenth of a foot,1,Department of Water Resources,NA,274,Santa Clara Valley Water District
47689,370316N1215433W001,2381022,2010-08-15T00:00:00Z,210.43,209.73,0,65.1,145.33,65.1,64.4,NA,Electric sounder measurement,Water level accuracy to nearest tenth of a foot,1,Department of Water Resources,NA,274,Santa Clara Valley Water District
47689,370316N1215433W001,2381021,2010-07-15T00:00:00Z,210.43,209.73,0,55.6,154.83,55.6,54.9,NA,Electric sounder measurement,Water level accuracy to nearest tenth of a foot,1,Department of Water Resources,NA,274,Santa Clara Valley Water District
47689,370316N1215433W001,2381020,2010-06-15T00:00:00Z,210.43,209.73,0,49.5,160.93,49.5,48.8,NA,Electric sounder measurement,Water level accuracy to nearest tenth of a foot,1,Department of Water Resources,NA,274,Santa Clara Valley Water District
47689,370316N1215433W001,2381019,2010-05-15T00:00:00Z,210.43,209.73,0,44.7,165.73,44.7,44,NA,Electric sounder measurement,Water level accuracy to nearest tenth of a foot,1,Department of Water Resources,NA,274,Santa Clara Valley Water District
47689,370316N1215433W001,2381018,2010-04-15T00:00:00Z,210.43,209.73,0,40,170.43,40,39.3,NA,Electric sounder measurement,Water level accuracy to nearest tenth of a foot,1,Department of Water Resources,NA,274,Santa Clara Valley Water District
47689,370316N1215433W001,2381017,2010-03-15T00:00:00Z,210.43,209.73,0,42.5,167.93,42.5,41.8,NA,Electric sounder measurement,Water level accuracy to nearest tenth of a foot,1,Department of Water Resources,NA,274,Santa Clara Valley Water District
47689,370316N1215433W001,2381016,2010-02-15T00:00:00Z,210.43,209.73,0,44.8,165.63,44.8,44.1,NA,Electric sounder measurement,Water level accuracy to nearest tenth of a foot,1,Department of Water Resources,NA,274,Santa Clara Valley Water District
47689,370316N1215433W001,2381015,2010-01-15T00:00:00Z,210.43,209.73,0,51.1,159.33,51.1,50.4,NA,Electric sounder measurement,Water level accuracy to nearest tenth of a foot,1,Department of Water Resources,NA,274,Santa Clara Valley Water District
47689,370316N1215433W001,2381014,2009-12-15T00:00:00Z,210.43,209.73,0,55.1,155.33,55.1,54.4,NA,Electric sounder measurement,Water level accuracy to nearest tenth of a foot,1,Department of Water Resources,NA,274,Santa Clara Valley Water District
47689,370316N1215433W001,2381013,2009-11-15T00:00:00Z,210.43,209.73,0,61.5,148.93,61.5,60.8,NA,Electric sounder measurement,Water level accuracy to nearest tenth of a foot,1,Department of Water Resources,NA,274,Santa Clara Valley Water District
47689,370316N1215433W001,2381012,2009-10-15T00:00:00Z,210.43,209.73,0,71,139.43,71,70.3,NA,Electric sounder measurement,Water level accuracy to nearest tenth of a foot,1,Department of Water Resources,NA,274,Santa Clara Valley Water District
47689,370316N1215433W001,2381011,2009-09-15T00:00:00Z,210.43,209.73,0,77.2,133.23,77.2,76.5,NA,Electric sounder measurement,Water level accuracy to nearest tenth of a foot,1,Department of Water Resources,NA,274,Santa Clara Valley Water District
47689,370316N1215433W001,2381010,2009-08-15T00:00:00Z,210.43,209.73,0,77.2,133.23,77.2,76.5,NA,Electric sounder measurement,Water level accuracy to nearest tenth of a foot,1,Department of Water Resources,NA,274,Santa Clara Valley Water District
47689,370316N1215433W001,2381009,2009-07-15T00:00:00Z,210.43,209.73,0,70.6,139.83,70.6,69.9,NA,Electric sounder measurement,Water level accuracy to nearest tenth of a foot,1,Department of Water Resources,NA,274,Santa Clara Valley Water District
47689,370316N1215433W001,2381008,2009-06-15T00:00:00Z,210.43,209.73,0,58.9,151.53,58.9,58.2,NA,Electric sounder measurement,Water level accuracy to nearest tenth of a foot,1,Department of Water Resources,NA,274,Santa Clara Valley Water District
47689,370316N1215433W001,2381007,2009-05-15T00:00:00Z,210.43,209.73,0,56,154.43,56,55.3,NA,Electric sounder measurement,Water level accuracy to nearest tenth of a foot,1,Department of Water Resources,NA,274,Santa Clara Valley Water District
47689,370316N1215433W001,2381006,2009-04-15T00:00:00Z,210.43,209.73,0,48.2,162.23,48.2,47.5,NA,Electric sounder measurement,Water level accuracy to nearest tenth of a foot,1,Department of Water Resources,NA,274,Santa Clara Valley Water District
47689,370316N1215433W001,2381005,2009-03-15T00:00:00Z,210.43,209.73,0,49.4,161.03,49.4,48.7,NA,Electric sounder measurement,Water level accuracy to nearest tenth of a foot,1,Department of Water Resources,NA,274,Santa Clara Valley Water District
47689,370316N1215433W001,2381004,2009-02-15T00:00:00Z,210.43,209.73,0,50.3,160.13,50.3,49.6,NA,Electric sounder measurement,Water level accuracy to nearest tenth of a foot,1,Department of Water Resources,NA,274,Santa Clara Valley Water District
47689,370316N1215433W001,2381003,2009-01-15T00:00:00Z,210.43,209.73,0,54.2,156.23,54.2,53.5,NA,Electric sounder measurement,Water level accuracy to nearest tenth of a foot,1,Department of Water Resources,NA,274,Santa Clara Valley Water District
47689,370316N1215433W001,2381002,2008-12-15T00:00:00Z,210.43,209.73,0,59.6,150.83,59.6,58.9,NA,Electric sounder measurement,Water level accuracy to nearest tenth of a foot,1,Department of Water Resources,NA,274,Santa Clara Valley Water District
47689,370316N1215433W001,2381001,2008-11-15T00:00:00Z,210.43,209.73,0,68.2,142.23,68.2,67.5,NA,Electric sounder measurement,Water level accuracy to nearest tenth of a foot,1,Department of Water Resources,NA,274,Santa Clara Valley Water District
47689,370316N1215433W001,2381000,2008-10-15T00:00:00Z,210.43,209.73,0,71.7,138.73,71.7,71,NA,Electric sounder measurement,Water level accuracy to nearest tenth of a foot,1,Department of Water Resources,NA,274,Santa Clara Valley Water District
47689,370316N1215433W001,2380999,2008-09-15T00:00:00Z,210.43,209.73,0,77.5,132.93,77.5,76.8,NA,Electric sounder measurement,Water level accuracy to nearest tenth of a foot,1,Department of Water Resources,NA,274,Santa Clara Valley Water District
47689,370316N1215433W001,2380998,2008-08-15T00:00:00Z,210.43,209.73,0,76.3,134.13,76.3,75.6,NA,Electric sounder measurement,Water level accuracy to nearest tenth of a foot,1,Department of Water Resources,NA,274,Santa Clara Valley Water District
47689,370316N1215433W001,2380997,2008-07-29T00:00:00Z,210.43,209.73,0,73.2,137.23,73.2,72.5,NA,Electric sounder measurement,Water level accuracy to nearest tenth of a foot,1,Department of Water Resources,NA,274,Santa Clara Valley Water District
47689,370316N1215433W001,2380996,2008-06-24T00:00:00Z,210.43,209.73,0,70.9,139.53,70.9,70.2,NA,Electric sounder measurement,Water level accuracy to nearest tenth of a foot,1,Department of Water Resources,NA,274,Santa Clara Valley Water District
47689,370316N1215433W001,2380995,2008-05-15T00:00:00Z,210.43,209.73,0,57,153.43,57,56.3,NA,Electric sounder measurement,Water level accuracy to nearest tenth of a foot,1,Department of Water Resources,NA,274,Santa Clara Valley Water District
47689,370316N1215433W001,2380994,2008-04-22T00:00:00Z,210.43,209.73,0,51.8,158.63,51.8,51.1,NA,Electric sounder measurement,Water level accuracy to nearest tenth of a foot,1,Department of Water Resources,NA,274,Santa Clara Valley Water District
47689,370316N1215433W001,2380993,2008-03-04T00:00:00Z,210.43,209.73,0,46.2,164.23,46.2,45.5,NA,Electric sounder measurement,Water level accuracy to nearest tenth of a foot,1,Department of Water Resources,NA,274,Santa Clara Valley Water District
47689,370316N1215433W001,2380992,2008-02-14T00:00:00Z,210.43,209.73,0,49.5,160.93,49.5,48.8,NA,Electric sounder measurement,Water level accuracy to nearest tenth of a foot,1,Department of Water Resources,NA,274,Santa Clara Valley Water District
47689,370316N1215433W001,2380991,2008-01-15T00:00:00Z,210.43,209.73,0,52,158.43,52,51.3,NA,Electric sounder measurement,Water level accuracy to nearest tenth of a foot,1,Department of Water Resources,NA,274,Santa Clara Valley Water District
47689,370316N1215433W001,2380990,2007-12-12T00:00:00Z,210.43,209.73,0,60.2,150.23,60.2,59.5,NA,Electric sounder measurement,Water level accuracy to nearest tenth of a foot,1,Department of Water Resources,NA,274,Santa Clara Valley Water District
47689,370316N1215433W001,2380989,2007-10-04T00:00:00Z,210.43,209.73,0,73.3,137.13,73.3,72.6,NA,Electric sounder measurement,Water level accuracy to nearest tenth of a foot,1,Department of Water Resources,NA,274,Santa Clara Valley Water District
47689,370316N1215433W001,2380988,2007-09-05T00:00:00Z,210.43,209.73,0,79.5,130.93,79.5,78.8,NA,Electric sounder measurement,Water level accuracy to nearest tenth of a foot,1,Department of Water Resources,NA,274,Santa Clara Valley Water District
47689,370316N1215433W001,2380987,2007-08-14T00:00:00Z,210.43,209.73,0,72.7,137.73,72.7,72,NA,Electric sounder measurement,Water level accuracy to nearest tenth of a foot,1,Department of Water Resources,NA,274,Santa Clara Valley Water District
47689,370316N1215433W001,2380986,2007-07-10T00:00:00Z,210.43,209.73,0,68.7,141.73,68.7,68,NA,Electric sounder measurement,Water level accuracy to nearest tenth of a foot,1,Department of Water Resources,NA,274,Santa Clara Valley Water District
47689,370316N1215433W001,2380985,2007-06-20T00:00:00Z,210.43,209.73,0,64.2,146.23,64.2,63.5,NA,Electric sounder measurement,Water level accuracy to nearest tenth of a foot,1,Department of Water Resources,NA,274,Santa Clara Valley Water District
47689,370316N1215433W001,2380984,2007-05-02T00:00:00Z,210.43,209.73,0,50.3,160.13,50.3,49.6,NA,Electric sounder measurement,Water level accuracy to nearest tenth of a foot,1,Department of Water Resources,NA,274,Santa Clara Valley Water District
47689,370316N1215433W001,2380983,2007-04-09T00:00:00Z,210.43,209.73,0,46.7,163.73,46.7,46,NA,Electric sounder measurement,Water level accuracy to nearest tenth of a foot,1,Department of Water Resources,NA,274,Santa Clara Valley Water District
47689,370316N1215433W001,2380982,2007-03-07T00:00:00Z,210.43,209.73,0,44.2,166.23,44.2,43.5,NA,Electric sounder measurement,Water level accuracy to nearest tenth of a foot,1,Department of Water Resources,NA,274,Santa Clara Valley Water District
47689,370316N1215433W001,2380981,2007-02-05T00:00:00Z,210.43,209.73,0,41,169.43,41,40.3,NA,Electric sounder measurement,Water level accuracy to nearest tenth of a foot,1,Department of Water Resources,NA,274,Santa Clara Valley Water District
47689,370316N1215433W001,2380980,2007-01-02T00:00:00Z,210.43,209.73,0,47.7,162.73,47.7,47,NA,Electric sounder measurement,Water level accuracy to nearest tenth of a foot,1,Department of Water Resources,NA,274,Santa Clara Valley Water District
47689,370316N1215433W001,2380979,2006-12-05T00:00:00Z,210.43,209.73,0,46.7,163.73,46.7,46,NA,Electric sounder measurement,Water level accuracy to nearest tenth of a foot,1,Department of Water Resources,NA,274,Santa Clara Valley Water District
47689,370316N1215433W001,2380978,2006-11-13T00:00:00Z,210.43,209.73,0,54.2,156.23,54.2,53.5,NA,Electric sounder measurement,Water level accuracy to nearest tenth of a foot,1,Department of Water Resources,NA,274,Santa Clara Valley Water District
47689,370316N1215433W001,2380977,2006-10-02T00:00:00Z,210.43,209.73,0,64,146.43,64,63.3,NA,Electric sounder measurement,Water level accuracy to nearest tenth of a foot,1,Department of Water Resources,NA,274,Santa Clara Valley Water District
47689,370316N1215433W001,2380976,2006-09-13T00:00:00Z,210.43,209.73,0,62,148.43,62,61.3,NA,Electric sounder measurement,Water level accuracy to nearest tenth of a foot,1,Department of Water Resources,NA,274,Santa Clara Valley Water District
47689,370316N1215433W001,2380975,2006-08-14T00:00:00Z,210.43,209.73,0,67.8,142.63,67.8,67.1,NA,Electric sounder measurement,Water level accuracy to nearest tenth of a foot,1,Department of Water Resources,NA,274,Santa Clara Valley Water District
47689,370316N1215433W001,2380974,2006-07-12T00:00:00Z,210.43,209.73,0,60.8,149.63,60.8,60.1,NA,Electric sounder measurement,Water level accuracy to nearest tenth of a foot,1,Department of Water Resources,NA,274,Santa Clara Valley Water District
47689,370316N1215433W001,2380973,2006-06-13T00:00:00Z,210.43,209.73,0,49.2,161.23,49.2,48.5,NA,Electric sounder measurement,Water level accuracy to nearest tenth of a foot,1,Department of Water Resources,NA,274,Santa Clara Valley Water District
47689,370316N1215433W001,2380972,2006-05-10T00:00:00Z,210.43,209.73,0,41.3,169.13,41.3,40.6,NA,Electric sounder measurement,Water level accuracy to nearest tenth of a foot,1,Department of Water Resources,NA,274,Santa Clara Valley Water District
47689,370316N1215433W001,2380971,2006-04-12T00:00:00Z,210.43,209.73,0,35.2,175.23,35.2,34.5,NA,Electric sounder measurement,Water level accuracy to nearest tenth of a foot,1,Department of Water Resources,NA,274,Santa Clara Valley Water District
47689,370316N1215433W001,2380970,2006-03-13T00:00:00Z,210.43,209.73,0,36.8,173.63,36.8,36.1,NA,Electric sounder measurement,Water level accuracy to nearest tenth of a foot,1,Department of Water Resources,NA,274,Santa Clara Valley Water District
47689,370316N1215433W001,2380969,2006-02-07T00:00:00Z,210.43,209.73,0,40,170.43,40,39.3,NA,Electric sounder measurement,Water level accuracy to nearest tenth of a foot,1,Department of Water Resources,NA,274,Santa Clara Valley Water District
47689,370316N1215433W001,2380968,2006-01-12T00:00:00Z,210.43,209.73,0,40.3,170.13,40.3,39.6,NA,Electric sounder measurement,Water level accuracy to nearest tenth of a foot,1,Department of Water Resources,NA,274,Santa Clara Valley Water District
47689,370316N1215433W001,2380967,2005-12-06T00:00:00Z,210.43,209.73,0,53,157.43,53,52.3,NA,Electric sounder measurement,Water level accuracy to nearest tenth of a foot,1,Department of Water Resources,NA,274,Santa Clara Valley Water District
47689,370316N1215433W001,2380966,2005-11-07T00:00:00Z,210.43,209.73,0,55.5,154.93,55.5,54.8,NA,Electric sounder measurement,Water level accuracy to nearest tenth of a foot,1,Department of Water Resources,NA,274,Santa Clara Valley Water District
47689,370316N1215433W001,2380965,2005-10-11T00:00:00Z,210.43,209.73,0,64.7,145.73,64.7,64,NA,Electric sounder measurement,Water level accuracy to nearest tenth of a foot,1,Department of Water Resources,NA,274,Santa Clara Valley Water District
47689,370316N1215433W001,2380964,2005-09-12T00:00:00Z,210.43,209.73,0,61.3,149.13,61.3,60.6,NA,Electric sounder measurement,Water level accuracy to nearest tenth of a foot,1,Department of Water Resources,NA,274,Santa Clara Valley Water District
47689,370316N1215433W001,2380963,2005-08-10T00:00:00Z,210.43,209.73,0,62.5,147.93,62.5,61.8,NA,Electric sounder measurement,Water level accuracy to nearest tenth of a foot,1,Department of Water Resources,NA,274,Santa Clara Valley Water District
47689,370316N1215433W001,2380962,2005-07-08T00:00:00Z,210.43,209.73,0,55.7,154.73,55.7,55,NA,Electric sounder measurement,Water level accuracy to nearest tenth of a foot,1,Department of Water Resources,NA,274,Santa Clara Valley Water District
47689,370316N1215433W001,2380961,2005-06-02T00:00:00Z,210.43,209.73,0,49.5,160.93,49.5,48.8,NA,Electric sounder measurement,Water level accuracy to nearest tenth of a foot,1,Department of Water Resources,NA,274,Santa Clara Valley Water District
47689,370316N1215433W001,2380960,2005-04-20T00:00:00Z,210.43,209.73,0,37.2,173.23,37.2,36.5,NA,Electric sounder measurement,Water level accuracy to nearest tenth of a foot,1,Department of Water Resources,NA,274,Santa Clara Valley Water District
47689,370316N1215433W001,2380959,2004-12-28T00:00:00Z,210.43,209.73,0,47.7,162.73,47.7,47,NA,Electric sounder measurement,Water level accuracy to nearest tenth of a foot,1,Department of Water Resources,NA,274,Santa Clara Valley Water District
