STN_ID,SITE_CODE,WLM_ID,MSMT_DATE,WLM_RPE,WLM_GSE,RDNG_WS,RDNG_RP,WSE,RPE_WSE,GSE_WSE,WLM_QA_DESC,WLM_DESC,WLM_ACC_DESC,WLM_ORG_ID,WLM_ORG_NAME,MSMT_CMT,COOP_AGENCY_ORG_ID,COOP_ORG_NAME
47845,352015N1192094W001,2413550,2018-10-08T00:00:00Z,295,295,0,241.9,53.1,241.9,241.9,NA,Electric sounder measurement,Water level accuracy to nearest tenth of a foot,5031,Kern River Fan Group,NA,5031,Kern River Fan Group
47845,352015N1192094W001,2285000,2018-03-15T00:00:00Z,295,295,NA,NA,NA,NA,NA,Pumping,NA,NA,5031,Kern River Fan Group,NA,5031,Kern River Fan Group
47845,352015N1192094W001,2267074,2017-10-05T00:00:00Z,295,295,0,190,105,190,190,NA,Steel tape measurement,Water level accuracy to nearest tenth of a foot,5031,Kern River Fan Group,NA,5031,Kern River Fan Group
47845,352015N1192094W001,2235578,2017-03-24T00:00:00Z,295,295,NA,NA,NA,NA,NA,Pumping,NA,NA,5031,Kern River Fan Group,NA,5031,Kern River Fan Group
47845,352015N1192094W001,2213444,2016-10-14T00:00:00Z,295,295,285.7,0,580.7,-285.7,-285.7,NA,Steel tape measurement,Water level accuracy to nearest tenth of a foot,5031,Kern River Fan Group,NA,5031,Kern River Fan Group
47845,352015N1192094W001,2185452,2016-03-14T00:00:00Z,295,295,0,235.2,59.8,235.2,235.2,NA,Steel tape measurement,Water level accuracy to nearest tenth of a foot,5031,Kern River Fan Group,NA,5031,Kern River Fan Group
47845,352015N1192094W001,2175039,2015-10-20T00:00:00Z,295,295,0,218.9,76.1,218.9,218.9,NA,Steel tape measurement,Water level accuracy to nearest tenth of a foot,5031,Kern River Fan Group,NA,5031,Kern River Fan Group
47845,352015N1192094W001,2135654,2015-04-11T00:00:00Z,295,295,0,227.5,67.5,227.5,227.5,NA,Steel tape measurement,Water level accuracy to nearest tenth of a foot,5031,Kern River Fan Group,NA,5031,Kern River Fan Group
47845,352015N1192094W001,2110303,2015-01-14T00:00:00Z,295,295,0,176.6,118.4,176.6,176.6,NA,Steel tape measurement,Water level accuracy to nearest tenth of a foot,5031,Kern River Fan Group,NA,5031,Kern River Fan Group
47845,352015N1192094W001,1876938,2014-03-10T00:00:00Z,295,295,0,203,92,203,203,NA,Steel tape measurement,Water level accuracy to nearest tenth of a foot,5031,Kern River Fan Group,NA,5031,Kern River Fan Group
47845,352015N1192094W001,1726416,2013-06-20T00:00:00Z,295,295,0,248.2,46.8,248.2,248.2,NA,Steel tape measurement,Water level accuracy to nearest tenth of a foot,5031,Kern River Fan Group,NA,5031,Kern River Fan Group
47845,352015N1192094W001,1726417,2013-03-18T00:00:00Z,295,295,0,173.4,121.6,173.4,173.4,NA,Steel tape measurement,Water level accuracy to nearest tenth of a foot,5031,Kern River Fan Group,NA,5031,Kern River Fan Group
47845,352015N1192094W001,92505,2013-01-02T00:00:00Z,295,295,0,155.4,139.6,155.4,155.4,NA,Steel tape measurement,Water level accuracy to nearest tenth of a foot,5031,Kern River Fan Group,NA,5031,Kern River Fan Group
47845,352015N1192094W001,68003,2012-09-07T00:00:00Z,295,295,0,193.9,101.1,193.9,193.9,NA,Steel tape measurement,Water level accuracy to nearest tenth of a foot,5031,Kern River Fan Group,NA,5031,Kern River Fan Group
47845,352015N1192094W001,56257,2012-06-21T00:00:00Z,295,295,0,205.7,89.3,205.7,205.7,NA,Steel tape measurement,Water level accuracy to nearest tenth of a foot,5031,Kern River Fan Group,NA,5031,Kern River Fan Group
47845,352015N1192094W001,30852,2011-09-05T00:00:00Z,295,295,3,156.7,141.3,153.7,153.7,NA,Steel tape measurement,Water level accuracy to nearest tenth of a foot,5031,Kern River Fan Group,NA,5031,Kern River Fan Group
