STN_ID,SITE_CODE,WLM_ID,MSMT_DATE,WLM_RPE,WLM_GSE,RDNG_WS,RDNG_RP,WSE,RPE_WSE,GSE_WSE,WLM_QA_DESC,WLM_DESC,WLM_ACC_DESC,WLM_ORG_ID,WLM_ORG_NAME,MSMT_CMT,COOP_AGENCY_ORG_ID,COOP_ORG_NAME
47886,365403N1180129W001,2621351,2020-04-09T00:00:00Z,3572.87,3571.87,0,1.97,3570.9,1.97,0.97,NA,Electric sounder measurement,Water level accuracy to nearest tenth of a foot,5046,Los AngelesDepartment of Water and Power,NA,5123,Los Angeles Department of Water and Power
47886,365403N1180129W001,2621350,2020-03-02T00:00:00Z,3572.87,3571.87,0,2.09,3570.78,2.09,1.09,NA,Electric sounder measurement,Water level accuracy to nearest tenth of a foot,5046,Los AngelesDepartment of Water and Power,NA,5123,Los Angeles Department of Water and Power
47886,365403N1180129W001,2621349,2020-02-04T00:00:00Z,3572.87,3571.87,0,2.18,3570.69,2.18,1.18,NA,Electric sounder measurement,Water level accuracy to nearest tenth of a foot,5046,Los AngelesDepartment of Water and Power,NA,5123,Los Angeles Department of Water and Power
47886,365403N1180129W001,2621348,2020-01-07T00:00:00Z,3572.87,3571.87,0,2.26,3570.61,2.26,1.26,NA,Electric sounder measurement,Water level accuracy to nearest tenth of a foot,5046,Los AngelesDepartment of Water and Power,NA,5123,Los Angeles Department of Water and Power
47886,365403N1180129W001,2621347,2019-12-09T00:00:00Z,3572.87,3571.87,0,2.33,3570.54,2.33,1.33,NA,Electric sounder measurement,Water level accuracy to nearest tenth of a foot,5046,Los AngelesDepartment of Water and Power,NA,5123,Los Angeles Department of Water and Power
47886,365403N1180129W001,2621346,2019-11-05T00:00:00Z,3572.87,3571.87,0,2.63,3570.24,2.63,1.63,NA,Electric sounder measurement,Water level accuracy to nearest tenth of a foot,5046,Los AngelesDepartment of Water and Power,NA,5123,Los Angeles Department of Water and Power
47886,365403N1180129W001,2621345,2019-10-15T00:00:00Z,3572.87,3571.87,0,2.6,3570.27,2.6,1.6,NA,Electric sounder measurement,Water level accuracy to nearest tenth of a foot,5046,Los AngelesDepartment of Water and Power,NA,5123,Los Angeles Department of Water and Power
47886,365403N1180129W001,2621344,2019-09-04T00:00:00Z,3572.87,3571.87,0,2.53,3570.34,2.53,1.53,NA,Electric sounder measurement,Water level accuracy to nearest tenth of a foot,5046,Los AngelesDepartment of Water and Power,NA,5123,Los Angeles Department of Water and Power
47886,365403N1180129W001,2621343,2019-08-07T00:00:00Z,3572.87,3571.87,0,2.43,3570.44,2.43,1.43,NA,Electric sounder measurement,Water level accuracy to nearest tenth of a foot,5046,Los AngelesDepartment of Water and Power,OL,5123,Los Angeles Department of Water and Power
47886,365403N1180129W001,2488834,2019-07-10T00:00:00Z,3572.87,3571.87,0,2.56,3570.31,2.56,1.56,NA,Electric sounder measurement,Water level accuracy to nearest tenth of a foot,5046,Los AngelesDepartment of Water and Power,NA,5123,Los Angeles Department of Water and Power
47886,365403N1180129W001,2488833,2019-06-17T00:00:00Z,3572.87,3571.87,0,2.15,3570.72,2.15,1.15,NA,Electric sounder measurement,Water level accuracy to nearest tenth of a foot,5046,Los AngelesDepartment of Water and Power,NA,5123,Los Angeles Department of Water and Power
47886,365403N1180129W001,2488832,2019-05-17T00:00:00Z,3572.87,3571.87,0,2.04,3570.83,2.04,1.04,NA,Electric sounder measurement,Water level accuracy to nearest tenth of a foot,5046,Los AngelesDepartment of Water and Power,OL,5123,Los Angeles Department of Water and Power
47886,365403N1180129W001,2463468,2019-04-18T00:00:00Z,3572.87,3571.87,0,1.98,3570.89,1.98,0.98,NA,Electric sounder measurement,Water level accuracy to nearest tenth of a foot,5046,Los AngelesDepartment of Water and Power,NA,5123,Los Angeles Department of Water and Power
47886,365403N1180129W001,2463467,2019-03-06T00:00:00Z,3572.87,3571.87,0,1.82,3571.05,1.82,0.82,NA,Electric sounder measurement,Water level accuracy to nearest tenth of a foot,5046,Los AngelesDepartment of Water and Power,OL,5123,Los Angeles Department of Water and Power
47886,365403N1180129W001,2449853,2019-02-08T00:00:00Z,3572.87,3571.87,0,1.89,3570.98,1.89,0.89,NA,Electric sounder measurement,Water level accuracy to nearest tenth of a foot,5046,Los AngelesDepartment of Water and Power,NA,5123,Los Angeles Department of Water and Power
47886,365403N1180129W001,2449852,2019-01-10T00:00:00Z,3572.87,3571.87,0,1.99,3570.88,1.99,0.99,NA,Electric sounder measurement,Water level accuracy to nearest tenth of a foot,5046,Los AngelesDepartment of Water and Power,OL,5123,Los Angeles Department of Water and Power
47886,365403N1180129W001,2429968,2018-11-07T00:00:00Z,3572.87,3571.87,0,2.27,3570.6,2.27,1.27,NA,Electric sounder measurement,Water level accuracy to nearest tenth of a foot,5046,Los AngelesDepartment of Water and Power,NA,5123,Los Angeles Department of Water and Power
47886,365403N1180129W001,2429967,2018-10-02T00:00:00Z,3572.87,3571.87,0,2.26,3570.61,2.26,1.26,NA,Electric sounder measurement,Water level accuracy to nearest tenth of a foot,5046,Los AngelesDepartment of Water and Power,NA,5123,Los Angeles Department of Water and Power
47886,365403N1180129W001,2429966,2018-09-06T00:00:00Z,3572.87,3571.87,0,2.24,3570.63,2.24,1.24,NA,Electric sounder measurement,Water level accuracy to nearest tenth of a foot,5046,Los AngelesDepartment of Water and Power,NA,5123,Los Angeles Department of Water and Power
47886,365403N1180129W001,2429965,2018-08-01T00:00:00Z,3572.87,3571.87,0,2.14,3570.73,2.14,1.14,NA,Electric sounder measurement,Water level accuracy to nearest tenth of a foot,5046,Los AngelesDepartment of Water and Power,NA,5123,Los Angeles Department of Water and Power
47886,365403N1180129W001,2429964,2018-07-10T00:00:00Z,3572.87,3571.87,0,2.09,3570.78,2.09,1.09,NA,Electric sounder measurement,Water level accuracy to nearest tenth of a foot,5046,Los AngelesDepartment of Water and Power,OL,5123,Los Angeles Department of Water and Power
47886,365403N1180129W001,2298118,2018-06-01T00:00:00Z,3572.87,3571.87,0,2.05,3570.82,2.05,1.05,NA,Electric sounder measurement,Water level accuracy to nearest tenth of a foot,5046,Los AngelesDepartment of Water and Power,NA,5123,Los Angeles Department of Water and Power
47886,365403N1180129W001,2298117,2018-05-02T00:00:00Z,3572.87,3571.87,0,1.91,3570.96,1.91,0.91,NA,Electric sounder measurement,Water level accuracy to nearest tenth of a foot,5046,Los AngelesDepartment of Water and Power,NA,5123,Los Angeles Department of Water and Power
47886,365403N1180129W001,2298116,2018-04-11T00:00:00Z,3572.87,3571.87,0,1.8,3571.07,1.8,0.8,NA,Electric sounder measurement,Water level accuracy to nearest tenth of a foot,5046,Los AngelesDepartment of Water and Power,NA,5123,Los Angeles Department of Water and Power
47886,365403N1180129W001,2298115,2018-03-01T00:00:00Z,3572.87,3571.87,0,1.92,3570.95,1.92,0.92,NA,Electric sounder measurement,Water level accuracy to nearest tenth of a foot,5046,Los AngelesDepartment of Water and Power,NA,5123,Los Angeles Department of Water and Power
47886,365403N1180129W001,2298114,2018-02-05T00:00:00Z,3572.87,3571.87,0,1.94,3570.93,1.94,0.94,NA,Electric sounder measurement,Water level accuracy to nearest tenth of a foot,5046,Los AngelesDepartment of Water and Power,NA,5123,Los Angeles Department of Water and Power
47886,365403N1180129W001,2298113,2018-01-08T00:00:00Z,3572.87,3571.87,0,2.03,3570.84,2.03,1.03,NA,Electric sounder measurement,Water level accuracy to nearest tenth of a foot,5046,Los AngelesDepartment of Water and Power,NA,5123,Los Angeles Department of Water and Power
47886,365403N1180129W001,2298112,2017-12-04T00:00:00Z,3572.87,3571.87,0,2.2,3570.67,2.2,1.2,NA,Electric sounder measurement,Water level accuracy to nearest tenth of a foot,5046,Los AngelesDepartment of Water and Power,OL,5123,Los Angeles Department of Water and Power
47886,365403N1180129W001,2275598,2017-11-02T00:00:00Z,3572.87,3571.87,0,2.34,3570.53,2.34,1.34,NA,Electric sounder measurement,Water level accuracy to nearest tenth of a foot,5046,Los AngelesDepartment of Water and Power,NA,5046,Los AngelesDepartment of Water and Power
47886,365403N1180129W001,2275597,2017-10-10T00:00:00Z,3572.87,3571.87,0,2.48,3570.39,2.48,1.48,NA,Electric sounder measurement,Water level accuracy to nearest tenth of a foot,5046,Los AngelesDepartment of Water and Power,NA,5046,Los AngelesDepartment of Water and Power
47886,365403N1180129W001,2275596,2017-09-05T00:00:00Z,3572.87,3571.87,0,2.05,3570.82,2.05,1.05,NA,Electric sounder measurement,Water level accuracy to nearest tenth of a foot,5046,Los AngelesDepartment of Water and Power,NA,5046,Los AngelesDepartment of Water and Power
47886,365403N1180129W001,2275595,2017-08-01T00:00:00Z,3572.87,3571.87,0,2.91,3569.96,2.91,1.91,NA,Electric sounder measurement,Water level accuracy to nearest tenth of a foot,5046,Los AngelesDepartment of Water and Power,NA,5046,Los AngelesDepartment of Water and Power
47886,365403N1180129W001,2275594,2017-07-10T00:00:00Z,3572.87,3571.87,0,2.57,3570.3,2.57,1.57,NA,Electric sounder measurement,Water level accuracy to nearest tenth of a foot,5046,Los AngelesDepartment of Water and Power,NA,5046,Los AngelesDepartment of Water and Power
47886,365403N1180129W001,2275593,2017-06-01T00:00:00Z,3572.87,3571.87,0,2.25,3570.62,2.25,1.25,NA,Electric sounder measurement,Water level accuracy to nearest tenth of a foot,5046,Los AngelesDepartment of Water and Power,NA,5046,Los AngelesDepartment of Water and Power
47886,365403N1180129W001,2256052,2017-05-15T00:00:00Z,3572.87,3571.87,0,2.19,3570.68,2.19,1.19,NA,Electric sounder measurement,Water level accuracy to nearest tenth of a foot,5046,Los AngelesDepartment of Water and Power,NA,5123,Los Angeles Department of Water and Power
47886,365403N1180129W001,2256051,2017-04-11T00:00:00Z,3572.87,3571.87,0,2.03,3570.84,2.03,1.03,NA,Electric sounder measurement,Water level accuracy to nearest tenth of a foot,5046,Los AngelesDepartment of Water and Power,NA,5123,Los Angeles Department of Water and Power
47886,365403N1180129W001,2256050,2017-03-06T00:00:00Z,3572.87,3571.87,0,2.06,3570.81,2.06,1.06,NA,Electric sounder measurement,Water level accuracy to nearest tenth of a foot,5046,Los AngelesDepartment of Water and Power,NA,5123,Los Angeles Department of Water and Power
47886,365403N1180129W001,2256049,2017-02-07T00:00:00Z,3572.87,3571.87,0,2.11,3570.76,2.11,1.11,NA,Electric sounder measurement,Water level accuracy to nearest tenth of a foot,5046,Los AngelesDepartment of Water and Power,NA,5123,Los Angeles Department of Water and Power
47886,365403N1180129W001,2256048,2017-01-03T00:00:00Z,3572.87,3571.87,0,2.37,3570.5,2.37,1.37,NA,Electric sounder measurement,Water level accuracy to nearest tenth of a foot,5046,Los AngelesDepartment of Water and Power,NA,5123,Los Angeles Department of Water and Power
47886,365403N1180129W001,2222269,2016-12-01T00:00:00Z,3572.87,3571.87,0,2.7,3570.17,2.7,1.7,NA,Electric sounder measurement,Water level accuracy to nearest tenth of a foot,5046,Los AngelesDepartment of Water and Power,NA,5123,Los Angeles Department of Water and Power
47886,365403N1180129W001,2222268,2016-11-01T00:00:00Z,3572.87,3571.87,0,2.56,3570.31,2.56,1.56,NA,Electric sounder measurement,Water level accuracy to nearest tenth of a foot,5046,Los AngelesDepartment of Water and Power,NA,5123,Los Angeles Department of Water and Power
47886,365403N1180129W001,2222267,2016-10-12T00:00:00Z,3572.87,3571.87,0,2.68,3570.19,2.68,1.68,NA,Electric sounder measurement,Water level accuracy to nearest tenth of a foot,5046,Los AngelesDepartment of Water and Power,NA,5123,Los Angeles Department of Water and Power
47886,365403N1180129W001,2222266,2016-09-02T00:00:00Z,3572.87,3571.87,0,2.61,3570.26,2.61,1.61,NA,Electric sounder measurement,Water level accuracy to nearest tenth of a foot,5046,Los AngelesDepartment of Water and Power,NA,5123,Los Angeles Department of Water and Power
47886,365403N1180129W001,2222265,2016-08-01T00:00:00Z,3572.87,3571.87,0,2.51,3570.36,2.51,1.51,NA,Electric sounder measurement,Water level accuracy to nearest tenth of a foot,5046,Los AngelesDepartment of Water and Power,NA,5123,Los Angeles Department of Water and Power
47886,365403N1180129W001,2222264,2016-07-11T00:00:00Z,3572.87,3571.87,0,2.44,3570.43,2.44,1.44,NA,Electric sounder measurement,Water level accuracy to nearest tenth of a foot,5046,Los AngelesDepartment of Water and Power,NA,5123,Los Angeles Department of Water and Power
47886,365403N1180129W001,2199537,2016-06-01T00:00:00Z,3572.87,3571.87,0,2.33,3570.54,2.33,1.33,NA,Electric sounder measurement,Water level accuracy to nearest tenth of a foot,5046,Los AngelesDepartment of Water and Power,NA,5123,Los Angeles Department of Water and Power
47886,365403N1180129W001,2199536,2016-05-02T00:00:00Z,3572.87,3571.87,0,2.24,3570.63,2.24,1.24,NA,Electric sounder measurement,Water level accuracy to nearest tenth of a foot,5046,Los AngelesDepartment of Water and Power,NA,5123,Los Angeles Department of Water and Power
47886,365403N1180129W001,2199535,2016-04-05T00:00:00Z,3572.87,3571.87,0,2.1,3570.77,2.1,1.1,NA,Electric sounder measurement,Water level accuracy to nearest tenth of a foot,5046,Los AngelesDepartment of Water and Power,NA,5123,Los Angeles Department of Water and Power
47886,365403N1180129W001,2199534,2016-03-03T00:00:00Z,3572.87,3571.87,0,2.13,3570.74,2.13,1.13,NA,Electric sounder measurement,Water level accuracy to nearest tenth of a foot,5046,Los AngelesDepartment of Water and Power,NA,5123,Los Angeles Department of Water and Power
47886,365403N1180129W001,2199533,2016-02-18T00:00:00Z,3572.87,3571.87,0,2.11,3570.76,2.11,1.11,NA,Electric sounder measurement,Water level accuracy to nearest tenth of a foot,5046,Los AngelesDepartment of Water and Power,NA,5123,Los Angeles Department of Water and Power
47886,365403N1180129W001,2199532,2016-01-05T00:00:00Z,3572.87,3571.87,0,2.22,3570.65,2.22,1.22,NA,Electric sounder measurement,Water level accuracy to nearest tenth of a foot,5046,Los AngelesDepartment of Water and Power,NA,5123,Los Angeles Department of Water and Power
47886,365403N1180129W001,2199531,2015-12-01T00:00:00Z,3572.87,3571.87,0,2.38,3570.49,2.38,1.38,NA,Electric sounder measurement,Water level accuracy to nearest tenth of a foot,5046,Los AngelesDepartment of Water and Power,NA,5123,Los Angeles Department of Water and Power
47886,365403N1180129W001,2199530,2015-11-04T00:00:00Z,3572.87,3571.87,0,2.46,3570.41,2.46,1.46,NA,Electric sounder measurement,Water level accuracy to nearest tenth of a foot,5046,Los AngelesDepartment of Water and Power,NA,5123,Los Angeles Department of Water and Power
47886,365403N1180129W001,2164148,2015-10-06T00:00:00Z,3572.87,3571.87,0,2.56,3570.31,2.56,1.56,NA,Electric sounder measurement,Water level accuracy to nearest tenth of a foot,5046,Los AngelesDepartment of Water and Power,NA,5123,Los Angeles Department of Water and Power
47886,365403N1180129W001,2164147,2015-09-02T00:00:00Z,3572.87,3571.87,0,2.46,3570.41,2.46,1.46,NA,Electric sounder measurement,Water level accuracy to nearest tenth of a foot,5046,Los AngelesDepartment of Water and Power,NA,5123,Los Angeles Department of Water and Power
47886,365403N1180129W001,2164146,2015-08-06T00:00:00Z,3572.87,3571.87,0,2.41,3570.46,2.41,1.41,NA,Electric sounder measurement,Water level accuracy to nearest tenth of a foot,5046,Los AngelesDepartment of Water and Power,NA,5123,Los Angeles Department of Water and Power
47886,365403N1180129W001,2164145,2015-07-11T00:00:00Z,3572.87,3571.87,0,2.39,3570.48,2.39,1.39,NA,Electric sounder measurement,Water level accuracy to nearest tenth of a foot,5046,Los AngelesDepartment of Water and Power,NA,5123,Los Angeles Department of Water and Power
47886,365403N1180129W001,2164144,2015-06-01T00:00:00Z,3572.87,3571.87,0,2.24,3570.63,2.24,1.24,NA,Electric sounder measurement,Water level accuracy to nearest tenth of a foot,5046,Los AngelesDepartment of Water and Power,NA,5123,Los Angeles Department of Water and Power
47886,365403N1180129W001,2143737,2015-05-06T00:00:00Z,3572.87,3571.87,0,2.15,3570.72,2.15,1.15,NA,Electric sounder measurement,Water level accuracy to nearest tenth of a foot,5046,Los AngelesDepartment of Water and Power,NA,5123,Los Angeles Department of Water and Power
47886,365403N1180129W001,2143736,2015-04-14T00:00:00Z,3572.87,3571.87,0,2.04,3570.83,2.04,1.04,NA,Electric sounder measurement,Water level accuracy to nearest tenth of a foot,5046,Los AngelesDepartment of Water and Power,NA,5123,Los Angeles Department of Water and Power
47886,365403N1180129W001,2143735,2015-03-25T00:00:00Z,3572.87,3571.87,0,2.06,3570.81,2.06,1.06,NA,Electric sounder measurement,Water level accuracy to nearest tenth of a foot,5046,Los AngelesDepartment of Water and Power,NA,5123,Los Angeles Department of Water and Power
47886,365403N1180129W001,2143734,2015-02-25T00:00:00Z,3572.87,3571.87,0,2.07,3570.8,2.07,1.07,NA,Electric sounder measurement,Water level accuracy to nearest tenth of a foot,5046,Los AngelesDepartment of Water and Power,NA,5123,Los Angeles Department of Water and Power
47886,365403N1180129W001,2114920,2015-01-14T00:00:00Z,3572.87,3571.87,0,2.12,3570.75,2.12,1.12,NA,Electric sounder measurement,Water level accuracy to nearest tenth of a foot,5046,Los AngelesDepartment of Water and Power,NA,5123,Los Angeles Department of Water and Power
47886,365403N1180129W001,2143733,2015-01-14T00:00:00Z,3572.87,3571.87,0,2.12,3570.75,2.12,1.12,NA,Electric sounder measurement,Water level accuracy to nearest tenth of a foot,5046,Los AngelesDepartment of Water and Power,NA,5123,Los Angeles Department of Water and Power
47886,365403N1180129W001,2114918,2014-11-15T00:00:00Z,3572.87,3571.87,0,2.24,3570.63,2.24,1.24,NA,Electric sounder measurement,Water level accuracy to nearest tenth of a foot,5046,Los AngelesDepartment of Water and Power,NA,5123,Los Angeles Department of Water and Power
47886,365403N1180129W001,2114917,2014-10-28T00:00:00Z,3572.87,3571.87,0,2.34,3570.53,2.34,1.34,NA,Electric sounder measurement,Water level accuracy to nearest tenth of a foot,5046,Los AngelesDepartment of Water and Power,NA,5123,Los Angeles Department of Water and Power
47886,365403N1180129W001,2114916,2014-09-24T00:00:00Z,3572.87,3571.87,0,2.34,3570.53,2.34,1.34,NA,Electric sounder measurement,Water level accuracy to nearest tenth of a foot,5046,Los AngelesDepartment of Water and Power,NA,5123,Los Angeles Department of Water and Power
47886,365403N1180129W001,2114915,2014-08-25T00:00:00Z,3572.87,3571.87,0,2.22,3570.65,2.22,1.22,NA,Electric sounder measurement,Water level accuracy to nearest tenth of a foot,5046,Los AngelesDepartment of Water and Power,NA,5123,Los Angeles Department of Water and Power
47886,365403N1180129W001,2114914,2014-07-16T00:00:00Z,3572.87,3571.87,0,2.15,3570.72,2.15,1.15,NA,Electric sounder measurement,Water level accuracy to nearest tenth of a foot,5046,Los AngelesDepartment of Water and Power,NA,5123,Los Angeles Department of Water and Power
47886,365403N1180129W001,2014742,2014-06-18T00:00:00Z,3631.46,3630.46,0,2.04,3629.42,2.04,1.04,NA,Electric sounder measurement,Water level accuracy to nearest tenth of a foot,5046,Los AngelesDepartment of Water and Power,NA,5123,Los Angeles Department of Water and Power
47886,365403N1180129W001,2014741,2014-05-22T00:00:00Z,3631.46,3630.46,0,2.08,3629.38,2.08,1.08,NA,Electric sounder measurement,Water level accuracy to nearest tenth of a foot,5046,Los AngelesDepartment of Water and Power,NA,5123,Los Angeles Department of Water and Power
47886,365403N1180129W001,2014740,2014-04-21T00:00:00Z,3631.46,3630.46,0,1.7,3629.76,1.7,0.7,NA,Electric sounder measurement,Water level accuracy to nearest tenth of a foot,5046,Los AngelesDepartment of Water and Power,NA,5123,Los Angeles Department of Water and Power
47886,365403N1180129W001,2014739,2014-03-19T00:00:00Z,3631.46,3630.46,0,1.7,3629.76,1.7,0.7,NA,Electric sounder measurement,Water level accuracy to nearest tenth of a foot,5046,Los AngelesDepartment of Water and Power,NA,5123,Los Angeles Department of Water and Power
47886,365403N1180129W001,2014738,2014-02-20T00:00:00Z,3631.46,3630.46,0,1.78,3629.68,1.78,0.78,NA,Electric sounder measurement,Water level accuracy to nearest tenth of a foot,5046,Los AngelesDepartment of Water and Power,NA,5123,Los Angeles Department of Water and Power
47886,365403N1180129W001,2014737,2014-01-06T00:00:00Z,3631.46,3630.46,0,1.87,3629.59,1.87,0.87,NA,Electric sounder measurement,Water level accuracy to nearest tenth of a foot,5046,Los AngelesDepartment of Water and Power,NA,5123,Los Angeles Department of Water and Power
47886,365403N1180129W001,2014736,2013-12-02T00:00:00Z,3631.46,3630.46,0,1.9,3629.56,1.9,0.9,NA,Electric sounder measurement,Water level accuracy to nearest tenth of a foot,5046,Los AngelesDepartment of Water and Power,NA,5123,Los Angeles Department of Water and Power
47886,365403N1180129W001,2014735,2013-11-12T00:00:00Z,3631.46,3630.46,0,2.06,3629.4,2.06,1.06,NA,Electric sounder measurement,Water level accuracy to nearest tenth of a foot,5046,Los AngelesDepartment of Water and Power,NA,5123,Los Angeles Department of Water and Power
47886,365403N1180129W001,2014734,2013-10-03T00:00:00Z,3631.46,3630.46,0,2.36,3629.1,2.36,1.36,NA,Electric sounder measurement,Water level accuracy to nearest tenth of a foot,5046,Los AngelesDepartment of Water and Power,NA,5123,Los Angeles Department of Water and Power
47886,365403N1180129W001,2014733,2013-09-04T00:00:00Z,3631.46,3630.46,0,2.15,3629.31,2.15,1.15,NA,Electric sounder measurement,Water level accuracy to nearest tenth of a foot,5046,Los AngelesDepartment of Water and Power,NA,5123,Los Angeles Department of Water and Power
47886,365403N1180129W001,2014732,2013-08-05T00:00:00Z,3631.46,3630.46,0,2.19,3629.27,2.19,1.19,NA,Electric sounder measurement,Water level accuracy to nearest tenth of a foot,5046,Los AngelesDepartment of Water and Power,NA,5123,Los Angeles Department of Water and Power
47886,365403N1180129W001,2014731,2013-07-23T00:00:00Z,3631.46,3630.46,0,2.22,3629.24,2.22,1.22,NA,Electric sounder measurement,Water level accuracy to nearest tenth of a foot,5046,Los AngelesDepartment of Water and Power,NA,5123,Los Angeles Department of Water and Power
47886,365403N1180129W001,2014730,2013-06-04T00:00:00Z,3631.46,3630.46,0,2.69,3628.77,2.69,1.69,NA,Electric sounder measurement,Water level accuracy to nearest tenth of a foot,5046,Los AngelesDepartment of Water and Power,NA,5123,Los Angeles Department of Water and Power
47886,365403N1180129W001,2014729,2013-05-13T00:00:00Z,3631.46,3630.46,0,2.43,3629.03,2.43,1.43,NA,Electric sounder measurement,Water level accuracy to nearest tenth of a foot,5046,Los AngelesDepartment of Water and Power,NA,5123,Los Angeles Department of Water and Power
47886,365403N1180129W001,2014728,2013-04-11T00:00:00Z,3631.46,3630.46,0,3.4,3628.06,3.4,2.4,NA,Electric sounder measurement,Water level accuracy to nearest tenth of a foot,5046,Los AngelesDepartment of Water and Power,NA,5123,Los Angeles Department of Water and Power
47886,365403N1180129W001,2014727,2013-03-06T00:00:00Z,3631.46,3630.46,0,2.03,3629.43,2.03,1.03,NA,Electric sounder measurement,Water level accuracy to nearest tenth of a foot,5046,Los AngelesDepartment of Water and Power,NA,5123,Los Angeles Department of Water and Power
47886,365403N1180129W001,2014726,2013-02-12T00:00:00Z,3631.46,3630.46,0,2.12,3629.34,2.12,1.12,NA,Electric sounder measurement,Water level accuracy to nearest tenth of a foot,5046,Los AngelesDepartment of Water and Power,NA,5123,Los Angeles Department of Water and Power
47886,365403N1180129W001,2014725,2013-01-08T00:00:00Z,3631.46,3630.46,0,2.21,3629.25,2.21,1.21,NA,Electric sounder measurement,Water level accuracy to nearest tenth of a foot,5046,Los AngelesDepartment of Water and Power,NA,5123,Los Angeles Department of Water and Power
47886,365403N1180129W001,2014724,2012-12-03T00:00:00Z,3631.46,3630.46,0,2.3,3629.16,2.3,1.3,NA,Electric sounder measurement,Water level accuracy to nearest tenth of a foot,5046,Los AngelesDepartment of Water and Power,NA,5123,Los Angeles Department of Water and Power
47886,365403N1180129W001,2014723,2012-11-08T00:00:00Z,3631.46,3630.46,0,2.35,3629.11,2.35,1.35,NA,Electric sounder measurement,Water level accuracy to nearest tenth of a foot,5046,Los AngelesDepartment of Water and Power,NA,5123,Los Angeles Department of Water and Power
47886,365403N1180129W001,2014722,2012-10-03T00:00:00Z,3631.46,3630.46,0,2.5,3628.96,2.5,1.5,NA,Electric sounder measurement,Water level accuracy to nearest tenth of a foot,5046,Los AngelesDepartment of Water and Power,NA,5123,Los Angeles Department of Water and Power
47886,365403N1180129W001,2014721,2012-09-06T00:00:00Z,3631.46,3630.46,0,2.69,3628.77,2.69,1.69,NA,Electric sounder measurement,Water level accuracy to nearest tenth of a foot,5046,Los AngelesDepartment of Water and Power,NA,5123,Los Angeles Department of Water and Power
47886,365403N1180129W001,2014720,2012-08-13T00:00:00Z,3631.46,3630.46,0,2.78,3628.68,2.78,1.78,NA,Electric sounder measurement,Water level accuracy to nearest tenth of a foot,5046,Los AngelesDepartment of Water and Power,NA,5123,Los Angeles Department of Water and Power
47886,365403N1180129W001,2014719,2012-07-18T00:00:00Z,3631.46,3630.46,0,3,3628.46,3,2,NA,Electric sounder measurement,Water level accuracy to nearest tenth of a foot,5046,Los AngelesDepartment of Water and Power,NA,5123,Los Angeles Department of Water and Power
47886,365403N1180129W001,63643,2012-07-01T11:17:00Z,3631.46,3630.19,0,-3,3634.46,-3,-4.27,NA,Electric sounder measurement,Water level accuracy to nearest tenth of a foot,5046,Los AngelesDepartment of Water and Power,NA,5123,Los Angeles Department of Water and Power
47886,365403N1180129W001,2014718,2012-06-05T00:00:00Z,3631.46,3630.46,0,3.55,3627.91,3.55,2.55,NA,Electric sounder measurement,Water level accuracy to nearest tenth of a foot,5046,Los AngelesDepartment of Water and Power,NA,5123,Los Angeles Department of Water and Power
47886,365403N1180129W001,63642,2012-06-01T11:17:00Z,3631.46,3630.19,0,-3.55,3635.01,-3.55,-4.82,NA,Electric sounder measurement,Water level accuracy to nearest tenth of a foot,5046,Los AngelesDepartment of Water and Power,NA,5123,Los Angeles Department of Water and Power
47886,365403N1180129W001,63641,2012-05-01T11:17:00Z,3631.46,3630.19,0,-4.69,3636.15,-4.69,-5.96,NA,Electric sounder measurement,Water level accuracy to nearest tenth of a foot,5046,Los AngelesDepartment of Water and Power,NA,5123,Los Angeles Department of Water and Power
47886,365403N1180129W001,2014717,2012-05-01T00:00:00Z,3631.46,3630.46,0,4.69,3626.77,4.69,3.69,NA,Electric sounder measurement,Water level accuracy to nearest tenth of a foot,5046,Los AngelesDepartment of Water and Power,NA,5123,Los Angeles Department of Water and Power
47886,365403N1180129W001,2143742,2012-01-03T00:00:00Z,3572.87,3571.87,0,2.08,3570.79,2.08,1.08,NA,Electric sounder measurement,Water level accuracy to nearest tenth of a foot,5046,Los AngelesDepartment of Water and Power,NA,5123,Los Angeles Department of Water and Power
47886,365403N1180129W001,2143741,2011-10-06T00:00:00Z,3572.87,3571.87,0,2.05,3570.82,2.05,1.05,NA,Electric sounder measurement,Water level accuracy to nearest tenth of a foot,5046,Los AngelesDepartment of Water and Power,NA,5123,Los Angeles Department of Water and Power
47886,365403N1180129W001,2143740,2011-07-14T00:00:00Z,3572.87,3571.87,0,2.45,3570.42,2.45,1.45,NA,Electric sounder measurement,Water level accuracy to nearest tenth of a foot,5046,Los AngelesDepartment of Water and Power,NA,5123,Los Angeles Department of Water and Power
47886,365403N1180129W001,2143739,2011-04-19T00:00:00Z,3572.87,3571.87,0,2.79,3570.08,2.79,1.79,NA,Electric sounder measurement,Water level accuracy to nearest tenth of a foot,5046,Los AngelesDepartment of Water and Power,NA,5123,Los Angeles Department of Water and Power
47886,365403N1180129W001,2143738,2011-01-27T00:00:00Z,3572.87,3571.87,0,1.85,3571.02,1.85,0.85,NA,Electric sounder measurement,Water level accuracy to nearest tenth of a foot,5046,Los AngelesDepartment of Water and Power,NA,5123,Los Angeles Department of Water and Power
