STN_ID,SITE_CODE,WLM_ID,MSMT_DATE,WLM_RPE,WLM_GSE,RDNG_WS,RDNG_RP,WSE,RPE_WSE,GSE_WSE,WLM_QA_DESC,WLM_DESC,WLM_ACC_DESC,WLM_ORG_ID,WLM_ORG_NAME,MSMT_CMT,COOP_AGENCY_ORG_ID,COOP_ORG_NAME
47892,332742N1166846W001,2662720,2020-09-15T00:00:00Z,2824,2822,0,29.48,2794.52,29.48,27.48,NA,Electric sounder measurement,Water level accuracy to nearest foot,5062,Vista Irrigation District,NA,5062,Vista Irrigation District
47892,332742N1166846W001,2660961,2020-08-17T00:00:00Z,2824,2822,0,29.9,2794.1,29.9,27.9,NA,Electric sounder measurement,Water level accuracy to nearest foot,5062,Vista Irrigation District,NA,5062,Vista Irrigation District
47892,332742N1166846W001,2659536,2020-07-15T00:00:00Z,2824,2822,0,30.34,2793.66,30.34,28.34,NA,Electric sounder measurement,Water level accuracy to nearest foot,5062,Vista Irrigation District,NA,5062,Vista Irrigation District
47892,332742N1166846W001,2627314,2020-06-15T00:00:00Z,2824,2822,0,30.81,2793.19,30.81,28.81,NA,Electric sounder measurement,Water level accuracy to nearest foot,5062,Vista Irrigation District,NA,5062,Vista Irrigation District
47892,332742N1166846W001,2623520,2020-05-15T00:00:00Z,2824,2822,0,31.3,2792.7,31.3,29.3,NA,Electric sounder measurement,Water level accuracy to nearest foot,5062,Vista Irrigation District,NA,5062,Vista Irrigation District
47892,332742N1166846W001,2618962,2020-04-15T00:00:00Z,2824,2822,0,31.91,2792.09,31.91,29.91,NA,Electric sounder measurement,Water level accuracy to nearest foot,5062,Vista Irrigation District,NA,5062,Vista Irrigation District
47892,332742N1166846W001,2539155,2020-03-16T00:00:00Z,2824,2822,0,32.3,2791.7,32.3,30.3,NA,Electric sounder measurement,Water level accuracy to nearest foot,5062,Vista Irrigation District,NA,5062,Vista Irrigation District
47892,332742N1166846W001,2539149,2020-02-18T00:00:00Z,2824,2822,0,32.5,2791.5,32.5,30.5,NA,Electric sounder measurement,Water level accuracy to nearest foot,5062,Vista Irrigation District,NA,5062,Vista Irrigation District
47892,332742N1166846W001,2495880,2020-01-15T00:00:00Z,2824,2822,0,32.5,2791.5,32.5,30.5,NA,Electric sounder measurement,Water level accuracy to nearest foot,5062,Vista Irrigation District,NA,5062,Vista Irrigation District
47892,332742N1166846W001,2495886,2019-12-16T00:00:00Z,2824,2822,0,32.79,2791.21,32.79,30.79,NA,Electric sounder measurement,Water level accuracy to nearest foot,5062,Vista Irrigation District,NA,5062,Vista Irrigation District
47892,332742N1166846W001,2485292,2019-11-15T00:00:00Z,2824,2822,0,32.94,2791.06,32.94,30.94,NA,Electric sounder measurement,Water level accuracy to nearest foot,5062,Vista Irrigation District,NA,5062,Vista Irrigation District
47892,332742N1166846W001,2478743,2019-10-15T00:00:00Z,2824,2822,0,32.27,2791.73,32.27,30.27,NA,Electric sounder measurement,Water level accuracy to nearest foot,5062,Vista Irrigation District,NA,5062,Vista Irrigation District
47892,332742N1166846W001,2475313,2019-09-16T00:00:00Z,2824,2822,0,33.6,2790.4,33.6,31.6,NA,Electric sounder measurement,Water level accuracy to nearest foot,5062,Vista Irrigation District,NA,5062,Vista Irrigation District
47892,332742N1166846W001,2474466,2019-08-15T00:00:00Z,2824,2822,0,34.22,2789.78,34.22,32.22,NA,Electric sounder measurement,Water level accuracy to nearest foot,5062,Vista Irrigation District,NA,5062,Vista Irrigation District
47892,332742N1166846W001,2471019,2019-07-15T00:00:00Z,2824,2822,0,34.92,2789.08,34.92,32.92,NA,Electric sounder measurement,Water level accuracy to nearest foot,5062,Vista Irrigation District,NA,5062,Vista Irrigation District
47892,332742N1166846W001,2465540,2019-06-17T00:00:00Z,2824,2822,0,36.06,2787.94,36.06,34.06,NA,Electric sounder measurement,Water level accuracy to nearest foot,5062,Vista Irrigation District,NA,5062,Vista Irrigation District
47892,332742N1166846W001,2460729,2019-05-15T00:00:00Z,2824,2822,0,36.8,2787.2,36.8,34.8,NA,Electric sounder measurement,Water level accuracy to nearest foot,5062,Vista Irrigation District,NA,5062,Vista Irrigation District
47892,332742N1166846W001,2453245,2019-04-15T00:00:00Z,2824,2822,0,36.53,2787.47,36.53,34.53,NA,Electric sounder measurement,Water level accuracy to nearest foot,5062,Vista Irrigation District,NA,5062,Vista Irrigation District
47892,332742N1166846W001,2450366,2019-03-15T00:00:00Z,2824,2822,0,37.16,2786.84,37.16,35.16,NA,Electric sounder measurement,Water level accuracy to nearest foot,5062,Vista Irrigation District,NA,5062,Vista Irrigation District
47892,332742N1166846W001,2447727,2019-02-15T00:00:00Z,2824,2822,0,37.31,2786.69,37.31,35.31,NA,Electric sounder measurement,Water level accuracy to nearest foot,5062,Vista Irrigation District,NA,5062,Vista Irrigation District
47892,332742N1166846W001,2437595,2019-01-15T00:00:00Z,2824,2822,0,37.18,2786.82,37.18,35.18,NA,Electric sounder measurement,Water level accuracy to nearest foot,5062,Vista Irrigation District,NA,5062,Vista Irrigation District
47892,332742N1166846W001,2433802,2018-12-17T00:00:00Z,2824,2822,0,37,2787,37,35,NA,Electric sounder measurement,Water level accuracy to nearest foot,5062,Vista Irrigation District,NA,5062,Vista Irrigation District
47892,332742N1166846W001,2420798,2018-11-15T00:00:00Z,2824,2822,0,37.01,2786.99,37.01,35.01,NA,Electric sounder measurement,Water level accuracy to nearest foot,5062,Vista Irrigation District,NA,5062,Vista Irrigation District
47892,332742N1166846W001,2412067,2018-10-15T00:00:00Z,2824,2822,0,36.67,2787.33,36.67,34.67,NA,Electric sounder measurement,Water level accuracy to nearest foot,5062,Vista Irrigation District,NA,5062,Vista Irrigation District
47892,332742N1166846W001,2410045,2018-09-17T00:00:00Z,2824,2822,0,37.01,2786.99,37.01,35.01,NA,Electric sounder measurement,Water level accuracy to nearest foot,5062,Vista Irrigation District,NA,5062,Vista Irrigation District
47892,332742N1166846W001,2407644,2018-08-15T00:00:00Z,2824,2822,0,36.59,2787.41,36.59,34.59,NA,Electric sounder measurement,Water level accuracy to nearest foot,5062,Vista Irrigation District,NA,5062,Vista Irrigation District
47892,332742N1166846W001,2306504,2018-07-16T00:00:00Z,2824,2822,0,36.47,2787.53,36.47,34.47,NA,Electric sounder measurement,Water level accuracy to nearest foot,5062,Vista Irrigation District,NA,5062,Vista Irrigation District
47892,332742N1166846W001,2298628,2018-06-15T00:00:00Z,2824,2822,0,36.4,2787.6,36.4,34.4,NA,Electric sounder measurement,Water level accuracy to nearest foot,5062,Vista Irrigation District,NA,5062,Vista Irrigation District
47892,332742N1166846W001,2296806,2018-05-15T00:00:00Z,2824,2822,0,36.32,2787.68,36.32,34.32,NA,Electric sounder measurement,Water level accuracy to nearest foot,5062,Vista Irrigation District,NA,5062,Vista Irrigation District
47892,332742N1166846W001,2288775,2018-04-16T00:00:00Z,2824,2822,0,36.29,2787.71,36.29,34.29,NA,Electric sounder measurement,Water level accuracy to nearest foot,5062,Vista Irrigation District,NA,5062,Vista Irrigation District
47892,332742N1166846W001,2284089,2018-03-15T00:00:00Z,2824,2822,0,36.33,2787.67,36.33,34.33,NA,Electric sounder measurement,Water level accuracy to nearest foot,5062,Vista Irrigation District,NA,5062,Vista Irrigation District
47892,332742N1166846W001,2283042,2018-02-15T00:00:00Z,2824,2822,0,36.5,2787.5,36.5,34.5,NA,Electric sounder measurement,Water level accuracy to nearest foot,5062,Vista Irrigation District,NA,5062,Vista Irrigation District
47892,332742N1166846W001,2280156,2018-01-16T00:00:00Z,2824,2822,0,36.6,2787.4,36.6,34.6,NA,Electric sounder measurement,Water level accuracy to nearest foot,5062,Vista Irrigation District,NA,5062,Vista Irrigation District
47892,332742N1166846W001,2277538,2017-12-15T00:00:00Z,2824,2822,0,36.72,2787.28,36.72,34.72,NA,Electric sounder measurement,Water level accuracy to nearest foot,5062,Vista Irrigation District,NA,5062,Vista Irrigation District
47892,332742N1166846W001,2271715,2017-11-15T00:00:00Z,2824,2822,0,37,2787,37,35,NA,Electric sounder measurement,Water level accuracy to nearest foot,5062,Vista Irrigation District,NA,5062,Vista Irrigation District
47892,332742N1166846W001,2266382,2017-10-16T00:00:00Z,2824,2822,0,37.36,2786.64,37.36,35.36,NA,Electric sounder measurement,Water level accuracy to nearest foot,5062,Vista Irrigation District,NA,5062,Vista Irrigation District
47892,332742N1166846W001,2262688,2017-09-15T00:00:00Z,2824,2822,0,37.6,2786.4,37.6,35.6,NA,Electric sounder measurement,Water level accuracy to nearest foot,5062,Vista Irrigation District,NA,5062,Vista Irrigation District
47892,332742N1166846W001,2260957,2017-08-15T00:00:00Z,2824,2822,0,37.88,2786.12,37.88,35.88,NA,Electric sounder measurement,Water level accuracy to nearest foot,5062,Vista Irrigation District,NA,5062,Vista Irrigation District
47892,332742N1166846W001,2259512,2017-07-17T00:00:00Z,2824,2822,0,38.16,2785.84,38.16,36.16,NA,Electric sounder measurement,Water level accuracy to nearest foot,5062,Vista Irrigation District,NA,5062,Vista Irrigation District
47892,332742N1166846W001,2257093,2017-06-15T00:00:00Z,2824,2822,0,38.67,2785.33,38.67,36.67,NA,Electric sounder measurement,Water level accuracy to nearest foot,5062,Vista Irrigation District,NA,5062,Vista Irrigation District
47892,332742N1166846W001,2250284,2017-05-15T00:00:00Z,2824,2822,0,39.15,2784.85,39.15,37.15,NA,Electric sounder measurement,Water level accuracy to nearest foot,5062,Vista Irrigation District,NA,5062,Vista Irrigation District
47892,332742N1166846W001,2243836,2017-04-17T00:00:00Z,2824,2822,0,39.67,2784.33,39.67,37.67,NA,Electric sounder measurement,Water level accuracy to nearest foot,5062,Vista Irrigation District,NA,5062,Vista Irrigation District
47892,332742N1166846W001,2234634,2017-03-15T00:00:00Z,2824,2822,0,39.84,2784.16,39.84,37.84,NA,Electric sounder measurement,Water level accuracy to nearest foot,5062,Vista Irrigation District,NA,5062,Vista Irrigation District
47892,332742N1166846W001,2233508,2017-02-15T00:00:00Z,2824,2822,0,40.17,2783.83,40.17,38.17,NA,Electric sounder measurement,Water level accuracy to nearest foot,5062,Vista Irrigation District,NA,5062,Vista Irrigation District
47892,332742N1166846W001,2226095,2017-01-17T00:00:00Z,2824,2822,0,39.68,2784.32,39.68,37.68,NA,Electric sounder measurement,Water level accuracy to nearest foot,5062,Vista Irrigation District,NA,5062,Vista Irrigation District
47892,332742N1166846W001,2222104,2016-12-15T00:00:00Z,2824,2822,0,39.56,2784.44,39.56,37.56,NA,Electric sounder measurement,Water level accuracy to nearest foot,5062,Vista Irrigation District,NA,5062,Vista Irrigation District
47892,332742N1166846W001,2218141,2016-11-15T00:00:00Z,2824,2822,0,39.38,2784.62,39.38,37.38,NA,Electric sounder measurement,Water level accuracy to nearest foot,5062,Vista Irrigation District,NA,5062,Vista Irrigation District
47892,332742N1166846W001,2213500,2016-10-17T00:00:00Z,2824,2822,0,38.86,2785.14,38.86,36.86,NA,Electric sounder measurement,Water level accuracy to nearest foot,5062,Vista Irrigation District,NA,5062,Vista Irrigation District
47892,332742N1166846W001,2212291,2016-09-15T00:00:00Z,2824,2822,0,38.52,2785.48,38.52,36.52,NA,Electric sounder measurement,Water level accuracy to nearest foot,5062,Vista Irrigation District,NA,5062,Vista Irrigation District
47892,332742N1166846W001,2206240,2016-08-15T00:00:00Z,2824,2822,0,38.73,2785.27,38.73,36.73,NA,Electric sounder measurement,Water level accuracy to nearest foot,5062,Vista Irrigation District,NA,5062,Vista Irrigation District
47892,332742N1166846W001,2201226,2016-07-15T00:00:00Z,2824,2822,0,37.92,2786.08,37.92,35.92,NA,Electric sounder measurement,Water level accuracy to nearest foot,5062,Vista Irrigation District,NA,5062,Vista Irrigation District
47892,332742N1166846W001,2197967,2016-06-15T00:00:00Z,2824,2822,0,37.61,2786.39,37.61,35.61,NA,Electric sounder measurement,Water level accuracy to nearest foot,5062,Vista Irrigation District,NA,5062,Vista Irrigation District
47892,332742N1166846W001,2196469,2016-05-16T00:00:00Z,2824,2822,0,37.29,2786.71,37.29,35.29,NA,Electric sounder measurement,Water level accuracy to nearest foot,5062,Vista Irrigation District,NA,5062,Vista Irrigation District
47892,332742N1166846W001,2188449,2016-04-15T00:00:00Z,2824,2822,0,37.48,2786.52,37.48,35.48,NA,Electric sounder measurement,Water level accuracy to nearest foot,5062,Vista Irrigation District,NA,5062,Vista Irrigation District
47892,332742N1166846W001,2184067,2016-03-15T00:00:00Z,2824,2822,0,37.24,2786.76,37.24,35.24,NA,Electric sounder measurement,Water level accuracy to nearest foot,5062,Vista Irrigation District,NA,5062,Vista Irrigation District
47892,332742N1166846W001,2182407,2016-02-16T00:00:00Z,2824,2822,0,36.86,2787.14,36.86,34.86,NA,Electric sounder measurement,Water level accuracy to nearest foot,5062,Vista Irrigation District,NA,5062,Vista Irrigation District
47892,332742N1166846W001,2182146,2016-01-15T00:00:00Z,2824,2822,0,36.68,2787.32,36.68,34.68,NA,Electric sounder measurement,Water level accuracy to nearest foot,5062,Vista Irrigation District,NA,5062,Vista Irrigation District
47892,332742N1166846W001,2182140,2015-12-15T00:00:00Z,2824,2822,0,36.36,2787.64,36.36,34.36,NA,Electric sounder measurement,Water level accuracy to nearest foot,5062,Vista Irrigation District,NA,5062,Vista Irrigation District
47892,332742N1166846W001,2175554,2015-11-16T00:00:00Z,2824,2822,0,35.62,2788.38,35.62,33.62,NA,Electric sounder measurement,Water level accuracy to nearest foot,5062,Vista Irrigation District,NA,5062,Vista Irrigation District
47892,332742N1166846W001,2164221,2015-10-15T00:00:00Z,2824,2822,0,35.75,2788.25,35.75,33.75,NA,Electric sounder measurement,Water level accuracy to nearest foot,5062,Vista Irrigation District,NA,5062,Vista Irrigation District
47892,332742N1166846W001,2152292,2015-09-15T00:00:00Z,2824,2822,0,35.52,2788.48,35.52,33.52,NA,Electric sounder measurement,Water level accuracy to nearest foot,5062,Vista Irrigation District,NA,5062,Vista Irrigation District
47892,332742N1166846W001,2150535,2015-08-17T00:00:00Z,2824,2822,0,34.37,2789.63,34.37,32.37,NA,Electric sounder measurement,Water level accuracy to nearest foot,5062,Vista Irrigation District,NA,5062,Vista Irrigation District
47892,332742N1166846W001,2150473,2015-07-15T00:00:00Z,2824,2822,0,34.36,2789.64,34.36,32.36,NA,Electric sounder measurement,Water level accuracy to nearest foot,5062,Vista Irrigation District,NA,5062,Vista Irrigation District
47892,332742N1166846W001,2150467,2015-06-15T00:00:00Z,2824,2822,0,34.05,2789.95,34.05,32.05,NA,Electric sounder measurement,Water level accuracy to nearest foot,5062,Vista Irrigation District,NA,5062,Vista Irrigation District
47892,332742N1166846W001,2138261,2015-05-15T00:00:00Z,2824,2822,0,33.77,2790.23,33.77,31.77,NA,Electric sounder measurement,Water level accuracy to nearest foot,5062,Vista Irrigation District,NA,5062,Vista Irrigation District
47892,332742N1166846W001,2135865,2015-04-15T00:00:00Z,2824,2822,0,33.7,2790.3,33.7,31.7,NA,Electric sounder measurement,Water level accuracy to nearest foot,5062,Vista Irrigation District,NA,5062,Vista Irrigation District
47892,332742N1166846W001,2116844,2015-03-16T00:00:00Z,2824,2822,0,33.1,2790.9,33.1,31.1,NA,Electric sounder measurement,Water level accuracy to nearest foot,5062,Vista Irrigation District,NA,5062,Vista Irrigation District
47892,332742N1166846W001,2115294,2015-02-17T00:00:00Z,2824,2822,0,31.11,2792.89,31.11,29.11,NA,Electric sounder measurement,Water level accuracy to nearest foot,5062,Vista Irrigation District,NA,5062,Vista Irrigation District
47892,332742N1166846W001,2112972,2015-01-15T00:00:00Z,2824,2822,0,33.05,2790.95,33.05,31.05,NA,Electric sounder measurement,Water level accuracy to nearest foot,5062,Vista Irrigation District,NA,5062,Vista Irrigation District
47892,332742N1166846W001,2109501,2014-12-15T00:00:00Z,2824,2822,0,32.74,2791.26,32.74,30.74,NA,Electric sounder measurement,Water level accuracy to nearest foot,5062,Vista Irrigation District,NA,5062,Vista Irrigation District
47892,332742N1166846W001,2106806,2014-11-17T00:00:00Z,2824,2822,0,31.87,2792.13,31.87,29.87,NA,Electric sounder measurement,Water level accuracy to nearest foot,5062,Vista Irrigation District,NA,5062,Vista Irrigation District
47892,332742N1166846W001,2022944,2014-10-15T00:00:00Z,2824,2822,0,31.51,2792.49,31.51,29.51,NA,Electric sounder measurement,Water level accuracy to nearest foot,5062,Vista Irrigation District,NA,5062,Vista Irrigation District
47892,332742N1166846W001,2002349,2014-09-15T00:00:00Z,2824,2822,0,31.43,2792.57,31.43,29.43,NA,Electric sounder measurement,Water level accuracy to nearest foot,5062,Vista Irrigation District,NA,5062,Vista Irrigation District
47892,332742N1166846W001,1995436,2014-08-15T00:00:00Z,2824,2822,0,30.83,2793.17,30.83,28.83,NA,Electric sounder measurement,Water level accuracy to nearest foot,5062,Vista Irrigation District,NA,5062,Vista Irrigation District
47892,332742N1166846W001,1992863,2014-07-15T00:00:00Z,2824,2822,0,30.87,2793.13,30.87,28.87,NA,Electric sounder measurement,Water level accuracy to nearest foot,5062,Vista Irrigation District,NA,5062,Vista Irrigation District
47892,332742N1166846W001,1991181,2014-06-16T00:00:00Z,2824,2822,0,30.47,2793.53,30.47,28.47,NA,Electric sounder measurement,Water level accuracy to nearest foot,5062,Vista Irrigation District,NA,5062,Vista Irrigation District
47892,332742N1166846W001,1985364,2014-05-15T00:00:00Z,2824,2822,0,30.11,2793.89,30.11,28.11,NA,Electric sounder measurement,Water level accuracy to nearest foot,5062,Vista Irrigation District,NA,5062,Vista Irrigation District
47892,332742N1166846W001,1905264,2014-04-15T00:00:00Z,2824,2822,0,29.65,2794.35,29.65,27.65,NA,Electric sounder measurement,Water level accuracy to nearest foot,5062,Vista Irrigation District,NA,5062,Vista Irrigation District
47892,332742N1166846W001,1877554,2014-03-14T00:00:00Z,2824,2822,0,29.22,2794.78,29.22,27.22,NA,Electric sounder measurement,Water level accuracy to nearest foot,5062,Vista Irrigation District,NA,5062,Vista Irrigation District
47892,332742N1166846W001,1876795,2014-02-18T00:00:00Z,2824,2822,0,28.93,2795.07,28.93,26.93,NA,Electric sounder measurement,Water level accuracy to nearest foot,5062,Vista Irrigation District,NA,5062,Vista Irrigation District
47892,332742N1166846W001,1824738,2014-01-15T00:00:00Z,2824,2822,0,28.59,2795.41,28.59,26.59,NA,Electric sounder measurement,Water level accuracy to nearest foot,5062,Vista Irrigation District,NA,5062,Vista Irrigation District
47892,332742N1166846W001,1820025,2013-12-16T00:00:00Z,2824,2822,0,28.15,2795.85,28.15,26.15,NA,Electric sounder measurement,Water level accuracy to nearest foot,5062,Vista Irrigation District,NA,5062,Vista Irrigation District
47892,332742N1166846W001,1807877,2013-11-15T00:00:00Z,2824,2822,0,27.88,2796.12,27.88,25.88,NA,Electric sounder measurement,Water level accuracy to nearest foot,5062,Vista Irrigation District,NA,5062,Vista Irrigation District
47892,332742N1166846W001,1797354,2013-10-15T00:00:00Z,2824,2822,0,27.49,2796.51,27.49,25.49,NA,Electric sounder measurement,Water level accuracy to nearest foot,5062,Vista Irrigation District,NA,5062,Vista Irrigation District
47892,332742N1166846W001,1794975,2013-09-16T00:00:00Z,2824,2822,0,26.94,2797.06,26.94,24.94,NA,Electric sounder measurement,Water level accuracy to nearest foot,5062,Vista Irrigation District,NA,5062,Vista Irrigation District
47892,332742N1166846W001,1744391,2013-08-15T00:00:00Z,2824,2822,0,26.55,2797.45,26.55,24.55,NA,Electric sounder measurement,Water level accuracy to nearest foot,5062,Vista Irrigation District,NA,5062,Vista Irrigation District
47892,332742N1166846W001,1737335,2013-07-15T00:00:00Z,2824,2822,0,26.05,2797.95,26.05,24.05,NA,Electric sounder measurement,Water level accuracy to nearest foot,5062,Vista Irrigation District,NA,5062,Vista Irrigation District
47892,332742N1166846W001,1726353,2013-06-16T00:00:00Z,2824,2822,0,25.68,2798.32,25.68,23.68,NA,Electric sounder measurement,Water level accuracy to nearest foot,5062,Vista Irrigation District,NA,5062,Vista Irrigation District
47892,332742N1166846W001,1720996,2013-05-15T00:00:00Z,2824,2822,0,24.72,2799.28,24.72,22.72,NA,Electric sounder measurement,Water level accuracy to nearest foot,5062,Vista Irrigation District,NA,5062,Vista Irrigation District
47892,332742N1166846W001,1703464,2013-04-15T00:00:00Z,2824,2822,0,24.27,2799.73,24.27,22.27,NA,Electric sounder measurement,Water level accuracy to nearest foot,5062,Vista Irrigation District,NA,5062,Vista Irrigation District
47892,332742N1166846W001,1684470,2013-03-15T00:00:00Z,2824,2822,0,24.24,2799.76,24.24,22.24,NA,Electric sounder measurement,Water level accuracy to nearest foot,5062,Vista Irrigation District,NA,5062,Vista Irrigation District
47892,332742N1166846W001,651155,2013-02-15T00:00:00Z,2824,2822,0,23.83,2800.17,23.83,21.83,NA,Electric sounder measurement,Water level accuracy to nearest foot,5062,Vista Irrigation District,NA,5062,Vista Irrigation District
47892,332742N1166846W001,95220,2013-01-15T00:00:00Z,2824,2822,0,23.54,2800.46,23.54,21.54,NA,Electric sounder measurement,Water level accuracy to nearest foot,5062,Vista Irrigation District,NA,5062,Vista Irrigation District
47892,332742N1166846W001,95214,2012-12-17T00:00:00Z,2824,2822,0,23.04,2800.96,23.04,21.04,NA,Electric sounder measurement,Water level accuracy to nearest foot,5062,Vista Irrigation District,NA,5062,Vista Irrigation District
47892,332742N1166846W001,95208,2012-11-15T00:00:00Z,2824,2822,0,22.83,2801.17,22.83,20.83,NA,Electric sounder measurement,Water level accuracy to nearest foot,5062,Vista Irrigation District,NA,5062,Vista Irrigation District
47892,332742N1166846W001,95202,2012-10-15T00:00:00Z,2824,2822,0,22.06,2801.94,22.06,20.06,NA,Electric sounder measurement,Water level accuracy to nearest foot,5062,Vista Irrigation District,NA,5062,Vista Irrigation District
47892,332742N1166846W001,95196,2012-09-17T00:00:00Z,2824,2822,0,21.66,2802.34,21.66,19.66,NA,Electric sounder measurement,Water level accuracy to nearest foot,5062,Vista Irrigation District,NA,5062,Vista Irrigation District
47892,332742N1166846W001,95190,2012-08-15T00:00:00Z,2824,2822,0,21.26,2802.74,21.26,19.26,NA,Electric sounder measurement,Water level accuracy to nearest foot,5062,Vista Irrigation District,NA,5062,Vista Irrigation District
47892,332742N1166846W001,95184,2012-07-16T00:00:00Z,2824,2822,0,20.96,2803.04,20.96,18.96,NA,Electric sounder measurement,Water level accuracy to nearest foot,5062,Vista Irrigation District,NA,5062,Vista Irrigation District
47892,332742N1166846W001,95178,2012-06-15T00:00:00Z,2824,2822,0,20.51,2803.49,20.51,18.51,NA,Electric sounder measurement,Water level accuracy to nearest foot,5062,Vista Irrigation District,NA,5062,Vista Irrigation District
47892,332742N1166846W001,95172,2012-05-15T00:00:00Z,2824,2822,0,20.35,2803.65,20.35,18.35,NA,Electric sounder measurement,Water level accuracy to nearest foot,5062,Vista Irrigation District,NA,5062,Vista Irrigation District
47892,332742N1166846W001,95166,2012-04-16T00:00:00Z,2824,2822,0,20.11,2803.89,20.11,18.11,NA,Electric sounder measurement,Water level accuracy to nearest foot,5062,Vista Irrigation District,NA,5062,Vista Irrigation District
47892,332742N1166846W001,79006,2012-03-15T00:00:00Z,2824,2822,0,19.98,2804.02,19.98,17.98,NA,Electric sounder measurement,Water level accuracy to nearest foot,5062,Vista Irrigation District,NA,5062,Vista Irrigation District
47892,332742N1166846W001,79000,2012-02-15T00:00:00Z,2824,2822,0,19.85,2804.15,19.85,17.85,NA,Electric sounder measurement,Water level accuracy to nearest foot,5062,Vista Irrigation District,NA,5062,Vista Irrigation District
47892,332742N1166846W001,78098,2012-01-16T00:00:00Z,2824,2822,0,19.99,2804.01,19.99,17.99,NA,Electric sounder measurement,Water level accuracy to nearest foot,5062,Vista Irrigation District,NA,5062,Vista Irrigation District
47892,332742N1166846W001,67177,2011-12-15T00:00:00Z,2824,2822,0,20.16,2803.84,20.16,18.16,NA,Electric sounder measurement,Water level accuracy to nearest foot,5062,Vista Irrigation District,NA,5062,Vista Irrigation District
47892,332742N1166846W001,17315,2011-11-15T00:00:00Z,2824,2822,0,20.25,2803.75,20.25,18.25,NA,Electric sounder measurement,Water level accuracy to nearest foot,5062,Vista Irrigation District,NA,5062,Vista Irrigation District
47892,332742N1166846W001,95294,2011-10-14T00:00:00Z,2824,2822,0,20.46,2803.54,20.46,18.46,NA,Electric sounder measurement,Water level accuracy to nearest foot,5062,Vista Irrigation District,NA,5062,Vista Irrigation District
47892,332742N1166846W001,95288,2011-09-15T00:00:00Z,2824,2822,0,20.68,2803.32,20.68,18.68,NA,Electric sounder measurement,Water level accuracy to nearest foot,5062,Vista Irrigation District,NA,5062,Vista Irrigation District
47892,332742N1166846W001,95282,2011-08-15T00:00:00Z,2824,2822,0,21.08,2802.92,21.08,19.08,NA,Electric sounder measurement,Water level accuracy to nearest foot,5062,Vista Irrigation District,NA,5062,Vista Irrigation District
47892,332742N1166846W001,95276,2011-07-15T00:00:00Z,2824,2822,0,22.06,2801.94,22.06,20.06,NA,Electric sounder measurement,Water level accuracy to nearest foot,5062,Vista Irrigation District,NA,5062,Vista Irrigation District
47892,332742N1166846W001,95270,2011-06-15T00:00:00Z,2824,2822,0,22.06,2801.94,22.06,20.06,NA,Electric sounder measurement,Water level accuracy to nearest foot,5062,Vista Irrigation District,NA,5062,Vista Irrigation District
47892,332742N1166846W001,95264,2011-05-16T00:00:00Z,2824,2822,0,22.8,2801.2,22.8,20.8,NA,Electric sounder measurement,Water level accuracy to nearest foot,5062,Vista Irrigation District,NA,5062,Vista Irrigation District
47892,332742N1166846W001,95256,2011-04-15T00:00:00Z,2824,2822,0,23.7,2800.3,23.7,21.7,NA,Electric sounder measurement,Water level accuracy to nearest foot,5062,Vista Irrigation District,NA,5062,Vista Irrigation District
47892,332742N1166846W001,95250,2011-03-15T00:00:00Z,2824,2822,0,24.58,2799.42,24.58,22.58,NA,Electric sounder measurement,Water level accuracy to nearest foot,5062,Vista Irrigation District,NA,5062,Vista Irrigation District
47892,332742N1166846W001,95244,2011-02-15T00:00:00Z,2824,2822,0,25.44,2798.56,25.44,23.44,NA,Electric sounder measurement,Water level accuracy to nearest foot,5062,Vista Irrigation District,NA,5062,Vista Irrigation District
47892,332742N1166846W001,95232,2011-01-18T00:00:00Z,2824,2822,0,25.49,2798.51,25.49,23.49,NA,Electric sounder measurement,Water level accuracy to nearest foot,5062,Vista Irrigation District,NA,5062,Vista Irrigation District
47892,332742N1166846W001,1685265,2010-12-15T00:00:00Z,2824,2822,0,26.01,2797.99,26.01,24.01,NA,Electric sounder measurement,Water level accuracy to nearest foot,5062,Vista Irrigation District,NA,5062,Vista Irrigation District
47892,332742N1166846W001,1685259,2010-11-15T00:00:00Z,2824,2822,0,25.97,2798.03,25.97,23.97,NA,Electric sounder measurement,Water level accuracy to nearest foot,5062,Vista Irrigation District,NA,5062,Vista Irrigation District
47892,332742N1166846W001,1685253,2010-10-15T00:00:00Z,2824,2822,0,25.86,2798.14,25.86,23.86,NA,Electric sounder measurement,Water level accuracy to nearest foot,5062,Vista Irrigation District,NA,5062,Vista Irrigation District
47892,332742N1166846W001,1685247,2010-09-15T00:00:00Z,2824,2822,0,25.82,2798.18,25.82,23.82,NA,Electric sounder measurement,Water level accuracy to nearest foot,5062,Vista Irrigation District,NA,5062,Vista Irrigation District
47892,332742N1166846W001,1685241,2010-08-16T00:00:00Z,2824,2822,0,25.81,2798.19,25.81,23.81,NA,Electric sounder measurement,Water level accuracy to nearest foot,5062,Vista Irrigation District,NA,5062,Vista Irrigation District
47892,332742N1166846W001,1685235,2010-07-15T00:00:00Z,2824,2822,0,25.95,2798.05,25.95,23.95,NA,Electric sounder measurement,Water level accuracy to nearest foot,5062,Vista Irrigation District,NA,5062,Vista Irrigation District
47892,332742N1166846W001,1685229,2010-06-15T00:00:00Z,2824,2822,0,26.07,2797.93,26.07,24.07,NA,Electric sounder measurement,Water level accuracy to nearest foot,5062,Vista Irrigation District,NA,5062,Vista Irrigation District
47892,332742N1166846W001,1685223,2010-05-17T00:00:00Z,2824,2822,0,26.3,2797.7,26.3,24.3,NA,Electric sounder measurement,Water level accuracy to nearest foot,5062,Vista Irrigation District,NA,5062,Vista Irrigation District
47892,332742N1166846W001,1685217,2010-04-15T00:00:00Z,2824,2822,0,26.62,2797.38,26.62,24.62,NA,Electric sounder measurement,Water level accuracy to nearest foot,5062,Vista Irrigation District,NA,5062,Vista Irrigation District
47892,332742N1166846W001,1685211,2010-03-15T00:00:00Z,2824,2822,0,27.09,2796.91,27.09,25.09,NA,Electric sounder measurement,Water level accuracy to nearest foot,5062,Vista Irrigation District,NA,5062,Vista Irrigation District
47892,332742N1166846W001,1685205,2010-02-15T00:00:00Z,2824,2822,0,27.23,2796.77,27.23,25.23,NA,Electric sounder measurement,Water level accuracy to nearest foot,5062,Vista Irrigation District,NA,5062,Vista Irrigation District
47892,332742N1166846W001,1685199,2010-01-15T00:00:00Z,2824,2822,0,27.16,2796.84,27.16,25.16,NA,Electric sounder measurement,Water level accuracy to nearest foot,5062,Vista Irrigation District,NA,5062,Vista Irrigation District
47892,332742N1166846W001,1685337,2009-12-15T00:00:00Z,2824,2822,0,26.92,2797.08,26.92,24.92,NA,Electric sounder measurement,Water level accuracy to nearest foot,5062,Vista Irrigation District,NA,5062,Vista Irrigation District
47892,332742N1166846W001,1685331,2009-11-16T00:00:00Z,2824,2822,0,27.55,2796.45,27.55,25.55,NA,Electric sounder measurement,Water level accuracy to nearest foot,5062,Vista Irrigation District,NA,5062,Vista Irrigation District
47892,332742N1166846W001,1685325,2009-10-15T00:00:00Z,2824,2822,0,26.37,2797.63,26.37,24.37,NA,Electric sounder measurement,Water level accuracy to nearest foot,5062,Vista Irrigation District,NA,5062,Vista Irrigation District
47892,332742N1166846W001,1685319,2009-09-15T00:00:00Z,2824,2822,0,25.98,2798.02,25.98,23.98,NA,Electric sounder measurement,Water level accuracy to nearest foot,5062,Vista Irrigation District,NA,5062,Vista Irrigation District
47892,332742N1166846W001,1685313,2009-08-17T00:00:00Z,2824,2822,0,25.75,2798.25,25.75,23.75,NA,Electric sounder measurement,Water level accuracy to nearest foot,5062,Vista Irrigation District,NA,5062,Vista Irrigation District
47892,332742N1166846W001,1685307,2009-07-15T00:00:00Z,2824,2822,0,25.07,2798.93,25.07,23.07,NA,Electric sounder measurement,Water level accuracy to nearest foot,5062,Vista Irrigation District,NA,5062,Vista Irrigation District
47892,332742N1166846W001,1685301,2009-06-15T00:00:00Z,2824,2822,0,25,2799,25,23,NA,Electric sounder measurement,Water level accuracy to nearest foot,5062,Vista Irrigation District,NA,5062,Vista Irrigation District
47892,332742N1166846W001,1685295,2009-05-15T00:00:00Z,2824,2822,0,25.78,2798.22,25.78,23.78,NA,Electric sounder measurement,Water level accuracy to nearest foot,5062,Vista Irrigation District,NA,5062,Vista Irrigation District
47892,332742N1166846W001,1685289,2009-04-15T00:00:00Z,2824,2822,0,24.72,2799.28,24.72,22.72,NA,Electric sounder measurement,Water level accuracy to nearest foot,5062,Vista Irrigation District,NA,5062,Vista Irrigation District
47892,332742N1166846W001,1685283,2009-03-16T00:00:00Z,2824,2822,0,24.24,2799.76,24.24,22.24,NA,Electric sounder measurement,Water level accuracy to nearest foot,5062,Vista Irrigation District,NA,5062,Vista Irrigation District
47892,332742N1166846W001,1685277,2009-02-17T00:00:00Z,2824,2822,0,23.94,2800.06,23.94,21.94,NA,Electric sounder measurement,Water level accuracy to nearest foot,5062,Vista Irrigation District,NA,5062,Vista Irrigation District
47892,332742N1166846W001,1685271,2009-01-15T00:00:00Z,2824,2822,0,23.68,2800.32,23.68,21.68,NA,Electric sounder measurement,Water level accuracy to nearest foot,5062,Vista Irrigation District,NA,5062,Vista Irrigation District
47892,332742N1166846W001,2116584,2008-12-15T00:00:00Z,2824,2822,0,23,2801,23,21,NA,Electric sounder measurement,Water level accuracy to nearest foot,5062,Vista Irrigation District,NA,5062,Vista Irrigation District
47892,332742N1166846W001,2116578,2008-11-17T00:00:00Z,2824,2822,0,22.96,2801.04,22.96,20.96,NA,Electric sounder measurement,Water level accuracy to nearest foot,5062,Vista Irrigation District,NA,5062,Vista Irrigation District
47892,332742N1166846W001,2116572,2008-10-15T00:00:00Z,2824,2822,0,21.98,2802.02,21.98,19.98,NA,Electric sounder measurement,Water level accuracy to nearest foot,5062,Vista Irrigation District,NA,5062,Vista Irrigation District
47892,332742N1166846W001,2116566,2008-09-15T00:00:00Z,2824,2822,0,22.03,2801.97,22.03,20.03,NA,Electric sounder measurement,Water level accuracy to nearest foot,5062,Vista Irrigation District,NA,5062,Vista Irrigation District
47892,332742N1166846W001,2116560,2008-08-15T00:00:00Z,2824,2822,0,21.62,2802.38,21.62,19.62,NA,Electric sounder measurement,Water level accuracy to nearest foot,5062,Vista Irrigation District,NA,5062,Vista Irrigation District
47892,332742N1166846W001,2116554,2008-07-15T00:00:00Z,2824,2822,0,21.57,2802.43,21.57,19.57,NA,Electric sounder measurement,Water level accuracy to nearest foot,5062,Vista Irrigation District,NA,5062,Vista Irrigation District
47892,332742N1166846W001,2116548,2008-06-16T00:00:00Z,2824,2822,0,21.16,2802.84,21.16,19.16,NA,Electric sounder measurement,Water level accuracy to nearest foot,5062,Vista Irrigation District,NA,5062,Vista Irrigation District
47892,332742N1166846W001,2116542,2008-05-15T00:00:00Z,2824,2822,0,21.18,2802.82,21.18,19.18,NA,Electric sounder measurement,Water level accuracy to nearest foot,5062,Vista Irrigation District,NA,5062,Vista Irrigation District
47892,332742N1166846W001,2116536,2008-04-15T00:00:00Z,2824,2822,0,21.12,2802.88,21.12,19.12,NA,Electric sounder measurement,Water level accuracy to nearest foot,5062,Vista Irrigation District,NA,5062,Vista Irrigation District
47892,332742N1166846W001,2116530,2008-03-17T00:00:00Z,2824,2822,0,21.12,2802.88,21.12,19.12,NA,Electric sounder measurement,Water level accuracy to nearest foot,5062,Vista Irrigation District,NA,5062,Vista Irrigation District
47892,332742N1166846W001,2116524,2008-02-15T00:00:00Z,2824,2822,0,21.57,2802.43,21.57,19.57,NA,Electric sounder measurement,Water level accuracy to nearest foot,5062,Vista Irrigation District,NA,5062,Vista Irrigation District
47892,332742N1166846W001,2116518,2008-01-15T00:00:00Z,2824,2822,0,21.48,2802.52,21.48,19.48,NA,Electric sounder measurement,Water level accuracy to nearest foot,5062,Vista Irrigation District,NA,5062,Vista Irrigation District
47892,332742N1166846W001,2116730,2007-12-17T00:00:00Z,2824,2822,0,21,2803,21,19,NA,Electric sounder measurement,Water level accuracy to nearest foot,5062,Vista Irrigation District,NA,5062,Vista Irrigation District
47892,332742N1166846W001,2116724,2007-11-15T00:00:00Z,2824,2822,0,19.53,2804.47,19.53,17.53,NA,Electric sounder measurement,Water level accuracy to nearest foot,5062,Vista Irrigation District,NA,5062,Vista Irrigation District
47892,332742N1166846W001,2116718,2007-10-15T00:00:00Z,2824,2822,0,19.87,2804.13,19.87,17.87,NA,Electric sounder measurement,Water level accuracy to nearest foot,5062,Vista Irrigation District,NA,5062,Vista Irrigation District
47892,332742N1166846W001,2116712,2007-09-17T00:00:00Z,2824,2822,0,19.04,2804.96,19.04,17.04,NA,Electric sounder measurement,Water level accuracy to nearest foot,5062,Vista Irrigation District,NA,5062,Vista Irrigation District
47892,332742N1166846W001,2116706,2007-08-15T00:00:00Z,2824,2822,0,17.98,2806.02,17.98,15.98,NA,Electric sounder measurement,Water level accuracy to nearest foot,5062,Vista Irrigation District,NA,5062,Vista Irrigation District
47892,332742N1166846W001,2116700,2007-07-16T00:00:00Z,2824,2822,0,17.9,2806.1,17.9,15.9,NA,Electric sounder measurement,Water level accuracy to nearest foot,5062,Vista Irrigation District,NA,5062,Vista Irrigation District
47892,332742N1166846W001,2116694,2007-06-15T00:00:00Z,2824,2822,0,17.81,2806.19,17.81,15.81,NA,Electric sounder measurement,Water level accuracy to nearest foot,5062,Vista Irrigation District,NA,5062,Vista Irrigation District
47892,332742N1166846W001,2116688,2007-05-15T00:00:00Z,2824,2822,0,18.01,2805.99,18.01,16.01,NA,Electric sounder measurement,Water level accuracy to nearest foot,5062,Vista Irrigation District,NA,5062,Vista Irrigation District
47892,332742N1166846W001,2116682,2007-04-16T00:00:00Z,2824,2822,0,17.56,2806.44,17.56,15.56,NA,Electric sounder measurement,Water level accuracy to nearest foot,5062,Vista Irrigation District,NA,5062,Vista Irrigation District
47892,332742N1166846W001,2116676,2007-03-15T00:00:00Z,2824,2822,0,17.4,2806.6,17.4,15.4,NA,Electric sounder measurement,Water level accuracy to nearest foot,5062,Vista Irrigation District,NA,5062,Vista Irrigation District
47892,332742N1166846W001,2116670,2007-02-15T00:00:00Z,2824,2822,0,16.46,2807.54,16.46,14.46,NA,Electric sounder measurement,Water level accuracy to nearest foot,5062,Vista Irrigation District,NA,5062,Vista Irrigation District
47892,332742N1166846W001,2116664,2007-01-15T00:00:00Z,2824,2822,0,17.56,2806.44,17.56,15.56,NA,Electric sounder measurement,Water level accuracy to nearest foot,5062,Vista Irrigation District,NA,5062,Vista Irrigation District
47892,332742N1166846W001,2117520,2006-12-15T00:00:00Z,2824,2822,0,17.65,2806.35,17.65,15.65,NA,Electric sounder measurement,Water level accuracy to nearest foot,5062,Vista Irrigation District,NA,5062,Vista Irrigation District
47892,332742N1166846W001,2117514,2006-11-15T00:00:00Z,2824,2822,0,17.48,2806.52,17.48,15.48,NA,Electric sounder measurement,Water level accuracy to nearest foot,5062,Vista Irrigation District,NA,5062,Vista Irrigation District
47892,332742N1166846W001,2117508,2006-10-16T00:00:00Z,2824,2822,0,17.69,2806.31,17.69,15.69,NA,Electric sounder measurement,Water level accuracy to nearest foot,5062,Vista Irrigation District,NA,5062,Vista Irrigation District
47892,332742N1166846W001,2117502,2006-09-15T00:00:00Z,2824,2822,0,17.73,2806.27,17.73,15.73,NA,Electric sounder measurement,Water level accuracy to nearest foot,5062,Vista Irrigation District,NA,5062,Vista Irrigation District
47892,332742N1166846W001,2117496,2006-08-15T00:00:00Z,2824,2822,0,17.8,2806.2,17.8,15.8,NA,Electric sounder measurement,Water level accuracy to nearest foot,5062,Vista Irrigation District,NA,5062,Vista Irrigation District
47892,332742N1166846W001,2117490,2006-07-17T00:00:00Z,2824,2822,0,18.17,2805.83,18.17,16.17,NA,Electric sounder measurement,Water level accuracy to nearest foot,5062,Vista Irrigation District,NA,5062,Vista Irrigation District
47892,332742N1166846W001,2117484,2006-06-15T00:00:00Z,2824,2822,0,18.08,2805.92,18.08,16.08,NA,Electric sounder measurement,Water level accuracy to nearest foot,5062,Vista Irrigation District,NA,5062,Vista Irrigation District
47892,332742N1166846W001,2117478,2006-05-15T00:00:00Z,2824,2822,0,18.51,2805.49,18.51,16.51,NA,Electric sounder measurement,Water level accuracy to nearest foot,5062,Vista Irrigation District,NA,5062,Vista Irrigation District
47892,332742N1166846W001,2117472,2006-04-17T00:00:00Z,2824,2822,0,18.91,2805.09,18.91,16.91,NA,Electric sounder measurement,Water level accuracy to nearest foot,5062,Vista Irrigation District,NA,5062,Vista Irrigation District
47892,332742N1166846W001,2117466,2006-03-15T00:00:00Z,2824,2822,0,19.22,2804.78,19.22,17.22,NA,Electric sounder measurement,Water level accuracy to nearest foot,5062,Vista Irrigation District,NA,5062,Vista Irrigation District
47892,332742N1166846W001,2117460,2006-02-15T00:00:00Z,2824,2822,0,19.47,2804.53,19.47,17.47,NA,Electric sounder measurement,Water level accuracy to nearest foot,5062,Vista Irrigation District,NA,5062,Vista Irrigation District
47892,332742N1166846W001,2117454,2006-01-16T00:00:00Z,2824,2822,0,20.27,2803.73,20.27,18.27,NA,Electric sounder measurement,Water level accuracy to nearest foot,5062,Vista Irrigation District,NA,5062,Vista Irrigation District
47892,332742N1166846W001,2117619,2005-12-15T00:00:00Z,2824,2822,0,20.16,2803.84,20.16,18.16,NA,Electric sounder measurement,Water level accuracy to nearest foot,5062,Vista Irrigation District,NA,5062,Vista Irrigation District
47892,332742N1166846W001,2117613,2005-11-15T00:00:00Z,2824,2822,0,21.09,2802.91,21.09,19.09,NA,Electric sounder measurement,Water level accuracy to nearest foot,5062,Vista Irrigation District,NA,5062,Vista Irrigation District
47892,332742N1166846W001,2117607,2005-10-17T00:00:00Z,2824,2822,0,21.16,2802.84,21.16,19.16,NA,Electric sounder measurement,Water level accuracy to nearest foot,5062,Vista Irrigation District,NA,5062,Vista Irrigation District
47892,332742N1166846W001,2117601,2005-09-15T00:00:00Z,2824,2822,0,22.13,2801.87,22.13,20.13,NA,Electric sounder measurement,Water level accuracy to nearest foot,5062,Vista Irrigation District,NA,5062,Vista Irrigation District
47892,332742N1166846W001,2117595,2005-08-15T00:00:00Z,2824,2822,0,23.02,2800.98,23.02,21.02,NA,Electric sounder measurement,Water level accuracy to nearest foot,5062,Vista Irrigation District,NA,5062,Vista Irrigation District
47892,332742N1166846W001,2117589,2005-07-15T00:00:00Z,2824,2822,0,24.04,2799.96,24.04,22.04,NA,Electric sounder measurement,Water level accuracy to nearest foot,5062,Vista Irrigation District,NA,5062,Vista Irrigation District
47892,332742N1166846W001,2117583,2005-06-15T00:00:00Z,2824,2822,0,24.38,2799.62,24.38,22.38,NA,Electric sounder measurement,Water level accuracy to nearest foot,5062,Vista Irrigation District,NA,5062,Vista Irrigation District
47892,332742N1166846W001,2117577,2005-05-16T00:00:00Z,2824,2822,0,27.16,2796.84,27.16,25.16,NA,Electric sounder measurement,Water level accuracy to nearest foot,5062,Vista Irrigation District,NA,5062,Vista Irrigation District
47892,332742N1166846W001,2117571,2005-04-15T00:00:00Z,2824,2822,0,29.91,2794.09,29.91,27.91,NA,Electric sounder measurement,Water level accuracy to nearest foot,5062,Vista Irrigation District,NA,5062,Vista Irrigation District
47892,332742N1166846W001,2117558,2005-03-15T00:00:00Z,2824,2822,0,33.9,2790.1,33.9,31.9,NA,Electric sounder measurement,Water level accuracy to nearest foot,5062,Vista Irrigation District,NA,5062,Vista Irrigation District
47892,332742N1166846W001,2117546,2005-02-15T00:00:00Z,2824,2822,0,37.37,2786.63,37.37,35.37,NA,Electric sounder measurement,Water level accuracy to nearest foot,5062,Vista Irrigation District,NA,5062,Vista Irrigation District
47892,332742N1166846W001,2117533,2005-01-17T00:00:00Z,2824,2822,0,38.92,2785.08,38.92,36.92,NA,Electric sounder measurement,Water level accuracy to nearest foot,5062,Vista Irrigation District,NA,5062,Vista Irrigation District
47892,332742N1166846W001,2117691,2004-12-15T00:00:00Z,2824,2822,0,27.47,2796.53,27.47,25.47,NA,Electric sounder measurement,Water level accuracy to nearest foot,5062,Vista Irrigation District,NA,5062,Vista Irrigation District
47892,332742N1166846W001,2117685,2004-11-15T00:00:00Z,2824,2822,0,27.28,2796.72,27.28,25.28,NA,Electric sounder measurement,Water level accuracy to nearest foot,5062,Vista Irrigation District,NA,5062,Vista Irrigation District
47892,332742N1166846W001,2117679,2004-10-15T00:00:00Z,2824,2822,0,38.4,2785.6,38.4,36.4,NA,Electric sounder measurement,Water level accuracy to nearest foot,5062,Vista Irrigation District,NA,5062,Vista Irrigation District
47892,332742N1166846W001,2117673,2004-09-15T00:00:00Z,2824,2822,0,38.12,2785.88,38.12,36.12,NA,Electric sounder measurement,Water level accuracy to nearest foot,5062,Vista Irrigation District,NA,5062,Vista Irrigation District
47892,332742N1166846W001,2117667,2004-08-16T00:00:00Z,2824,2822,0,36.12,2787.88,36.12,34.12,NA,Electric sounder measurement,Water level accuracy to nearest foot,5062,Vista Irrigation District,NA,5062,Vista Irrigation District
47892,332742N1166846W001,2117661,2004-07-15T00:00:00Z,2824,2822,0,35.96,2788.04,35.96,33.96,NA,Electric sounder measurement,Water level accuracy to nearest foot,5062,Vista Irrigation District,NA,5062,Vista Irrigation District
47892,332742N1166846W001,2117655,2004-06-15T00:00:00Z,2824,2822,0,37.42,2786.58,37.42,35.42,NA,Electric sounder measurement,Water level accuracy to nearest foot,5062,Vista Irrigation District,NA,5062,Vista Irrigation District
47892,332742N1166846W001,2117649,2004-05-17T00:00:00Z,2824,2822,0,36.58,2787.42,36.58,34.58,NA,Electric sounder measurement,Water level accuracy to nearest foot,5062,Vista Irrigation District,NA,5062,Vista Irrigation District
47892,332742N1166846W001,2117643,2004-04-15T00:00:00Z,2824,2822,0,36.55,2787.45,36.55,34.55,NA,Electric sounder measurement,Water level accuracy to nearest foot,5062,Vista Irrigation District,NA,5062,Vista Irrigation District
47892,332742N1166846W001,2117637,2004-03-15T00:00:00Z,2824,2822,0,36.53,2787.47,36.53,34.53,NA,Electric sounder measurement,Water level accuracy to nearest foot,5062,Vista Irrigation District,NA,5062,Vista Irrigation District
47892,332742N1166846W001,2117631,2004-02-16T00:00:00Z,2824,2822,0,36.22,2787.78,36.22,34.22,NA,Electric sounder measurement,Water level accuracy to nearest foot,5062,Vista Irrigation District,NA,5062,Vista Irrigation District
47892,332742N1166846W001,2117625,2004-01-15T00:00:00Z,2824,2822,0,36.16,2787.84,36.16,34.16,NA,Electric sounder measurement,Water level accuracy to nearest foot,5062,Vista Irrigation District,NA,5062,Vista Irrigation District
47892,332742N1166846W001,2117763,2003-12-15T00:00:00Z,2824,2822,0,35.41,2788.59,35.41,33.41,NA,Electric sounder measurement,Water level accuracy to nearest foot,5062,Vista Irrigation District,NA,5062,Vista Irrigation District
47892,332742N1166846W001,2117757,2003-11-17T00:00:00Z,2824,2822,0,35.42,2788.58,35.42,33.42,NA,Electric sounder measurement,Water level accuracy to nearest foot,5062,Vista Irrigation District,NA,5062,Vista Irrigation District
47892,332742N1166846W001,2117751,2003-10-15T00:00:00Z,2824,2822,0,33.95,2790.05,33.95,31.95,NA,Electric sounder measurement,Water level accuracy to nearest foot,5062,Vista Irrigation District,NA,5062,Vista Irrigation District
47892,332742N1166846W001,2117745,2003-09-15T00:00:00Z,2824,2822,0,34.4,2789.6,34.4,32.4,NA,Electric sounder measurement,Water level accuracy to nearest foot,5062,Vista Irrigation District,NA,5062,Vista Irrigation District
47892,332742N1166846W001,2117739,2003-08-15T00:00:00Z,2824,2822,0,33.92,2790.08,33.92,31.92,NA,Electric sounder measurement,Water level accuracy to nearest foot,5062,Vista Irrigation District,NA,5062,Vista Irrigation District
47892,332742N1166846W001,2117733,2003-07-15T00:00:00Z,2824,2822,0,33.67,2790.33,33.67,31.67,NA,Electric sounder measurement,Water level accuracy to nearest foot,5062,Vista Irrigation District,NA,5062,Vista Irrigation District
47892,332742N1166846W001,2117727,2003-06-16T00:00:00Z,2824,2822,0,33.14,2790.86,33.14,31.14,NA,Electric sounder measurement,Water level accuracy to nearest foot,5062,Vista Irrigation District,NA,5062,Vista Irrigation District
47892,332742N1166846W001,2117721,2003-05-15T00:00:00Z,2824,2822,0,33.01,2790.99,33.01,31.01,NA,Electric sounder measurement,Water level accuracy to nearest foot,5062,Vista Irrigation District,NA,5062,Vista Irrigation District
47892,332742N1166846W001,2117715,2003-04-15T00:00:00Z,2824,2822,0,32.33,2791.67,32.33,30.33,NA,Electric sounder measurement,Water level accuracy to nearest foot,5062,Vista Irrigation District,NA,5062,Vista Irrigation District
47892,332742N1166846W001,2117709,2003-03-17T00:00:00Z,2824,2822,0,32.09,2791.91,32.09,30.09,NA,Electric sounder measurement,Water level accuracy to nearest foot,5062,Vista Irrigation District,NA,5062,Vista Irrigation District
47892,332742N1166846W001,2117703,2003-02-17T00:00:00Z,2824,2822,0,31.49,2792.51,31.49,29.49,NA,Electric sounder measurement,Water level accuracy to nearest foot,5062,Vista Irrigation District,NA,5062,Vista Irrigation District
47892,332742N1166846W001,2117697,2003-01-15T00:00:00Z,2824,2822,0,31.41,2792.59,31.41,29.41,NA,Electric sounder measurement,Water level accuracy to nearest foot,5062,Vista Irrigation District,NA,5062,Vista Irrigation District
47892,332742N1166846W001,2117835,2002-12-16T00:00:00Z,2824,2822,0,30.09,2793.91,30.09,28.09,NA,Electric sounder measurement,Water level accuracy to nearest foot,5062,Vista Irrigation District,NA,5062,Vista Irrigation District
47892,332742N1166846W001,2117829,2002-11-15T00:00:00Z,2824,2822,0,30.48,2793.52,30.48,28.48,NA,Electric sounder measurement,Water level accuracy to nearest foot,5062,Vista Irrigation District,NA,5062,Vista Irrigation District
47892,332742N1166846W001,2117823,2002-10-15T00:00:00Z,2824,2822,0,31.02,2792.98,31.02,29.02,NA,Electric sounder measurement,Water level accuracy to nearest foot,5062,Vista Irrigation District,NA,5062,Vista Irrigation District
47892,332742N1166846W001,2117817,2002-09-16T00:00:00Z,2824,2822,0,28.82,2795.18,28.82,26.82,NA,Electric sounder measurement,Water level accuracy to nearest foot,5062,Vista Irrigation District,NA,5062,Vista Irrigation District
47892,332742N1166846W001,2117811,2002-08-15T00:00:00Z,2824,2822,0,28.41,2795.59,28.41,26.41,NA,Electric sounder measurement,Water level accuracy to nearest foot,5062,Vista Irrigation District,NA,5062,Vista Irrigation District
47892,332742N1166846W001,2117805,2002-07-15T00:00:00Z,2824,2822,0,28.24,2795.76,28.24,26.24,NA,Electric sounder measurement,Water level accuracy to nearest foot,5062,Vista Irrigation District,NA,5062,Vista Irrigation District
47892,332742N1166846W001,2117799,2002-06-17T00:00:00Z,2824,2822,0,28.02,2795.98,28.02,26.02,NA,Electric sounder measurement,Water level accuracy to nearest foot,5062,Vista Irrigation District,NA,5062,Vista Irrigation District
47892,332742N1166846W001,2117793,2002-05-15T00:00:00Z,2824,2822,0,27.76,2796.24,27.76,25.76,NA,Electric sounder measurement,Water level accuracy to nearest foot,5062,Vista Irrigation District,NA,5062,Vista Irrigation District
47892,332742N1166846W001,2117787,2002-04-15T00:00:00Z,2824,2822,0,27.35,2796.65,27.35,25.35,NA,Electric sounder measurement,Water level accuracy to nearest foot,5062,Vista Irrigation District,NA,5062,Vista Irrigation District
47892,332742N1166846W001,2117781,2002-03-15T00:00:00Z,2824,2822,0,27,2797,27,25,NA,Electric sounder measurement,Water level accuracy to nearest foot,5062,Vista Irrigation District,NA,5062,Vista Irrigation District
47892,332742N1166846W001,2117775,2002-02-15T00:00:00Z,2824,2822,0,26.07,2797.93,26.07,24.07,NA,Electric sounder measurement,Water level accuracy to nearest foot,5062,Vista Irrigation District,NA,5062,Vista Irrigation District
47892,332742N1166846W001,2117769,2002-01-15T00:00:00Z,2824,2822,0,25.8,2798.2,25.8,23.8,NA,Electric sounder measurement,Water level accuracy to nearest foot,5062,Vista Irrigation District,NA,5062,Vista Irrigation District
47892,332742N1166846W001,2117907,2001-12-17T00:00:00Z,2824,2822,0,24.19,2799.81,24.19,22.19,NA,Electric sounder measurement,Water level accuracy to nearest foot,5062,Vista Irrigation District,NA,5062,Vista Irrigation District
47892,332742N1166846W001,2117901,2001-11-15T00:00:00Z,2824,2822,0,26.93,2797.07,26.93,24.93,NA,Electric sounder measurement,Water level accuracy to nearest foot,5062,Vista Irrigation District,NA,5062,Vista Irrigation District
47892,332742N1166846W001,2117895,2001-10-15T00:00:00Z,2824,2822,0,26.89,2797.11,26.89,24.89,NA,Electric sounder measurement,Water level accuracy to nearest foot,5062,Vista Irrigation District,NA,5062,Vista Irrigation District
47892,332742N1166846W001,2117889,2001-09-17T00:00:00Z,2824,2822,0,25.81,2798.19,25.81,23.81,NA,Electric sounder measurement,Water level accuracy to nearest foot,5062,Vista Irrigation District,NA,5062,Vista Irrigation District
47892,332742N1166846W001,2117883,2001-08-15T00:00:00Z,2824,2822,0,24.07,2799.93,24.07,22.07,NA,Electric sounder measurement,Water level accuracy to nearest foot,5062,Vista Irrigation District,NA,5062,Vista Irrigation District
47892,332742N1166846W001,2117877,2001-07-16T00:00:00Z,2824,2822,0,22.15,2801.85,22.15,20.15,NA,Electric sounder measurement,Water level accuracy to nearest foot,5062,Vista Irrigation District,NA,5062,Vista Irrigation District
47892,332742N1166846W001,2117871,2001-06-15T00:00:00Z,2824,2822,0,21.65,2802.35,21.65,19.65,NA,Electric sounder measurement,Water level accuracy to nearest foot,5062,Vista Irrigation District,NA,5062,Vista Irrigation District
47892,332742N1166846W001,2117865,2001-05-15T00:00:00Z,2824,2822,0,21.36,2802.64,21.36,19.36,NA,Electric sounder measurement,Water level accuracy to nearest foot,5062,Vista Irrigation District,NA,5062,Vista Irrigation District
47892,332742N1166846W001,2117859,2001-04-16T00:00:00Z,2824,2822,0,20.21,2803.79,20.21,18.21,NA,Electric sounder measurement,Water level accuracy to nearest foot,5062,Vista Irrigation District,NA,5062,Vista Irrigation District
47892,332742N1166846W001,2117853,2001-03-15T00:00:00Z,2824,2822,0,19.14,2804.86,19.14,17.14,NA,Electric sounder measurement,Water level accuracy to nearest foot,5062,Vista Irrigation District,NA,5062,Vista Irrigation District
47892,332742N1166846W001,2117847,2001-02-15T00:00:00Z,2824,2822,0,19.73,2804.27,19.73,17.73,NA,Electric sounder measurement,Water level accuracy to nearest foot,5062,Vista Irrigation District,NA,5062,Vista Irrigation District
47892,332742N1166846W001,2117841,2001-01-15T00:00:00Z,2824,2822,0,17.22,2806.78,17.22,15.22,NA,Electric sounder measurement,Water level accuracy to nearest foot,5062,Vista Irrigation District,NA,5062,Vista Irrigation District
47892,332742N1166846W001,2117979,2000-12-15T00:00:00Z,2824,2822,0,17.39,2806.61,17.39,15.39,NA,Electric sounder measurement,Water level accuracy to nearest foot,5062,Vista Irrigation District,NA,5062,Vista Irrigation District
47892,332742N1166846W001,2117973,2000-11-15T00:00:00Z,2824,2822,0,16.65,2807.35,16.65,14.65,NA,Electric sounder measurement,Water level accuracy to nearest foot,5062,Vista Irrigation District,NA,5062,Vista Irrigation District
47892,332742N1166846W001,2117967,2000-10-16T00:00:00Z,2824,2822,0,15.73,2808.27,15.73,13.73,NA,Electric sounder measurement,Water level accuracy to nearest foot,5062,Vista Irrigation District,NA,5062,Vista Irrigation District
47892,332742N1166846W001,2117961,2000-09-15T00:00:00Z,2824,2822,0,14.71,2809.29,14.71,12.71,NA,Electric sounder measurement,Water level accuracy to nearest foot,5062,Vista Irrigation District,NA,5062,Vista Irrigation District
47892,332742N1166846W001,2117955,2000-08-15T00:00:00Z,2824,2822,0,13.94,2810.06,13.94,11.94,NA,Electric sounder measurement,Water level accuracy to nearest foot,5062,Vista Irrigation District,NA,5062,Vista Irrigation District
47892,332742N1166846W001,2117949,2000-07-17T00:00:00Z,2824,2822,0,13.16,2810.84,13.16,11.16,NA,Electric sounder measurement,Water level accuracy to nearest foot,5062,Vista Irrigation District,NA,5062,Vista Irrigation District
47892,332742N1166846W001,2117943,2000-06-15T00:00:00Z,2824,2822,0,12.3,2811.7,12.3,10.3,NA,Electric sounder measurement,Water level accuracy to nearest foot,5062,Vista Irrigation District,NA,5062,Vista Irrigation District
47892,332742N1166846W001,2117937,2000-05-15T00:00:00Z,2824,2822,0,11.45,2812.55,11.45,9.45,NA,Electric sounder measurement,Water level accuracy to nearest foot,5062,Vista Irrigation District,NA,5062,Vista Irrigation District
47892,332742N1166846W001,2117931,2000-04-17T00:00:00Z,2824,2822,0,10.8,2813.2,10.8,8.8,NA,Electric sounder measurement,Water level accuracy to nearest foot,5062,Vista Irrigation District,NA,5062,Vista Irrigation District
47892,332742N1166846W001,2117925,2000-03-15T00:00:00Z,2824,2822,0,8.62,2815.38,8.62,6.62,NA,Electric sounder measurement,Water level accuracy to nearest foot,5062,Vista Irrigation District,NA,5062,Vista Irrigation District
47892,332742N1166846W001,2117919,2000-02-15T00:00:00Z,2824,2822,0,8.78,2815.22,8.78,6.78,NA,Electric sounder measurement,Water level accuracy to nearest foot,5062,Vista Irrigation District,NA,5062,Vista Irrigation District
47892,332742N1166846W001,2117913,2000-01-17T00:00:00Z,2824,2822,0,7.77,2816.23,7.77,5.77,NA,Electric sounder measurement,Water level accuracy to nearest foot,5062,Vista Irrigation District,NA,5062,Vista Irrigation District
47892,332742N1166846W001,2118051,1999-12-15T00:00:00Z,2824,2822,0,6.96,2817.04,6.96,4.96,NA,Electric sounder measurement,Water level accuracy to nearest foot,5062,Vista Irrigation District,NA,5062,Vista Irrigation District
47892,332742N1166846W001,2118045,1999-11-15T00:00:00Z,2824,2822,0,6.07,2817.93,6.07,4.07,NA,Electric sounder measurement,Water level accuracy to nearest foot,5062,Vista Irrigation District,NA,5062,Vista Irrigation District
47892,332742N1166846W001,2118039,1999-10-15T00:00:00Z,2824,2822,0,5.03,2818.97,5.03,3.03,NA,Electric sounder measurement,Water level accuracy to nearest foot,5062,Vista Irrigation District,NA,5062,Vista Irrigation District
47892,332742N1166846W001,2118033,1999-09-15T00:00:00Z,2824,2822,0,4.2,2819.8,4.2,2.2,NA,Electric sounder measurement,Water level accuracy to nearest foot,5062,Vista Irrigation District,NA,5062,Vista Irrigation District
47892,332742N1166846W001,2118027,1999-08-16T00:00:00Z,2824,2822,0,3.57,2820.43,3.57,1.57,NA,Electric sounder measurement,Water level accuracy to nearest foot,5062,Vista Irrigation District,NA,5062,Vista Irrigation District
47892,332742N1166846W001,2118021,1999-07-15T00:00:00Z,2824,2822,0,2.4,2821.6,2.4,0.4,NA,Electric sounder measurement,Water level accuracy to nearest foot,5062,Vista Irrigation District,NA,5062,Vista Irrigation District
47892,332742N1166846W001,2118015,1999-06-15T00:00:00Z,2824,2822,0,1.67,2822.33,1.67,-0.33,NA,Electric sounder measurement,Water level accuracy to nearest foot,5062,Vista Irrigation District,NA,5062,Vista Irrigation District
47892,332742N1166846W001,2118009,1999-05-17T00:00:00Z,2824,2822,NA,NA,NA,NA,NA,Flowing artesian well,NA,NA,5062,Vista Irrigation District,NA,5062,Vista Irrigation District
47892,332742N1166846W001,2118003,1999-04-15T00:00:00Z,2824,2822,0,1.46,2822.54,1.46,-0.54,NA,Electric sounder measurement,Water level accuracy to nearest foot,5062,Vista Irrigation District,NA,5062,Vista Irrigation District
47892,332742N1166846W001,2117997,1999-03-15T00:00:00Z,2824,2822,0,1.01,2822.99,1.01,-0.99,NA,Electric sounder measurement,Water level accuracy to nearest foot,5062,Vista Irrigation District,NA,5062,Vista Irrigation District
47892,332742N1166846W001,2117991,1999-02-15T00:00:00Z,2824,2822,0,0.87,2823.13,0.87,-1.13,NA,Electric sounder measurement,Water level accuracy to nearest foot,5062,Vista Irrigation District,NA,5062,Vista Irrigation District
47892,332742N1166846W001,2117985,1999-01-15T00:00:00Z,2824,2822,0,0.5,2823.5,0.5,-1.5,NA,Electric sounder measurement,Water level accuracy to nearest foot,5062,Vista Irrigation District,NA,5062,Vista Irrigation District
47892,332742N1166846W001,2118123,1998-12-15T00:00:00Z,2824,2822,0,0.48,2823.52,0.48,-1.52,NA,Electric sounder measurement,Water level accuracy to nearest foot,5062,Vista Irrigation District,NA,5062,Vista Irrigation District
47892,332742N1166846W001,2118117,1998-11-16T00:00:00Z,2824,2822,NA,NA,NA,NA,NA,Flowing artesian well,NA,NA,5062,Vista Irrigation District,NA,5062,Vista Irrigation District
47892,332742N1166846W001,2118111,1998-10-15T00:00:00Z,2824,2822,NA,NA,NA,NA,NA,Flowing artesian well,NA,NA,5062,Vista Irrigation District,NA,5062,Vista Irrigation District
47892,332742N1166846W001,2118105,1998-09-15T00:00:00Z,2824,2822,NA,NA,NA,NA,NA,Flowing artesian well,NA,NA,5062,Vista Irrigation District,NA,5062,Vista Irrigation District
47892,332742N1166846W001,2118099,1998-08-17T00:00:00Z,2824,2822,NA,NA,NA,NA,NA,Flowing artesian well,NA,NA,5062,Vista Irrigation District,NA,5062,Vista Irrigation District
47892,332742N1166846W001,2118093,1998-07-15T00:00:00Z,2824,2822,NA,NA,NA,NA,NA,Flowing artesian well,NA,NA,5062,Vista Irrigation District,NA,5062,Vista Irrigation District
47892,332742N1166846W001,2118087,1998-06-15T00:00:00Z,2824,2822,0,0.21,2823.79,0.21,-1.79,NA,Electric sounder measurement,Water level accuracy to nearest foot,5062,Vista Irrigation District,NA,5062,Vista Irrigation District
47892,332742N1166846W001,2118081,1998-05-15T00:00:00Z,2824,2822,0,2.78,2821.22,2.78,0.78,NA,Electric sounder measurement,Water level accuracy to nearest foot,5062,Vista Irrigation District,NA,5062,Vista Irrigation District
47892,332742N1166846W001,2118075,1998-04-15T00:00:00Z,2824,2822,0,8.01,2815.99,8.01,6.01,NA,Electric sounder measurement,Water level accuracy to nearest foot,5062,Vista Irrigation District,NA,5062,Vista Irrigation District
47892,332742N1166846W001,2118069,1998-03-16T00:00:00Z,2824,2822,0,12,2812,12,10,NA,Electric sounder measurement,Water level accuracy to nearest foot,5062,Vista Irrigation District,NA,5062,Vista Irrigation District
47892,332742N1166846W001,2118063,1998-02-16T00:00:00Z,2824,2822,0,13.72,2810.28,13.72,11.72,NA,Electric sounder measurement,Water level accuracy to nearest foot,5062,Vista Irrigation District,NA,5062,Vista Irrigation District
47892,332742N1166846W001,2118057,1998-01-15T00:00:00Z,2824,2822,0,13.92,2810.08,13.92,11.92,NA,Electric sounder measurement,Water level accuracy to nearest foot,5062,Vista Irrigation District,NA,5062,Vista Irrigation District
47892,332742N1166846W001,2118195,1997-12-15T00:00:00Z,2824,2822,0,12.89,2811.11,12.89,10.89,NA,Electric sounder measurement,Water level accuracy to nearest foot,5062,Vista Irrigation District,NA,5062,Vista Irrigation District
47892,332742N1166846W001,2118189,1997-11-17T00:00:00Z,2824,2822,0,11.97,2812.03,11.97,9.97,NA,Electric sounder measurement,Water level accuracy to nearest foot,5062,Vista Irrigation District,NA,5062,Vista Irrigation District
47892,332742N1166846W001,2118183,1997-10-15T00:00:00Z,2824,2822,0,11.67,2812.33,11.67,9.67,NA,Electric sounder measurement,Water level accuracy to nearest foot,5062,Vista Irrigation District,NA,5062,Vista Irrigation District
47892,332742N1166846W001,2118177,1997-09-15T00:00:00Z,2824,2822,0,11,2813,11,9,NA,Electric sounder measurement,Water level accuracy to nearest foot,5062,Vista Irrigation District,NA,5062,Vista Irrigation District
47892,332742N1166846W001,2118171,1997-08-15T00:00:00Z,2824,2822,0,10.02,2813.98,10.02,8.02,NA,Electric sounder measurement,Water level accuracy to nearest foot,5062,Vista Irrigation District,NA,5062,Vista Irrigation District
47892,332742N1166846W001,2118165,1997-07-15T00:00:00Z,2824,2822,0,9.21,2814.79,9.21,7.21,NA,Electric sounder measurement,Water level accuracy to nearest foot,5062,Vista Irrigation District,NA,5062,Vista Irrigation District
47892,332742N1166846W001,2118159,1997-06-16T00:00:00Z,2824,2822,0,5.16,2818.84,5.16,3.16,NA,Electric sounder measurement,Water level accuracy to nearest foot,5062,Vista Irrigation District,NA,5062,Vista Irrigation District
47892,332742N1166846W001,2118153,1997-05-15T00:00:00Z,2824,2822,0,7.72,2816.28,7.72,5.72,NA,Electric sounder measurement,Water level accuracy to nearest foot,5062,Vista Irrigation District,NA,5062,Vista Irrigation District
47892,332742N1166846W001,2118147,1997-04-15T00:00:00Z,2824,2822,0,6.35,2817.65,6.35,4.35,NA,Electric sounder measurement,Water level accuracy to nearest foot,5062,Vista Irrigation District,NA,5062,Vista Irrigation District
47892,332742N1166846W001,2118141,1997-03-17T00:00:00Z,2824,2822,0,6.24,2817.76,6.24,4.24,NA,Electric sounder measurement,Water level accuracy to nearest foot,5062,Vista Irrigation District,NA,5062,Vista Irrigation District
47892,332742N1166846W001,2118135,1997-02-17T00:00:00Z,2824,2822,0,5.78,2818.22,5.78,3.78,NA,Electric sounder measurement,Water level accuracy to nearest foot,5062,Vista Irrigation District,NA,5062,Vista Irrigation District
47892,332742N1166846W001,2118129,1997-01-15T00:00:00Z,2824,2822,NA,NA,NA,NA,NA,Flowing artesian well,NA,NA,5062,Vista Irrigation District,NA,5062,Vista Irrigation District
47892,332742N1166846W001,2118267,1996-12-16T00:00:00Z,2824,2822,NA,NA,NA,NA,NA,Flowing artesian well,NA,NA,5062,Vista Irrigation District,NA,5062,Vista Irrigation District
47892,332742N1166846W001,2118261,1996-11-15T00:00:00Z,2824,2822,NA,NA,NA,NA,NA,Flowing artesian well,NA,NA,5062,Vista Irrigation District,NA,5062,Vista Irrigation District
47892,332742N1166846W001,2118255,1996-10-15T00:00:00Z,2824,2822,0,2.86,2821.14,2.86,0.86,NA,Electric sounder measurement,Water level accuracy to nearest foot,5062,Vista Irrigation District,NA,5062,Vista Irrigation District
47892,332742N1166846W001,2118249,1996-09-16T00:00:00Z,2824,2822,0,1,2823,1,-1,NA,Electric sounder measurement,Water level accuracy to nearest foot,5062,Vista Irrigation District,NA,5062,Vista Irrigation District
47892,332742N1166846W001,2118243,1996-08-15T00:00:00Z,2824,2822,NA,NA,NA,NA,NA,Flowing artesian well,NA,NA,5062,Vista Irrigation District,NA,5062,Vista Irrigation District
47892,332742N1166846W001,2118237,1996-07-15T00:00:00Z,2824,2822,NA,NA,NA,NA,NA,Flowing artesian well,NA,NA,5062,Vista Irrigation District,NA,5062,Vista Irrigation District
47892,332742N1166846W001,2118231,1996-06-17T00:00:00Z,2824,2822,NA,NA,NA,NA,NA,Flowing artesian well,NA,NA,5062,Vista Irrigation District,NA,5062,Vista Irrigation District
47892,332742N1166846W001,2118225,1996-05-15T00:00:00Z,2824,2822,NA,NA,NA,NA,NA,Flowing artesian well,NA,NA,5062,Vista Irrigation District,NA,5062,Vista Irrigation District
47892,332742N1166846W001,2118219,1996-04-15T00:00:00Z,2824,2822,NA,NA,NA,NA,NA,Flowing artesian well,NA,NA,5062,Vista Irrigation District,NA,5062,Vista Irrigation District
47892,332742N1166846W001,2118213,1996-03-15T00:00:00Z,2824,2822,NA,NA,NA,NA,NA,Flowing artesian well,NA,NA,5062,Vista Irrigation District,NA,5062,Vista Irrigation District
47892,332742N1166846W001,2118207,1996-02-15T00:00:00Z,2824,2822,NA,NA,NA,NA,NA,Flowing artesian well,NA,NA,5062,Vista Irrigation District,NA,5062,Vista Irrigation District
47892,332742N1166846W001,2118201,1996-01-15T00:00:00Z,2824,2822,NA,NA,NA,NA,NA,Flowing artesian well,NA,NA,5062,Vista Irrigation District,NA,5062,Vista Irrigation District
47892,332742N1166846W001,2118339,1995-12-15T00:00:00Z,2824,2822,NA,NA,NA,NA,NA,Flowing artesian well,NA,NA,5062,Vista Irrigation District,NA,5062,Vista Irrigation District
47892,332742N1166846W001,2118333,1995-11-15T00:00:00Z,2824,2822,NA,NA,NA,NA,NA,Flowing artesian well,NA,NA,5062,Vista Irrigation District,NA,5062,Vista Irrigation District
47892,332742N1166846W001,2118327,1995-10-16T00:00:00Z,2824,2822,NA,NA,NA,NA,NA,Flowing artesian well,NA,NA,5062,Vista Irrigation District,NA,5062,Vista Irrigation District
47892,332742N1166846W001,2118321,1995-09-15T00:00:00Z,2824,2822,NA,NA,NA,NA,NA,Flowing artesian well,NA,NA,5062,Vista Irrigation District,NA,5062,Vista Irrigation District
47892,332742N1166846W001,2118315,1995-08-15T00:00:00Z,2824,2822,NA,NA,NA,NA,NA,Flowing artesian well,NA,NA,5062,Vista Irrigation District,NA,5062,Vista Irrigation District
47892,332742N1166846W001,2118309,1995-07-17T00:00:00Z,2824,2822,NA,NA,NA,NA,NA,Flowing artesian well,NA,NA,5062,Vista Irrigation District,NA,5062,Vista Irrigation District
47892,332742N1166846W001,2118303,1995-06-15T00:00:00Z,2824,2822,NA,NA,NA,NA,NA,Flowing artesian well,NA,NA,5062,Vista Irrigation District,NA,5062,Vista Irrigation District
47892,332742N1166846W001,2118297,1995-05-15T00:00:00Z,2824,2822,NA,NA,NA,NA,NA,Flowing artesian well,NA,NA,5062,Vista Irrigation District,NA,5062,Vista Irrigation District
47892,332742N1166846W001,2118291,1995-04-17T00:00:00Z,2824,2822,NA,NA,NA,NA,NA,Flowing artesian well,NA,NA,5062,Vista Irrigation District,NA,5062,Vista Irrigation District
47892,332742N1166846W001,2118285,1995-03-15T00:00:00Z,2824,2822,0,2,2822,2,0,NA,Electric sounder measurement,Water level accuracy to nearest foot,5062,Vista Irrigation District,NA,5062,Vista Irrigation District
47892,332742N1166846W001,2118279,1995-02-15T00:00:00Z,2824,2822,0,5.15,2818.85,5.15,3.15,NA,Electric sounder measurement,Water level accuracy to nearest foot,5062,Vista Irrigation District,NA,5062,Vista Irrigation District
47892,332742N1166846W001,2118273,1995-01-16T00:00:00Z,2824,2822,0,5.8,2818.2,5.8,3.8,NA,Electric sounder measurement,Water level accuracy to nearest foot,5062,Vista Irrigation District,NA,5062,Vista Irrigation District
47892,332742N1166846W001,2118411,1994-12-15T00:00:00Z,2824,2822,0,5.72,2818.28,5.72,3.72,NA,Electric sounder measurement,Water level accuracy to nearest foot,5062,Vista Irrigation District,NA,5062,Vista Irrigation District
47892,332742N1166846W001,2118405,1994-11-15T00:00:00Z,2824,2822,0,5.45,2818.55,5.45,3.45,NA,Electric sounder measurement,Water level accuracy to nearest foot,5062,Vista Irrigation District,NA,5062,Vista Irrigation District
47892,332742N1166846W001,2118399,1994-10-17T00:00:00Z,2824,2822,0,5.23,2818.77,5.23,3.23,NA,Electric sounder measurement,Water level accuracy to nearest foot,5062,Vista Irrigation District,NA,5062,Vista Irrigation District
47892,332742N1166846W001,2118393,1994-09-15T00:00:00Z,2824,2822,0,5.26,2818.74,5.26,3.26,NA,Electric sounder measurement,Water level accuracy to nearest foot,5062,Vista Irrigation District,NA,5062,Vista Irrigation District
47892,332742N1166846W001,2118387,1994-08-15T00:00:00Z,2824,2822,0,5.03,2818.97,5.03,3.03,NA,Electric sounder measurement,Water level accuracy to nearest foot,5062,Vista Irrigation District,NA,5062,Vista Irrigation District
47892,332742N1166846W001,2118381,1994-07-15T00:00:00Z,2824,2822,0,4.65,2819.35,4.65,2.65,NA,Electric sounder measurement,Water level accuracy to nearest foot,5062,Vista Irrigation District,NA,5062,Vista Irrigation District
47892,332742N1166846W001,2118375,1994-06-15T00:00:00Z,2824,2822,0,4.68,2819.32,4.68,2.68,NA,Electric sounder measurement,Water level accuracy to nearest foot,5062,Vista Irrigation District,NA,5062,Vista Irrigation District
47892,332742N1166846W001,2118369,1994-05-16T00:00:00Z,2824,2822,0,4.55,2819.45,4.55,2.55,NA,Electric sounder measurement,Water level accuracy to nearest foot,5062,Vista Irrigation District,NA,5062,Vista Irrigation District
47892,332742N1166846W001,2118363,1994-04-15T00:00:00Z,2824,2822,0,4.7,2819.3,4.7,2.7,NA,Electric sounder measurement,Water level accuracy to nearest foot,5062,Vista Irrigation District,NA,5062,Vista Irrigation District
47892,332742N1166846W001,2118357,1994-03-15T00:00:00Z,2824,2822,0,5.3,2818.7,5.3,3.3,NA,Electric sounder measurement,Water level accuracy to nearest foot,5062,Vista Irrigation District,NA,5062,Vista Irrigation District
47892,332742N1166846W001,2118351,1994-02-15T00:00:00Z,2824,2822,0,5,2819,5,3,NA,Electric sounder measurement,Water level accuracy to nearest foot,5062,Vista Irrigation District,NA,5062,Vista Irrigation District
47892,332742N1166846W001,2118345,1994-01-17T00:00:00Z,2824,2822,0,5.36,2818.64,5.36,3.36,NA,Electric sounder measurement,Water level accuracy to nearest foot,5062,Vista Irrigation District,NA,5062,Vista Irrigation District
47892,332742N1166846W001,2118483,1993-12-15T00:00:00Z,2824,2822,0,5.57,2818.43,5.57,3.57,NA,Electric sounder measurement,Water level accuracy to nearest foot,5062,Vista Irrigation District,NA,5062,Vista Irrigation District
47892,332742N1166846W001,2118477,1993-11-15T00:00:00Z,2824,2822,0,5.91,2818.09,5.91,3.91,NA,Electric sounder measurement,Water level accuracy to nearest foot,5062,Vista Irrigation District,NA,5062,Vista Irrigation District
47892,332742N1166846W001,2118471,1993-10-15T00:00:00Z,2824,2822,0,6.35,2817.65,6.35,4.35,NA,Electric sounder measurement,Water level accuracy to nearest foot,5062,Vista Irrigation District,NA,5062,Vista Irrigation District
47892,332742N1166846W001,2118465,1993-09-15T00:00:00Z,2824,2822,0,7.12,2816.88,7.12,5.12,NA,Electric sounder measurement,Water level accuracy to nearest foot,5062,Vista Irrigation District,NA,5062,Vista Irrigation District
47892,332742N1166846W001,2118459,1993-08-16T00:00:00Z,2824,2822,0,8.17,2815.83,8.17,6.17,NA,Electric sounder measurement,Water level accuracy to nearest foot,5062,Vista Irrigation District,NA,5062,Vista Irrigation District
47892,332742N1166846W001,2118453,1993-07-15T00:00:00Z,2824,2822,0,8.5,2815.5,8.5,6.5,NA,Electric sounder measurement,Water level accuracy to nearest foot,5062,Vista Irrigation District,NA,5062,Vista Irrigation District
47892,332742N1166846W001,2118447,1993-06-15T00:00:00Z,2824,2822,0,9.46,2814.54,9.46,7.46,NA,Electric sounder measurement,Water level accuracy to nearest foot,5062,Vista Irrigation District,NA,5062,Vista Irrigation District
47892,332742N1166846W001,2118441,1993-05-17T00:00:00Z,2824,2822,0,12.7,2811.3,12.7,10.7,NA,Electric sounder measurement,Water level accuracy to nearest foot,5062,Vista Irrigation District,NA,5062,Vista Irrigation District
47892,332742N1166846W001,2118435,1993-04-15T00:00:00Z,2824,2822,0,16.35,2807.65,16.35,14.35,NA,Electric sounder measurement,Water level accuracy to nearest foot,5062,Vista Irrigation District,NA,5062,Vista Irrigation District
47892,332742N1166846W001,2118429,1993-03-15T00:00:00Z,2824,2822,0,18.63,2805.37,18.63,16.63,NA,Electric sounder measurement,Water level accuracy to nearest foot,5062,Vista Irrigation District,NA,5062,Vista Irrigation District
47892,332742N1166846W001,2118423,1993-02-15T00:00:00Z,2824,2822,0,26.62,2797.38,26.62,24.62,NA,Electric sounder measurement,Water level accuracy to nearest foot,5062,Vista Irrigation District,NA,5062,Vista Irrigation District
47892,332742N1166846W001,2118417,1993-01-15T00:00:00Z,2824,2822,0,34.9,2789.1,34.9,32.9,NA,Electric sounder measurement,Water level accuracy to nearest foot,5062,Vista Irrigation District,NA,5062,Vista Irrigation District
