STN_ID,SITE_CODE,WLM_ID,MSMT_DATE,WLM_RPE,WLM_GSE,RDNG_WS,RDNG_RP,WSE,RPE_WSE,GSE_WSE,WLM_QA_DESC,WLM_DESC,WLM_ACC_DESC,WLM_ORG_ID,WLM_ORG_NAME,MSMT_CMT,COOP_AGENCY_ORG_ID,COOP_ORG_NAME
4817,382493N1224484W001,1567232,2002-03-13T00:00:00Z,19.62,18.62,NA,NA,NA,NA,NA,Measurement Discontinued,NA,NA,1,Department of Water Resources,NA,1,Department of Water Resources
4817,382493N1224484W001,1567231,2002-02-11T00:00:00Z,19.62,18.62,NA,NA,NA,NA,NA,Measurement Discontinued,NA,NA,1,Department of Water Resources,NA,1,Department of Water Resources
4817,382493N1224484W001,1567363,2001-04-04T00:00:00Z,19.62,18.62,NA,NA,NA,NA,NA,Temporarily inaccessible,NA,NA,1,Department of Water Resources,GATES LOCKED,1,Department of Water Resources
4817,382493N1224484W001,1567362,2001-03-08T00:00:00Z,19.62,18.62,NA,NA,NA,NA,NA,Temporarily inaccessible,NA,NA,1,Department of Water Resources,GATES LOCKED,1,Department of Water Resources
4817,382493N1224484W001,1567361,2001-02-21T00:00:00Z,19.62,18.62,NA,NA,NA,NA,NA,Temporarily inaccessible,NA,NA,1,Department of Water Resources,GATES LOCKED,1,Department of Water Resources
4817,382493N1224484W001,1567233,2001-01-23T00:00:00Z,19.62,18.62,NA,NA,NA,NA,NA,Measurement Discontinued,NA,NA,1,Department of Water Resources,NA,1,Department of Water Resources
4817,382493N1224484W001,1567201,2000-11-28T00:00:00Z,19.62,18.62,NA,NA,NA,NA,NA,Temporarily inaccessible,NA,NA,1,Department of Water Resources,NA,1,Department of Water Resources
4817,382493N1224484W001,1567200,2000-10-30T00:00:00Z,19.62,18.62,NA,NA,NA,NA,NA,Temporarily inaccessible,NA,NA,1,Department of Water Resources,NA,1,Department of Water Resources
4817,382493N1224484W001,1567199,2000-08-30T00:00:00Z,19.62,18.62,0,23,-3.38,23,22,NA,Unknown,Water level accuracy is unknown,1,Department of Water Resources,NA,1,Department of Water Resources
4817,382493N1224484W001,1567198,2000-06-29T00:00:00Z,19.62,18.62,NA,NA,NA,NA,NA,Temporarily inaccessible,NA,NA,1,Department of Water Resources,NA,1,Department of Water Resources
4817,382493N1224484W001,1567197,2000-05-11T00:00:00Z,19.62,18.62,0,12.7,6.92,12.7,11.7,NA,Unknown,Water level accuracy is unknown,1,Department of Water Resources,NA,1,Department of Water Resources
4817,382493N1224484W001,1567196,1999-12-07T00:00:00Z,19.62,18.62,NA,NA,NA,NA,NA,Temporarily inaccessible,NA,NA,1,Department of Water Resources,Gatelocked,1,Department of Water Resources
4817,382493N1224484W001,1567360,1999-11-30T00:00:00Z,19.62,18.62,NA,NA,NA,NA,NA,Measurement Discontinued,NA,NA,1,Department of Water Resources,NA,1,Department of Water Resources
4817,382493N1224484W001,1567195,1999-11-10T00:00:00Z,19.62,18.62,0,13.1,6.52,13.1,12.1,NA,Unknown,Water level accuracy is unknown,1,Department of Water Resources,NA,1,Department of Water Resources
4817,382493N1224484W001,1567194,1999-10-06T00:00:00Z,19.62,18.62,0,22.2,-2.58,22.2,21.2,NA,Unknown,Water level accuracy is unknown,1,Department of Water Resources,NA,1,Department of Water Resources
4817,382493N1224484W001,1567193,1999-09-09T00:00:00Z,19.62,18.62,NA,NA,NA,NA,NA,Temporarily inaccessible,NA,NA,1,Department of Water Resources,Gatednbh,1,Department of Water Resources
4817,382493N1224484W001,1567192,1999-08-11T00:00:00Z,19.62,18.62,0,19.8,-0.18,19.8,18.8,NA,Unknown,Water level accuracy is unknown,1,Department of Water Resources,NA,1,Department of Water Resources
4817,382493N1224484W001,1567191,1999-07-08T00:00:00Z,19.62,18.62,NA,NA,NA,NA,NA,Temporarily inaccessible,NA,NA,1,Department of Water Resources,NA,1,Department of Water Resources
4817,382493N1224484W001,1567190,1999-06-08T00:00:00Z,19.62,18.62,0,28.4,-8.78,28.4,27.4,Pumping,Unknown,Water level accuracy is unknown,1,Department of Water Resources,NA,1,Department of Water Resources
4817,382493N1224484W001,1567189,1999-05-06T00:00:00Z,19.62,18.62,NA,NA,NA,NA,NA,Temporarily inaccessible,NA,NA,1,Department of Water Resources,NA,1,Department of Water Resources
4817,382493N1224484W001,1567188,1999-04-13T00:00:00Z,19.62,18.62,0,6,13.62,6,5,NA,Unknown,Water level accuracy is unknown,1,Department of Water Resources,NA,1,Department of Water Resources
4817,382493N1224484W001,1567187,1999-03-11T00:00:00Z,19.62,18.62,0,22,-2.38,22,21,NA,Unknown,Water level accuracy is unknown,1,Department of Water Resources,NA,1,Department of Water Resources
4817,382493N1224484W001,1567186,1999-02-24T00:00:00Z,19.62,18.62,0,0,19.62,0,-1,NA,Unknown,Water level accuracy is unknown,1,Department of Water Resources,NA,1,Department of Water Resources
4817,382493N1224484W001,1567185,1999-01-13T00:00:00Z,19.62,18.62,NA,NA,NA,NA,NA,Temporarily inaccessible,NA,NA,1,Department of Water Resources,NA,1,Department of Water Resources
4817,382493N1224484W001,1567230,1998-12-21T00:00:00Z,19.62,18.62,NA,NA,NA,NA,NA,Temporarily inaccessible,NA,NA,1,Department of Water Resources,NA,1,Department of Water Resources
4817,382493N1224484W001,1567229,1998-11-10T00:00:00Z,19.62,18.62,0,12.6,7.02,12.6,11.6,NA,Unknown,Water level accuracy is unknown,1,Department of Water Resources,NA,1,Department of Water Resources
4817,382493N1224484W001,1567228,1998-10-08T00:00:00Z,19.62,18.62,0,70,-50.38,70,69,NA,Unknown,Water level accuracy is unknown,1,Department of Water Resources,NA,1,Department of Water Resources
4817,382493N1224484W001,1567227,1998-09-14T00:00:00Z,19.62,18.62,NA,NA,NA,NA,NA,Temporarily inaccessible,NA,NA,1,Department of Water Resources,LOCKED GATE,1,Department of Water Resources
4817,382493N1224484W001,1567226,1998-08-17T00:00:00Z,19.62,18.62,NA,NA,NA,NA,NA,Pumping,NA,NA,1,Department of Water Resources,NA,1,Department of Water Resources
4817,382493N1224484W001,1567225,1998-07-09T00:00:00Z,19.62,18.62,NA,NA,NA,NA,NA,Pumping,NA,NA,1,Department of Water Resources,IRRIGATING,1,Department of Water Resources
4817,382493N1224484W001,1567224,1998-06-23T00:00:00Z,19.62,18.62,0,10.1,9.52,10.1,9.1,NA,Unknown,Water level accuracy is unknown,1,Department of Water Resources,NA,1,Department of Water Resources
4817,382493N1224484W001,1567223,1998-05-14T00:00:00Z,19.62,18.62,0,8.5,11.12,8.5,7.5,NA,Unknown,Water level accuracy is unknown,1,Department of Water Resources,NA,1,Department of Water Resources
4817,382493N1224484W001,1567222,1998-04-03T00:00:00Z,19.62,18.62,0,11,8.62,11,10,NA,Unknown,Water level accuracy is unknown,1,Department of Water Resources,NA,1,Department of Water Resources
4817,382493N1224484W001,1567221,1998-03-11T00:00:00Z,19.62,18.62,0,6.8,12.82,6.8,5.8,NA,Unknown,Water level accuracy is unknown,1,Department of Water Resources,NA,1,Department of Water Resources
4817,382493N1224484W001,1567220,1998-02-11T00:00:00Z,19.62,18.62,0,5.9,13.72,5.9,4.9,NA,Unknown,Water level accuracy is unknown,1,Department of Water Resources,NA,1,Department of Water Resources
4817,382493N1224484W001,1567219,1998-01-15T00:00:00Z,19.62,18.62,0,5.9,13.72,5.9,4.9,NA,Unknown,Water level accuracy is unknown,1,Department of Water Resources,NA,1,Department of Water Resources
4817,382493N1224484W001,1567218,1997-12-03T00:00:00Z,19.62,18.62,0,10.7,8.92,10.7,9.7,NA,Unknown,Water level accuracy is unknown,1,Department of Water Resources,NA,1,Department of Water Resources
4817,382493N1224484W001,1567217,1997-11-14T00:00:00Z,19.62,18.62,0,18.3,1.32,18.3,17.3,NA,Unknown,Water level accuracy is unknown,1,Department of Water Resources,NA,1,Department of Water Resources
4817,382493N1224484W001,1567216,1997-10-14T00:00:00Z,19.62,18.62,0,19.4,0.22,19.4,18.4,NA,Unknown,Water level accuracy is unknown,1,Department of Water Resources,NA,1,Department of Water Resources
4817,382493N1224484W001,1567215,1997-09-09T00:00:00Z,19.62,18.62,0,12.2,7.42,12.2,11.2,Pumped recently,Unknown,Water level accuracy is unknown,1,Department of Water Resources,NA,1,Department of Water Resources
4817,382493N1224484W001,1567214,1997-08-14T00:00:00Z,19.62,18.62,NA,NA,NA,NA,NA,Pumping,NA,NA,1,Department of Water Resources,NA,1,Department of Water Resources
4817,382493N1224484W001,1567213,1997-07-09T00:00:00Z,19.62,18.62,0,16.7,2.92,16.7,15.7,NA,Unknown,Water level accuracy is unknown,1,Department of Water Resources,NA,1,Department of Water Resources
4817,382493N1224484W001,1567212,1997-06-10T00:00:00Z,19.62,18.62,0,16.5,3.12,16.5,15.5,NA,Unknown,Water level accuracy is unknown,1,Department of Water Resources,NA,1,Department of Water Resources
4817,382493N1224484W001,1567211,1997-05-20T00:00:00Z,19.62,18.62,0,15.7,3.92,15.7,14.7,NA,Unknown,Water level accuracy is unknown,1,Department of Water Resources,NA,1,Department of Water Resources
4817,382493N1224484W001,1567210,1997-04-17T00:00:00Z,19.62,18.62,0,10.8,8.82,10.8,9.8,NA,Unknown,Water level accuracy is unknown,1,Department of Water Resources,NA,1,Department of Water Resources
4817,382493N1224484W001,1567209,1997-03-15T00:00:00Z,19.62,18.62,0,12.2,7.42,12.2,11.2,Pumping,Unknown,Water level accuracy is unknown,1,Department of Water Resources,NA,1,Department of Water Resources
4817,382493N1224484W001,1567208,1997-02-26T00:00:00Z,19.62,18.62,NA,NA,NA,NA,NA,Temporarily inaccessible,NA,NA,1,Department of Water Resources,NA,1,Department of Water Resources
4817,382493N1224484W001,1567184,1997-01-29T00:00:00Z,19.62,18.62,0,5.4,14.22,5.4,4.4,NA,Unknown,Water level accuracy is unknown,1,Department of Water Resources,NA,1,Department of Water Resources
4817,382493N1224484W001,1567207,1996-12-12T00:00:00Z,19.62,18.62,0,10.8,8.82,10.8,9.8,NA,Unknown,Water level accuracy is unknown,1,Department of Water Resources,NA,1,Department of Water Resources
4817,382493N1224484W001,1567206,1996-11-25T00:00:00Z,19.62,18.62,0,11.7,7.92,11.7,10.7,NA,Unknown,Water level accuracy is unknown,1,Department of Water Resources,NA,1,Department of Water Resources
4817,382493N1224484W001,1567205,1996-10-10T00:00:00Z,19.62,18.62,0,14.2,5.42,14.2,13.2,NA,Unknown,Water level accuracy is unknown,1,Department of Water Resources,NA,1,Department of Water Resources
4817,382493N1224484W001,1567204,1996-09-11T00:00:00Z,19.62,18.62,NA,NA,NA,NA,NA,Pumping,NA,NA,1,Department of Water Resources,NA,1,Department of Water Resources
4817,382493N1224484W001,1567203,1996-08-27T00:00:00Z,19.62,18.62,NA,NA,NA,NA,NA,Pumping,NA,NA,1,Department of Water Resources,NA,1,Department of Water Resources
4817,382493N1224484W001,1567202,1996-07-25T00:00:00Z,19.62,18.62,NA,NA,NA,NA,NA,Pumping,NA,NA,1,Department of Water Resources,NA,1,Department of Water Resources
4817,382493N1224484W001,1567183,1996-06-20T00:00:00Z,19.62,18.62,0,10.9,8.72,10.9,9.9,NA,Unknown,Water level accuracy is unknown,1,Department of Water Resources,NA,1,Department of Water Resources
4817,382493N1224484W001,1567182,1996-05-20T00:00:00Z,19.62,18.62,0,9,10.62,9,8,Pumped recently,Unknown,Water level accuracy is unknown,1,Department of Water Resources,NA,1,Department of Water Resources
4817,382493N1224484W001,1567181,1996-04-02T00:00:00Z,19.62,18.62,0,5.7,13.92,5.7,4.7,NA,Unknown,Water level accuracy is unknown,1,Department of Water Resources,NA,1,Department of Water Resources
4817,382493N1224484W001,1567180,1996-03-13T00:00:00Z,19.62,18.62,0,4.8,14.82,4.8,3.8,NA,Unknown,Water level accuracy is unknown,1,Department of Water Resources,NA,1,Department of Water Resources
4817,382493N1224484W001,1567179,1996-02-16T00:00:00Z,19.62,18.62,0,8.7,10.92,8.7,7.7,NA,Unknown,Water level accuracy is unknown,1,Department of Water Resources,NA,1,Department of Water Resources
4817,382493N1224484W001,1567178,1996-01-24T00:00:00Z,19.62,18.62,0,9,10.62,9,8,NA,Unknown,Water level accuracy is unknown,1,Department of Water Resources,NA,1,Department of Water Resources
4817,382493N1224484W001,1567177,1995-12-14T00:00:00Z,19.62,18.62,0,12.7,6.92,12.7,11.7,NA,Unknown,Water level accuracy is unknown,1,Department of Water Resources,NA,1,Department of Water Resources
4817,382493N1224484W001,1567176,1995-11-14T00:00:00Z,19.62,18.62,0,15.1,4.52,15.1,14.1,NA,Unknown,Water level accuracy is unknown,1,Department of Water Resources,NA,1,Department of Water Resources
4817,382493N1224484W001,1567175,1995-10-27T00:00:00Z,19.62,18.62,0,15.2,4.42,15.2,14.2,NA,Unknown,Water level accuracy is unknown,1,Department of Water Resources,NA,1,Department of Water Resources
4817,382493N1224484W001,1567174,1995-09-08T00:00:00Z,19.62,18.62,NA,NA,NA,NA,NA,Temporarily inaccessible,NA,NA,1,Department of Water Resources,NA,1,Department of Water Resources
4817,382493N1224484W001,1567173,1995-08-10T00:00:00Z,19.62,18.62,0,23.8,-4.18,23.8,22.8,Pumped recently,Unknown,Water level accuracy is unknown,1,Department of Water Resources,NA,1,Department of Water Resources
4817,382493N1224484W001,1567172,1995-07-18T00:00:00Z,19.62,18.62,NA,NA,NA,NA,NA,Temporarily inaccessible,NA,NA,1,Department of Water Resources,NA,1,Department of Water Resources
4817,382493N1224484W001,1567171,1995-06-20T00:00:00Z,19.62,18.62,NA,NA,NA,NA,NA,Temporarily inaccessible,NA,NA,1,Department of Water Resources,NA,1,Department of Water Resources
4817,382493N1224484W001,1567170,1995-05-23T00:00:00Z,19.62,18.62,0,9.9,9.72,9.9,8.9,NA,Unknown,Water level accuracy is unknown,1,Department of Water Resources,NA,1,Department of Water Resources
4817,382493N1224484W001,1567169,1995-04-26T00:00:00Z,19.62,18.62,0,7.5,12.12,7.5,6.5,NA,Unknown,Water level accuracy is unknown,1,Department of Water Resources,NA,1,Department of Water Resources
4817,382493N1224484W001,1567168,1995-02-15T00:00:00Z,19.62,18.62,NA,NA,NA,NA,NA,Special/Other,NA,NA,1,Department of Water Resources,NOT MEASURED,1,Department of Water Resources
4817,382493N1224484W001,1567167,1995-01-18T00:00:00Z,19.62,18.62,0,7.2,12.42,7.2,6.2,NA,Unknown,Water level accuracy is unknown,1,Department of Water Resources,NA,1,Department of Water Resources
4817,382493N1224484W001,1567166,1994-12-27T00:00:00Z,19.62,18.62,NA,NA,NA,NA,NA,Pumping,NA,NA,1,Department of Water Resources,NA,1,Department of Water Resources
4817,382493N1224484W001,1567165,1994-11-17T00:00:00Z,19.62,18.62,0,12.6,7.02,12.6,11.6,NA,Unknown,Water level accuracy is unknown,1,Department of Water Resources,NA,1,Department of Water Resources
4817,382493N1224484W001,1567164,1994-10-06T00:00:00Z,19.62,18.62,0,10.9,8.72,10.9,9.9,NA,Unknown,Water level accuracy is unknown,1,Department of Water Resources,NA,1,Department of Water Resources
4817,382493N1224484W001,1567163,1994-09-07T00:00:00Z,19.62,18.62,0,11.5,8.12,11.5,10.5,NA,Unknown,Water level accuracy is unknown,1,Department of Water Resources,NA,1,Department of Water Resources
4817,382493N1224484W001,1567162,1994-08-18T00:00:00Z,19.62,18.62,NA,NA,NA,NA,NA,Pumping,NA,NA,1,Department of Water Resources,NA,1,Department of Water Resources
4817,382493N1224484W001,1567161,1994-07-08T00:00:00Z,19.62,18.62,0,13.8,5.82,13.8,12.8,NA,Unknown,Water level accuracy is unknown,1,Department of Water Resources,NA,1,Department of Water Resources
4817,382493N1224484W001,1567160,1994-06-22T00:00:00Z,19.62,18.62,0,13,6.62,13,12,NA,Unknown,Water level accuracy is unknown,1,Department of Water Resources,NA,1,Department of Water Resources
4817,382493N1224484W001,1567158,1994-05-24T00:00:00Z,19.62,18.62,0,13.6,6.02,13.6,12.6,NA,Unknown,Water level accuracy is unknown,1,Department of Water Resources,NA,1,Department of Water Resources
4817,382493N1224484W001,1567157,1994-04-27T00:00:00Z,19.62,18.62,0,10.8,8.82,10.8,9.8,Pumped recently,Unknown,Water level accuracy is unknown,1,Department of Water Resources,NA,1,Department of Water Resources
4817,382493N1224484W001,1567156,1994-03-28T00:00:00Z,19.62,18.62,0,9.9,9.72,9.9,8.9,NA,Unknown,Water level accuracy is unknown,1,Department of Water Resources,NA,1,Department of Water Resources
4817,382493N1224484W001,1567155,1994-02-23T00:00:00Z,19.62,18.62,0,7.6,12.02,7.6,6.6,NA,Unknown,Water level accuracy is unknown,1,Department of Water Resources,NA,1,Department of Water Resources
4817,382493N1224484W001,1567154,1994-01-10T00:00:00Z,19.62,18.62,0,10.8,8.82,10.8,9.8,NA,Unknown,Water level accuracy is unknown,1,Department of Water Resources,NA,1,Department of Water Resources
4817,382493N1224484W001,1567153,1993-12-20T00:00:00Z,19.62,18.62,0,11.5,8.12,11.5,10.5,NA,Unknown,Water level accuracy is unknown,1,Department of Water Resources,NA,1,Department of Water Resources
4817,382493N1224484W001,1567152,1993-11-04T00:00:00Z,19.62,18.62,0,13,6.62,13,12,NA,Unknown,Water level accuracy is unknown,1,Department of Water Resources,NA,1,Department of Water Resources
4817,382493N1224484W001,1567151,1993-10-18T00:00:00Z,19.62,18.62,0,12.2,7.42,12.2,11.2,NA,Unknown,Water level accuracy is unknown,1,Department of Water Resources,NA,1,Department of Water Resources
4817,382493N1224484W001,1567150,1993-09-14T00:00:00Z,19.62,18.62,0,13.5,6.12,13.5,12.5,NA,Unknown,Water level accuracy is unknown,1,Department of Water Resources,NA,1,Department of Water Resources
4817,382493N1224484W001,1567149,1993-08-04T00:00:00Z,19.62,18.62,NA,NA,NA,NA,NA,Pumping,NA,NA,1,Department of Water Resources,NA,1,Department of Water Resources
4817,382493N1224484W001,1567148,1993-07-12T00:00:00Z,19.62,18.62,NA,NA,NA,NA,NA,Pumping,NA,NA,1,Department of Water Resources,NA,1,Department of Water Resources
4817,382493N1224484W001,1567147,1993-06-14T00:00:00Z,19.62,18.62,0,10.4,9.22,10.4,9.4,NA,Unknown,Water level accuracy is unknown,1,Department of Water Resources,NA,1,Department of Water Resources
4817,382493N1224484W001,1567146,1993-05-13T00:00:00Z,19.62,18.62,0,11.4,8.22,11.4,10.4,NA,Unknown,Water level accuracy is unknown,1,Department of Water Resources,NA,1,Department of Water Resources
4817,382493N1224484W001,1567145,1993-04-15T00:00:00Z,19.62,18.62,0,10.9,8.72,10.9,9.9,NA,Unknown,Water level accuracy is unknown,1,Department of Water Resources,NA,1,Department of Water Resources
4817,382493N1224484W001,1567144,1993-03-22T00:00:00Z,19.62,18.62,0,10.2,9.42,10.2,9.2,NA,Unknown,Water level accuracy is unknown,1,Department of Water Resources,NA,1,Department of Water Resources
4817,382493N1224484W001,1567143,1993-02-24T00:00:00Z,19.62,18.62,0,5.8,13.82,5.8,4.8,NA,Unknown,Water level accuracy is unknown,1,Department of Water Resources,NA,1,Department of Water Resources
4817,382493N1224484W001,1567142,1993-01-22T00:00:00Z,19.62,18.62,0,7,12.62,7,6,NA,Unknown,Water level accuracy is unknown,1,Department of Water Resources,NA,1,Department of Water Resources
4817,382493N1224484W001,1567141,1992-12-07T00:00:00Z,19.62,18.62,0,12,7.62,12,11,NA,Unknown,Water level accuracy is unknown,1,Department of Water Resources,NA,1,Department of Water Resources
4817,382493N1224484W001,1567140,1992-11-19T00:00:00Z,19.62,18.62,0,13.2,6.42,13.2,12.2,NA,Unknown,Water level accuracy is unknown,1,Department of Water Resources,NA,1,Department of Water Resources
4817,382493N1224484W001,1567139,1992-10-13T00:00:00Z,19.62,18.62,0,15.9,3.72,15.9,14.9,NA,Unknown,Water level accuracy is unknown,1,Department of Water Resources,NA,1,Department of Water Resources
4817,382493N1224484W001,1567138,1992-09-14T00:00:00Z,19.62,18.62,NA,NA,NA,NA,NA,Pumping,NA,NA,1,Department of Water Resources,NA,1,Department of Water Resources
4817,382493N1224484W001,1567137,1992-08-10T00:00:00Z,19.62,18.62,NA,NA,NA,NA,NA,Pumping,NA,NA,1,Department of Water Resources,NA,1,Department of Water Resources
4817,382493N1224484W001,1567136,1992-07-06T00:00:00Z,19.62,18.62,0,13.1,6.52,13.1,12.1,NA,Unknown,Water level accuracy is unknown,1,Department of Water Resources,NA,1,Department of Water Resources
4817,382493N1224484W001,1567135,1992-06-10T00:00:00Z,19.62,18.62,0,25,-5.38,25,24,Pumping,Unknown,Water level accuracy is unknown,1,Department of Water Resources,NA,1,Department of Water Resources
4817,382493N1224484W001,1567134,1992-05-22T00:00:00Z,19.62,18.62,NA,NA,NA,NA,NA,Pumping,NA,NA,1,Department of Water Resources,NA,1,Department of Water Resources
4817,382493N1224484W001,1567133,1992-04-27T00:00:00Z,19.62,18.62,NA,NA,NA,NA,NA,Pumping,NA,NA,1,Department of Water Resources,NA,1,Department of Water Resources
4817,382493N1224484W001,1567132,1992-03-19T00:00:00Z,19.62,18.62,0,6.5,13.12,6.5,5.5,NA,Unknown,Water level accuracy is unknown,1,Department of Water Resources,NA,1,Department of Water Resources
4817,382493N1224484W001,1567131,1992-02-28T00:00:00Z,19.62,18.62,0,8.7,10.92,8.7,7.7,NA,Unknown,Water level accuracy is unknown,1,Department of Water Resources,NA,1,Department of Water Resources
4817,382493N1224484W001,1567130,1992-01-21T00:00:00Z,19.62,18.62,0,11.4,8.22,11.4,10.4,NA,Unknown,Water level accuracy is unknown,1,Department of Water Resources,NA,1,Department of Water Resources
4817,382493N1224484W001,1567129,1991-12-05T00:00:00Z,19.62,18.62,0,12.5,7.12,12.5,11.5,NA,Unknown,Water level accuracy is unknown,1,Department of Water Resources,NA,1,Department of Water Resources
4817,382493N1224484W001,1567128,1991-11-14T00:00:00Z,19.62,18.62,0,15.5,4.12,15.5,14.5,NA,Unknown,Water level accuracy is unknown,1,Department of Water Resources,NA,1,Department of Water Resources
4817,382493N1224484W001,1567127,1991-10-28T00:00:00Z,19.62,18.62,0,13,6.62,13,12,NA,Unknown,Water level accuracy is unknown,1,Department of Water Resources,NA,1,Department of Water Resources
4817,382493N1224484W001,1567126,1991-09-05T00:00:00Z,19.62,18.62,0,13.2,6.42,13.2,12.2,NA,Unknown,Water level accuracy is unknown,1,Department of Water Resources,NA,1,Department of Water Resources
4817,382493N1224484W001,1567125,1991-08-19T00:00:00Z,19.62,18.62,0,13.2,6.42,13.2,12.2,NA,Unknown,Water level accuracy is unknown,1,Department of Water Resources,NA,1,Department of Water Resources
4817,382493N1224484W001,1567124,1991-07-09T00:00:00Z,19.62,18.62,0,15,4.62,15,14,NA,Unknown,Water level accuracy is unknown,1,Department of Water Resources,NA,1,Department of Water Resources
4817,382493N1224484W001,1567123,1991-06-06T00:00:00Z,19.62,18.62,0,11.2,8.42,11.2,10.2,NA,Unknown,Water level accuracy is unknown,1,Department of Water Resources,NA,1,Department of Water Resources
4817,382493N1224484W001,1567122,1991-05-09T00:00:00Z,19.62,18.62,0,9.2,10.42,9.2,8.2,NA,Unknown,Water level accuracy is unknown,1,Department of Water Resources,NA,1,Department of Water Resources
4817,382493N1224484W001,1567121,1991-04-03T00:00:00Z,19.62,18.62,0,7.9,11.72,7.9,6.9,NA,Unknown,Water level accuracy is unknown,1,Department of Water Resources,NA,1,Department of Water Resources
4817,382493N1224484W001,1567120,1991-03-11T00:00:00Z,19.62,18.62,0,11,8.62,11,10,NA,Unknown,Water level accuracy is unknown,1,Department of Water Resources,NA,1,Department of Water Resources
4817,382493N1224484W001,1567119,1991-02-11T00:00:00Z,19.62,18.62,0,12.6,7.02,12.6,11.6,NA,Unknown,Water level accuracy is unknown,1,Department of Water Resources,NA,1,Department of Water Resources
4817,382493N1224484W001,1567118,1991-01-16T00:00:00Z,19.62,18.62,0,14.7,4.92,14.7,13.7,NA,Unknown,Water level accuracy is unknown,1,Department of Water Resources,NA,1,Department of Water Resources
4817,382493N1224484W001,1567117,1990-12-12T00:00:00Z,19.62,18.62,0,15.7,3.92,15.7,14.7,NA,Unknown,Water level accuracy is unknown,1,Department of Water Resources,NA,1,Department of Water Resources
4817,382493N1224484W001,1567116,1990-11-07T00:00:00Z,19.62,18.62,0,15.9,3.72,15.9,14.9,NA,Unknown,Water level accuracy is unknown,1,Department of Water Resources,NA,1,Department of Water Resources
4817,382493N1224484W001,1567115,1990-10-12T00:00:00Z,19.62,18.62,0,16.4,3.22,16.4,15.4,NA,Unknown,Water level accuracy is unknown,1,Department of Water Resources,NA,1,Department of Water Resources
4817,382493N1224484W001,1567114,1990-09-05T00:00:00Z,19.62,18.62,0,14,5.62,14,13,NA,Unknown,Water level accuracy is unknown,1,Department of Water Resources,NA,1,Department of Water Resources
4817,382493N1224484W001,1567113,1990-08-06T00:00:00Z,19.62,18.62,0,12.5,7.12,12.5,11.5,NA,Unknown,Water level accuracy is unknown,1,Department of Water Resources,NA,1,Department of Water Resources
4817,382493N1224484W001,1567112,1990-07-10T00:00:00Z,19.62,18.62,0,12.9,6.72,12.9,11.9,Pumping,Unknown,Water level accuracy is unknown,1,Department of Water Resources,NA,1,Department of Water Resources
4817,382493N1224484W001,1567111,1990-06-20T00:00:00Z,19.62,18.62,0,14,5.62,14,13,NA,Unknown,Water level accuracy is unknown,1,Department of Water Resources,NA,1,Department of Water Resources
4817,382493N1224484W001,1567110,1990-05-14T00:00:00Z,19.62,18.62,0,12.9,6.72,12.9,11.9,NA,Unknown,Water level accuracy is unknown,1,Department of Water Resources,NA,1,Department of Water Resources
4817,382493N1224484W001,1567109,1990-04-09T00:00:00Z,19.62,18.62,0,12.1,7.52,12.1,11.1,NA,Unknown,Water level accuracy is unknown,1,Department of Water Resources,NA,1,Department of Water Resources
4817,382493N1224484W001,1567108,1990-03-15T00:00:00Z,19.62,18.62,0,10.1,9.52,10.1,9.1,NA,Unknown,Water level accuracy is unknown,1,Department of Water Resources,NA,1,Department of Water Resources
4817,382493N1224484W001,1567107,1990-02-14T00:00:00Z,19.62,18.62,0,10.9,8.72,10.9,9.9,NA,Unknown,Water level accuracy is unknown,1,Department of Water Resources,NA,1,Department of Water Resources
4817,382493N1224484W001,1567106,1990-01-17T00:00:00Z,19.62,18.62,0,10.8,8.82,10.8,9.8,NA,Unknown,Water level accuracy is unknown,1,Department of Water Resources,NA,1,Department of Water Resources
4817,382493N1224484W001,1567159,1989-11-28T00:00:00Z,19.62,18.62,0,12.6,7.02,12.6,11.6,NA,Unknown,Water level accuracy is unknown,1,Department of Water Resources,NA,1,Department of Water Resources
4817,382493N1224484W001,1567359,1989-10-31T00:00:00Z,19.62,18.62,0,13.9,5.72,13.9,12.9,NA,Unknown,Water level accuracy is unknown,1,Department of Water Resources,NA,1,Department of Water Resources
4817,382493N1224484W001,1567358,1989-10-02T00:00:00Z,19.62,18.62,0,19.6,0.02,19.6,18.6,Pumping,Unknown,Water level accuracy is unknown,1,Department of Water Resources,NA,1,Department of Water Resources
4817,382493N1224484W001,1567357,1989-08-30T00:00:00Z,19.62,18.62,NA,NA,NA,NA,NA,Pumping,NA,NA,1,Department of Water Resources,NA,1,Department of Water Resources
4817,382493N1224484W001,1567356,1989-07-26T00:00:00Z,19.62,18.62,0,15.2,4.42,15.2,14.2,NA,Unknown,Water level accuracy is unknown,1,Department of Water Resources,NA,1,Department of Water Resources
4817,382493N1224484W001,1567355,1989-06-28T00:00:00Z,19.62,18.62,0,20,-0.38,20,19,NA,Unknown,Water level accuracy is unknown,1,Department of Water Resources,NA,1,Department of Water Resources
4817,382493N1224484W001,1567354,1989-05-28T00:00:00Z,19.62,18.62,0,10.9,8.72,10.9,9.9,NA,Unknown,Water level accuracy is unknown,1,Department of Water Resources,NA,1,Department of Water Resources
4817,382493N1224484W001,1567353,1989-04-12T00:00:00Z,19.62,18.62,0,10.1,9.52,10.1,9.1,NA,Unknown,Water level accuracy is unknown,1,Department of Water Resources,NA,1,Department of Water Resources
4817,382493N1224484W001,1567352,1989-02-16T00:00:00Z,19.62,18.62,0,10.8,8.82,10.8,9.8,NA,Unknown,Water level accuracy is unknown,1,Department of Water Resources,NA,1,Department of Water Resources
4817,382493N1224484W001,1567351,1989-01-04T00:00:00Z,19.62,18.62,0,11.2,8.42,11.2,10.2,NA,Unknown,Water level accuracy is unknown,1,Department of Water Resources,NA,1,Department of Water Resources
4817,382493N1224484W001,1567350,1988-12-13T00:00:00Z,19.62,18.62,0,12.3,7.32,12.3,11.3,NA,Unknown,Water level accuracy is unknown,1,Department of Water Resources,NA,1,Department of Water Resources
4817,382493N1224484W001,1567349,1988-11-16T00:00:00Z,19.62,18.62,0,14.1,5.52,14.1,13.1,NA,Unknown,Water level accuracy is unknown,1,Department of Water Resources,NA,1,Department of Water Resources
4817,382493N1224484W001,1567348,1988-10-13T00:00:00Z,19.62,18.62,0,20.1,-0.48,20.1,19.1,NA,Unknown,Water level accuracy is unknown,1,Department of Water Resources,NA,1,Department of Water Resources
4817,382493N1224484W001,1567347,1988-09-09T00:00:00Z,19.62,18.62,NA,NA,NA,NA,NA,Pumping,NA,NA,1,Department of Water Resources,NA,1,Department of Water Resources
4817,382493N1224484W001,1567346,1988-08-18T00:00:00Z,19.62,18.62,0,15.1,4.52,15.1,14.1,NA,Unknown,Water level accuracy is unknown,1,Department of Water Resources,NA,1,Department of Water Resources
4817,382493N1224484W001,1567345,1988-07-27T00:00:00Z,19.62,18.62,0,14.2,5.42,14.2,13.2,NA,Unknown,Water level accuracy is unknown,1,Department of Water Resources,NA,1,Department of Water Resources
4817,382493N1224484W001,1567344,1988-06-28T00:00:00Z,19.62,18.62,NA,NA,NA,NA,NA,Pumping,NA,NA,1,Department of Water Resources,NA,1,Department of Water Resources
4817,382493N1224484W001,1567343,1988-05-25T00:00:00Z,19.62,18.62,0,10.8,8.82,10.8,9.8,NA,Unknown,Water level accuracy is unknown,1,Department of Water Resources,NA,1,Department of Water Resources
4817,382493N1224484W001,1567342,1988-04-27T00:00:00Z,19.62,18.62,0,9.9,9.72,9.9,8.9,NA,Unknown,Water level accuracy is unknown,1,Department of Water Resources,NA,1,Department of Water Resources
4817,382493N1224484W001,1567341,1988-03-31T00:00:00Z,19.62,18.62,0,9.7,9.92,9.7,8.7,NA,Unknown,Water level accuracy is unknown,1,Department of Water Resources,NA,1,Department of Water Resources
4817,382493N1224484W001,1567340,1988-02-23T00:00:00Z,19.62,18.62,0,8,11.62,8,7,NA,Unknown,Water level accuracy is unknown,1,Department of Water Resources,NA,1,Department of Water Resources
4817,382493N1224484W001,1567339,1988-01-25T00:00:00Z,19.62,18.62,0,7.3,12.32,7.3,6.3,NA,Unknown,Water level accuracy is unknown,1,Department of Water Resources,NA,1,Department of Water Resources
4817,382493N1224484W001,1567338,1987-12-16T00:00:00Z,19.62,18.62,0,10.4,9.22,10.4,9.4,NA,Unknown,Water level accuracy is unknown,1,Department of Water Resources,NA,1,Department of Water Resources
4817,382493N1224484W001,1567337,1987-11-18T00:00:00Z,19.62,18.62,0,12.4,7.22,12.4,11.4,NA,Unknown,Water level accuracy is unknown,1,Department of Water Resources,NA,1,Department of Water Resources
4817,382493N1224484W001,1567336,1987-10-28T00:00:00Z,19.62,18.62,0,13,6.62,13,12,NA,Unknown,Water level accuracy is unknown,1,Department of Water Resources,NA,1,Department of Water Resources
4817,382493N1224484W001,1567335,1987-09-14T00:00:00Z,19.62,18.62,0,13.2,6.42,13.2,12.2,NA,Unknown,Water level accuracy is unknown,1,Department of Water Resources,NA,1,Department of Water Resources
4817,382493N1224484W001,1567334,1987-08-25T00:00:00Z,19.62,18.62,0,13.4,6.22,13.4,12.4,NA,Unknown,Water level accuracy is unknown,1,Department of Water Resources,NA,1,Department of Water Resources
4817,382493N1224484W001,1567333,1987-07-30T00:00:00Z,19.62,18.62,0,13,6.62,13,12,NA,Unknown,Water level accuracy is unknown,1,Department of Water Resources,NA,1,Department of Water Resources
4817,382493N1224484W001,1567332,1987-06-25T00:00:00Z,19.62,18.62,0,12.9,6.72,12.9,11.9,NA,Unknown,Water level accuracy is unknown,1,Department of Water Resources,NA,1,Department of Water Resources
4817,382493N1224484W001,1567331,1987-05-26T00:00:00Z,19.62,18.62,0,10.9,8.72,10.9,9.9,NA,Unknown,Water level accuracy is unknown,1,Department of Water Resources,NA,1,Department of Water Resources
4817,382493N1224484W001,1567330,1987-04-23T00:00:00Z,19.62,18.62,0,8.1,11.52,8.1,7.1,NA,Unknown,Water level accuracy is unknown,1,Department of Water Resources,NA,1,Department of Water Resources
4817,382493N1224484W001,1567329,1987-03-16T00:00:00Z,19.62,18.62,0,8.3,11.32,8.3,7.3,NA,Unknown,Water level accuracy is unknown,1,Department of Water Resources,NA,1,Department of Water Resources
4817,382493N1224484W001,1567328,1987-02-17T00:00:00Z,19.62,18.62,0,8.5,11.12,8.5,7.5,NA,Unknown,Water level accuracy is unknown,1,Department of Water Resources,NA,1,Department of Water Resources
4817,382493N1224484W001,1567327,1987-01-06T00:00:00Z,19.62,18.62,0,11.2,8.42,11.2,10.2,NA,Unknown,Water level accuracy is unknown,1,Department of Water Resources,NA,1,Department of Water Resources
4817,382493N1224484W001,1567326,1986-12-03T00:00:00Z,19.62,18.62,0,11.7,7.92,11.7,10.7,NA,Unknown,Water level accuracy is unknown,1,Department of Water Resources,NA,1,Department of Water Resources
4817,382493N1224484W001,1567325,1986-11-13T00:00:00Z,19.62,18.62,0,12.1,7.52,12.1,11.1,NA,Unknown,Water level accuracy is unknown,1,Department of Water Resources,NA,1,Department of Water Resources
4817,382493N1224484W001,1567324,1986-10-10T00:00:00Z,19.62,18.62,0,11.5,8.12,11.5,10.5,NA,Unknown,Water level accuracy is unknown,1,Department of Water Resources,NA,1,Department of Water Resources
4817,382493N1224484W001,1567323,1986-09-09T00:00:00Z,19.62,18.62,0,12,7.62,12,11,NA,Unknown,Water level accuracy is unknown,1,Department of Water Resources,NA,1,Department of Water Resources
4817,382493N1224484W001,1567322,1986-08-05T00:00:00Z,19.62,18.62,0,23,-3.38,23,22,NA,Unknown,Water level accuracy is unknown,1,Department of Water Resources,NA,1,Department of Water Resources
4817,382493N1224484W001,1567321,1986-07-09T00:00:00Z,19.62,18.62,0,17.6,2.02,17.6,16.6,Pumped recently,Unknown,Water level accuracy is unknown,1,Department of Water Resources,NA,1,Department of Water Resources
4817,382493N1224484W001,1567320,1986-06-09T00:00:00Z,19.62,18.62,0,12.2,7.42,12.2,11.2,NA,Unknown,Water level accuracy is unknown,1,Department of Water Resources,NA,1,Department of Water Resources
4817,382493N1224484W001,1567319,1986-05-20T00:00:00Z,19.62,18.62,0,8.7,10.92,8.7,7.7,NA,Unknown,Water level accuracy is unknown,1,Department of Water Resources,NA,1,Department of Water Resources
4817,382493N1224484W001,1567318,1986-04-10T00:00:00Z,19.62,18.62,0,6.6,13.02,6.6,5.6,NA,Unknown,Water level accuracy is unknown,1,Department of Water Resources,NA,1,Department of Water Resources
4817,382493N1224484W001,1567317,1986-03-24T00:00:00Z,19.62,18.62,0,4.4,15.22,4.4,3.4,NA,Unknown,Water level accuracy is unknown,1,Department of Water Resources,NA,1,Department of Water Resources
4817,382493N1224484W001,1567316,1986-03-05T00:00:00Z,19.62,18.62,NA,NA,NA,NA,NA,Pumping,NA,NA,1,Department of Water Resources,NA,1,Department of Water Resources
4817,382493N1224484W001,1567315,1986-02-05T00:00:00Z,19.62,18.62,0,7.6,12.02,7.6,6.6,NA,Unknown,Water level accuracy is unknown,1,Department of Water Resources,NA,1,Department of Water Resources
4817,382493N1224484W001,1567314,1986-01-28T00:00:00Z,19.62,18.62,0,8.7,10.92,8.7,7.7,NA,Unknown,Water level accuracy is unknown,1,Department of Water Resources,NA,1,Department of Water Resources
4817,382493N1224484W001,1567313,1985-12-18T00:00:00Z,19.62,18.62,0,11.5,8.12,11.5,10.5,NA,Unknown,Water level accuracy is unknown,1,Department of Water Resources,NA,1,Department of Water Resources
4817,382493N1224484W001,1567312,1985-11-19T00:00:00Z,19.62,18.62,0,12.5,7.12,12.5,11.5,NA,Unknown,Water level accuracy is unknown,1,Department of Water Resources,NA,1,Department of Water Resources
4817,382493N1224484W001,1567311,1985-10-22T00:00:00Z,19.62,18.62,0,12.3,7.32,12.3,11.3,NA,Unknown,Water level accuracy is unknown,1,Department of Water Resources,NA,1,Department of Water Resources
4817,382493N1224484W001,1567310,1985-09-19T00:00:00Z,19.62,18.62,0,12.2,7.42,12.2,11.2,NA,Unknown,Water level accuracy is unknown,1,Department of Water Resources,NA,1,Department of Water Resources
4817,382493N1224484W001,1567309,1985-08-27T00:00:00Z,19.62,18.62,0,17,2.62,17,16,NA,Unknown,Water level accuracy is unknown,1,Department of Water Resources,NA,1,Department of Water Resources
4817,382493N1224484W001,1567308,1985-07-31T00:00:00Z,19.62,18.62,NA,NA,NA,NA,NA,Pumping,NA,NA,1,Department of Water Resources,NA,1,Department of Water Resources
4817,382493N1224484W001,1567307,1985-06-26T00:00:00Z,19.62,18.62,0,16.3,3.32,16.3,15.3,NA,Unknown,Water level accuracy is unknown,1,Department of Water Resources,NA,1,Department of Water Resources
4817,382493N1224484W001,1567306,1985-06-25T00:00:00Z,19.62,18.62,NA,NA,NA,NA,NA,Pumping,NA,NA,1,Department of Water Resources,NA,1,Department of Water Resources
4817,382493N1224484W001,1567305,1985-05-29T00:00:00Z,19.62,18.62,0,10.2,9.42,10.2,9.2,NA,Unknown,Water level accuracy is unknown,1,Department of Water Resources,NA,1,Department of Water Resources
4817,382493N1224484W001,1567304,1985-05-22T00:00:00Z,19.62,18.62,NA,NA,NA,NA,NA,Pumping,NA,NA,1,Department of Water Resources,NA,1,Department of Water Resources
4817,382493N1224484W001,1567303,1985-04-25T00:00:00Z,19.62,18.62,0,8.6,11.02,8.6,7.6,NA,Unknown,Water level accuracy is unknown,1,Department of Water Resources,NA,1,Department of Water Resources
4817,382493N1224484W001,1567302,1985-03-15T00:00:00Z,19.62,18.62,0,7.7,11.92,7.7,6.7,NA,Unknown,Water level accuracy is unknown,1,Department of Water Resources,NA,1,Department of Water Resources
4817,382493N1224484W001,1567301,1985-02-21T00:00:00Z,19.62,18.62,0,7.2,12.42,7.2,6.2,NA,Unknown,Water level accuracy is unknown,1,Department of Water Resources,NA,1,Department of Water Resources
4817,382493N1224484W001,1567300,1984-10-11T00:00:00Z,19.62,18.62,0,12.4,7.22,12.4,11.4,NA,Unknown,Water level accuracy is unknown,1,Department of Water Resources,NA,1,Department of Water Resources
4817,382493N1224484W001,1567299,1984-03-16T00:00:00Z,19.62,18.62,0,6.8,12.82,6.8,5.8,NA,Unknown,Water level accuracy is unknown,1,Department of Water Resources,NA,1,Department of Water Resources
4817,382493N1224484W001,1567298,1983-10-11T00:00:00Z,19.62,18.62,0,12.3,7.32,12.3,11.3,NA,Unknown,Water level accuracy is unknown,1,Department of Water Resources,NA,1,Department of Water Resources
4817,382493N1224484W001,1567297,1983-04-04T00:00:00Z,19.62,18.62,0,4.5,15.12,4.5,3.5,NA,Unknown,Water level accuracy is unknown,1,Department of Water Resources,NA,1,Department of Water Resources
4817,382493N1224484W001,1567296,1982-10-20T00:00:00Z,19.62,18.62,0,17.3,2.32,17.3,16.3,Pumped recently,Unknown,Water level accuracy is unknown,1,Department of Water Resources,NA,1,Department of Water Resources
4817,382493N1224484W001,1567295,1982-03-10T00:00:00Z,19.62,18.62,0,8.6,11.02,8.6,7.6,NA,Unknown,Water level accuracy is unknown,1,Department of Water Resources,NA,1,Department of Water Resources
4817,382493N1224484W001,1567294,1981-10-09T00:00:00Z,19.62,18.62,0,14.9,4.72,14.9,13.9,NA,Unknown,Water level accuracy is unknown,1,Department of Water Resources,NA,1,Department of Water Resources
4817,382493N1224484W001,1567293,1981-03-17T00:00:00Z,19.62,18.62,0,8.6,11.02,8.6,7.6,NA,Unknown,Water level accuracy is unknown,1,Department of Water Resources,NA,1,Department of Water Resources
4817,382493N1224484W001,1567292,1980-10-06T00:00:00Z,19.62,18.62,0,15.9,3.72,15.9,14.9,NA,Unknown,Water level accuracy is unknown,1,Department of Water Resources,NA,1,Department of Water Resources
4817,382493N1224484W001,1567291,1980-03-26T00:00:00Z,19.62,18.62,0,6.7,12.92,6.7,5.7,NA,Unknown,Water level accuracy is unknown,1,Department of Water Resources,NA,1,Department of Water Resources
4817,382493N1224484W001,1567290,1979-10-16T00:00:00Z,19.62,18.62,0,19.6,0.02,19.6,18.6,NA,Unknown,Water level accuracy is unknown,1,Department of Water Resources,NA,1,Department of Water Resources
4817,382493N1224484W001,1567289,1979-03-28T00:00:00Z,19.62,18.62,0,7.2,12.42,7.2,6.2,NA,Unknown,Water level accuracy is unknown,1,Department of Water Resources,NA,1,Department of Water Resources
4817,382493N1224484W001,1567288,1978-10-07T00:00:00Z,19.62,18.62,0,23,-3.38,23,22,Nearby pump operating,Unknown,Water level accuracy is unknown,1,Department of Water Resources,NA,1,Department of Water Resources
4817,382493N1224484W001,1567287,1978-03-20T00:00:00Z,19.62,18.62,0,6.5,13.12,6.5,5.5,NA,Unknown,Water level accuracy is unknown,1,Department of Water Resources,NA,1,Department of Water Resources
4817,382493N1224484W001,1567286,1977-10-07T00:00:00Z,19.62,18.62,0,27.6,-7.98,27.6,26.6,Nearby pump operating,Unknown,Water level accuracy is unknown,1,Department of Water Resources,NA,1,Department of Water Resources
4817,382493N1224484W001,1567285,1977-03-14T00:00:00Z,19.62,18.62,0,15.8,3.82,15.8,14.8,NA,Unknown,Water level accuracy is unknown,1,Department of Water Resources,NA,1,Department of Water Resources
4817,382493N1224484W001,1567284,1976-10-07T00:00:00Z,19.62,18.62,0,21.6,-1.98,21.6,20.6,NA,Unknown,Water level accuracy is unknown,1,Department of Water Resources,NA,1,Department of Water Resources
4817,382493N1224484W001,1567283,1976-03-09T00:00:00Z,19.62,18.62,0,12.7,6.92,12.7,11.7,NA,Unknown,Water level accuracy is unknown,1,Department of Water Resources,NA,1,Department of Water Resources
4817,382493N1224484W001,1567282,1975-10-20T00:00:00Z,19.62,18.62,0,14,5.62,14,13,NA,Unknown,Water level accuracy is unknown,1,Department of Water Resources,NA,1,Department of Water Resources
4817,382493N1224484W001,1567281,1975-03-20T00:00:00Z,19.62,18.62,0,7.6,12.02,7.6,6.6,NA,Unknown,Water level accuracy is unknown,1,Department of Water Resources,NA,1,Department of Water Resources
4817,382493N1224484W001,1567280,1974-10-07T00:00:00Z,19.62,18.62,0,16,3.62,16,15,NA,Unknown,Water level accuracy is unknown,1,Department of Water Resources,NA,1,Department of Water Resources
4817,382493N1224484W001,1567279,1974-03-08T00:00:00Z,19.62,18.62,0,5.5,14.12,5.5,4.5,NA,Unknown,Water level accuracy is unknown,1,Department of Water Resources,NA,1,Department of Water Resources
4817,382493N1224484W001,1567278,1973-10-09T00:00:00Z,19.62,18.62,0,14.5,5.12,14.5,13.5,NA,Unknown,Water level accuracy is unknown,1,Department of Water Resources,NA,1,Department of Water Resources
4817,382493N1224484W001,1567277,1973-03-20T00:00:00Z,19.62,18.62,0,5.2,14.42,5.2,4.2,NA,Unknown,Water level accuracy is unknown,1,Department of Water Resources,NA,1,Department of Water Resources
4817,382493N1224484W001,1567276,1972-10-12T00:00:00Z,19.62,18.62,0,15.7,3.92,15.7,14.7,NA,Unknown,Water level accuracy is unknown,1,Department of Water Resources,NA,1,Department of Water Resources
4817,382493N1224484W001,1567275,1972-03-10T00:00:00Z,19.62,18.62,0,10.4,9.22,10.4,9.4,NA,Unknown,Water level accuracy is unknown,1,Department of Water Resources,NA,1,Department of Water Resources
4817,382493N1224484W001,1567274,1971-10-06T00:00:00Z,19.62,18.62,0,35.5,-15.88,35.5,34.5,Pumping,Unknown,Water level accuracy is unknown,1,Department of Water Resources,NA,1,Department of Water Resources
4817,382493N1224484W001,1567273,1971-03-09T00:00:00Z,19.62,18.62,0,7.9,11.72,7.9,6.9,NA,Unknown,Water level accuracy is unknown,1,Department of Water Resources,NA,1,Department of Water Resources
4817,382493N1224484W001,1567272,1970-10-09T00:00:00Z,19.62,18.62,0,15.8,3.82,15.8,14.8,NA,Unknown,Water level accuracy is unknown,1,Department of Water Resources,NA,1,Department of Water Resources
4817,382493N1224484W001,1567271,1970-03-25T00:00:00Z,19.62,18.62,0,10.7,8.92,10.7,9.7,Pumped recently,Unknown,Water level accuracy is unknown,1,Department of Water Resources,NA,1,Department of Water Resources
4817,382493N1224484W001,1567270,1969-06-16T00:00:00Z,19.62,18.62,0,11.3,8.32,11.3,10.3,NA,Unknown,Water level accuracy is unknown,1,Department of Water Resources,NA,1,Department of Water Resources
4817,382493N1224484W001,1567269,1969-05-12T00:00:00Z,19.62,18.62,0,12.8,6.82,12.8,11.8,Pumped recently,Unknown,Water level accuracy is unknown,1,Department of Water Resources,NA,1,Department of Water Resources
4817,382493N1224484W001,1567268,1969-04-15T00:00:00Z,19.62,18.62,0,7.8,11.82,7.8,6.8,NA,Unknown,Water level accuracy is unknown,1,Department of Water Resources,NA,1,Department of Water Resources
4817,382493N1224484W001,1567267,1969-03-21T00:00:00Z,19.62,18.62,0,5.7,13.92,5.7,4.7,NA,Unknown,Water level accuracy is unknown,1,Department of Water Resources,NA,1,Department of Water Resources
4817,382493N1224484W001,1567266,1969-02-21T00:00:00Z,19.62,18.62,0,4.6,15.02,4.6,3.6,NA,Unknown,Water level accuracy is unknown,1,Department of Water Resources,NA,1,Department of Water Resources
4817,382493N1224484W001,1567265,1969-01-16T00:00:00Z,19.62,18.62,0,9,10.62,9,8,NA,Unknown,Water level accuracy is unknown,1,Department of Water Resources,NA,1,Department of Water Resources
4817,382493N1224484W001,1567264,1968-12-12T00:00:00Z,19.62,18.62,0,15.8,3.82,15.8,14.8,Pumped recently,Unknown,Water level accuracy is unknown,1,Department of Water Resources,NA,1,Department of Water Resources
4817,382493N1224484W001,1567263,1968-11-19T00:00:00Z,19.62,18.62,0,13.5,6.12,13.5,12.5,NA,Unknown,Water level accuracy is unknown,1,Department of Water Resources,NA,1,Department of Water Resources
4817,382493N1224484W001,1567262,1968-10-14T00:00:00Z,19.62,18.62,0,14.7,4.92,14.7,13.7,NA,Unknown,Water level accuracy is unknown,1,Department of Water Resources,NA,1,Department of Water Resources
4817,382493N1224484W001,1567261,1968-09-19T00:00:00Z,19.62,18.62,0,15.5,4.12,15.5,14.5,NA,Unknown,Water level accuracy is unknown,1,Department of Water Resources,NA,1,Department of Water Resources
4817,382493N1224484W001,1567260,1968-05-14T00:00:00Z,19.62,18.62,0,18.5,1.12,18.5,17.5,Pumping,Unknown,Water level accuracy is unknown,1,Department of Water Resources,NA,1,Department of Water Resources
4817,382493N1224484W001,1567259,1968-04-15T00:00:00Z,19.62,18.62,0,8.2,11.42,8.2,7.2,NA,Unknown,Water level accuracy is unknown,1,Department of Water Resources,NA,1,Department of Water Resources
4817,382493N1224484W001,1567258,1968-03-19T00:00:00Z,19.62,18.62,0,6.6,13.02,6.6,5.6,NA,Unknown,Water level accuracy is unknown,1,Department of Water Resources,NA,1,Department of Water Resources
4817,382493N1224484W001,1567257,1967-11-16T00:00:00Z,19.62,18.62,0,13,6.62,13,12,NA,Unknown,Water level accuracy is unknown,1,Department of Water Resources,NA,1,Department of Water Resources
4817,382493N1224484W001,1567256,1967-10-23T00:00:00Z,19.62,18.62,0,13.5,6.12,13.5,12.5,NA,Unknown,Water level accuracy is unknown,1,Department of Water Resources,NA,1,Department of Water Resources
4817,382493N1224484W001,1567255,1967-09-19T00:00:00Z,19.62,18.62,0,14.8,4.82,14.8,13.8,NA,Unknown,Water level accuracy is unknown,1,Department of Water Resources,NA,1,Department of Water Resources
4817,382493N1224484W001,1567254,1967-08-15T00:00:00Z,19.62,18.62,0,14.5,5.12,14.5,13.5,NA,Unknown,Water level accuracy is unknown,1,Department of Water Resources,NA,1,Department of Water Resources
4817,382493N1224484W001,1567253,1967-05-17T00:00:00Z,19.62,18.62,0,7.6,12.02,7.6,6.6,NA,Unknown,Water level accuracy is unknown,1,Department of Water Resources,NA,1,Department of Water Resources
4817,382493N1224484W001,1567252,1967-04-24T00:00:00Z,19.62,18.62,0,5,14.62,5,4,NA,Unknown,Water level accuracy is unknown,1,Department of Water Resources,NA,1,Department of Water Resources
4817,382493N1224484W001,1567251,1967-03-20T00:00:00Z,19.62,18.62,0,5,14.62,5,4,NA,Unknown,Water level accuracy is unknown,1,Department of Water Resources,NA,1,Department of Water Resources
4817,382493N1224484W001,1567250,1967-02-15T00:00:00Z,19.62,18.62,0,6.1,13.52,6.1,5.1,NA,Unknown,Water level accuracy is unknown,1,Department of Water Resources,NA,1,Department of Water Resources
4817,382493N1224484W001,1567249,1967-01-18T00:00:00Z,19.62,18.62,0,10.8,8.82,10.8,9.8,NA,Unknown,Water level accuracy is unknown,1,Department of Water Resources,NA,1,Department of Water Resources
4817,382493N1224484W001,1567248,1966-12-14T00:00:00Z,19.62,18.62,0,11,8.62,11,10,NA,Unknown,Water level accuracy is unknown,1,Department of Water Resources,NA,1,Department of Water Resources
4817,382493N1224484W001,1567247,1966-11-16T00:00:00Z,19.62,18.62,0,15.5,4.12,15.5,14.5,NA,Unknown,Water level accuracy is unknown,1,Department of Water Resources,NA,1,Department of Water Resources
4817,382493N1224484W001,1567246,1966-10-17T00:00:00Z,19.62,18.62,0,16.1,3.52,16.1,15.1,NA,Unknown,Water level accuracy is unknown,1,Department of Water Resources,NA,1,Department of Water Resources
4817,382493N1224484W001,1567245,1966-09-19T00:00:00Z,19.62,18.62,0,15.8,3.82,15.8,14.8,NA,Unknown,Water level accuracy is unknown,1,Department of Water Resources,NA,1,Department of Water Resources
4817,382493N1224484W001,1567244,1966-08-17T00:00:00Z,19.62,18.62,0,27.9,-8.28,27.9,26.9,Pumped recently,Unknown,Water level accuracy is unknown,1,Department of Water Resources,NA,1,Department of Water Resources
4817,382493N1224484W001,1567243,1966-07-21T00:00:00Z,19.62,18.62,0,22.5,-2.88,22.5,21.5,Pumping,Unknown,Water level accuracy is unknown,1,Department of Water Resources,NA,1,Department of Water Resources
4817,382493N1224484W001,1567242,1966-06-17T00:00:00Z,19.62,18.62,0,13.8,5.82,13.8,12.8,NA,Unknown,Water level accuracy is unknown,1,Department of Water Resources,NA,1,Department of Water Resources
4817,382493N1224484W001,1567241,1966-05-17T00:00:00Z,19.62,18.62,0,11.2,8.42,11.2,10.2,NA,Unknown,Water level accuracy is unknown,1,Department of Water Resources,NA,1,Department of Water Resources
4817,382493N1224484W001,1567240,1966-04-13T00:00:00Z,19.62,18.62,0,8.6,11.02,8.6,7.6,NA,Unknown,Water level accuracy is unknown,1,Department of Water Resources,NA,1,Department of Water Resources
4817,382493N1224484W001,1567239,1966-03-15T00:00:00Z,19.62,18.62,0,8.6,11.02,8.6,7.6,NA,Unknown,Water level accuracy is unknown,1,Department of Water Resources,NA,1,Department of Water Resources
4817,382493N1224484W001,1567238,1966-02-15T00:00:00Z,19.62,18.62,0,7.3,12.32,7.3,6.3,NA,Unknown,Water level accuracy is unknown,1,Department of Water Resources,NA,1,Department of Water Resources
4817,382493N1224484W001,1567237,1966-01-18T00:00:00Z,19.62,18.62,0,10.3,9.32,10.3,9.3,NA,Unknown,Water level accuracy is unknown,1,Department of Water Resources,NA,1,Department of Water Resources
4817,382493N1224484W001,1567236,1965-12-17T00:00:00Z,19.62,18.62,0,12.7,6.92,12.7,11.7,NA,Unknown,Water level accuracy is unknown,1,Department of Water Resources,NA,1,Department of Water Resources
4817,382493N1224484W001,1567235,1965-11-16T00:00:00Z,19.62,18.62,0,13.4,6.22,13.4,12.4,NA,Unknown,Water level accuracy is unknown,1,Department of Water Resources,NA,1,Department of Water Resources
4817,382493N1224484W001,1567234,1965-10-22T00:00:00Z,19.62,18.62,NA,NA,NA,NA,NA,Special/Other,NA,NA,1,Department of Water Resources,NA,1,Department of Water Resources
