STN_ID,SITE_CODE,WLM_ID,MSMT_DATE,WLM_RPE,WLM_GSE,RDNG_WS,RDNG_RP,WSE,RPE_WSE,GSE_WSE,WLM_QA_DESC,WLM_DESC,WLM_ACC_DESC,WLM_ORG_ID,WLM_ORG_NAME,MSMT_CMT,COOP_AGENCY_ORG_ID,COOP_ORG_NAME
48223,338100N1170339W001,2620478,2020-03-06T00:00:00Z,1479.4,1478.5,0,194.9,1284.5,194.9,194,NA,Electric sounder measurement,Water level accuracy to nearest tenth of a foot,5035,Eastern Municipal Water District,NA,5035,Eastern Municipal Water District
48223,338100N1170339W001,2488441,2019-10-15T00:00:00Z,1479.4,1478.5,0,197.6,1281.8,197.6,196.7,NA,Electric sounder measurement,Water level accuracy to nearest tenth of a foot,5035,Eastern Municipal Water District,NA,5035,Eastern Municipal Water District
48223,338100N1170339W001,2460501,2019-03-08T00:00:00Z,1479.4,1478.5,0,196.1,1283.3,196.1,195.2,NA,Electric sounder measurement,Water level accuracy to nearest tenth of a foot,5035,Eastern Municipal Water District,NA,5035,Eastern Municipal Water District
48223,338100N1170339W001,2426351,2018-10-08T00:00:00Z,1479.4,1478.5,0,203.8,1275.6,203.8,202.9,NA,Electric sounder measurement,Water level accuracy to nearest tenth of a foot,5035,Eastern Municipal Water District,NA,5035,Eastern Municipal Water District
48223,338100N1170339W001,2296296,2018-03-19T00:00:00Z,1479.4,1478.5,0,195.4,1284,195.4,194.5,NA,Electric sounder measurement,Water level accuracy to nearest tenth of a foot,5035,Eastern Municipal Water District,NA,5035,Eastern Municipal Water District
48223,338100N1170339W001,2274835,2017-10-18T00:00:00Z,1479.4,1478.5,0,199.4,1280,199.4,198.5,NA,Electric sounder measurement,Water level accuracy to nearest tenth of a foot,5035,Eastern Municipal Water District,NA,5035,Eastern Municipal Water District
48223,338100N1170339W001,2246898,2017-03-30T00:00:00Z,1479.4,1478.5,0,195.5,1283.9,195.5,194.6,NA,Electric sounder measurement,Water level accuracy to nearest tenth of a foot,5035,Eastern Municipal Water District,NA,5035,Eastern Municipal Water District
48223,338100N1170339W001,2246041,2016-10-11T00:00:00Z,1479.4,1478.5,0,200.1,1279.3,200.1,199.2,NA,Electric sounder measurement,Water level accuracy to nearest tenth of a foot,5035,Eastern Municipal Water District,NA,5035,Eastern Municipal Water District
48223,338100N1170339W001,2245703,2016-04-18T00:00:00Z,1479.4,1478.5,0,197.3,1282.1,197.3,196.4,NA,Electric sounder measurement,Water level accuracy to nearest tenth of a foot,5035,Eastern Municipal Water District,NA,5035,Eastern Municipal Water District
48223,338100N1170339W001,2168261,2015-10-07T00:00:00Z,1479.4,1478.5,0,198.1,1281.3,198.1,197.2,NA,Electric sounder measurement,Water level accuracy to nearest tenth of a foot,5035,Eastern Municipal Water District,NA,5035,Eastern Municipal Water District
48223,338100N1170339W001,2136394,2015-03-16T00:00:00Z,1479.4,1478.5,0,197.1,1282.3,197.1,196.2,NA,Electric sounder measurement,Water level accuracy to nearest tenth of a foot,5035,Eastern Municipal Water District,NA,5035,Eastern Municipal Water District
48223,338100N1170339W001,2025686,2014-09-24T00:00:00Z,1479.4,1478.5,0,204.3,1275.1,204.3,203.4,NA,Electric sounder measurement,Water level accuracy to nearest tenth of a foot,5035,Eastern Municipal Water District,NA,5035,Eastern Municipal Water District
48223,338100N1170339W001,1990694,2014-03-24T00:00:00Z,1479.4,1478.5,0,194.1,1285.3,194.1,193.2,NA,Electric sounder measurement,Water level accuracy to nearest tenth of a foot,5035,Eastern Municipal Water District,NA,5035,Eastern Municipal Water District
48223,338100N1170339W001,1816742,2013-10-17T00:00:00Z,1479.4,1478.5,0,199.5,1279.9,199.5,198.6,NA,Electric sounder measurement,Water level accuracy to nearest tenth of a foot,5035,Eastern Municipal Water District,NA,5035,Eastern Municipal Water District
48223,338100N1170339W001,1725214,2013-04-15T00:00:00Z,1479.4,1478.5,0,196.3,1283.1,196.3,195.4,NA,Electric sounder measurement,Water level accuracy to nearest tenth of a foot,5035,Eastern Municipal Water District,NA,5035,Eastern Municipal Water District
48223,338100N1170339W001,89961,2012-10-29T00:00:00Z,1479.4,1478.5,0,195.2,1284.2,195.2,194.3,NA,Electric sounder measurement,Water level accuracy to nearest tenth of a foot,5035,Eastern Municipal Water District,NA,5035,Eastern Municipal Water District
48223,338100N1170339W001,56748,2012-02-09T00:00:00Z,1479.4,1478.5,0,197,1282.4,197,196.1,NA,Electric sounder measurement,Water level accuracy to nearest tenth of a foot,5035,Eastern Municipal Water District,NA,5035,Eastern Municipal Water District
48223,338100N1170339W001,31670,2011-11-07T00:00:00Z,1479.4,1478.5,0,204.6,1274.8,204.6,203.7,NA,Electric sounder measurement,Water level accuracy to nearest tenth of a foot,5035,Eastern Municipal Water District,NA,5035,Eastern Municipal Water District
