STN_ID,SITE_CODE,WLM_ID,MSMT_DATE,WLM_RPE,WLM_GSE,RDNG_WS,RDNG_RP,WSE,RPE_WSE,GSE_WSE,WLM_QA_DESC,WLM_DESC,WLM_ACC_DESC,WLM_ORG_ID,WLM_ORG_NAME,MSMT_CMT,COOP_AGENCY_ORG_ID,COOP_ORG_NAME
48579,368805N1205994W001,2581298,2020-03-10T00:00:00Z,128.17,127,0,51.57,76.6,51.57,50.4,NA,Steel tape measurement,Water level accuracy to nearest tenth of a foot,5131,San Luis & Delta-Mendota Water Authority,NA,5131,San Luis & Delta-Mendota Water Authority
48579,368805N1205994W001,2484339,2019-10-15T00:00:00Z,128.17,127,0,56.42,71.75,56.42,55.25,NA,Steel tape measurement,Water level accuracy to nearest tenth of a foot,5131,San Luis & Delta-Mendota Water Authority,NA,5131,San Luis & Delta-Mendota Water Authority
48579,368805N1205994W001,2449889,2019-03-04T00:00:00Z,128.17,127,0,54.45,73.72,54.45,53.28,NA,Steel tape measurement,Water level accuracy to nearest tenth of a foot,5131,San Luis & Delta-Mendota Water Authority,NA,5131,San Luis & Delta-Mendota Water Authority
48579,368805N1205994W001,2449888,2018-11-12T00:00:00Z,128.17,127,0,56.24,71.93,56.24,55.07,NA,Steel tape measurement,Water level accuracy to nearest tenth of a foot,5131,San Luis & Delta-Mendota Water Authority,NA,5131,San Luis & Delta-Mendota Water Authority
48579,368805N1205994W001,2297367,2018-05-21T00:00:00Z,128.17,127,0,64.13,64.04,64.13,62.96,NA,Steel tape measurement,Water level accuracy to nearest tenth of a foot,5131,San Luis & Delta-Mendota Water Authority,NA,5131,San Luis & Delta-Mendota Water Authority
48579,368805N1205994W001,2295974,2018-04-23T00:00:00Z,128.17,127,0,57.4,70.77,57.4,56.23,NA,Steel tape measurement,Water level accuracy to nearest tenth of a foot,5131,San Luis & Delta-Mendota Water Authority,NA,5131,San Luis & Delta-Mendota Water Authority
48579,368805N1205994W001,2284487,2018-03-20T00:00:00Z,128.17,127,0,52.74,75.43,52.74,51.57,NA,Steel tape measurement,Water level accuracy to nearest tenth of a foot,5131,San Luis & Delta-Mendota Water Authority,NA,5131,San Luis & Delta-Mendota Water Authority
48579,368805N1205994W001,2277889,2017-12-20T00:00:00Z,128.17,127,0,56.29,71.88,56.29,55.12,NA,Steel tape measurement,Water level accuracy to nearest tenth of a foot,5131,San Luis & Delta-Mendota Water Authority,NA,5131,San Luis & Delta-Mendota Water Authority
48579,368805N1205994W001,2265605,2017-10-12T00:00:00Z,128.17,127,0,70.5,57.67,70.5,69.33,NA,Steel tape measurement,Water level accuracy to nearest tenth of a foot,5131,San Luis & Delta-Mendota Water Authority,NA,5131,San Luis & Delta-Mendota Water Authority
48579,368805N1205994W001,2263033,2017-09-29T00:00:00Z,128.17,127,0,69.06,59.11,69.06,67.89,NA,Steel tape measurement,Water level accuracy to nearest tenth of a foot,5131,San Luis & Delta-Mendota Water Authority,NA,5131,San Luis & Delta-Mendota Water Authority
48579,368805N1205994W001,2257426,2017-06-30T00:00:00Z,128.17,127,0,73.67,54.5,73.67,72.5,NA,Steel tape measurement,Water level accuracy to nearest tenth of a foot,5131,San Luis & Delta-Mendota Water Authority,NA,5131,San Luis & Delta-Mendota Water Authority
48579,368805N1205994W001,2234752,2017-03-15T00:00:00Z,128.17,127,0,62.8,65.37,62.8,61.63,NA,Steel tape measurement,Water level accuracy to nearest tenth of a foot,5131,San Luis & Delta-Mendota Water Authority,NA,5131,San Luis & Delta-Mendota Water Authority
48579,368805N1205994W001,2221096,2016-12-09T00:00:00Z,128.17,127,0,90.28,37.89,90.28,89.11,NA,Steel tape measurement,Water level accuracy to nearest tenth of a foot,5131,San Luis & Delta-Mendota Water Authority,NA,5131,San Luis & Delta-Mendota Water Authority
48579,368805N1205994W001,2213896,2016-10-19T00:00:00Z,128.17,127,0,124.83,3.34,124.83,123.66,NA,Steel tape measurement,Water level accuracy to nearest tenth of a foot,5131,San Luis & Delta-Mendota Water Authority,NA,5131,San Luis & Delta-Mendota Water Authority
48579,368805N1205994W001,2184789,2016-03-16T00:00:00Z,128.17,127,0,107.57,20.6,107.57,106.4,NA,Steel tape measurement,Water level accuracy to nearest tenth of a foot,5131,San Luis & Delta-Mendota Water Authority,NA,5131,San Luis & Delta-Mendota Water Authority
48579,368805N1205994W001,2162848,2015-10-14T00:00:00Z,128.17,127,0,123.59,4.58,123.59,122.42,NA,Steel tape measurement,Water level accuracy to nearest tenth of a foot,5131,San Luis & Delta-Mendota Water Authority,NA,5131,San Luis & Delta-Mendota Water Authority
