STN_ID,SITE_CODE,WLM_ID,MSMT_DATE,WLM_RPE,WLM_GSE,RDNG_WS,RDNG_RP,WSE,RPE_WSE,GSE_WSE,WLM_QA_DESC,WLM_DESC,WLM_ACC_DESC,WLM_ORG_ID,WLM_ORG_NAME,MSMT_CMT,COOP_AGENCY_ORG_ID,COOP_ORG_NAME
48586,367887N1203844W001,2581304,2020-03-10T00:00:00Z,136.5,135,0,28.26,108.24,28.26,26.76,NA,Steel tape measurement,Water level accuracy to nearest tenth of a foot,5131,San Luis & Delta-Mendota Water Authority,NA,5131,San Luis & Delta-Mendota Water Authority
48586,367887N1203844W001,2484345,2019-10-15T00:00:00Z,136.5,135,0,21.83,114.67,21.83,20.33,NA,Steel tape measurement,Water level accuracy to nearest tenth of a foot,5131,San Luis & Delta-Mendota Water Authority,NA,5131,San Luis & Delta-Mendota Water Authority
48586,367887N1203844W001,2449937,2019-03-04T00:00:00Z,136.5,135,0,21.32,115.18,21.32,19.82,NA,Steel tape measurement,Water level accuracy to nearest tenth of a foot,5131,San Luis & Delta-Mendota Water Authority,NA,5131,San Luis & Delta-Mendota Water Authority
48586,367887N1203844W001,2449936,2018-11-12T00:00:00Z,136.5,135,0,28.66,107.84,28.66,27.16,NA,Steel tape measurement,Water level accuracy to nearest tenth of a foot,5131,San Luis & Delta-Mendota Water Authority,NA,5131,San Luis & Delta-Mendota Water Authority
48586,367887N1203844W001,2297372,2018-05-21T00:00:00Z,136.5,135,0,30.39,106.11,30.39,28.89,NA,Steel tape measurement,Water level accuracy to nearest tenth of a foot,5131,San Luis & Delta-Mendota Water Authority,NA,5131,San Luis & Delta-Mendota Water Authority
48586,367887N1203844W001,2295979,2018-04-23T00:00:00Z,136.5,135,0,26.79,109.71,26.79,25.29,NA,Steel tape measurement,Water level accuracy to nearest tenth of a foot,5131,San Luis & Delta-Mendota Water Authority,NA,5131,San Luis & Delta-Mendota Water Authority
48586,367887N1203844W001,2284497,2018-03-20T00:00:00Z,136.5,135,0,26.36,110.14,26.36,24.86,NA,Steel tape measurement,Water level accuracy to nearest tenth of a foot,5131,San Luis & Delta-Mendota Water Authority,NA,5131,San Luis & Delta-Mendota Water Authority
48586,367887N1203844W001,2277879,2017-12-20T00:00:00Z,136.5,135,0,34.66,101.84,34.66,33.16,NA,Steel tape measurement,Water level accuracy to nearest tenth of a foot,5131,San Luis & Delta-Mendota Water Authority,NA,5131,San Luis & Delta-Mendota Water Authority
48586,367887N1203844W001,2263008,2017-09-29T00:00:00Z,136.5,135,0,28.11,108.39,28.11,26.61,NA,Steel tape measurement,Water level accuracy to nearest tenth of a foot,5131,San Luis & Delta-Mendota Water Authority,NA,5131,San Luis & Delta-Mendota Water Authority
48586,367887N1203844W001,2257444,2017-06-30T00:00:00Z,136.5,135,0,28.89,107.61,28.89,27.39,NA,Steel tape measurement,Water level accuracy to nearest tenth of a foot,5131,San Luis & Delta-Mendota Water Authority,NA,5131,San Luis & Delta-Mendota Water Authority
48586,367887N1203844W001,2234744,2017-03-15T00:00:00Z,136.5,135,0,27.9,108.6,27.9,26.4,NA,Steel tape measurement,Water level accuracy to nearest tenth of a foot,5131,San Luis & Delta-Mendota Water Authority,NA,5131,San Luis & Delta-Mendota Water Authority
48586,367887N1203844W001,2221109,2016-12-09T00:00:00Z,136.5,135,0,25.68,110.82,25.68,24.18,NA,Steel tape measurement,Water level accuracy to nearest tenth of a foot,5131,San Luis & Delta-Mendota Water Authority,NA,5131,San Luis & Delta-Mendota Water Authority
48586,367887N1203844W001,1704596,2013-03-15T00:00:00Z,136.5,135,0,23.58,112.92,23.58,22.08,NA,Steel tape measurement,Water level accuracy to nearest tenth of a foot,5131,San Luis & Delta-Mendota Water Authority,NA,5131,San Luis & Delta-Mendota Water Authority
48586,367887N1203844W001,61445,2012-03-15T00:00:00Z,136.5,135,0,22.89,113.61,22.89,21.39,NA,Steel tape measurement,Water level accuracy to nearest tenth of a foot,5131,San Luis & Delta-Mendota Water Authority,NA,5131,San Luis & Delta-Mendota Water Authority
48586,367887N1203844W001,36757,2011-09-11T00:00:00Z,136.5,135,0,22,114.5,22,20.5,NA,Steel tape measurement,Water level accuracy to nearest tenth of a foot,5131,San Luis & Delta-Mendota Water Authority,NA,5131,San Luis & Delta-Mendota Water Authority
48586,367887N1203844W001,36593,2011-09-11T00:00:00Z,136.5,135,0,22,114.5,22,20.5,NA,Steel tape measurement,Water level accuracy to nearest tenth of a foot,5131,San Luis & Delta-Mendota Water Authority,NA,5131,San Luis & Delta-Mendota Water Authority
48586,367887N1203844W001,36675,2011-09-11T00:00:00Z,136.5,135,0,22,114.5,22,20.5,NA,Steel tape measurement,Water level accuracy to nearest tenth of a foot,5131,San Luis & Delta-Mendota Water Authority,NA,5131,San Luis & Delta-Mendota Water Authority
