STN_ID,SITE_CODE,WLM_ID,MSMT_DATE,WLM_RPE,WLM_GSE,RDNG_WS,RDNG_RP,WSE,RPE_WSE,GSE_WSE,WLM_QA_DESC,WLM_DESC,WLM_ACC_DESC,WLM_ORG_ID,WLM_ORG_NAME,MSMT_CMT,COOP_AGENCY_ORG_ID,COOP_ORG_NAME
48974,377053N1224851W001,2414069,2018-10-11T15:37:00Z,39.3,39.3,0,43.09,-3.79,43.09,43.09,NA,Electric sounder measurement,Water level accuracy to nearest hundredth of a foot,1145,South Westside Basin,NA,1145,South Westside Basin
48974,377053N1224851W001,2414061,2018-07-17T12:57:00Z,39.3,39.3,0,51.77,-12.47,51.77,51.77,NA,Electric sounder measurement,Water level accuracy to nearest hundredth of a foot,1145,South Westside Basin,NA,1145,South Westside Basin
48974,377053N1224851W001,2306626,2018-04-03T09:20:00Z,39.3,39.3,0,48.65,-9.35,48.65,48.65,NA,Electric sounder measurement,Water level accuracy to nearest hundredth of a foot,1145,South Westside Basin,NA,1145,South Westside Basin
48974,377053N1224851W001,2306618,2018-01-19T13:45:00Z,39.3,39.3,0,43.88,-4.58,43.88,43.88,NA,Electric sounder measurement,Water level accuracy to nearest hundredth of a foot,1145,South Westside Basin,NA,1145,South Westside Basin
48974,377053N1224851W001,2279156,2017-10-09T16:29:00Z,39.3,39.3,0,46.14,-6.84,46.14,46.14,NA,Electric sounder measurement,Water level accuracy to nearest hundredth of a foot,1145,South Westside Basin,NA,1145,South Westside Basin
48974,377053N1224851W001,2279148,2017-07-17T15:53:00Z,39.3,39.3,0,47.96,-8.66,47.96,47.96,NA,Electric sounder measurement,Water level accuracy to nearest hundredth of a foot,1145,South Westside Basin,NA,1145,South Westside Basin
48974,377053N1224851W001,2279140,2017-04-03T13:24:00Z,39.3,39.3,0,48.43,-9.13,48.43,48.43,NA,Electric sounder measurement,Water level accuracy to nearest hundredth of a foot,1145,South Westside Basin,NA,1145,South Westside Basin
48974,377053N1224851W001,2279132,2017-01-26T09:22:00Z,39.3,39.3,0,47.78,-8.48,47.78,47.78,NA,Electric sounder measurement,Water level accuracy to nearest hundredth of a foot,1145,South Westside Basin,NA,1145,South Westside Basin
48974,377053N1224851W001,2234304,2016-10-12T09:45:00Z,39.3,39.3,0,50.34,-11.04,50.34,50.34,NA,Electric sounder measurement,Water level accuracy to nearest hundredth of a foot,1145,South Westside Basin,NA,1145,South Westside Basin
48974,377053N1224851W001,2234296,2016-07-27T13:14:00Z,39.3,39.3,0,51.82,-12.52,51.82,51.82,NA,Electric sounder measurement,Water level accuracy to nearest hundredth of a foot,1145,South Westside Basin,NA,1145,South Westside Basin
48974,377053N1224851W001,2197032,2016-04-12T13:10:00Z,39.3,39.3,0,53.8,-14.5,53.8,53.8,NA,Electric sounder measurement,Water level accuracy to nearest hundredth of a foot,1145,South Westside Basin,NA,1145,South Westside Basin
48974,377053N1224851W001,2197024,2016-01-25T11:23:00Z,39.3,39.3,0,53.66,-14.36,53.66,53.66,NA,Electric sounder measurement,Water level accuracy to nearest hundredth of a foot,1145,South Westside Basin,NA,1145,South Westside Basin
48974,377053N1224851W001,2168997,2015-10-14T14:08:00Z,39.3,39.3,0,54.64,-15.34,54.64,54.64,NA,Electric sounder measurement,Water level accuracy to nearest hundredth of a foot,1145,South Westside Basin,NA,1145,South Westside Basin
48974,377053N1224851W001,2168989,2015-07-31T10:20:00Z,39.3,39.3,0,54.71,-15.41,54.71,54.71,NA,Electric sounder measurement,Water level accuracy to nearest hundredth of a foot,1145,South Westside Basin,NA,1145,South Westside Basin
48974,377053N1224851W001,2133850,2015-03-17T12:30:00Z,39.3,39.3,0,56.43,-17.13,56.43,56.43,NA,Electric sounder measurement,Water level accuracy to nearest hundredth of a foot,1145,South Westside Basin,NA,1145,South Westside Basin
48974,377053N1224851W001,2133842,2015-01-21T12:34:00Z,39.3,39.3,0,57.37,-18.07,57.37,57.37,NA,Electric sounder measurement,Water level accuracy to nearest hundredth of a foot,1145,South Westside Basin,NA,1145,South Westside Basin
48974,377053N1224851W001,2025598,2014-10-06T10:07:00Z,39.3,39.3,0,57.8,-18.5,57.8,57.8,NA,Electric sounder measurement,Water level accuracy to nearest hundredth of a foot,1145,South Westside Basin,NA,1145,South Westside Basin
48974,377053N1224851W001,2025590,2014-07-18T12:47:00Z,39.3,39.3,0,56.28,-16.98,56.28,56.28,NA,Electric sounder measurement,Water level accuracy to nearest hundredth of a foot,1145,South Westside Basin,NA,1145,South Westside Basin
48974,377053N1224851W001,1883361,2014-03-17T13:08:00Z,39.3,39.3,0,54.23,-14.93,54.23,54.23,NA,Electric sounder measurement,Water level accuracy to nearest hundredth of a foot,1145,South Westside Basin,NA,1145,South Westside Basin
48974,377053N1224851W001,1883353,2014-01-22T11:03:00Z,39.3,39.3,0,54.61,-15.31,54.61,54.61,NA,Electric sounder measurement,Water level accuracy to nearest hundredth of a foot,1145,South Westside Basin,NA,1145,South Westside Basin
48974,377053N1224851W001,1812896,2013-10-15T09:50:00Z,39.3,39.3,0,54.55,-15.25,54.55,54.55,NA,Electric sounder measurement,Water level accuracy to nearest hundredth of a foot,1145,South Westside Basin,NA,1145,South Westside Basin
48974,377053N1224851W001,1812888,2013-07-23T12:00:00Z,39.3,39.3,0,54.6,-15.3,54.6,54.6,NA,Electric sounder measurement,Water level accuracy to nearest hundredth of a foot,1145,South Westside Basin,NA,1145,South Westside Basin
48974,377053N1224851W001,1735545,2013-04-23T11:34:00Z,39.3,39.3,0,53.71,-14.41,53.71,53.71,NA,Electric sounder measurement,Water level accuracy to nearest hundredth of a foot,1145,South Westside Basin,NA,1145,South Westside Basin
48974,377053N1224851W001,1735537,2013-01-30T12:46:00Z,39.3,39.3,0,52.36,-13.06,52.36,52.36,NA,Electric sounder measurement,Water level accuracy to nearest hundredth of a foot,1145,South Westside Basin,NA,1145,South Westside Basin
48974,377053N1224851W001,94218,2012-10-15T13:12:00Z,39.3,39.3,0,52.85,-13.55,52.85,52.85,NA,Electric sounder measurement,Water level accuracy to nearest hundredth of a foot,1145,South Westside Basin,NA,1145,South Westside Basin
48974,377053N1224851W001,94210,2012-04-12T12:57:00Z,39.3,39.3,0,51.76,-12.46,51.76,51.76,NA,Electric sounder measurement,Water level accuracy to nearest hundredth of a foot,1145,South Westside Basin,NA,1145,South Westside Basin
48974,377053N1224851W001,94202,2011-10-26T10:35:00Z,39.3,39.3,0,51.9,-12.6,51.9,51.9,NA,Electric sounder measurement,Water level accuracy to nearest hundredth of a foot,1145,South Westside Basin,NA,1145,South Westside Basin
