STN_ID,SITE_CODE,WLM_ID,MSMT_DATE,WLM_RPE,WLM_GSE,RDNG_WS,RDNG_RP,WSE,RPE_WSE,GSE_WSE,WLM_QA_DESC,WLM_DESC,WLM_ACC_DESC,WLM_ORG_ID,WLM_ORG_NAME,MSMT_CMT,COOP_AGENCY_ORG_ID,COOP_ORG_NAME
49101,347760N1204720W001,2451534,2019-03-13T13:11:00Z,274.6,270,0,9.61,264.99,9.61,5.01,NA,Electric sounder measurement,Water level accuracy to nearest hundredth of a foot,5082,Santa Barbara County Water Agency,NA,5082,Santa Barbara County Water Agency
49101,347760N1204720W001,2286667,2018-03-14T09:34:00Z,274.6,270,0,9.05,265.55,9.05,4.45,NA,Electric sounder measurement,Water level accuracy to nearest hundredth of a foot,5082,Santa Barbara County Water Agency,NA,5082,Santa Barbara County Water Agency
49101,347760N1204720W001,2244212,2017-03-15T09:26:00Z,274.6,270,0,6.77,267.83,6.77,2.17,NA,Electric sounder measurement,Water level accuracy to nearest hundredth of a foot,5082,Santa Barbara County Water Agency,NA,5082,Santa Barbara County Water Agency
49101,347760N1204720W001,2184533,2016-03-09T00:00:00Z,274.6,270,0,11.06,263.54,11.06,6.46,NA,Electric sounder measurement,Water level accuracy to nearest hundredth of a foot,5082,Santa Barbara County Water Agency,NA,5082,Santa Barbara County Water Agency
49101,347760N1204720W001,2127085,2015-03-09T00:00:00Z,274.6,270,0,10.45,264.15,10.45,5.85,NA,Electric sounder measurement,Water level accuracy to nearest hundredth of a foot,5082,Santa Barbara County Water Agency,NA,5082,Santa Barbara County Water Agency
49101,347760N1204720W001,2107963,2014-03-19T00:00:00Z,274.6,270,0,9.45,265.15,9.45,4.85,NA,Electric sounder measurement,Water level accuracy to nearest hundredth of a foot,5082,Santa Barbara County Water Agency,NA,5082,Santa Barbara County Water Agency
49101,347760N1204720W001,2107962,2013-03-11T00:00:00Z,274.6,270,0,8.09,266.51,8.09,3.49,NA,Electric sounder measurement,Water level accuracy to nearest hundredth of a foot,5082,Santa Barbara County Water Agency,NA,5082,Santa Barbara County Water Agency
49101,347760N1204720W001,2107961,2012-03-14T00:00:00Z,274.6,270,0,5.3,269.3,5.3,0.7,NA,Electric sounder measurement,Water level accuracy to nearest hundredth of a foot,5082,Santa Barbara County Water Agency,NA,5082,Santa Barbara County Water Agency
