STN_ID,SITE_CODE,WLM_ID,MSMT_DATE,WLM_RPE,WLM_GSE,RDNG_WS,RDNG_RP,WSE,RPE_WSE,GSE_WSE,WLM_QA_DESC,WLM_DESC,WLM_ACC_DESC,WLM_ORG_ID,WLM_ORG_NAME,MSMT_CMT,COOP_AGENCY_ORG_ID,COOP_ORG_NAME
49840,392289N1215370W001,2456352,2019-03-31T00:00:00Z,82.861,81.29,0,11.1,71.761,11.1,9.529,NA,Electric sounder measurement,Water level accuracy to nearest hundredth of a foot,1,Department of Water Resources,WTP,1509,Cordua Irrigation District
49840,392289N1215370W001,2456351,2019-03-04T00:00:00Z,82.861,81.29,0,11.9,70.961,11.9,10.329,NA,Electric sounder measurement,Water level accuracy to nearest hundredth of a foot,1,Department of Water Resources,WTP,1509,Cordua Irrigation District
49840,392289N1215370W001,2456350,2019-02-04T00:00:00Z,82.861,81.29,0,14.4,68.461,14.4,12.829,NA,Electric sounder measurement,Water level accuracy to nearest hundredth of a foot,1,Department of Water Resources,WTP,1509,Cordua Irrigation District
49840,392289N1215370W001,2456349,2019-01-07T00:00:00Z,82.861,81.29,0,16.4,66.461,16.4,14.829,NA,Electric sounder measurement,Water level accuracy to nearest hundredth of a foot,1,Department of Water Resources,WTP,1509,Cordua Irrigation District
49840,392289N1215370W001,2456348,2018-12-03T00:00:00Z,82.861,81.29,0,22.5,60.361,22.5,20.929,NA,Electric sounder measurement,Water level accuracy to nearest hundredth of a foot,1,Department of Water Resources,WTP,1509,Cordua Irrigation District
49840,392289N1215370W001,2456347,2018-11-26T00:00:00Z,82.861,81.29,0,19.5,63.361,19.5,17.929,NA,Electric sounder measurement,Water level accuracy to nearest hundredth of a foot,1,Department of Water Resources,WTP,1509,Cordua Irrigation District
49840,392289N1215370W001,2456346,2018-11-19T00:00:00Z,82.861,81.29,0,20.7,62.161,20.7,19.129,NA,Electric sounder measurement,Water level accuracy to nearest hundredth of a foot,1,Department of Water Resources,WTP,1509,Cordua Irrigation District
49840,392289N1215370W001,2456345,2018-11-12T00:00:00Z,82.861,81.29,0,20.9,61.961,20.9,19.329,NA,Electric sounder measurement,Water level accuracy to nearest hundredth of a foot,1,Department of Water Resources,WTP,1509,Cordua Irrigation District
49840,392289N1215370W001,2416273,2018-11-06T00:00:00Z,82.861,81.29,0,21.3,61.561,21.3,19.729,NA,Electric sounder measurement,Water level accuracy to nearest hundredth of a foot,1,Department of Water Resources,WTP,1509,Cordua Irrigation District
49840,392289N1215370W001,2416272,2018-10-28T00:00:00Z,82.861,81.29,0,29.1,53.761,29.1,27.529,NA,Electric sounder measurement,Water level accuracy to nearest hundredth of a foot,1,Department of Water Resources,WTP,1509,Cordua Irrigation District
49840,392289N1215370W001,2416271,2018-10-27T00:00:00Z,82.861,81.29,0,40,42.861,40,38.429,Pumped recently,Electric sounder measurement,Water level accuracy to nearest hundredth of a foot,1,Department of Water Resources,WTP,1509,Cordua Irrigation District
49840,392289N1215370W001,2416270,2018-10-08T10:34:00Z,82.861,81.29,0,27,55.861,27,25.429,NA,Electric sounder measurement,Water level accuracy to nearest hundredth of a foot,1,Department of Water Resources,WTP,1509,Cordua Irrigation District
49840,392289N1215370W001,2416269,2018-09-23T05:05:00Z,82.861,81.29,0,29.7,53.161,29.7,28.129,NA,Electric sounder measurement,Water level accuracy to nearest hundredth of a foot,1,Department of Water Resources,WTP,1509,Cordua Irrigation District
49840,392289N1215370W001,2416268,2018-09-15T05:10:00Z,82.861,81.29,0,27.2,55.661,27.2,25.629,NA,Electric sounder measurement,Water level accuracy to nearest hundredth of a foot,1,Department of Water Resources,WTP,1509,Cordua Irrigation District
49840,392289N1215370W001,2416267,2018-09-09T05:00:00Z,82.861,81.29,0,30.4,52.461,30.4,28.829,NA,Electric sounder measurement,Water level accuracy to nearest hundredth of a foot,1,Department of Water Resources,WTP,1509,Cordua Irrigation District
49840,392289N1215370W001,2416266,2018-09-01T06:30:00Z,82.861,81.29,0,30,52.861,30,28.429,NA,Electric sounder measurement,Water level accuracy to nearest hundredth of a foot,1,Department of Water Resources,WTP,1509,Cordua Irrigation District
49840,392289N1215370W001,2416265,2018-08-27T06:30:00Z,82.861,81.29,0,43.7,39.161,43.7,42.129,Pumped recently,Electric sounder measurement,Water level accuracy to nearest hundredth of a foot,1,Department of Water Resources,WTP,1509,Cordua Irrigation District
49840,392289N1215370W001,2416264,2018-08-20T09:32:00Z,82.861,81.29,0,50,32.861,50,48.429,Pumping,Electric sounder measurement,Water level accuracy to nearest hundredth of a foot,1,Department of Water Resources,WTP,1509,Cordua Irrigation District
49840,392289N1215370W001,2416263,2018-08-13T09:49:00Z,82.861,81.29,0,51.1,31.761,51.1,49.529,Pumping,Electric sounder measurement,Water level accuracy to nearest hundredth of a foot,1,Department of Water Resources,WTP,1509,Cordua Irrigation District
49840,392289N1215370W001,2416262,2018-08-06T11:58:00Z,82.861,81.29,0,60.4,22.461,60.4,58.829,Pumping,Electric sounder measurement,Water level accuracy to nearest hundredth of a foot,1,Department of Water Resources,WTP,1509,Cordua Irrigation District
49840,392289N1215370W001,2416261,2018-07-30T09:14:00Z,82.861,81.29,0,58,24.861,58,56.429,Pumping,Electric sounder measurement,Water level accuracy to nearest hundredth of a foot,1,Department of Water Resources,WTP,1509,Cordua Irrigation District
49840,392289N1215370W001,2416260,2018-07-23T08:42:00Z,82.861,81.29,0,51.2,31.661,51.2,49.629,Pumping,Electric sounder measurement,Water level accuracy to nearest hundredth of a foot,1,Department of Water Resources,WTP,1509,Cordua Irrigation District
49840,392289N1215370W001,2416259,2018-07-17T12:13:00Z,82.861,81.29,0,60.4,22.461,60.4,58.829,Pumping,Electric sounder measurement,Water level accuracy to nearest hundredth of a foot,1,Department of Water Resources,WTP,1509,Cordua Irrigation District
49840,392289N1215370W001,2416258,2018-07-10T07:14:00Z,82.861,81.29,0,32.4,50.461,32.4,30.829,NA,Electric sounder measurement,Water level accuracy to nearest hundredth of a foot,1,Department of Water Resources,WTP,1509,Cordua Irrigation District
49840,392289N1215370W001,2226455,2016-11-28T15:55:00Z,82.861,81.29,0,15.2,67.661,15.2,13.629,NA,Electric sounder measurement,Water level accuracy to nearest hundredth of a foot,1,Department of Water Resources,NA,1509,Cordua Irrigation District
49840,392289N1215370W001,2226454,2016-11-01T08:00:00Z,82.861,81.29,0,16,66.861,16,14.429,NA,Electric sounder measurement,Water level accuracy to nearest hundredth of a foot,1,Department of Water Resources,NA,1509,Cordua Irrigation District
49840,392289N1215370W001,2226453,2016-10-04T11:20:00Z,82.861,81.29,0,19.3,63.561,19.3,17.729,NA,Electric sounder measurement,Water level accuracy to nearest hundredth of a foot,1,Department of Water Resources,NA,1509,Cordua Irrigation District
49840,392289N1215370W001,2226452,2016-09-20T08:30:00Z,82.861,81.29,0,19.1,63.761,19.1,17.529,NA,Electric sounder measurement,Water level accuracy to nearest hundredth of a foot,1,Department of Water Resources,NA,1509,Cordua Irrigation District
49840,392289N1215370W001,2226451,2016-09-06T08:15:00Z,82.861,81.29,0,18.6,64.261,18.6,17.029,NA,Electric sounder measurement,Water level accuracy to nearest hundredth of a foot,1,Department of Water Resources,NA,1509,Cordua Irrigation District
49840,392289N1215370W001,2226450,2016-08-22T11:50:00Z,82.861,81.29,0,19.3,63.561,19.3,17.729,NA,Electric sounder measurement,Water level accuracy to nearest hundredth of a foot,1,Department of Water Resources,NA,1509,Cordua Irrigation District
49840,392289N1215370W001,2226449,2016-08-08T12:45:00Z,82.861,81.29,0,28.1,54.761,28.1,26.529,NA,Electric sounder measurement,Water level accuracy to nearest hundredth of a foot,1,Department of Water Resources,NA,1509,Cordua Irrigation District
49840,392289N1215370W001,2226448,2016-07-26T07:30:00Z,82.861,81.29,0,25.6,57.261,25.6,24.029,NA,Electric sounder measurement,Water level accuracy to nearest hundredth of a foot,1,Department of Water Resources,NA,1509,Cordua Irrigation District
49840,392289N1215370W001,2226447,2016-07-12T08:40:00Z,82.861,81.29,0,19.2,63.661,19.2,17.629,NA,Electric sounder measurement,Water level accuracy to nearest hundredth of a foot,1,Department of Water Resources,NA,1509,Cordua Irrigation District
49840,392289N1215370W001,2226446,2016-06-28T09:10:00Z,82.861,81.29,0,18.9,63.961,18.9,17.329,NA,Electric sounder measurement,Water level accuracy to nearest hundredth of a foot,1,Department of Water Resources,NA,1509,Cordua Irrigation District
49840,392289N1215370W001,2226445,2016-06-13T10:00:00Z,82.861,81.29,NA,NA,NA,NA,NA,Temporarily inaccessible,NA,NA,1,Department of Water Resources,NA,1509,Cordua Irrigation District
49840,392289N1215370W001,2226444,2016-05-31T08:50:00Z,82.861,81.29,0,16.8,66.061,16.8,15.229,NA,Electric sounder measurement,Water level accuracy to nearest hundredth of a foot,1,Department of Water Resources,NA,1509,Cordua Irrigation District
49840,392289N1215370W001,2226443,2016-05-18T13:30:00Z,82.861,81.29,0,21,61.861,21,19.429,NA,Electric sounder measurement,Water level accuracy to nearest hundredth of a foot,1,Department of Water Resources,NA,1509,Cordua Irrigation District
49840,392289N1215370W001,2226442,2016-04-13T09:50:00Z,82.861,81.29,0,16.3,66.561,16.3,14.729,NA,Electric sounder measurement,Water level accuracy to nearest hundredth of a foot,1,Department of Water Resources,NA,1509,Cordua Irrigation District
49840,392289N1215370W001,2226441,2016-03-28T08:40:00Z,82.861,81.29,0,14.8,68.061,14.8,13.229,NA,Electric sounder measurement,Water level accuracy to nearest hundredth of a foot,1,Department of Water Resources,NA,1509,Cordua Irrigation District
49840,392289N1215370W001,2226440,2016-03-15T15:10:00Z,82.861,81.29,0,16.7,66.161,16.7,15.129,NA,Electric sounder measurement,Water level accuracy to nearest hundredth of a foot,1,Department of Water Resources,NA,1509,Cordua Irrigation District
49840,392289N1215370W001,2226439,2016-03-01T12:30:00Z,82.861,81.29,0,16.9,65.961,16.9,15.329,NA,Electric sounder measurement,Water level accuracy to nearest hundredth of a foot,1,Department of Water Resources,NA,1509,Cordua Irrigation District
49840,392289N1215370W001,2226438,2016-02-15T15:30:00Z,82.861,81.29,0,23.3,59.561,23.3,21.729,NA,Electric sounder measurement,Water level accuracy to nearest hundredth of a foot,1,Department of Water Resources,NA,1509,Cordua Irrigation District
49840,392289N1215370W001,2188168,2016-02-01T15:45:00Z,82.861,81.29,0,16.8,66.061,16.8,15.229,Oil or foreign substance in casing,Electric sounder measurement,Water level accuracy to nearest hundredth of a foot,1,Department of Water Resources,NA,1509,Cordua Irrigation District
49840,392289N1215370W001,2188167,2016-01-19T14:50:00Z,82.861,81.29,0,20.1,62.761,20.1,18.529,Oil or foreign substance in casing,Electric sounder measurement,Water level accuracy to nearest hundredth of a foot,1,Department of Water Resources,NA,1509,Cordua Irrigation District
49840,392289N1215370W001,2188166,2016-01-05T08:55:00Z,82.861,81.29,0,24.7,58.161,24.7,23.129,Oil or foreign substance in casing,Electric sounder measurement,Water level accuracy to nearest hundredth of a foot,1,Department of Water Resources,NA,1509,Cordua Irrigation District
49840,392289N1215370W001,2188165,2015-12-21T14:35:00Z,82.861,81.29,0,22.4,60.461,22.4,20.829,Oil or foreign substance in casing,Electric sounder measurement,Water level accuracy to nearest hundredth of a foot,1,Department of Water Resources,NA,1509,Cordua Irrigation District
49840,392289N1215370W001,2188164,2015-12-07T12:15:00Z,82.861,81.29,0,22.2,60.661,22.2,20.629,Oil or foreign substance in casing,Electric sounder measurement,Water level accuracy to nearest hundredth of a foot,1,Department of Water Resources,NA,1509,Cordua Irrigation District
49840,392289N1215370W001,2188163,2015-11-24T11:20:00Z,82.861,81.29,0,21.1,61.761,21.1,19.529,Oil or foreign substance in casing,Electric sounder measurement,Water level accuracy to nearest hundredth of a foot,1,Department of Water Resources,NA,1509,Cordua Irrigation District
49840,392289N1215370W001,2188162,2015-11-02T08:45:00Z,82.861,81.29,0,24.2,58.661,24.2,22.629,Oil or foreign substance in casing,Electric sounder measurement,Water level accuracy to nearest hundredth of a foot,1,Department of Water Resources,NA,1509,Cordua Irrigation District
49840,392289N1215370W001,2188161,2015-10-20T09:30:00Z,82.861,81.29,0,28.9,53.961,28.9,27.329,Oil or foreign substance in casing,Electric sounder measurement,Water level accuracy to nearest hundredth of a foot,1,Department of Water Resources,NA,1509,Cordua Irrigation District
49840,392289N1215370W001,2172104,2015-10-05T13:20:00Z,82.861,81.29,0,23.6,59.261,23.6,22.029,Oil or foreign substance in casing,Electric sounder measurement,Water level accuracy to nearest hundredth of a foot,1,Department of Water Resources,NA,1509,Cordua Irrigation District
49840,392289N1215370W001,2172103,2015-09-21T15:05:00Z,82.861,81.29,0,23.5,59.361,23.5,21.929,Oil or foreign substance in casing,Electric sounder measurement,Water level accuracy to nearest hundredth of a foot,1,Department of Water Resources,NA,1509,Cordua Irrigation District
49840,392289N1215370W001,2172102,2015-09-08T13:45:00Z,82.861,81.29,0,24,58.861,24,22.429,Oil or foreign substance in casing,Electric sounder measurement,Water level accuracy to nearest hundredth of a foot,1,Department of Water Resources,NA,1509,Cordua Irrigation District
49840,392289N1215370W001,2172101,2015-08-24T10:35:00Z,82.861,81.29,0,24.6,58.261,24.6,23.029,Oil or foreign substance in casing,Electric sounder measurement,Water level accuracy to nearest hundredth of a foot,1,Department of Water Resources,NA,1509,Cordua Irrigation District
49840,392289N1215370W001,2172100,2015-08-10T13:25:00Z,82.861,81.29,0,33.5,49.361,33.5,31.929,Oil or foreign substance in casing,Electric sounder measurement,Water level accuracy to nearest hundredth of a foot,1,Department of Water Resources,NA,1509,Cordua Irrigation District
49840,392289N1215370W001,2172099,2015-07-28T14:35:00Z,82.861,81.29,0,32.2,50.661,32.2,30.629,Oil or foreign substance in casing,Electric sounder measurement,Water level accuracy to nearest hundredth of a foot,1,Department of Water Resources,NA,1509,Cordua Irrigation District
49840,392289N1215370W001,2172098,2015-07-13T08:50:00Z,82.861,81.29,0,33.4,49.461,33.4,31.829,Oil or foreign substance in casing,Electric sounder measurement,Water level accuracy to nearest hundredth of a foot,1,Department of Water Resources,NA,1509,Cordua Irrigation District
49840,392289N1215370W001,2172097,2015-06-29T15:40:00Z,82.861,81.29,0,34.1,48.761,34.1,32.529,Oil or foreign substance in casing,Electric sounder measurement,Water level accuracy to nearest hundredth of a foot,1,Department of Water Resources,NA,1509,Cordua Irrigation District
49840,392289N1215370W001,2172096,2015-06-16T10:00:00Z,82.861,81.29,0,30.3,52.561,30.3,28.729,Oil or foreign substance in casing,Electric sounder measurement,Water level accuracy to nearest hundredth of a foot,1,Department of Water Resources,NA,1509,Cordua Irrigation District
49840,392289N1215370W001,2172095,2015-06-02T12:45:00Z,82.861,81.29,0,29.8,53.061,29.8,28.229,Oil or foreign substance in casing,Electric sounder measurement,Water level accuracy to nearest hundredth of a foot,1,Department of Water Resources,NA,1509,Cordua Irrigation District
49840,392289N1215370W001,2172094,2015-05-18T15:50:00Z,82.861,81.29,0,27.4,55.461,27.4,25.829,Oil or foreign substance in casing,Electric sounder measurement,Water level accuracy to nearest hundredth of a foot,1,Department of Water Resources,NA,1509,Cordua Irrigation District
49840,392289N1215370W001,2140211,2015-05-04T14:00:00Z,82.861,81.29,0,26.1,56.761,26.1,24.529,Oil or foreign substance in casing,Electric sounder measurement,Water level accuracy to nearest hundredth of a foot,1,Department of Water Resources,WTP,1509,Cordua Irrigation District
49840,392289N1215370W001,2140210,2015-04-20T15:45:00Z,82.861,81.29,0,19.9,62.961,19.9,18.329,Oil or foreign substance in casing,Electric sounder measurement,Water level accuracy to nearest hundredth of a foot,1,Department of Water Resources,WTP,1509,Cordua Irrigation District
49840,392289N1215370W001,2140209,2015-04-06T13:00:00Z,82.861,81.29,0,19.5,63.361,19.5,17.929,Oil or foreign substance in casing,Electric sounder measurement,Water level accuracy to nearest hundredth of a foot,1,Department of Water Resources,WTP,1509,Cordua Irrigation District
49840,392289N1215370W001,2140208,2015-03-23T13:55:00Z,82.861,81.29,0,18.3,64.561,18.3,16.729,Oil or foreign substance in casing,Electric sounder measurement,Water level accuracy to nearest hundredth of a foot,1,Department of Water Resources,WTP,1509,Cordua Irrigation District
49840,392289N1215370W001,2140207,2015-03-09T13:00:00Z,82.861,81.29,0,16.3,66.561,16.3,14.729,Oil or foreign substance in casing,Electric sounder measurement,Water level accuracy to nearest hundredth of a foot,1,Department of Water Resources,WTP,1509,Cordua Irrigation District
49840,392289N1215370W001,2140206,2015-02-23T15:00:00Z,82.861,81.29,0,31.1,51.761,31.1,29.529,Oil or foreign substance in casing,Electric sounder measurement,Water level accuracy to nearest hundredth of a foot,1,Department of Water Resources,WTP,1509,Cordua Irrigation District
49840,392289N1215370W001,2140205,2015-01-12T12:00:00Z,82.861,81.29,0,55.1,27.761,55.1,53.529,Pumping,Electric sounder measurement,Water level accuracy to nearest hundredth of a foot,1,Department of Water Resources,WTP,1509,Cordua Irrigation District
49840,392289N1215370W001,2140204,2015-01-05T12:10:00Z,82.861,81.29,0,19.1,63.761,19.1,17.529,Oil or foreign substance in casing,Electric sounder measurement,Water level accuracy to nearest hundredth of a foot,1,Department of Water Resources,WTP,1509,Cordua Irrigation District
49840,392289N1215370W001,2140203,2014-12-29T12:55:00Z,82.861,81.29,0,19.7,63.161,19.7,18.129,Oil or foreign substance in casing,Electric sounder measurement,Water level accuracy to nearest hundredth of a foot,1,Department of Water Resources,WTP,1509,Cordua Irrigation District
49840,392289N1215370W001,2140202,2014-12-22T10:15:00Z,82.861,81.29,0,20.9,61.961,20.9,19.329,Oil or foreign substance in casing,Electric sounder measurement,Water level accuracy to nearest hundredth of a foot,1,Department of Water Resources,WTP,1509,Cordua Irrigation District
49840,392289N1215370W001,2140201,2014-12-15T11:15:00Z,82.861,81.29,0,22.7,60.161,22.7,21.129,Oil or foreign substance in casing,Electric sounder measurement,Water level accuracy to nearest hundredth of a foot,1,Department of Water Resources,WTP,1509,Cordua Irrigation District
49840,392289N1215370W001,2140200,2014-12-08T11:40:00Z,82.861,81.29,0,25.8,57.061,25.8,24.229,Oil or foreign substance in casing,Electric sounder measurement,Water level accuracy to nearest hundredth of a foot,1,Department of Water Resources,WTP,1509,Cordua Irrigation District
49840,392289N1215370W001,2140199,2014-12-01T11:05:00Z,82.861,81.29,0,34.6,48.261,34.6,33.029,Oil or foreign substance in casing,Electric sounder measurement,Water level accuracy to nearest hundredth of a foot,1,Department of Water Resources,WTP,1509,Cordua Irrigation District
49840,392289N1215370W001,2140198,2014-11-25T08:20:00Z,82.861,81.29,0,34.4,48.461,34.4,32.829,Oil or foreign substance in casing,Electric sounder measurement,Water level accuracy to nearest hundredth of a foot,1,Department of Water Resources,WTP,1509,Cordua Irrigation District
49840,392289N1215370W001,2140197,2014-11-17T10:20:00Z,82.861,81.29,0,42.4,40.461,42.4,40.829,Oil or foreign substance in casing,Electric sounder measurement,Water level accuracy to nearest hundredth of a foot,1,Department of Water Resources,WTP,1509,Cordua Irrigation District
49840,392289N1215370W001,2140196,2014-11-11T07:45:00Z,82.861,81.29,0,65.2,17.661,65.2,63.629,Pumping,Electric sounder measurement,Water level accuracy to nearest hundredth of a foot,1,Department of Water Resources,WTP,1509,Cordua Irrigation District
49840,392289N1215370W001,2140195,2014-11-03T08:40:00Z,82.861,81.29,0,66.2,16.661,66.2,64.629,Pumping,Electric sounder measurement,Water level accuracy to nearest hundredth of a foot,1,Department of Water Resources,WTP,1509,Cordua Irrigation District
49840,392289N1215370W001,2140194,2014-10-27T12:50:00Z,82.861,81.29,0,73.9,8.961,73.9,72.329,Pumping,Electric sounder measurement,Water level accuracy to nearest hundredth of a foot,1,Department of Water Resources,WTP,1509,Cordua Irrigation District
49840,392289N1215370W001,2140193,2014-10-20T10:30:00Z,82.861,81.29,0,74.7,8.161,74.7,73.129,Pumping,Electric sounder measurement,Water level accuracy to nearest hundredth of a foot,1,Department of Water Resources,WTP,1509,Cordua Irrigation District
49840,392289N1215370W001,2140192,2014-10-14T08:25:00Z,82.861,81.29,0,37.7,45.161,37.7,36.129,Oil or foreign substance in casing,Electric sounder measurement,Water level accuracy to nearest hundredth of a foot,1,Department of Water Resources,WTP,1509,Cordua Irrigation District
49840,392289N1215370W001,2021266,2014-10-06T08:10:00Z,82.861,81.29,0,32.1,50.761,32.1,30.529,Oil or foreign substance in casing,Electric sounder measurement,Water level accuracy to nearest hundredth of a foot,1,Department of Water Resources,WTP,1509,Cordua Irrigation District
49840,392289N1215370W001,2021265,2014-09-29T10:00:00Z,82.861,81.29,0,26.3,56.561,26.3,24.729,Oil or foreign substance in casing,Electric sounder measurement,Water level accuracy to nearest hundredth of a foot,1,Department of Water Resources,WTP,1509,Cordua Irrigation District
49840,392289N1215370W001,2021264,2014-09-22T11:15:00Z,82.861,81.29,0,26.7,56.161,26.7,25.129,Oil or foreign substance in casing,Electric sounder measurement,Water level accuracy to nearest hundredth of a foot,1,Department of Water Resources,WTP,1509,Cordua Irrigation District
49840,392289N1215370W001,2021263,2014-09-16T07:30:00Z,82.861,81.29,0,24,58.861,24,22.429,Oil or foreign substance in casing,Electric sounder measurement,Water level accuracy to nearest hundredth of a foot,1,Department of Water Resources,WTP,1509,Cordua Irrigation District
49840,392289N1215370W001,2021262,2014-09-10T09:10:00Z,82.861,81.29,0,27.1,55.761,27.1,25.529,Oil or foreign substance in casing,Electric sounder measurement,Water level accuracy to nearest hundredth of a foot,1,Department of Water Resources,WTP,1509,Cordua Irrigation District
49840,392289N1215370W001,2021261,2014-09-01T11:35:00Z,82.861,81.29,0,28.7,54.161,28.7,27.129,Oil or foreign substance in casing,Electric sounder measurement,Water level accuracy to nearest hundredth of a foot,1,Department of Water Resources,WTP,1509,Cordua Irrigation District
49840,392289N1215370W001,2021260,2014-08-25T14:50:00Z,82.861,81.29,0,19.8,63.061,19.8,18.229,Oil or foreign substance in casing,Electric sounder measurement,Water level accuracy to nearest hundredth of a foot,1,Department of Water Resources,WTP,1509,Cordua Irrigation District
49840,392289N1215370W001,2021259,2014-08-19T12:45:00Z,82.861,81.29,0,19.3,63.561,19.3,17.729,Oil or foreign substance in casing,Electric sounder measurement,Water level accuracy to nearest hundredth of a foot,1,Department of Water Resources,WTP,1509,Cordua Irrigation District
49840,392289N1215370W001,2021707,2014-08-05T14:00:00Z,82.861,81.29,0,20.6,62.261,20.6,19.029,NA,Electric sounder measurement,Water level accuracy to nearest hundredth of a foot,1,Department of Water Resources,WTP,1509,Cordua Irrigation District
49840,392289N1215370W001,2021706,2014-07-23T14:45:00Z,82.861,81.29,0,20.4,62.461,20.4,18.829,NA,Electric sounder measurement,Water level accuracy to nearest hundredth of a foot,1,Department of Water Resources,WTP,1509,Cordua Irrigation District
49840,392289N1215370W001,2021705,2014-07-08T12:15:00Z,82.861,81.29,0,21.3,61.561,21.3,19.729,NA,Electric sounder measurement,Water level accuracy to nearest hundredth of a foot,1,Department of Water Resources,WTP,1509,Cordua Irrigation District
49840,392289N1215370W001,2021704,2014-06-19T11:45:00Z,82.861,81.29,0,20.9,61.961,20.9,19.329,NA,Electric sounder measurement,Water level accuracy to nearest hundredth of a foot,1,Department of Water Resources,WTP,1509,Cordua Irrigation District
49840,392289N1215370W001,2021703,2014-06-05T08:20:00Z,82.861,81.29,0,19.3,63.561,19.3,17.729,NA,Electric sounder measurement,Water level accuracy to nearest hundredth of a foot,1,Department of Water Resources,WTP,1509,Cordua Irrigation District
49840,392289N1215370W001,2021702,2014-05-07T14:55:00Z,82.861,81.29,0,17.8,65.061,17.8,16.229,NA,Electric sounder measurement,Water level accuracy to nearest hundredth of a foot,1,Department of Water Resources,WTP,1509,Cordua Irrigation District
49840,392289N1215370W001,2021701,2014-04-10T09:40:00Z,82.861,81.29,0,15.8,67.061,15.8,14.229,NA,Electric sounder measurement,Water level accuracy to nearest hundredth of a foot,1,Department of Water Resources,WTP,1509,Cordua Irrigation District
49840,392289N1215370W001,2021700,2014-03-17T15:00:00Z,82.861,81.29,0,15.8,67.061,15.8,14.229,NA,Electric sounder measurement,Water level accuracy to nearest hundredth of a foot,1,Department of Water Resources,WTP,1509,Cordua Irrigation District
49840,392289N1215370W001,2021699,2014-02-06T15:55:00Z,82.861,81.29,0,19.9,62.961,19.9,18.329,NA,Electric sounder measurement,Water level accuracy to nearest hundredth of a foot,1,Department of Water Resources,WTP,1509,Cordua Irrigation District
49840,392289N1215370W001,2021698,2014-01-07T12:05:00Z,82.861,81.29,0,21.6,61.261,21.6,20.029,NA,Electric sounder measurement,Water level accuracy to nearest hundredth of a foot,1,Department of Water Resources,WTP,1509,Cordua Irrigation District
49840,392289N1215370W001,1875469,2013-12-12T00:00:00Z,82.861,81.29,0,22.3,60.561,22.3,20.729,NA,Electric sounder measurement,Water level accuracy to nearest hundredth of a foot,1,Department of Water Resources,WTP,1509,Cordua Irrigation District
49840,392289N1215370W001,1875468,2013-12-02T00:00:00Z,82.861,81.29,0,21.2,61.661,21.2,19.629,NA,Electric sounder measurement,Water level accuracy to nearest hundredth of a foot,1,Department of Water Resources,WTP,1509,Cordua Irrigation District
49840,392289N1215370W001,1875467,2013-11-25T12:00:00Z,82.861,81.29,0,22.6,60.261,22.6,21.029,NA,Electric sounder measurement,Water level accuracy to nearest hundredth of a foot,1,Department of Water Resources,WTP,1509,Cordua Irrigation District
49840,392289N1215370W001,1875466,2013-11-18T00:00:00Z,82.861,81.29,0,35.4,47.461,35.4,33.829,NA,Electric sounder measurement,Water level accuracy to nearest hundredth of a foot,1,Department of Water Resources,WTP,1509,Cordua Irrigation District
49840,392289N1215370W001,1875465,2013-11-11T00:00:00Z,82.861,81.29,0,34.7,48.161,34.7,33.129,NA,Electric sounder measurement,Water level accuracy to nearest hundredth of a foot,1,Department of Water Resources,WTP,1509,Cordua Irrigation District
49840,392289N1215370W001,1875054,2013-11-04T00:00:00Z,82.861,81.29,0,69.7,13.161,69.7,68.129,Pumping,Electric sounder measurement,Water level accuracy to nearest hundredth of a foot,1,Department of Water Resources,WTP,1509,Cordua Irrigation District
49840,392289N1215370W001,1875053,2013-10-21T00:00:00Z,82.861,81.29,0,68.6,14.261,68.6,67.029,Pumping,Electric sounder measurement,Water level accuracy to nearest hundredth of a foot,1,Department of Water Resources,WTP,1509,Cordua Irrigation District
49840,392289N1215370W001,1875052,2013-10-14T00:00:00Z,82.861,81.29,0,72.5,10.361,72.5,70.929,Pumping,Electric sounder measurement,Water level accuracy to nearest hundredth of a foot,1,Department of Water Resources,WTP,1509,Cordua Irrigation District
49840,392289N1215370W001,1875051,2013-10-07T00:00:00Z,82.861,81.29,0,49.1,33.761,49.1,47.529,NA,Electric sounder measurement,Water level accuracy to nearest hundredth of a foot,1,Department of Water Resources,WTP,1509,Cordua Irrigation District
49840,392289N1215370W001,1875050,2013-09-02T00:00:00Z,82.861,81.29,0,57,25.861,57,55.429,NA,Electric sounder measurement,Water level accuracy to nearest hundredth of a foot,1,Department of Water Resources,WTP,1509,Cordua Irrigation District
49840,392289N1215370W001,1875049,2013-08-27T00:00:00Z,82.861,81.29,0,43.5,39.361,43.5,41.929,NA,Electric sounder measurement,Water level accuracy to nearest hundredth of a foot,1,Department of Water Resources,WTP,1509,Cordua Irrigation District
49840,392289N1215370W001,1875048,2013-08-20T00:00:00Z,82.861,81.29,0,75.4,7.461,75.4,73.829,Pumping,Electric sounder measurement,Water level accuracy to nearest hundredth of a foot,1,Department of Water Resources,WTP,1509,Cordua Irrigation District
49840,392289N1215370W001,1875047,2013-08-13T00:00:00Z,82.861,81.29,0,77.3,5.561,77.3,75.729,Pumping,Electric sounder measurement,Water level accuracy to nearest hundredth of a foot,1,Department of Water Resources,WTP,1509,Cordua Irrigation District
49840,392289N1215370W001,1875046,2013-08-06T00:00:00Z,82.861,81.29,0,76.8,6.061,76.8,75.229,Pumping,Electric sounder measurement,Water level accuracy to nearest hundredth of a foot,1,Department of Water Resources,WTP,1509,Cordua Irrigation District
49840,392289N1215370W001,1875045,2013-07-30T00:00:00Z,82.861,81.29,0,77.9,4.961,77.9,76.329,Pumping,Electric sounder measurement,Water level accuracy to nearest hundredth of a foot,1,Department of Water Resources,WTP,1509,Cordua Irrigation District
49840,392289N1215370W001,1875044,2013-07-23T00:00:00Z,82.861,81.29,0,78.1,4.761,78.1,76.529,Pumping,Electric sounder measurement,Water level accuracy to nearest hundredth of a foot,1,Department of Water Resources,WTP,1509,Cordua Irrigation District
49840,392289N1215370W001,1875043,2013-07-17T00:00:00Z,82.861,81.29,0,78.2,4.661,78.2,76.629,Pumping,Electric sounder measurement,Water level accuracy to nearest hundredth of a foot,1,Department of Water Resources,WTP,1509,Cordua Irrigation District
49840,392289N1215370W001,1875042,2013-07-05T00:00:00Z,82.861,81.29,0,70.8,12.061,70.8,69.229,Pumping,Electric sounder measurement,Water level accuracy to nearest hundredth of a foot,1,Department of Water Resources,WTP,1509,Cordua Irrigation District
49840,392289N1215370W001,1875041,2013-07-01T00:00:00Z,82.861,81.29,0,72,10.861,72,70.429,Pumping,Electric sounder measurement,Water level accuracy to nearest hundredth of a foot,1,Department of Water Resources,WTP,1509,Cordua Irrigation District
49840,392289N1215370W001,1875040,2013-06-27T00:00:00Z,82.861,81.29,0,61.9,20.961,61.9,60.329,Pumping,Electric sounder measurement,Water level accuracy to nearest hundredth of a foot,1,Department of Water Resources,WTP,1509,Cordua Irrigation District
49840,392289N1215370W001,1875958,2010-06-01T00:00:00Z,82.861,81.29,0,17.2,65.661,17.2,15.629,NA,Electric sounder measurement,Water level accuracy to nearest hundredth of a foot,1,Department of Water Resources,WTP,1509,Cordua Irrigation District
49840,392289N1215370W001,1875957,2010-05-01T00:00:00Z,82.861,81.29,0,16,66.861,16,14.429,NA,Electric sounder measurement,Water level accuracy to nearest hundredth of a foot,1,Department of Water Resources,WTP,1509,Cordua Irrigation District
49840,392289N1215370W001,1875956,2010-03-01T00:00:00Z,82.861,81.29,0,15.9,66.961,15.9,14.329,NA,Electric sounder measurement,Water level accuracy to nearest hundredth of a foot,1,Department of Water Resources,WTP,1509,Cordua Irrigation District
49840,392289N1215370W001,1875955,2010-02-01T00:00:00Z,82.861,81.29,0,16.9,65.961,16.9,15.329,NA,Electric sounder measurement,Water level accuracy to nearest hundredth of a foot,1,Department of Water Resources,WTP,1509,Cordua Irrigation District
49840,392289N1215370W001,1875954,2010-01-01T00:00:00Z,82.861,81.29,0,18.5,64.361,18.5,16.929,NA,Electric sounder measurement,Water level accuracy to nearest hundredth of a foot,1,Department of Water Resources,WTP,1509,Cordua Irrigation District
49840,392289N1215370W001,1875953,2009-12-01T00:00:00Z,82.861,81.29,0,21.6,61.261,21.6,20.029,NA,Electric sounder measurement,Water level accuracy to nearest hundredth of a foot,1,Department of Water Resources,WTP,1509,Cordua Irrigation District
49840,392289N1215370W001,1875952,2009-11-15T00:00:00Z,82.861,81.29,0,22.8,60.061,22.8,21.229,NA,Electric sounder measurement,Water level accuracy to nearest hundredth of a foot,1,Department of Water Resources,WTP,1509,Cordua Irrigation District
49840,392289N1215370W001,1875951,2009-11-01T00:00:00Z,82.861,81.29,0,32.9,49.961,32.9,31.329,NA,Electric sounder measurement,Water level accuracy to nearest hundredth of a foot,1,Department of Water Resources,WTP,1509,Cordua Irrigation District
49840,392289N1215370W001,1875950,2009-10-01T00:00:00Z,82.861,81.29,0,38.8,44.061,38.8,37.229,NA,Electric sounder measurement,Water level accuracy to nearest hundredth of a foot,1,Department of Water Resources,WTP,1509,Cordua Irrigation District
49840,392289N1215370W001,1875949,2009-09-15T00:00:00Z,82.861,81.29,0,34.6,48.261,34.6,33.029,NA,Electric sounder measurement,Water level accuracy to nearest hundredth of a foot,1,Department of Water Resources,WTP,1509,Cordua Irrigation District
49840,392289N1215370W001,1875948,2009-09-01T00:00:00Z,82.861,81.29,0,52.1,30.761,52.1,50.529,Pumping,Electric sounder measurement,Water level accuracy to nearest hundredth of a foot,1,Department of Water Resources,WTP,1509,Cordua Irrigation District
49840,392289N1215370W001,1875947,2009-08-01T00:00:00Z,82.861,81.29,0,66.9,15.961,66.9,65.329,Pumping,Electric sounder measurement,Water level accuracy to nearest hundredth of a foot,1,Department of Water Resources,WTP,1509,Cordua Irrigation District
49840,392289N1215370W001,1875946,2009-07-15T00:00:00Z,82.861,81.29,0,61.3,21.561,61.3,59.729,Pumping,Electric sounder measurement,Water level accuracy to nearest hundredth of a foot,1,Department of Water Resources,WTP,1509,Cordua Irrigation District
49840,392289N1215370W001,1875945,2009-06-25T00:00:00Z,82.861,81.29,0,34,48.861,34,32.429,NA,Electric sounder measurement,Water level accuracy to nearest hundredth of a foot,1,Department of Water Resources,WTP,1509,Cordua Irrigation District
