STN_ID,SITE_CODE,WLM_ID,MSMT_DATE,WLM_RPE,WLM_GSE,RDNG_WS,RDNG_RP,WSE,RPE_WSE,GSE_WSE,WLM_QA_DESC,WLM_DESC,WLM_ACC_DESC,WLM_ORG_ID,WLM_ORG_NAME,MSMT_CMT,COOP_AGENCY_ORG_ID,COOP_ORG_NAME
49854,392191N1215397W001,1875531,2013-12-12T00:00:00Z,82.129,81.15,0,7.3,74.829,7.3,6.321,NA,Electric sounder measurement,Water level accuracy to nearest hundredth of a foot,1,Department of Water Resources,WTM,1509,Cordua Irrigation District
49854,392191N1215397W001,1875530,2013-11-19T00:00:00Z,82.129,81.15,0,8.9,73.229,8.9,7.921,NA,Electric sounder measurement,Water level accuracy to nearest hundredth of a foot,1,Department of Water Resources,WTM,1509,Cordua Irrigation District
49854,392191N1215397W001,1875529,2013-11-12T00:00:00Z,82.129,81.15,0,8.8,73.329,8.8,7.821,NA,Electric sounder measurement,Water level accuracy to nearest hundredth of a foot,1,Department of Water Resources,WTM,1509,Cordua Irrigation District
49854,392191N1215397W001,1875288,2013-11-05T00:00:00Z,82.129,81.15,0,9.6,72.529,9.6,8.621,NA,Electric sounder measurement,Water level accuracy to nearest hundredth of a foot,1,Department of Water Resources,WTM,1509,Cordua Irrigation District
49854,392191N1215397W001,1875287,2013-10-22T00:00:00Z,82.129,81.15,0,10.9,71.229,10.9,9.921,NA,Electric sounder measurement,Water level accuracy to nearest hundredth of a foot,1,Department of Water Resources,WTM,1509,Cordua Irrigation District
49854,392191N1215397W001,1875286,2013-10-15T00:00:00Z,82.129,81.15,0,12,70.129,12,11.021,NA,Electric sounder measurement,Water level accuracy to nearest hundredth of a foot,1,Department of Water Resources,WTM,1509,Cordua Irrigation District
49854,392191N1215397W001,1875285,2013-10-08T00:00:00Z,82.129,81.15,0,11,71.129,11,10.021,NA,Electric sounder measurement,Water level accuracy to nearest hundredth of a foot,1,Department of Water Resources,WTM,1509,Cordua Irrigation District
49854,392191N1215397W001,1875284,2013-09-30T00:00:00Z,82.129,81.15,0,11.3,70.829,11.3,10.321,NA,Electric sounder measurement,Water level accuracy to nearest hundredth of a foot,1,Department of Water Resources,WTM,1509,Cordua Irrigation District
49854,392191N1215397W001,1875283,2013-09-23T00:00:00Z,82.129,81.15,0,8.2,73.929,8.2,7.221,NA,Electric sounder measurement,Water level accuracy to nearest hundredth of a foot,1,Department of Water Resources,WTM,1509,Cordua Irrigation District
49854,392191N1215397W001,1875282,2013-09-16T00:00:00Z,82.129,81.15,0,9.8,72.329,9.8,8.821,NA,Electric sounder measurement,Water level accuracy to nearest hundredth of a foot,1,Department of Water Resources,WTM,1509,Cordua Irrigation District
49854,392191N1215397W001,1875281,2013-09-10T00:00:00Z,82.129,81.15,0,8.6,73.529,8.6,7.621,NA,Electric sounder measurement,Water level accuracy to nearest hundredth of a foot,1,Department of Water Resources,WTM,1509,Cordua Irrigation District
49854,392191N1215397W001,1875280,2013-09-03T00:00:00Z,82.129,81.15,0,6.3,75.829,6.3,5.321,NA,Electric sounder measurement,Water level accuracy to nearest hundredth of a foot,1,Department of Water Resources,WTM,1509,Cordua Irrigation District
49854,392191N1215397W001,1875279,2013-08-27T00:00:00Z,82.129,81.15,0,7.9,74.229,7.9,6.921,NA,Electric sounder measurement,Water level accuracy to nearest hundredth of a foot,1,Department of Water Resources,WTM,1509,Cordua Irrigation District
49854,392191N1215397W001,1875278,2013-08-20T00:00:00Z,82.129,81.15,0,8.3,73.829,8.3,7.321,NA,Electric sounder measurement,Water level accuracy to nearest hundredth of a foot,1,Department of Water Resources,WTM,1509,Cordua Irrigation District
49854,392191N1215397W001,1875277,2013-08-14T00:00:00Z,82.129,81.15,0,8.9,73.229,8.9,7.921,NA,Electric sounder measurement,Water level accuracy to nearest hundredth of a foot,1,Department of Water Resources,WTM,1509,Cordua Irrigation District
49854,392191N1215397W001,1875276,2013-08-06T00:00:00Z,82.129,81.15,0,16.2,65.929,16.2,15.221,NA,Electric sounder measurement,Water level accuracy to nearest hundredth of a foot,1,Department of Water Resources,WTM,1509,Cordua Irrigation District
49854,392191N1215397W001,1875275,2013-07-29T00:00:00Z,82.129,81.15,0,9.6,72.529,9.6,8.621,NA,Electric sounder measurement,Water level accuracy to nearest hundredth of a foot,1,Department of Water Resources,WTM,1509,Cordua Irrigation District
49854,392191N1215397W001,1875274,2013-07-22T00:00:00Z,82.129,81.15,0,9.6,72.529,9.6,8.621,NA,Electric sounder measurement,Water level accuracy to nearest hundredth of a foot,1,Department of Water Resources,WTM,1509,Cordua Irrigation District
49854,392191N1215397W001,1875273,2013-07-17T00:00:00Z,82.129,81.15,0,10,72.129,10,9.021,NA,Electric sounder measurement,Water level accuracy to nearest hundredth of a foot,1,Department of Water Resources,WTM,1509,Cordua Irrigation District
49854,392191N1215397W001,1875272,2013-07-05T00:00:00Z,82.129,81.15,0,16.2,65.929,16.2,15.221,NA,Electric sounder measurement,Water level accuracy to nearest hundredth of a foot,1,Department of Water Resources,WTM,1509,Cordua Irrigation District
49854,392191N1215397W001,1876043,2010-06-01T00:00:00Z,82.129,81.15,0,6.8,75.329,6.8,5.821,NA,Electric sounder measurement,Water level accuracy to nearest hundredth of a foot,1,Department of Water Resources,WTM,1509,Cordua Irrigation District
49854,392191N1215397W001,1876042,2010-05-01T00:00:00Z,82.129,81.15,0,9.9,72.229,9.9,8.921,NA,Electric sounder measurement,Water level accuracy to nearest hundredth of a foot,1,Department of Water Resources,WTM,1509,Cordua Irrigation District
49854,392191N1215397W001,1876041,2010-04-01T00:00:00Z,82.129,81.15,0,10,72.129,10,9.021,NA,Electric sounder measurement,Water level accuracy to nearest hundredth of a foot,1,Department of Water Resources,WTM,1509,Cordua Irrigation District
49854,392191N1215397W001,1876040,2010-03-01T00:00:00Z,82.129,81.15,0,6.4,75.729,6.4,5.421,NA,Electric sounder measurement,Water level accuracy to nearest hundredth of a foot,1,Department of Water Resources,WTM,1509,Cordua Irrigation District
49854,392191N1215397W001,1876039,2010-02-01T00:00:00Z,82.129,81.15,0,10,72.129,10,9.021,NA,Electric sounder measurement,Water level accuracy to nearest hundredth of a foot,1,Department of Water Resources,WTM,1509,Cordua Irrigation District
49854,392191N1215397W001,1876038,2010-01-01T00:00:00Z,82.129,81.15,0,6.8,75.329,6.8,5.821,NA,Electric sounder measurement,Water level accuracy to nearest hundredth of a foot,1,Department of Water Resources,WTM,1509,Cordua Irrigation District
49854,392191N1215397W001,1876037,2009-12-01T00:00:00Z,82.129,81.15,0,7,75.129,7,6.021,NA,Electric sounder measurement,Water level accuracy to nearest hundredth of a foot,1,Department of Water Resources,WTM,1509,Cordua Irrigation District
49854,392191N1215397W001,1876036,2009-11-15T00:00:00Z,82.129,81.15,0,7.3,74.829,7.3,6.321,NA,Electric sounder measurement,Water level accuracy to nearest hundredth of a foot,1,Department of Water Resources,WTM,1509,Cordua Irrigation District
49854,392191N1215397W001,1876035,2009-11-01T00:00:00Z,82.129,81.15,0,8.5,73.629,8.5,7.521,NA,Electric sounder measurement,Water level accuracy to nearest hundredth of a foot,1,Department of Water Resources,WTM,1509,Cordua Irrigation District
49854,392191N1215397W001,1876034,2009-10-15T00:00:00Z,82.129,81.15,0,10.6,71.529,10.6,9.621,NA,Electric sounder measurement,Water level accuracy to nearest hundredth of a foot,1,Department of Water Resources,WTM,1509,Cordua Irrigation District
49854,392191N1215397W001,1876033,2009-10-01T00:00:00Z,82.129,81.15,0,11.9,70.229,11.9,10.921,NA,Electric sounder measurement,Water level accuracy to nearest hundredth of a foot,1,Department of Water Resources,WTM,1509,Cordua Irrigation District
49854,392191N1215397W001,1876032,2009-09-15T00:00:00Z,82.129,81.15,0,38.4,43.729,38.4,37.421,NA,Electric sounder measurement,Water level accuracy to nearest hundredth of a foot,1,Department of Water Resources,WTM,1509,Cordua Irrigation District
49854,392191N1215397W001,1876031,2009-09-01T00:00:00Z,82.129,81.15,0,11.5,70.629,11.5,10.521,NA,Electric sounder measurement,Water level accuracy to nearest hundredth of a foot,1,Department of Water Resources,WTM,1509,Cordua Irrigation District
49854,392191N1215397W001,1876030,2009-08-15T00:00:00Z,82.129,81.15,0,10.7,71.429,10.7,9.721,NA,Electric sounder measurement,Water level accuracy to nearest hundredth of a foot,1,Department of Water Resources,WTM,1509,Cordua Irrigation District
49854,392191N1215397W001,1876029,2009-08-01T00:00:00Z,82.129,81.15,0,10.9,71.229,10.9,9.921,NA,Electric sounder measurement,Water level accuracy to nearest hundredth of a foot,1,Department of Water Resources,WTM,1509,Cordua Irrigation District
49854,392191N1215397W001,1876028,2009-07-15T00:00:00Z,82.129,81.15,0,10.3,71.829,10.3,9.321,NA,Electric sounder measurement,Water level accuracy to nearest hundredth of a foot,1,Department of Water Resources,WTM,1509,Cordua Irrigation District
49854,392191N1215397W001,1876027,2009-06-25T00:00:00Z,82.129,81.15,0,10.2,71.929,10.2,9.221,NA,Electric sounder measurement,Water level accuracy to nearest hundredth of a foot,1,Department of Water Resources,WTM,1509,Cordua Irrigation District
