STN_ID,SITE_CODE,WLM_ID,MSMT_DATE,WLM_RPE,WLM_GSE,RDNG_WS,RDNG_RP,WSE,RPE_WSE,GSE_WSE,WLM_QA_DESC,WLM_DESC,WLM_ACC_DESC,WLM_ORG_ID,WLM_ORG_NAME,MSMT_CMT,COOP_AGENCY_ORG_ID,COOP_ORG_NAME
49897,337345N1162245W001,2662460,2020-09-11T10:00:00Z,-2.92,-4,0,78,-80.92,78,76.92,NA,Electric sounder measurement,Water level accuracy to nearest foot,5130,Indio Water Authority (IWA),NA,5130,Indio Water Authority (IWA)
49897,337345N1162245W001,2657019,2020-07-21T10:00:00Z,-2.92,-4,0,78,-80.92,78,76.92,NA,Electric sounder measurement,Water level accuracy to nearest foot,5130,Indio Water Authority (IWA),NA,5130,Indio Water Authority (IWA)
49897,337345N1162245W001,2632434,2020-05-13T10:00:00Z,-2.92,-4,0,77,-79.92,77,75.92,NA,Electric sounder measurement,Water level accuracy to nearest foot,5130,Indio Water Authority (IWA),NA,5130,Indio Water Authority (IWA)
49897,337345N1162245W001,2632221,2020-03-06T10:00:00Z,-2.92,-4,0,75.89,-78.81,75.89,74.81,NA,Electronic pressure transducer,Water level accuracy to nearest hundredth of a foot,5130,Indio Water Authority (IWA),NA,5130,Indio Water Authority (IWA)
49897,337345N1162245W001,2632213,2020-01-24T10:00:00Z,-2.92,-4,0,75.5,-78.42,75.5,74.42,NA,Electronic pressure transducer,Water level accuracy to nearest hundredth of a foot,5130,Indio Water Authority (IWA),NA,5130,Indio Water Authority (IWA)
49897,337345N1162245W001,2488091,2019-11-22T10:00:00Z,-2.92,-4,0,76.035,-78.955,76.035,74.955,NA,Electronic pressure transducer,Water level accuracy to nearest hundredth of a foot,5130,Indio Water Authority (IWA),NA,5130,Indio Water Authority (IWA)
49897,337345N1162245W001,2488081,2019-09-10T10:00:00Z,-2.92,-4,0,75.992,-78.912,75.992,74.912,NA,Electronic pressure transducer,Water level accuracy to nearest hundredth of a foot,5130,Indio Water Authority (IWA),NA,5130,Indio Water Authority (IWA)
49897,337345N1162245W001,2468810,2019-07-02T09:00:00Z,-2.92,-4,0,76.28,-79.2,76.28,75.2,NA,Electronic pressure transducer,Water level accuracy to nearest hundredth of a foot,5130,Indio Water Authority (IWA),NA,5130,Indio Water Authority (IWA)
49897,337345N1162245W001,2460894,2019-05-16T09:00:00Z,-2.92,-4,0,75.95,-78.87,75.95,74.87,NA,Electronic pressure transducer,Water level accuracy to nearest hundredth of a foot,5130,Indio Water Authority (IWA),NA,5130,Indio Water Authority (IWA)
49897,337345N1162245W001,2449767,2019-03-11T11:00:00Z,-2.92,-4,0,75.88,-78.8,75.88,74.8,NA,Electronic pressure transducer,Water level accuracy to nearest hundredth of a foot,5130,Indio Water Authority (IWA),NA,5130,Indio Water Authority (IWA)
49897,337345N1162245W001,2438527,2019-01-25T11:00:00Z,-2.92,-4,0,76.305,-79.225,76.305,75.225,NA,Electronic pressure transducer,Water level accuracy to nearest thousandth of a foot,5130,Indio Water Authority (IWA),NA,5130,Indio Water Authority (IWA)
49897,337345N1162245W001,2426906,2018-11-26T11:00:00Z,-2.92,-4,0,76.226,-79.146,76.226,75.146,NA,Electronic pressure transducer,Water level accuracy to nearest thousandth of a foot,5130,Indio Water Authority (IWA),NA,5130,Indio Water Authority (IWA)
49897,337345N1162245W001,2410115,2018-09-20T08:00:00Z,-2.92,-4,0,76.158,-79.078,76.158,75.078,NA,Electronic pressure transducer,Water level accuracy to nearest thousandth of a foot,5130,Indio Water Authority (IWA),NA,5130,Indio Water Authority (IWA)
49897,337345N1162245W001,2410107,2018-07-12T09:00:00Z,-2.92,-4,0,76.13,-79.05,76.13,75.05,NA,Electronic pressure transducer,Water level accuracy to nearest thousandth of a foot,5130,Indio Water Authority (IWA),NA,5130,Indio Water Authority (IWA)
49897,337345N1162245W001,2296698,2018-05-14T11:00:00Z,-2.92,-4,0,75.811,-78.731,75.811,74.731,NA,Electronic pressure transducer,Water level accuracy to nearest thousandth of a foot,5130,Indio Water Authority (IWA),NA,5130,Indio Water Authority (IWA)
49897,337345N1162245W001,2284056,2018-03-14T07:00:00Z,-2.92,-4,0,74.59,-77.51,74.59,73.51,NA,Electronic pressure transducer,Water level accuracy to nearest thousandth of a foot,5130,Indio Water Authority (IWA),NA,5130,Indio Water Authority (IWA)
49897,337345N1162245W001,2469932,2018-01-15T09:00:00Z,-2.92,-4,0,74.939,-77.859,74.939,73.859,NA,Electronic pressure transducer,Water level accuracy to nearest hundredth of a foot,5130,Indio Water Authority (IWA),NA,5130,Indio Water Authority (IWA)
49897,337345N1162245W001,2469931,2017-11-20T09:00:00Z,-2.92,-4,0,75.388,-78.308,75.388,74.308,NA,Electronic pressure transducer,Water level accuracy to nearest hundredth of a foot,5130,Indio Water Authority (IWA),NA,5130,Indio Water Authority (IWA)
49897,337345N1162245W001,2469930,2017-09-19T09:00:00Z,-2.92,-4,0,75.668,-78.588,75.668,74.588,NA,Electronic pressure transducer,Water level accuracy to nearest hundredth of a foot,5130,Indio Water Authority (IWA),NA,5130,Indio Water Authority (IWA)
49897,337345N1162245W001,2259515,2017-07-14T07:00:00Z,-2.92,-4,0,75.78,-78.7,75.78,74.7,NA,Electronic pressure transducer,Water level accuracy to nearest thousandth of a foot,5130,Indio Water Authority (IWA),NA,5130,Indio Water Authority (IWA)
49897,337345N1162245W001,2469929,2017-05-10T10:00:00Z,-2.92,-4,0,74.807,-77.727,74.807,73.727,NA,Electronic pressure transducer,Water level accuracy to nearest hundredth of a foot,5130,Indio Water Authority (IWA),NA,5130,Indio Water Authority (IWA)
49897,337345N1162245W001,2234621,2017-03-15T07:00:00Z,-2.92,-4,0,74.23,-77.15,74.23,73.15,NA,Electronic pressure transducer,Water level accuracy to nearest thousandth of a foot,5130,Indio Water Authority (IWA),NA,5130,Indio Water Authority (IWA)
49897,337345N1162245W001,2228292,2017-01-18T07:00:00Z,-2.92,-4,0,74.49,-77.41,74.49,73.41,NA,Electronic pressure transducer,Water level accuracy to nearest thousandth of a foot,5130,Indio Water Authority (IWA),NA,5130,Indio Water Authority (IWA)
49897,337345N1162245W001,2218130,2016-11-18T07:00:00Z,-2.92,-4,0,75.453,-78.373,75.453,74.373,NA,Electronic pressure transducer,Water level accuracy to nearest thousandth of a foot,5130,Indio Water Authority (IWA),NA,5130,Indio Water Authority (IWA)
49897,337345N1162245W001,2211312,2016-09-15T07:00:00Z,-2.92,-4,0,75.893,-78.813,75.893,74.813,NA,Electronic pressure transducer,Water level accuracy to nearest thousandth of a foot,5130,Indio Water Authority (IWA),NA,5130,Indio Water Authority (IWA)
49897,337345N1162245W001,2201182,2016-07-12T07:00:00Z,-2.92,-4,0,75.328,-78.248,75.328,74.248,NA,Electronic pressure transducer,Water level accuracy to nearest thousandth of a foot,5130,Indio Water Authority (IWA),NA,5130,Indio Water Authority (IWA)
49897,337345N1162245W001,2201129,2016-05-24T07:00:00Z,-2.92,-4,0,74.94,-77.86,74.94,73.86,NA,Electronic pressure transducer,Water level accuracy to nearest thousandth of a foot,5130,Indio Water Authority (IWA),NA,5130,Indio Water Authority (IWA)
49897,337345N1162245W001,2201121,2016-03-30T07:00:00Z,-2.92,-4,0,75.173,-78.093,75.173,74.093,NA,Electronic pressure transducer,Water level accuracy to nearest thousandth of a foot,5130,Indio Water Authority (IWA),NA,5130,Indio Water Authority (IWA)
49897,337345N1162245W001,2182304,2016-01-26T07:00:00Z,-2.92,-4,0,74.508,-77.428,74.508,73.428,NA,Electronic pressure transducer,Water level accuracy to nearest thousandth of a foot,5130,Indio Water Authority (IWA),NA,5130,Indio Water Authority (IWA)
49897,337345N1162245W001,2175977,2015-11-25T07:00:00Z,-2.92,-4,0,75.448,-78.368,75.448,74.368,NA,Electronic pressure transducer,Water level accuracy to nearest thousandth of a foot,5130,Indio Water Authority (IWA),NA,5130,Indio Water Authority (IWA)
49897,337345N1162245W001,2156379,2015-09-29T07:00:00Z,-2.92,-4,0,75.779,-78.699,75.779,74.699,NA,Electronic pressure transducer,Water level accuracy to nearest thousandth of a foot,5130,Indio Water Authority (IWA),NA,5130,Indio Water Authority (IWA)
49897,337345N1162245W001,2151227,2015-07-28T09:00:00Z,-2.92,-4,0,75.679,-78.599,75.679,74.599,NA,Electronic pressure transducer,Water level accuracy to nearest thousandth of a foot,5130,Indio Water Authority (IWA),NA,5130,Indio Water Authority (IWA)
49897,337345N1162245W001,2151219,2015-05-28T09:00:00Z,-2.92,-4,0,75.913,-78.833,75.913,74.833,NA,Electronic pressure transducer,Water level accuracy to nearest thousandth of a foot,5130,Indio Water Authority (IWA),NA,5130,Indio Water Authority (IWA)
49897,337345N1162245W001,2151211,2015-03-28T00:00:00Z,-2.92,-4,0,75.865,-78.785,75.865,74.785,NA,Electronic pressure transducer,Water level accuracy to nearest thousandth of a foot,5130,Indio Water Authority (IWA),NA,5130,Indio Water Authority (IWA)
49897,337345N1162245W001,2150421,2015-01-28T09:00:00Z,-2.92,-4,0,75.432,-78.352,75.432,74.352,NA,Electronic pressure transducer,Water level accuracy to nearest thousandth of a foot,5130,Indio Water Authority (IWA),NA,5130,Indio Water Authority (IWA)
49897,337345N1162245W001,2106624,2014-11-18T00:00:00Z,-2.92,-4,0,75.609,-78.529,75.609,74.529,NA,Electronic pressure transducer,Water level accuracy to nearest thousandth of a foot,5130,Indio Water Authority (IWA),NA,5130,Indio Water Authority (IWA)
49897,337345N1162245W001,2002402,2014-09-18T00:00:00Z,-2.92,-4,60,133.917,-76.837,73.917,72.837,NA,Electronic pressure transducer,Water level accuracy to nearest thousandth of a foot,5130,Indio Water Authority (IWA),NA,5130,Indio Water Authority (IWA)
49897,337345N1162245W001,1998008,2014-07-27T00:00:00Z,-2.92,-4,0,78.167,-81.087,78.167,77.087,NA,Electronic pressure transducer,Water level accuracy to nearest thousandth of a foot,5130,Indio Water Authority (IWA),NA,5130,Indio Water Authority (IWA)
49897,337345N1162245W001,1998000,2014-05-15T00:00:00Z,-2.92,-4,60,135.917,-78.837,75.917,74.837,NA,Electronic pressure transducer,Water level accuracy to nearest thousandth of a foot,5130,Indio Water Authority (IWA),NA,5130,Indio Water Authority (IWA)
49897,337345N1162245W001,1997992,2014-03-15T00:00:00Z,-2.92,-4,0,76,-78.92,76,74.92,NA,Electronic pressure transducer,Water level accuracy to nearest thousandth of a foot,5130,Indio Water Authority (IWA),NA,5130,Indio Water Authority (IWA)
49897,337345N1162245W001,1997984,2014-01-15T00:00:00Z,-2.92,-4,30,107.083,-80.003,77.083,76.003,NA,Electronic pressure transducer,Water level accuracy to nearest thousandth of a foot,5130,Indio Water Authority (IWA),NA,5130,Indio Water Authority (IWA)
49897,337345N1162245W001,1997976,2013-11-18T00:00:00Z,-2.92,-4,0,75.75,-78.67,75.75,74.67,NA,Electronic pressure transducer,Water level accuracy to nearest thousandth of a foot,5130,Indio Water Authority (IWA),NA,5130,Indio Water Authority (IWA)
49897,337345N1162245W001,1998016,2013-09-17T00:00:00Z,-2.92,-4,0,76.3,-79.22,76.3,75.22,NA,Electronic pressure transducer,Water level accuracy to nearest thousandth of a foot,5130,Indio Water Authority (IWA),NA,5130,Indio Water Authority (IWA)
49897,337345N1162245W001,2469933,2013-07-17T08:00:00Z,-2.92,-4,0,76.374,-79.294,76.374,75.294,NA,Electronic pressure transducer,Water level accuracy to nearest hundredth of a foot,5130,Indio Water Authority (IWA),NA,5130,Indio Water Authority (IWA)
49897,337345N1162245W001,2001031,2013-05-16T00:00:00Z,-2.92,-4,0,77.58,-80.5,77.58,76.5,NA,Electronic pressure transducer,Water level accuracy to nearest thousandth of a foot,5130,Indio Water Authority (IWA),NA,5130,Indio Water Authority (IWA)
49897,337345N1162245W001,2001023,2012-11-15T00:00:00Z,-2.92,-4,0,75.25,-78.17,75.25,74.17,NA,Electronic pressure transducer,Water level accuracy to nearest thousandth of a foot,5130,Indio Water Authority (IWA),NA,5130,Indio Water Authority (IWA)
49897,337345N1162245W001,2001015,2012-04-19T00:00:00Z,-2.92,-4,0,76.42,-79.34,76.42,75.34,NA,Electronic pressure transducer,Water level accuracy to nearest thousandth of a foot,5130,Indio Water Authority (IWA),NA,5130,Indio Water Authority (IWA)
49897,337345N1162245W001,2001007,2011-10-13T00:00:00Z,-2.92,-4,0,74.33,-77.25,74.33,73.25,NA,Electronic pressure transducer,Water level accuracy to nearest thousandth of a foot,5130,Indio Water Authority (IWA),NA,5130,Indio Water Authority (IWA)
