STN_ID,SITE_CODE,WLM_ID,MSMT_DATE,WLM_RPE,WLM_GSE,RDNG_WS,RDNG_RP,WSE,RPE_WSE,GSE_WSE,WLM_QA_DESC,WLM_DESC,WLM_ACC_DESC,WLM_ORG_ID,WLM_ORG_NAME,MSMT_CMT,COOP_AGENCY_ORG_ID,COOP_ORG_NAME
50322,376762N1221518W002,2632614,2020-07-09T13:55:00Z,13.88,13.92,0,6.8,7.08,6.8,6.84,NA,Electric sounder measurement,Water level accuracy to nearest tenth of a foot,1544,East Bay Municipal Utility District (WSID),NA,1544,East Bay Municipal Utility District (WSID)
50322,376762N1221518W002,2581367,2020-04-01T00:00:00Z,13.88,13.92,NA,NA,NA,NA,NA,Temporarily inaccessible,NA,NA,1544,East Bay Municipal Utility District (WSID),Kipp school closed for shelter in place,1544,East Bay Municipal Utility District (WSID)
50322,376762N1221518W002,2495911,2020-01-22T00:00:00Z,13.88,13.92,0,6.4,7.48,6.4,6.44,NA,Electric sounder measurement,Water level accuracy to nearest tenth of a foot,1544,East Bay Municipal Utility District (WSID),NA,1544,East Bay Municipal Utility District (WSID)
50322,376762N1221518W002,2478075,2019-10-04T11:49:00Z,13.88,13.92,0,6.9,6.98,6.9,6.94,NA,Electric sounder measurement,Water level accuracy to nearest tenth of a foot,1544,East Bay Municipal Utility District (WSID),NA,1544,East Bay Municipal Utility District (WSID)
50322,376762N1221518W002,2470723,2019-07-11T00:00:00Z,13.88,13.92,0,5.8,8.08,5.8,5.84,NA,Electric sounder measurement,Water level accuracy to nearest tenth of a foot,1544,East Bay Municipal Utility District (WSID),NA,1544,East Bay Municipal Utility District (WSID)
50322,376762N1221518W002,2437839,2019-01-08T00:00:00Z,13.88,13.92,0,6.4,7.48,6.4,6.44,NA,Electric sounder measurement,Water level accuracy to nearest tenth of a foot,1544,East Bay Municipal Utility District (WSID),NA,1544,East Bay Municipal Utility District (WSID)
50322,376762N1221518W002,2410711,2018-09-27T00:00:00Z,13.88,13.92,0,7.9,5.98,7.9,7.94,NA,Electric sounder measurement,Water level accuracy to nearest tenth of a foot,1544,East Bay Municipal Utility District (WSID),NA,1544,East Bay Municipal Utility District (WSID)
50322,376762N1221518W002,2306607,2018-07-20T00:00:00Z,13.88,13.92,0,6.5,7.38,6.5,6.54,NA,Electric sounder measurement,Water level accuracy to nearest tenth of a foot,1544,East Bay Municipal Utility District (WSID),NA,1544,East Bay Municipal Utility District (WSID)
50322,376762N1221518W002,2285208,2018-04-06T00:00:00Z,13.88,13.92,0,5.8,8.08,5.8,5.84,NA,Electric sounder measurement,Water level accuracy to nearest tenth of a foot,1544,East Bay Municipal Utility District (WSID),NA,1544,East Bay Municipal Utility District (WSID)
50322,376762N1221518W002,2263105,2017-10-03T12:00:00Z,13.88,13.92,0,6.6,7.28,6.6,6.64,NA,Electric sounder measurement,Water level accuracy to nearest tenth of a foot,1544,East Bay Municipal Utility District (WSID),NA,1544,East Bay Municipal Utility District (WSID)
50322,376762N1221518W002,2258826,2017-07-05T00:00:00Z,13.88,13.92,0,6.2,7.68,6.2,6.24,NA,Electric sounder measurement,Water level accuracy to nearest tenth of a foot,1544,East Bay Municipal Utility District (WSID),NA,1544,East Bay Municipal Utility District (WSID)
50322,376762N1221518W002,2238010,2017-04-11T12:00:00Z,13.88,13.92,0,0,13.88,0,0.04,NA,Electric sounder measurement,Water level accuracy to nearest tenth of a foot,1544,East Bay Municipal Utility District (WSID),NA,1544,East Bay Municipal Utility District (WSID)
50322,376762N1221518W002,2230956,2017-01-23T00:00:00Z,13.88,13.92,0,7.6,6.28,7.6,7.64,NA,Electric sounder measurement,Water level accuracy to nearest tenth of a foot,1544,East Bay Municipal Utility District (WSID),NA,1544,East Bay Municipal Utility District (WSID)
50322,376762N1221518W002,2227025,2016-10-11T00:00:00Z,13.88,13.92,0,8.3,5.58,8.3,8.34,NA,Electric sounder measurement,Water level accuracy to nearest tenth of a foot,1544,East Bay Municipal Utility District (WSID),NA,1544,East Bay Municipal Utility District (WSID)
50322,376762N1221518W002,2203628,2016-07-29T00:00:00Z,13.88,13.92,0,8.6,5.28,8.6,8.64,NA,Electric sounder measurement,Water level accuracy to nearest tenth of a foot,1544,East Bay Municipal Utility District (WSID),NA,1544,East Bay Municipal Utility District (WSID)
50322,376762N1221518W002,2186687,2016-04-11T00:00:00Z,13.88,13.92,0,8.5,5.38,8.5,8.54,NA,Electric sounder measurement,Water level accuracy to nearest tenth of a foot,1544,East Bay Municipal Utility District (WSID),NA,1544,East Bay Municipal Utility District (WSID)
50322,376762N1221518W002,2230940,2016-01-28T00:00:00Z,13.88,13.92,0,9.6,4.28,9.6,9.64,NA,Electric sounder measurement,Water level accuracy to nearest tenth of a foot,1544,East Bay Municipal Utility District (WSID),NA,1544,East Bay Municipal Utility District (WSID)
50322,376762N1221518W002,2156781,2015-10-15T00:00:00Z,13.88,13.92,0,10.7,3.18,10.7,10.74,NA,Electric sounder measurement,Water level accuracy to nearest tenth of a foot,1544,East Bay Municipal Utility District (WSID),NA,1544,East Bay Municipal Utility District (WSID)
50322,376762N1221518W002,2143905,2015-07-08T00:00:00Z,13.88,13.92,0,10,3.88,10,10.04,NA,Electric sounder measurement,Water level accuracy to nearest tenth of a foot,1544,East Bay Municipal Utility District (WSID),NA,1544,East Bay Municipal Utility District (WSID)
50322,376762N1221518W002,2143904,2015-05-15T00:00:00Z,13.88,13.92,0,9.1,4.78,9.1,9.14,NA,Electric sounder measurement,Water level accuracy to nearest tenth of a foot,1544,East Bay Municipal Utility District (WSID),NA,1544,East Bay Municipal Utility District (WSID)
50322,376762N1221518W002,2116756,2015-03-16T00:00:00Z,13.88,13.92,0,10.3,3.58,10.3,10.34,NA,Electric sounder measurement,Water level accuracy to nearest tenth of a foot,1544,East Bay Municipal Utility District (WSID),NA,1544,East Bay Municipal Utility District (WSID)
50322,376762N1221518W002,2115322,2015-02-04T00:00:00Z,13.88,13.92,0,10.8,3.08,10.8,10.84,NA,Electric sounder measurement,Water level accuracy to nearest tenth of a foot,1544,East Bay Municipal Utility District (WSID),NA,1544,East Bay Municipal Utility District (WSID)
50322,376762N1221518W002,2115323,2014-12-08T00:00:00Z,13.88,13.92,0,11.8,2.08,11.8,11.84,NA,Electric sounder measurement,Water level accuracy to nearest tenth of a foot,1544,East Bay Municipal Utility District (WSID),NA,1544,East Bay Municipal Utility District (WSID)
50322,376762N1221518W002,1993741,2014-08-07T00:00:00Z,13.88,13.92,0,11.8,2.08,11.8,11.84,NA,Electric sounder measurement,Water level accuracy to nearest tenth of a foot,1544,East Bay Municipal Utility District (WSID),NA,1544,East Bay Municipal Utility District (WSID)
50322,376762N1221518W002,1992068,2014-05-22T00:00:00Z,13.88,13.92,0,10.7,3.18,10.7,10.74,NA,Electric sounder measurement,Water level accuracy to nearest tenth of a foot,1544,East Bay Municipal Utility District (WSID),NA,1544,East Bay Municipal Utility District (WSID)
50322,376762N1221518W002,1986548,2013-10-01T00:00:00Z,13.88,13.92,0,3.475,10.405,3.475,3.515,NA,Electronic pressure transducer,Water level accuracy to nearest tenth of a foot,1544,East Bay Municipal Utility District (WSID),1st reading on date shown,1544,East Bay Municipal Utility District (WSID)
50322,376762N1221518W002,1986547,2013-04-01T00:00:00Z,13.88,13.92,0,1.779,12.101,1.779,1.819,NA,Electronic pressure transducer,Water level accuracy to nearest tenth of a foot,1544,East Bay Municipal Utility District (WSID),1st reading on date shown,1544,East Bay Municipal Utility District (WSID)
50322,376762N1221518W002,1986546,2012-10-01T00:00:00Z,13.88,13.92,0,7.593,6.287,7.593,7.633,NA,Electronic pressure transducer,Water level accuracy to nearest tenth of a foot,1544,East Bay Municipal Utility District (WSID),1st reading on date shown,1544,East Bay Municipal Utility District (WSID)
50322,376762N1221518W002,1986545,2012-04-01T00:00:00Z,13.88,13.92,0,6.132,7.748,6.132,6.172,NA,Electronic pressure transducer,Water level accuracy to nearest tenth of a foot,1544,East Bay Municipal Utility District (WSID),1st reading on date shown,1544,East Bay Municipal Utility District (WSID)
50322,376762N1221518W002,1986544,2011-10-01T00:00:00Z,13.88,13.92,0,7.065,6.815,7.065,7.105,NA,Electronic pressure transducer,Water level accuracy to nearest tenth of a foot,1544,East Bay Municipal Utility District (WSID),1st reading on date shown,1544,East Bay Municipal Utility District (WSID)
50322,376762N1221518W002,1986543,2011-04-01T00:00:00Z,13.88,13.92,0,7.224,6.656,7.224,7.264,NA,Electronic pressure transducer,Water level accuracy to nearest tenth of a foot,1544,East Bay Municipal Utility District (WSID),1st reading on date shown,1544,East Bay Municipal Utility District (WSID)
