STN_ID,SITE_CODE,WLM_ID,MSMT_DATE,WLM_RPE,WLM_GSE,RDNG_WS,RDNG_RP,WSE,RPE_WSE,GSE_WSE,WLM_QA_DESC,WLM_DESC,WLM_ACC_DESC,WLM_ORG_ID,WLM_ORG_NAME,MSMT_CMT,COOP_AGENCY_ORG_ID,COOP_ORG_NAME
50444,342940N1184562W001,2627592,2020-04-14T11:25:00Z,1131.5,1130.42,0,25.09,1106.41,25.09,24.01,NA,Electric sounder measurement,Water level accuracy is unknown,5171,Upper Los Angeles River Area Watermaster,4840J  was destroyed at an unknown date. 4840K used for WL,5123,Los Angeles Department of Water and Power
50444,342940N1184562W001,2484901,2019-11-12T00:00:00Z,1131.5,1130.42,0,28.94,1102.56,28.94,27.86,NA,Electric sounder measurement,Water level accuracy is unknown,5171,Upper Los Angeles River Area Watermaster,4840J  was destroyed at an unknown date. 4840K used for WL,5123,Los Angeles Department of Water and Power
50444,342940N1184562W001,2457378,2019-04-01T00:00:00Z,1131.5,1130.42,0,27.24,1104.26,27.24,26.16,NA,Electric sounder measurement,Water level accuracy is unknown,5171,Upper Los Angeles River Area Watermaster,4840J  was destroyed at an unknown date. 4840K used for WL,5123,Los Angeles Department of Water and Power
50444,342940N1184562W001,2431876,2018-10-15T00:00:00Z,1131.5,1130.42,NA,NA,NA,NA,NA,Well has been destroyed,NA,NA,5171,Upper Los Angeles River Area Watermaster,4840J  was destroyed at an unknown date.,5123,Los Angeles Department of Water and Power
50444,342940N1184562W001,2297937,2018-03-15T00:00:00Z,1131.5,1130.42,NA,NA,NA,NA,NA,Well has been destroyed,NA,NA,5171,Upper Los Angeles River Area Watermaster,4840J  was destroyed at an unknown date.,5123,Los Angeles Department of Water and Power
50444,342940N1184562W001,2271542,2017-10-03T00:00:00Z,1131.5,1130.42,0,33.6,1097.9,33.6,32.52,NA,Electric sounder measurement,Water level accuracy is unknown,5171,Upper Los Angeles River Area Watermaster,4840B  was destroyed at an unknown date. Well 4840J (Mission Well #5) is the replacement for well 4840B.,5171,Upper Los Angeles River Area Watermaster
50444,342940N1184562W001,2255908,2017-04-17T00:00:00Z,1131.5,1130.42,NA,NA,NA,NA,NA,Temporarily inaccessible,NA,NA,5171,Upper Los Angeles River Area Watermaster,4840B  was destroyed at an unknown date. Well 4840J (Mission Well #5) is the replacement for well 4840B.,5123,Los Angeles Department of Water and Power
50444,342940N1184562W001,2224136,2016-10-21T13:45:00Z,1131.5,1130.42,0,38.05,1093.45,38.05,36.97,NA,Unknown,Water level accuracy is unknown,5171,Upper Los Angeles River Area Watermaster,4840B  was destroyed at an unknown date. Well 4840J (Mission Well #5) is the replacement for well 4840B.,5123,Los Angeles Department of Water and Power
50444,342940N1184562W001,2263096,2016-03-06T00:00:00Z,1131.5,1130.42,NA,NA,NA,NA,NA,Temporarily inaccessible,NA,NA,5171,Upper Los Angeles River Area Watermaster,4840B  was destroyed at an unknown date. Well 4840J (Mission Well #5) is the replacement for well 4840B.,5123,Los Angeles Department of Water and Power
50444,342940N1184562W001,2170028,2015-10-14T14:00:00Z,1131.5,1131.5,NA,NA,NA,NA,NA,Temporarily inaccessible,NA,NA,5171,Upper Los Angeles River Area Watermaster,4840J,5123,Los Angeles Department of Water and Power
50444,342940N1184562W001,2148050,2015-03-18T00:00:00Z,1131.5,1131.5,NA,NA,NA,NA,NA,Well has been destroyed,NA,NA,5171,Upper Los Angeles River Area Watermaster,4840B  was destroyed at an unknown date. Well 4840J (Mission Well #5) is the replacement for well 4840B.,5123,Los Angeles Department of Water and Power
50444,342940N1184562W001,2127087,2015-03-18T00:00:00Z,1131.5,1131.5,NA,NA,NA,NA,NA,Temporarily inaccessible,NA,NA,5171,Upper Los Angeles River Area Watermaster,4840J (Mission Well #5) was inaccessible,5123,Los Angeles Department of Water and Power
50444,342940N1184562W001,2026272,2014-10-09T00:00:00Z,1131.5,1131.5,0,36.3,1095.2,36.3,36.3,NA,Unknown,Water level accuracy is unknown,5171,Upper Los Angeles River Area Watermaster,4840J,5123,Los Angeles Department of Water and Power
50444,342940N1184562W001,2148060,2014-03-13T00:00:00Z,1131.5,1131.5,0,51.98,1079.52,51.98,51.98,NA,Unknown,Water level accuracy is unknown,5171,Upper Los Angeles River Area Watermaster,4840B  was destroyed at an unknown date. Well 4840J (Mission Well #5) is the replacement for well 4840B.,5123,Los Angeles Department of Water and Power
50444,342940N1184562W001,2148059,2014-01-08T00:00:00Z,1131.5,1131.5,0,53.7,1077.8,53.7,53.7,NA,Unknown,Water level accuracy is unknown,5171,Upper Los Angeles River Area Watermaster,4840B  was destroyed at an unknown date. Well 4840J (Mission Well #5) is the replacement for well 4840B.,5123,Los Angeles Department of Water and Power
50444,342940N1184562W001,2016225,2014-01-08T00:00:00Z,1131.58,1131.5,0,53.7,1077.88,53.7,53.617,NA,Unknown,Water level accuracy is unknown,5171,Upper Los Angeles River Area Watermaster,4840J,5123,Los Angeles Department of Water and Power
50444,342940N1184562W001,2148058,2013-08-07T00:00:00Z,1131.5,1131.5,0,58.6,1072.9,58.6,58.6,NA,Unknown,Water level accuracy is unknown,5171,Upper Los Angeles River Area Watermaster,4840B  was destroyed at an unknown date. Well 4840J (Mission Well #5) is the replacement for well 4840B.,5123,Los Angeles Department of Water and Power
50444,342940N1184562W001,2000949,2013-08-07T00:00:00Z,1131.58,1131.5,0,58.61,1072.97,58.61,58.527,NA,Unknown,Water level accuracy is unknown,5171,Upper Los Angeles River Area Watermaster,4840J,5123,Los Angeles Department of Water and Power
50444,342940N1184562W001,2000948,2013-07-11T00:00:00Z,1131.58,1131.5,0,57.9,1073.68,57.9,57.817,NA,Unknown,Water level accuracy is unknown,5171,Upper Los Angeles River Area Watermaster,4840J,5123,Los Angeles Department of Water and Power
50444,342940N1184562W001,2148057,2013-07-11T00:00:00Z,1131.5,1131.5,0,57.9,1073.6,57.9,57.9,NA,Unknown,Water level accuracy is unknown,5171,Upper Los Angeles River Area Watermaster,4840B  was destroyed at an unknown date. Well 4840J (Mission Well #5) is the replacement for well 4840B.,5123,Los Angeles Department of Water and Power
50444,342940N1184562W001,2000947,2013-05-22T00:00:00Z,1131.58,1131.5,0,57.4,1074.18,57.4,57.317,NA,Unknown,Water level accuracy is unknown,5171,Upper Los Angeles River Area Watermaster,4840J,5123,Los Angeles Department of Water and Power
50444,342940N1184562W001,2148056,2013-05-22T00:00:00Z,1131.5,1131.5,0,57.4,1074.1,57.4,57.4,NA,Unknown,Water level accuracy is unknown,5171,Upper Los Angeles River Area Watermaster,4840B  was destroyed at an unknown date. Well 4840J (Mission Well #5) is the replacement for well 4840B.,5123,Los Angeles Department of Water and Power
50444,342940N1184562W001,2148055,2013-04-01T00:00:00Z,1131.5,1131.5,0,56.4,1075.1,56.4,56.4,NA,Unknown,Water level accuracy is unknown,5171,Upper Los Angeles River Area Watermaster,4840B  was destroyed at an unknown date. Well 4840J (Mission Well #5) is the replacement for well 4840B.,5123,Los Angeles Department of Water and Power
50444,342940N1184562W001,2000946,2013-04-01T00:00:00Z,1131.58,1131.5,0,56.38,1075.2,56.38,56.297,NA,Unknown,Water level accuracy is unknown,5171,Upper Los Angeles River Area Watermaster,4840J,5123,Los Angeles Department of Water and Power
50444,342940N1184562W001,2148054,2013-02-28T00:00:00Z,1131.5,1131.5,0,57.2,1074.3,57.2,57.2,NA,Unknown,Water level accuracy is unknown,5171,Upper Los Angeles River Area Watermaster,4840B  was destroyed at an unknown date. Well 4840J (Mission Well #5) is the replacement for well 4840B.,5123,Los Angeles Department of Water and Power
50444,342940N1184562W001,2000945,2013-02-28T00:00:00Z,1131.58,1131.5,0,57.19,1074.39,57.19,57.107,NA,Unknown,Water level accuracy is unknown,5171,Upper Los Angeles River Area Watermaster,4840J,5123,Los Angeles Department of Water and Power
50444,342940N1184562W001,2000944,2013-01-25T00:00:00Z,1131.58,1131.5,0,56.36,1075.22,56.36,56.277,NA,Unknown,Water level accuracy is unknown,5171,Upper Los Angeles River Area Watermaster,4840J,5123,Los Angeles Department of Water and Power
50444,342940N1184562W001,2148053,2013-01-25T00:00:00Z,1131.5,1131.5,0,56.4,1075.1,56.4,56.4,NA,Unknown,Water level accuracy is unknown,5171,Upper Los Angeles River Area Watermaster,4840B  was destroyed at an unknown date. Well 4840J (Mission Well #5) is the replacement for well 4840B.,5123,Los Angeles Department of Water and Power
50444,342940N1184562W001,2148052,2012-12-13T00:00:00Z,1131.5,1131.5,0,57,1074.5,57,57,NA,Unknown,Water level accuracy is unknown,5171,Upper Los Angeles River Area Watermaster,4840B  was destroyed at an unknown date. Well 4840J (Mission Well #5) is the replacement for well 4840B.,5123,Los Angeles Department of Water and Power
50444,342940N1184562W001,2000943,2012-12-13T00:00:00Z,1131.58,1131.5,0,57,1074.58,57,56.917,NA,Unknown,Water level accuracy is unknown,5171,Upper Los Angeles River Area Watermaster,4840J,5123,Los Angeles Department of Water and Power
50444,342940N1184562W001,2148051,2012-11-07T00:00:00Z,1131.5,1131.5,0,57.3,1074.2,57.3,57.3,NA,Unknown,Water level accuracy is unknown,5171,Upper Los Angeles River Area Watermaster,4840B  was destroyed at an unknown date. Well 4840J (Mission Well #5) is the replacement for well 4840B.,5123,Los Angeles Department of Water and Power
50444,342940N1184562W001,2000942,2012-11-07T00:00:00Z,1131.58,1131.5,0,57.3,1074.28,57.3,57.217,NA,Unknown,Water level accuracy is unknown,5171,Upper Los Angeles River Area Watermaster,4840J,5123,Los Angeles Department of Water and Power
50444,342940N1184562W001,2148062,2012-03-01T00:00:00Z,1131.5,1131.5,NA,NA,NA,NA,NA,Temporarily inaccessible,NA,NA,5171,Upper Los Angeles River Area Watermaster,4840B  was destroyed at an unknown date. Well 4840J (Mission Well #5) is the replacement for well 4840B.,5123,Los Angeles Department of Water and Power
50444,342940N1184562W001,2148061,2011-10-01T00:00:00Z,1131.5,1131.5,NA,NA,NA,NA,NA,Temporarily inaccessible,NA,NA,5171,Upper Los Angeles River Area Watermaster,4840B  was destroyed at an unknown date. Well 4840J (Mission Well #5) is the replacement for well 4840B.,5123,Los Angeles Department of Water and Power
