STN_ID,SITE_CODE,WLM_ID,MSMT_DATE,WLM_RPE,WLM_GSE,RDNG_WS,RDNG_RP,WSE,RPE_WSE,GSE_WSE,WLM_QA_DESC,WLM_DESC,WLM_ACC_DESC,WLM_ORG_ID,WLM_ORG_NAME,MSMT_CMT,COOP_AGENCY_ORG_ID,COOP_ORG_NAME
50450,392361N1215824W001,2456607,2019-03-31T00:00:00Z,77.04,76.04,0,8.1,68.94,8.1,7.1,NA,Electric sounder measurement,Water level accuracy to nearest hundredth of a foot,1,Department of Water Resources,WTM,1509,Cordua Irrigation District
50450,392361N1215824W001,2456606,2019-03-04T00:00:00Z,77.04,76.04,0,8.4,68.64,8.4,7.4,NA,Electric sounder measurement,Water level accuracy to nearest hundredth of a foot,1,Department of Water Resources,WTM,1509,Cordua Irrigation District
50450,392361N1215824W001,2456605,2019-02-05T00:00:00Z,77.04,76.04,0,14.5,62.54,14.5,13.5,NA,Electric sounder measurement,Water level accuracy to nearest hundredth of a foot,1,Department of Water Resources,WTM,1509,Cordua Irrigation District
50450,392361N1215824W001,2456604,2019-01-02T00:00:00Z,77.04,76.04,0,19.2,57.84,19.2,18.2,NA,Electric sounder measurement,Water level accuracy to nearest hundredth of a foot,1,Department of Water Resources,WTM,1509,Cordua Irrigation District
50450,392361N1215824W001,2456603,2018-12-03T00:00:00Z,77.04,76.04,0,21.7,55.34,21.7,20.7,NA,Electric sounder measurement,Water level accuracy to nearest hundredth of a foot,1,Department of Water Resources,WTM,1509,Cordua Irrigation District
50450,392361N1215824W001,2456602,2018-11-26T00:00:00Z,77.04,76.04,0,22.6,54.44,22.6,21.6,NA,Electric sounder measurement,Water level accuracy to nearest hundredth of a foot,1,Department of Water Resources,WTM,1509,Cordua Irrigation District
50450,392361N1215824W001,2456601,2018-11-19T00:00:00Z,77.04,76.04,0,24.4,52.64,24.4,23.4,NA,Electric sounder measurement,Water level accuracy to nearest hundredth of a foot,1,Department of Water Resources,WTM,1509,Cordua Irrigation District
50450,392361N1215824W001,2456600,2018-11-12T00:00:00Z,77.04,76.04,0,25.2,51.84,25.2,24.2,NA,Electric sounder measurement,Water level accuracy to nearest hundredth of a foot,1,Department of Water Resources,WTM,1509,Cordua Irrigation District
50450,392361N1215824W001,2416753,2018-11-06T00:00:00Z,77.04,76.04,0,25.9,51.14,25.9,24.9,NA,Electric sounder measurement,Water level accuracy to nearest hundredth of a foot,1,Department of Water Resources,WTM,1509,Cordua Irrigation District
50450,392361N1215824W001,2416752,2018-10-28T00:00:00Z,77.04,76.04,0,26.7,50.34,26.7,25.7,NA,Electric sounder measurement,Water level accuracy to nearest hundredth of a foot,1,Department of Water Resources,WTM,1509,Cordua Irrigation District
50450,392361N1215824W001,2416751,2018-10-08T09:30:00Z,77.04,76.04,0,25.1,51.94,25.1,24.1,NA,Electric sounder measurement,Water level accuracy to nearest hundredth of a foot,1,Department of Water Resources,WTM,1509,Cordua Irrigation District
50450,392361N1215824W001,2416750,2018-10-01T14:41:00Z,77.04,76.04,0,25.5,51.54,25.5,24.5,NA,Electric sounder measurement,Water level accuracy to nearest hundredth of a foot,1,Department of Water Resources,WTM,1509,Cordua Irrigation District
50450,392361N1215824W001,2416749,2018-09-24T13:47:00Z,77.04,76.04,0,25.7,51.34,25.7,24.7,NA,Electric sounder measurement,Water level accuracy to nearest hundredth of a foot,1,Department of Water Resources,WTM,1509,Cordua Irrigation District
50450,392361N1215824W001,2416748,2018-09-16T17:04:00Z,77.04,76.04,0,28,49.04,28,27,NA,Electric sounder measurement,Water level accuracy to nearest hundredth of a foot,1,Department of Water Resources,WTM,1509,Cordua Irrigation District
50450,392361N1215824W001,2416747,2018-09-10T15:02:00Z,77.04,76.04,0,28.3,48.74,28.3,27.3,NA,Electric sounder measurement,Water level accuracy to nearest hundredth of a foot,1,Department of Water Resources,WTM,1509,Cordua Irrigation District
50450,392361N1215824W001,2416746,2018-09-01T15:39:00Z,77.04,76.04,0,27.5,49.54,27.5,26.5,NA,Electric sounder measurement,Water level accuracy to nearest hundredth of a foot,1,Department of Water Resources,WTM,1509,Cordua Irrigation District
50450,392361N1215824W001,2416745,2018-08-25T14:18:00Z,77.04,76.04,0,27.8,49.24,27.8,26.8,NA,Electric sounder measurement,Water level accuracy to nearest hundredth of a foot,1,Department of Water Resources,WTM,1509,Cordua Irrigation District
50450,392361N1215824W001,2416744,2018-08-20T14:34:00Z,77.04,76.04,0,28.2,48.84,28.2,27.2,NA,Electric sounder measurement,Water level accuracy to nearest hundredth of a foot,1,Department of Water Resources,WTM,1509,Cordua Irrigation District
50450,392361N1215824W001,2416743,2018-08-12T13:28:00Z,77.04,76.04,0,30.2,46.84,30.2,29.2,NA,Electric sounder measurement,Water level accuracy to nearest hundredth of a foot,1,Department of Water Resources,WTM,1509,Cordua Irrigation District
50450,392361N1215824W001,2416742,2018-08-06T13:17:00Z,77.04,76.04,0,30.8,46.24,30.8,29.8,NA,Electric sounder measurement,Water level accuracy to nearest hundredth of a foot,1,Department of Water Resources,WTM,1509,Cordua Irrigation District
50450,392361N1215824W001,2416741,2018-07-30T12:41:00Z,77.04,76.04,0,27.4,49.64,27.4,26.4,NA,Electric sounder measurement,Water level accuracy to nearest hundredth of a foot,1,Department of Water Resources,WTM,1509,Cordua Irrigation District
50450,392361N1215824W001,2416740,2018-07-23T15:03:00Z,77.04,76.04,0,27.9,49.14,27.9,26.9,NA,Electric sounder measurement,Water level accuracy to nearest hundredth of a foot,1,Department of Water Resources,WTM,1509,Cordua Irrigation District
50450,392361N1215824W001,2416739,2018-07-17T11:26:00Z,77.04,76.04,0,26.4,50.64,26.4,25.4,NA,Electric sounder measurement,Water level accuracy to nearest hundredth of a foot,1,Department of Water Resources,WTM,1509,Cordua Irrigation District
50450,392361N1215824W001,2226881,2016-11-29T15:40:00Z,77.04,76.04,0,19.8,57.24,19.8,18.8,NA,Electric sounder measurement,Water level accuracy to nearest hundredth of a foot,1,Department of Water Resources,NA,1509,Cordua Irrigation District
50450,392361N1215824W001,2226880,2016-11-01T14:45:00Z,77.04,76.04,0,20.1,56.94,20.1,19.1,NA,Electric sounder measurement,Water level accuracy to nearest hundredth of a foot,1,Department of Water Resources,NA,1509,Cordua Irrigation District
50450,392361N1215824W001,2226879,2016-10-04T12:25:00Z,77.04,76.04,0,22.6,54.44,22.6,21.6,NA,Electric sounder measurement,Water level accuracy to nearest hundredth of a foot,1,Department of Water Resources,NA,1509,Cordua Irrigation District
50450,392361N1215824W001,2226878,2016-09-20T12:00:00Z,77.04,76.04,0,17.5,59.54,17.5,16.5,NA,Electric sounder measurement,Water level accuracy to nearest hundredth of a foot,1,Department of Water Resources,NA,1509,Cordua Irrigation District
50450,392361N1215824W001,2226877,2016-09-06T15:10:00Z,77.04,76.04,0,21.4,55.64,21.4,20.4,NA,Electric sounder measurement,Water level accuracy to nearest hundredth of a foot,1,Department of Water Resources,NA,1509,Cordua Irrigation District
50450,392361N1215824W001,2226876,2016-08-23T10:25:00Z,77.04,76.04,0,24.8,52.24,24.8,23.8,NA,Electric sounder measurement,Water level accuracy to nearest hundredth of a foot,1,Department of Water Resources,NA,1509,Cordua Irrigation District
50450,392361N1215824W001,2226875,2016-08-11T11:45:00Z,77.04,76.04,0,19.5,57.54,19.5,18.5,NA,Electric sounder measurement,Water level accuracy to nearest hundredth of a foot,1,Department of Water Resources,NA,1509,Cordua Irrigation District
50450,392361N1215824W001,2226874,2016-07-26T10:55:00Z,77.04,76.04,0,19.9,57.14,19.9,18.9,NA,Electric sounder measurement,Water level accuracy to nearest hundredth of a foot,1,Department of Water Resources,NA,1509,Cordua Irrigation District
50450,392361N1215824W001,2226873,2016-07-12T13:50:00Z,77.04,76.04,0,25.9,51.14,25.9,24.9,NA,Electric sounder measurement,Water level accuracy to nearest hundredth of a foot,1,Department of Water Resources,NA,1509,Cordua Irrigation District
50450,392361N1215824W001,2226872,2016-06-28T12:00:00Z,77.04,76.04,0,27.1,49.94,27.1,26.1,NA,Electric sounder measurement,Water level accuracy to nearest hundredth of a foot,1,Department of Water Resources,NA,1509,Cordua Irrigation District
50450,392361N1215824W001,2226871,2016-06-14T12:00:00Z,77.04,76.04,0,21.8,55.24,21.8,20.8,NA,Electric sounder measurement,Water level accuracy to nearest hundredth of a foot,1,Department of Water Resources,NA,1509,Cordua Irrigation District
50450,392361N1215824W001,2226870,2016-05-31T14:15:00Z,77.04,76.04,NA,NA,NA,NA,NA,Temporarily inaccessible,NA,NA,1,Department of Water Resources,NA,1509,Cordua Irrigation District
50450,392361N1215824W001,2226869,2016-05-19T11:20:00Z,77.04,76.04,0,20.7,56.34,20.7,19.7,NA,Electric sounder measurement,Water level accuracy to nearest hundredth of a foot,1,Department of Water Resources,NA,1509,Cordua Irrigation District
50450,392361N1215824W001,2226868,2016-04-13T14:25:00Z,77.04,76.04,0,15,62.04,15,14,NA,Electric sounder measurement,Water level accuracy to nearest hundredth of a foot,1,Department of Water Resources,NA,1509,Cordua Irrigation District
50450,392361N1215824W001,2226867,2016-03-29T13:40:00Z,77.04,76.04,0,13.4,63.64,13.4,12.4,NA,Electric sounder measurement,Water level accuracy to nearest hundredth of a foot,1,Department of Water Resources,NA,1509,Cordua Irrigation District
50450,392361N1215824W001,2226866,2016-03-15T13:30:00Z,77.04,76.04,0,14.3,62.74,14.3,13.3,NA,Electric sounder measurement,Water level accuracy to nearest hundredth of a foot,1,Department of Water Resources,NA,1509,Cordua Irrigation District
50450,392361N1215824W001,2226865,2016-03-01T15:10:00Z,77.04,76.04,0,16.3,60.74,16.3,15.3,NA,Electric sounder measurement,Water level accuracy to nearest hundredth of a foot,1,Department of Water Resources,NA,1509,Cordua Irrigation District
50450,392361N1215824W001,2226864,2016-02-16T10:45:00Z,77.04,76.04,0,18.7,58.34,18.7,17.7,NA,Electric sounder measurement,Water level accuracy to nearest hundredth of a foot,1,Department of Water Resources,NA,1509,Cordua Irrigation District
50450,392361N1215824W001,2188335,2016-02-02T13:45:00Z,77.04,76.04,0,19.5,57.54,19.5,18.5,NA,Electric sounder measurement,Water level accuracy to nearest hundredth of a foot,1,Department of Water Resources,NA,1509,Cordua Irrigation District
50450,392361N1215824W001,2188334,2016-01-19T12:15:00Z,77.04,76.04,0,19.1,57.94,19.1,18.1,NA,Electric sounder measurement,Water level accuracy to nearest hundredth of a foot,1,Department of Water Resources,NA,1509,Cordua Irrigation District
50450,392361N1215824W001,2188333,2016-01-04T11:55:00Z,77.04,76.04,0,20.3,56.74,20.3,19.3,NA,Electric sounder measurement,Water level accuracy to nearest hundredth of a foot,1,Department of Water Resources,NA,1509,Cordua Irrigation District
50450,392361N1215824W001,2188332,2015-12-22T12:10:00Z,77.04,76.04,0,19.5,57.54,19.5,18.5,NA,Electric sounder measurement,Water level accuracy to nearest hundredth of a foot,1,Department of Water Resources,NA,1509,Cordua Irrigation District
50450,392361N1215824W001,2188331,2015-12-08T14:35:00Z,77.04,76.04,0,22.9,54.14,22.9,21.9,NA,Electric sounder measurement,Water level accuracy to nearest hundredth of a foot,1,Department of Water Resources,NA,1509,Cordua Irrigation District
50450,392361N1215824W001,2188330,2015-11-24T08:55:00Z,77.04,76.04,0,22.6,54.44,22.6,21.6,NA,Electric sounder measurement,Water level accuracy to nearest hundredth of a foot,1,Department of Water Resources,NA,1509,Cordua Irrigation District
50450,392361N1215824W001,2188329,2015-11-03T14:00:00Z,77.04,76.04,0,22.4,54.64,22.4,21.4,NA,Electric sounder measurement,Water level accuracy to nearest hundredth of a foot,1,Department of Water Resources,NA,1509,Cordua Irrigation District
50450,392361N1215824W001,2188328,2015-10-20T13:50:00Z,77.04,76.04,0,24.2,52.84,24.2,23.2,NA,Electric sounder measurement,Water level accuracy to nearest hundredth of a foot,1,Department of Water Resources,NA,1509,Cordua Irrigation District
50450,392361N1215824W001,2172387,2015-10-06T10:25:00Z,77.04,76.04,0,26.9,50.14,26.9,25.9,NA,Electric sounder measurement,Water level accuracy to nearest hundredth of a foot,1,Department of Water Resources,NA,1509,Cordua Irrigation District
50450,392361N1215824W001,2172386,2015-09-22T13:00:00Z,77.04,76.04,0,28.1,48.94,28.1,27.1,NA,Electric sounder measurement,Water level accuracy to nearest hundredth of a foot,1,Department of Water Resources,NA,1509,Cordua Irrigation District
50450,392361N1215824W001,2172385,2015-09-08T15:45:00Z,77.04,76.04,0,24.7,52.34,24.7,23.7,NA,Electric sounder measurement,Water level accuracy to nearest hundredth of a foot,1,Department of Water Resources,NA,1509,Cordua Irrigation District
50450,392361N1215824W001,2172384,2015-08-25T11:20:00Z,77.04,76.04,0,29.1,47.94,29.1,28.1,NA,Electric sounder measurement,Water level accuracy to nearest hundredth of a foot,1,Department of Water Resources,NA,1509,Cordua Irrigation District
50450,392361N1215824W001,2172383,2015-08-11T14:45:00Z,77.04,76.04,0,25.5,51.54,25.5,24.5,NA,Electric sounder measurement,Water level accuracy to nearest hundredth of a foot,1,Department of Water Resources,NA,1509,Cordua Irrigation District
50450,392361N1215824W001,2172382,2015-07-28T09:05:00Z,77.04,76.04,0,27.9,49.14,27.9,26.9,NA,Electric sounder measurement,Water level accuracy to nearest hundredth of a foot,1,Department of Water Resources,NA,1509,Cordua Irrigation District
50450,392361N1215824W001,2172381,2015-07-13T13:05:00Z,77.04,76.04,0,30,47.04,30,29,NA,Electric sounder measurement,Water level accuracy to nearest hundredth of a foot,1,Department of Water Resources,NA,1509,Cordua Irrigation District
50450,392361N1215824W001,2172380,2015-06-30T14:00:00Z,77.04,76.04,0,32,45.04,32,31,NA,Electric sounder measurement,Water level accuracy to nearest hundredth of a foot,1,Department of Water Resources,NA,1509,Cordua Irrigation District
50450,392361N1215824W001,2172379,2015-06-16T15:20:00Z,77.04,76.04,0,26.3,50.74,26.3,25.3,NA,Electric sounder measurement,Water level accuracy to nearest hundredth of a foot,1,Department of Water Resources,NA,1509,Cordua Irrigation District
50450,392361N1215824W001,2172378,2015-06-02T10:30:00Z,77.04,76.04,0,27,50.04,27,26,NA,Electric sounder measurement,Water level accuracy to nearest hundredth of a foot,1,Department of Water Resources,NA,1509,Cordua Irrigation District
50450,392361N1215824W001,2172377,2015-05-19T13:00:00Z,77.04,76.04,0,17.5,59.54,17.5,16.5,NA,Electric sounder measurement,Water level accuracy to nearest hundredth of a foot,1,Department of Water Resources,NA,1509,Cordua Irrigation District
50450,392361N1215824W001,2171807,2015-05-05T14:15:00Z,77.04,76.04,0,22.3,54.74,22.3,21.3,NA,Electric sounder measurement,Water level accuracy to nearest hundredth of a foot,1,Department of Water Resources,WTM,1509,Cordua Irrigation District
50450,392361N1215824W001,2171806,2015-04-21T11:35:00Z,77.04,76.04,0,34.7,42.34,34.7,33.7,Pumping,Electric sounder measurement,Water level accuracy to nearest hundredth of a foot,1,Department of Water Resources,WTM,1509,Cordua Irrigation District
50450,392361N1215824W001,2171805,2015-04-07T10:40:00Z,77.04,76.04,0,18.8,58.24,18.8,17.8,NA,Electric sounder measurement,Water level accuracy to nearest hundredth of a foot,1,Department of Water Resources,WTM,1509,Cordua Irrigation District
50450,392361N1215824W001,2171804,2015-03-24T14:10:00Z,77.04,76.04,0,18.1,58.94,18.1,17.1,NA,Electric sounder measurement,Water level accuracy to nearest hundredth of a foot,1,Department of Water Resources,WTM,1509,Cordua Irrigation District
50450,392361N1215824W001,2171803,2015-03-10T14:30:00Z,77.04,76.04,0,19,58.04,19,18,NA,Electric sounder measurement,Water level accuracy to nearest hundredth of a foot,1,Department of Water Resources,WTM,1509,Cordua Irrigation District
50450,392361N1215824W001,2171802,2015-02-24T11:20:00Z,77.04,76.04,0,16.1,60.94,16.1,15.1,NA,Electric sounder measurement,Water level accuracy to nearest hundredth of a foot,1,Department of Water Resources,WTM,1509,Cordua Irrigation District
50450,392361N1215824W001,2171801,2015-01-13T12:40:00Z,77.04,76.04,0,16.9,60.14,16.9,15.9,NA,Electric sounder measurement,Water level accuracy to nearest hundredth of a foot,1,Department of Water Resources,WTM,1509,Cordua Irrigation District
50450,392361N1215824W001,2171800,2015-01-06T11:30:00Z,77.04,76.04,0,15.5,61.54,15.5,14.5,NA,Electric sounder measurement,Water level accuracy to nearest hundredth of a foot,1,Department of Water Resources,WTM,1509,Cordua Irrigation District
50450,392361N1215824W001,2171799,2014-12-30T13:10:00Z,77.04,76.04,0,20.4,56.64,20.4,19.4,NA,Electric sounder measurement,Water level accuracy to nearest hundredth of a foot,1,Department of Water Resources,WTM,1509,Cordua Irrigation District
50450,392361N1215824W001,2171798,2014-12-23T13:50:00Z,77.04,76.04,0,21.1,55.94,21.1,20.1,NA,Electric sounder measurement,Water level accuracy to nearest hundredth of a foot,1,Department of Water Resources,WTM,1509,Cordua Irrigation District
50450,392361N1215824W001,2171797,2014-12-16T12:35:00Z,77.04,76.04,0,20.9,56.14,20.9,19.9,NA,Electric sounder measurement,Water level accuracy to nearest hundredth of a foot,1,Department of Water Resources,WTM,1509,Cordua Irrigation District
50450,392361N1215824W001,2171796,2014-12-09T12:50:00Z,77.04,76.04,0,19.8,57.24,19.8,18.8,NA,Electric sounder measurement,Water level accuracy to nearest hundredth of a foot,1,Department of Water Resources,WTM,1509,Cordua Irrigation District
50450,392361N1215824W001,2171795,2014-12-02T10:35:00Z,77.04,76.04,0,21.7,55.34,21.7,20.7,NA,Electric sounder measurement,Water level accuracy to nearest hundredth of a foot,1,Department of Water Resources,WTM,1509,Cordua Irrigation District
50450,392361N1215824W001,2171794,2014-11-25T12:15:00Z,77.04,76.04,0,23.9,53.14,23.9,22.9,NA,Electric sounder measurement,Water level accuracy to nearest hundredth of a foot,1,Department of Water Resources,WTM,1509,Cordua Irrigation District
50450,392361N1215824W001,2171793,2014-11-18T11:45:00Z,77.04,76.04,0,22.7,54.34,22.7,21.7,NA,Electric sounder measurement,Water level accuracy to nearest hundredth of a foot,1,Department of Water Resources,WTM,1509,Cordua Irrigation District
50450,392361N1215824W001,2171792,2014-11-11T14:45:00Z,77.04,76.04,0,25,52.04,25,24,NA,Electric sounder measurement,Water level accuracy to nearest hundredth of a foot,1,Department of Water Resources,WTM,1509,Cordua Irrigation District
50450,392361N1215824W001,2171791,2014-11-04T10:50:00Z,77.04,76.04,0,25,52.04,25,24,NA,Electric sounder measurement,Water level accuracy to nearest hundredth of a foot,1,Department of Water Resources,WTM,1509,Cordua Irrigation District
50450,392361N1215824W001,2171790,2014-10-28T14:35:00Z,77.04,76.04,0,28.3,48.74,28.3,27.3,NA,Electric sounder measurement,Water level accuracy to nearest hundredth of a foot,1,Department of Water Resources,WTM,1509,Cordua Irrigation District
50450,392361N1215824W001,2171789,2014-10-21T13:10:00Z,77.04,76.04,0,26.7,50.34,26.7,25.7,NA,Electric sounder measurement,Water level accuracy to nearest hundredth of a foot,1,Department of Water Resources,WTM,1509,Cordua Irrigation District
50450,392361N1215824W001,2171788,2014-10-14T12:10:00Z,77.04,76.04,0,25.8,51.24,25.8,24.8,NA,Electric sounder measurement,Water level accuracy to nearest hundredth of a foot,1,Department of Water Resources,WTM,1509,Cordua Irrigation District
50450,392361N1215824W001,2021473,2014-10-06T13:30:00Z,77.04,76.04,0,24.1,52.94,24.1,23.1,NA,Electric sounder measurement,Water level accuracy to nearest hundredth of a foot,1,Department of Water Resources,WTM,1509,Cordua Irrigation District
50450,392361N1215824W001,2021472,2014-09-30T12:10:00Z,77.04,76.04,0,27.4,49.64,27.4,26.4,NA,Electric sounder measurement,Water level accuracy to nearest hundredth of a foot,1,Department of Water Resources,WTM,1509,Cordua Irrigation District
50450,392361N1215824W001,2021471,2014-09-23T11:35:00Z,77.04,76.04,0,25,52.04,25,24,NA,Electric sounder measurement,Water level accuracy to nearest hundredth of a foot,1,Department of Water Resources,WTM,1509,Cordua Irrigation District
50450,392361N1215824W001,2021470,2014-09-16T11:45:00Z,77.04,76.04,0,26.7,50.34,26.7,25.7,NA,Electric sounder measurement,Water level accuracy to nearest hundredth of a foot,1,Department of Water Resources,WTM,1509,Cordua Irrigation District
50450,392361N1215824W001,2021469,2014-09-10T12:35:00Z,77.04,76.04,0,22.8,54.24,22.8,21.8,NA,Electric sounder measurement,Water level accuracy to nearest hundredth of a foot,1,Department of Water Resources,WTM,1509,Cordua Irrigation District
50450,392361N1215824W001,2021468,2014-09-02T10:30:00Z,77.04,76.04,0,27.9,49.14,27.9,26.9,NA,Electric sounder measurement,Water level accuracy to nearest hundredth of a foot,1,Department of Water Resources,WTM,1509,Cordua Irrigation District
50450,392361N1215824W001,2021467,2014-08-25T10:45:00Z,77.04,76.04,0,26.7,50.34,26.7,25.7,NA,Electric sounder measurement,Water level accuracy to nearest hundredth of a foot,1,Department of Water Resources,WTM,1509,Cordua Irrigation District
50450,392361N1215824W001,2021466,2014-08-20T12:15:00Z,77.04,76.04,0,24.8,52.24,24.8,23.8,NA,Electric sounder measurement,Water level accuracy to nearest hundredth of a foot,1,Department of Water Resources,WTM,1509,Cordua Irrigation District
50450,392361N1215824W001,2021465,2014-08-06T12:45:00Z,77.04,76.04,0,27.5,49.54,27.5,26.5,NA,Electric sounder measurement,Water level accuracy to nearest hundredth of a foot,1,Department of Water Resources,WTM,1509,Cordua Irrigation District
50450,392361N1215824W001,2021464,2014-07-23T10:40:00Z,77.04,76.04,0,27.2,49.84,27.2,26.2,NA,Electric sounder measurement,Water level accuracy to nearest hundredth of a foot,1,Department of Water Resources,WTM,1509,Cordua Irrigation District
50450,392361N1215824W001,2021463,2014-07-09T09:40:00Z,77.04,76.04,0,28.9,48.14,28.9,27.9,NA,Electric sounder measurement,Water level accuracy to nearest hundredth of a foot,1,Department of Water Resources,WTM,1509,Cordua Irrigation District
50450,392361N1215824W001,2021462,2014-06-19T13:30:00Z,77.04,76.04,0,27.4,49.64,27.4,26.4,NA,Electric sounder measurement,Water level accuracy to nearest hundredth of a foot,1,Department of Water Resources,WTM,1509,Cordua Irrigation District
50450,392361N1215824W001,2021461,2014-05-02T07:50:00Z,77.04,76.04,0,25.5,51.54,25.5,24.5,NA,Electric sounder measurement,Water level accuracy to nearest hundredth of a foot,1,Department of Water Resources,WTM,1509,Cordua Irrigation District
