STN_ID,SITE_CODE,WLM_ID,MSMT_DATE,WLM_RPE,WLM_GSE,RDNG_WS,RDNG_RP,WSE,RPE_WSE,GSE_WSE,WLM_QA_DESC,WLM_DESC,WLM_ACC_DESC,WLM_ORG_ID,WLM_ORG_NAME,MSMT_CMT,COOP_AGENCY_ORG_ID,COOP_ORG_NAME
50493,364254N1202658W001,2492745,2019-11-05T07:06:00Z,293.9,293.9,0,347,-53.1,347,347,NA,Acoustic or sonic sounder,Water level accuracy to nearest tenth of a foot,5100,Westlands Water District,NA,5100,Westlands Water District
50493,364254N1202658W001,2471530,2019-06-06T07:15:00Z,293.9,293.9,0,337.3,-43.4,337.3,337.3,NA,Acoustic or sonic sounder,Water level accuracy to nearest tenth of a foot,5100,Westlands Water District,NA,5100,Westlands Water District
50493,364254N1202658W001,2437646,2018-12-11T00:00:00Z,293.9,293.9,0,354.65,-60.75,354.65,354.65,NA,Acoustic or sonic sounder,Water level accuracy to nearest tenth of a foot,5100,Westlands Water District,NA,5100,Westlands Water District
50493,364254N1202658W001,2304686,2018-06-05T00:00:00Z,293.9,293.9,0,395.19,-101.29,395.19,395.19,NA,Acoustic or sonic sounder,Water level accuracy to nearest tenth of a foot,5100,Westlands Water District,NA,5100,Westlands Water District
50493,364254N1202658W001,2278815,2017-12-04T00:00:00Z,293.9,293.9,0,355,-61.1,355,355,NA,Acoustic or sonic sounder,Water level accuracy to nearest foot,5100,Westlands Water District,NA,5100,Westlands Water District
50493,364254N1202658W001,2227378,2016-11-09T10:15:00Z,293.9,293.9,0,500,-206.1,500,500,NA,Acoustic or sonic sounder,Water level accuracy to nearest foot,5100,Westlands Water District,NA,5100,Westlands Water District
50493,364254N1202658W001,2177781,2015-12-07T13:20:00Z,293.9,293.9,0,484,-190.1,484,484,NA,Acoustic or sonic sounder,Water level accuracy to nearest foot,5100,Westlands Water District,NA,5100,Westlands Water District
50493,364254N1202658W001,2182764,2015-01-02T00:00:00Z,293.9,293.9,0,435,-141.1,435,435,NA,Electric sounder measurement,Water level accuracy to nearest foot,5100,Westlands Water District,WCR water level,5100,Westlands Water District
