STN_ID,SITE_CODE,WLM_ID,MSMT_DATE,WLM_RPE,WLM_GSE,RDNG_WS,RDNG_RP,WSE,RPE_WSE,GSE_WSE,WLM_QA_DESC,WLM_DESC,WLM_ACC_DESC,WLM_ORG_ID,WLM_ORG_NAME,MSMT_CMT,COOP_AGENCY_ORG_ID,COOP_ORG_NAME
50685,364592N1201112W001,2492755,2019-11-05T08:40:00Z,208.7,208.7,0,229.94,-21.24,229.94,229.94,NA,Acoustic or sonic sounder,Water level accuracy to nearest tenth of a foot,5100,Westlands Water District,NA,5100,Westlands Water District
50685,364592N1201112W001,2471540,2019-06-11T08:05:00Z,208.7,208.7,0,243.45,-34.75,243.45,243.45,NA,Acoustic or sonic sounder,Water level accuracy to nearest tenth of a foot,5100,Westlands Water District,NA,5100,Westlands Water District
50685,364592N1201112W001,2437656,2018-12-10T00:00:00Z,208.7,208.7,0,270.2,-61.5,270.2,270.2,NA,Acoustic or sonic sounder,Water level accuracy to nearest tenth of a foot,5100,Westlands Water District,NA,5100,Westlands Water District
50685,364592N1201112W001,2304696,2018-06-06T00:00:00Z,208.7,208.7,NA,NA,NA,NA,NA,Pumping,NA,NA,5100,Westlands Water District,NA,5100,Westlands Water District
50685,364592N1201112W001,2280641,2017-12-05T10:55:00Z,208.7,208.7,0,222,-13.3,222,222,NA,Acoustic or sonic sounder,Water level accuracy to nearest foot,5100,Westlands Water District,NA,5100,Westlands Water District
50685,364592N1201112W001,2227926,2016-12-02T09:01:00Z,208.7,208.7,0,308,-99.3,308,308,NA,Acoustic or sonic sounder,Water level accuracy to nearest foot,5100,Westlands Water District,NA,5100,Westlands Water District
50685,364592N1201112W001,2177792,2015-12-09T15:31:00Z,208.7,208.7,0,308,-99.3,308,308,NA,Acoustic or sonic sounder,Water level accuracy to nearest foot,5100,Westlands Water District,NA,5100,Westlands Water District
50685,364592N1201112W001,2134154,2015-04-03T11:08:00Z,208.7,208.7,0,308,-99.3,308,308,NA,Acoustic or sonic sounder,Water level accuracy to nearest foot,5100,Westlands Water District,NA,5100,Westlands Water District
50685,364592N1201112W001,2134153,2014-11-24T09:50:00Z,208.7,208.7,0,283,-74.3,283,283,NA,Acoustic or sonic sounder,Water level accuracy to nearest foot,5100,Westlands Water District,NA,5100,Westlands Water District
