STN_ID,SITE_CODE,WLM_ID,MSMT_DATE,WLM_RPE,WLM_GSE,RDNG_WS,RDNG_RP,WSE,RPE_WSE,GSE_WSE,WLM_QA_DESC,WLM_DESC,WLM_ACC_DESC,WLM_ORG_ID,WLM_ORG_NAME,MSMT_CMT,COOP_AGENCY_ORG_ID,COOP_ORG_NAME
50691,362481N1200663W001,2492047,2019-11-13T08:45:00Z,318.5,318.5,NA,NA,NA,NA,NA,Pumping,NA,NA,5100,Westlands Water District,NA,5100,Westlands Water District
50691,362481N1200663W001,2471831,2019-06-05T07:20:00Z,318.5,318.5,0,345.15,-26.65,345.15,345.15,NA,Acoustic or sonic sounder,Water level accuracy to nearest tenth of a foot,5100,Westlands Water District,NA,5100,Westlands Water District
50691,362481N1200663W001,2438072,2018-12-10T00:00:00Z,318.5,318.5,NA,NA,NA,NA,NA,Pumping,NA,NA,5100,Westlands Water District,NA,5100,Westlands Water District
50691,362481N1200663W001,2305145,2018-06-11T00:00:00Z,318.5,318.5,NA,NA,NA,NA,NA,Pumping,NA,NA,5100,Westlands Water District,NA,5100,Westlands Water District
50691,362481N1200663W001,2280179,2017-12-27T12:10:00Z,318.5,318.5,0,317.64,0.86,317.64,317.64,NA,Acoustic or sonic sounder,Water level accuracy to nearest tenth of a foot,5100,Westlands Water District,NA,5100,Westlands Water District
50691,362481N1200663W001,2221557,2016-12-09T12:36:00Z,318.5,318.5,NA,NA,NA,NA,NA,Pumping,NA,NA,5100,Westlands Water District,NA,5100,Westlands Water District
50691,362481N1200663W001,2178963,2015-12-01T14:40:00Z,318.5,318.5,NA,NA,NA,NA,NA,Pumping,NA,NA,5100,Westlands Water District,NA,5100,Westlands Water District
50691,362481N1200663W001,2135565,2015-03-26T14:30:00Z,318.5,318.5,NA,NA,NA,NA,NA,Pumping,NA,NA,5100,Westlands Water District,NA,5100,Westlands Water District
