STN_ID,SITE_CODE,WLM_ID,MSMT_DATE,WLM_RPE,WLM_GSE,RDNG_WS,RDNG_RP,WSE,RPE_WSE,GSE_WSE,WLM_QA_DESC,WLM_DESC,WLM_ACC_DESC,WLM_ORG_ID,WLM_ORG_NAME,MSMT_CMT,COOP_AGENCY_ORG_ID,COOP_ORG_NAME
5076,374007N1206721W001,1424917,2008-03-03T00:00:00Z,152.39,152.39,NA,NA,NA,NA,NA,Special/Other,NA,NA,1,Department of Water Resources,NA,778,Merced Irrigation District
5076,374007N1206721W001,1424916,2007-02-01T00:00:00Z,152.39,152.39,0,73.6,78.79,73.6,73.6,NA,Unknown,Water level accuracy is unknown,1,Department of Water Resources,NA,778,Merced Irrigation District
5076,374007N1206721W001,1424915,2006-02-01T00:00:00Z,152.39,152.39,0,76.6,75.79,76.6,76.6,NA,Unknown,Water level accuracy is unknown,1,Department of Water Resources,NA,778,Merced Irrigation District
5076,374007N1206721W001,1424914,2005-02-01T00:00:00Z,152.39,152.39,0,76,76.39,76,76,NA,Unknown,Water level accuracy is unknown,1,Department of Water Resources,NA,778,Merced Irrigation District
5076,374007N1206721W001,1424911,2003-02-01T00:00:00Z,152.39,152.39,0,73.6,78.79,73.6,73.6,NA,Unknown,Water level accuracy is unknown,1,Department of Water Resources,NA,778,Merced Irrigation District
5076,374007N1206721W001,1424913,2002-11-01T00:00:00Z,152.39,152.39,0,74.1,78.29,74.1,74.1,NA,Unknown,Water level accuracy is unknown,1,Department of Water Resources,NA,778,Merced Irrigation District
5076,374007N1206721W001,1424912,2002-02-01T00:00:00Z,152.39,152.39,0,73.9,78.49,73.9,73.9,NA,Unknown,Water level accuracy is unknown,1,Department of Water Resources,NA,778,Merced Irrigation District
5076,374007N1206721W001,1424910,2001-03-01T00:00:00Z,152.39,152.39,0,68,84.39,68,68,NA,Unknown,Water level accuracy is unknown,1,Department of Water Resources,NA,778,Merced Irrigation District
5076,374007N1206721W001,1424909,2000-02-01T00:00:00Z,152.39,152.39,0,70,82.39,70,70,NA,Unknown,Water level accuracy is unknown,1,Department of Water Resources,NA,778,Merced Irrigation District
5076,374007N1206721W001,1424908,1999-11-01T00:00:00Z,152.39,152.39,0,56.8,95.59,56.8,56.8,NA,Unknown,Water level accuracy is unknown,1,Department of Water Resources,NA,778,Merced Irrigation District
5076,374007N1206721W001,1424907,1999-02-01T00:00:00Z,152.39,152.39,0,56.1,96.29,56.1,56.1,NA,Unknown,Water level accuracy is unknown,1,Department of Water Resources,NA,778,Merced Irrigation District
5076,374007N1206721W001,1424906,1998-10-01T00:00:00Z,152.39,152.39,0,72.4,79.99,72.4,72.4,NA,Unknown,Water level accuracy is unknown,1,Department of Water Resources,NA,778,Merced Irrigation District
5076,374007N1206721W001,1424905,1998-03-02T00:00:00Z,152.39,152.39,0,62.8,89.59,62.8,62.8,NA,Unknown,Water level accuracy is unknown,1,Department of Water Resources,NA,778,Merced Irrigation District
5076,374007N1206721W001,1424904,1997-02-03T00:00:00Z,152.39,152.39,0,63.5,88.89,63.5,63.5,NA,Unknown,Water level accuracy is unknown,1,Department of Water Resources,NA,778,Merced Irrigation District
5076,374007N1206721W001,1424903,1996-10-01T00:00:00Z,152.39,152.39,0,71.6,80.79,71.6,71.6,NA,Unknown,Water level accuracy is unknown,1,Department of Water Resources,NA,778,Merced Irrigation District
5076,374007N1206721W001,1424902,1996-03-04T00:00:00Z,152.39,152.39,0,69.7,82.69,69.7,69.7,NA,Unknown,Water level accuracy is unknown,1,Department of Water Resources,NA,778,Merced Irrigation District
5076,374007N1206721W001,1424901,1995-03-01T00:00:00Z,152.39,152.39,0,73.1,79.29,73.1,73.1,NA,Unknown,Water level accuracy is unknown,1,Department of Water Resources,NA,778,Merced Irrigation District
5076,374007N1206721W001,1424900,1994-11-01T00:00:00Z,152.39,152.39,0,72.3,80.09,72.3,72.3,NA,Unknown,Water level accuracy is unknown,1,Department of Water Resources,NA,778,Merced Irrigation District
5076,374007N1206721W001,1424899,1994-02-01T00:00:00Z,152.39,152.39,0,67.5,84.89,67.5,67.5,NA,Unknown,Water level accuracy is unknown,1,Department of Water Resources,NA,778,Merced Irrigation District
5076,374007N1206721W001,1424898,1993-10-19T00:00:00Z,152.39,152.39,0,78,74.39,78,78,NA,Unknown,Water level accuracy is unknown,1,Department of Water Resources,NA,778,Merced Irrigation District
5076,374007N1206721W001,1424897,1993-02-03T00:00:00Z,152.39,152.39,0,75,77.39,75,75,NA,Unknown,Water level accuracy is unknown,1,Department of Water Resources,NA,778,Merced Irrigation District
5076,374007N1206721W001,1424896,1992-10-14T00:00:00Z,152.39,152.39,0,80,72.39,80,80,Acoustical sounder,Unknown,Water level accuracy is unknown,1,Department of Water Resources,NA,778,Merced Irrigation District
5076,374007N1206721W001,1424895,1992-03-01T00:00:00Z,152.39,152.39,0,66.8,85.59,66.8,66.8,NA,Unknown,Water level accuracy is unknown,1,Department of Water Resources,NA,778,Merced Irrigation District
5076,374007N1206721W001,1424894,1990-12-14T00:00:00Z,152.39,152.39,0,65.4,86.99,65.4,65.4,Oil or foreign substance in casing,Unknown,Water level accuracy is unknown,1,Department of Water Resources,NA,778,Merced Irrigation District
5076,374007N1206721W001,1424893,1989-12-01T00:00:00Z,152.39,152.39,0,64.7,87.69,64.7,64.7,Oil or foreign substance in casing,Unknown,Water level accuracy is unknown,1,Department of Water Resources,NA,778,Merced Irrigation District
5076,374007N1206721W001,1424892,1989-11-08T00:00:00Z,152.39,152.39,0,72,80.39,72,72,NA,Unknown,Water level accuracy is unknown,1,Department of Water Resources,NA,778,Merced Irrigation District
5076,374007N1206721W001,1424891,1988-12-01T00:00:00Z,152.39,152.39,0,54.1,98.29,54.1,54.1,Oil or foreign substance in casing,Unknown,Water level accuracy is unknown,1,Department of Water Resources,NA,778,Merced Irrigation District
5076,374007N1206721W001,1424890,1988-10-20T00:00:00Z,152.39,152.39,0,67,85.39,67,67,NA,Unknown,Water level accuracy is unknown,1,Department of Water Resources,NA,778,Merced Irrigation District
5076,374007N1206721W001,1424889,1987-12-01T00:00:00Z,152.39,152.39,0,51.1,101.29,51.1,51.1,NA,Unknown,Water level accuracy is unknown,1,Department of Water Resources,NA,778,Merced Irrigation District
5076,374007N1206721W001,1424888,1986-12-01T00:00:00Z,152.39,152.39,0,46.6,105.79,46.6,46.6,NA,Unknown,Water level accuracy is unknown,1,Department of Water Resources,NA,778,Merced Irrigation District
5076,374007N1206721W001,1424887,1983-01-03T00:00:00Z,152.39,152.39,0,44,108.39,44,44,NA,Unknown,Water level accuracy is unknown,1,Department of Water Resources,NA,778,Merced Irrigation District
5076,374007N1206721W001,1424886,1981-12-10T00:00:00Z,152.39,152.39,0,45.4,106.99,45.4,45.4,NA,Unknown,Water level accuracy is unknown,1,Department of Water Resources,NA,778,Merced Irrigation District
5076,374007N1206721W001,1424885,1980-12-01T00:00:00Z,152.39,152.39,0,44.7,107.69,44.7,44.7,NA,Unknown,Water level accuracy is unknown,1,Department of Water Resources,NA,778,Merced Irrigation District
5076,374007N1206721W001,1424884,1979-12-01T00:00:00Z,152.39,152.39,0,45.5,106.89,45.5,45.5,NA,Unknown,Water level accuracy is unknown,1,Department of Water Resources,NA,778,Merced Irrigation District
5076,374007N1206721W001,1424883,1977-12-01T00:00:00Z,152.39,152.39,0,54.9,97.49,54.9,54.9,NA,Unknown,Water level accuracy is unknown,1,Department of Water Resources,NA,778,Merced Irrigation District
5076,374007N1206721W001,1424882,1976-12-01T00:00:00Z,152.39,152.39,0,44.8,107.59,44.8,44.8,NA,Unknown,Water level accuracy is unknown,1,Department of Water Resources,NA,778,Merced Irrigation District
5076,374007N1206721W001,1424881,1974-11-01T00:00:00Z,152.39,152.39,0,37.6,114.79,37.6,37.6,NA,Unknown,Water level accuracy is unknown,1,Department of Water Resources,NA,778,Merced Irrigation District
