STN_ID,SITE_CODE,WLM_ID,MSMT_DATE,WLM_RPE,WLM_GSE,RDNG_WS,RDNG_RP,WSE,RPE_WSE,GSE_WSE,WLM_QA_DESC,WLM_DESC,WLM_ACC_DESC,WLM_ORG_ID,WLM_ORG_NAME,MSMT_CMT,COOP_AGENCY_ORG_ID,COOP_ORG_NAME
50861,386956N1215298W001,2189315,2016-03-23T13:55:00Z,23.8,23,0,10.6,13.2,10.6,9.8,NA,Electric sounder measurement,Water level accuracy to nearest hundredth of a foot,1,Department of Water Resources,WTP,344,Natomas Central Mutual Water Company
50861,386956N1215298W001,2189314,2016-02-16T09:20:00Z,23.8,23,0,17.7,6.1,17.7,16.9,NA,Electric sounder measurement,Water level accuracy to nearest hundredth of a foot,1,Department of Water Resources,WTP,344,Natomas Central Mutual Water Company
50861,386956N1215298W001,2189313,2016-01-28T08:15:00Z,23.8,23,0,23.3,0.5,23.3,22.5,NA,Electric sounder measurement,Water level accuracy to nearest hundredth of a foot,1,Department of Water Resources,WTP,344,Natomas Central Mutual Water Company
50861,386956N1215298W001,2189312,2016-01-15T00:00:00Z,23.8,23,NA,NA,NA,NA,NA,Temporarily inaccessible,NA,NA,1,Department of Water Resources,WTP,344,Natomas Central Mutual Water Company
50861,386956N1215298W001,2189311,2015-12-17T08:40:00Z,23.8,23,0,23.8,0,23.8,23,NA,Electric sounder measurement,Water level accuracy to nearest hundredth of a foot,1,Department of Water Resources,WTP,344,Natomas Central Mutual Water Company
50861,386956N1215298W001,2189310,2015-11-17T08:55:00Z,23.8,23,0,20.9,2.9,20.9,20.1,NA,Electric sounder measurement,Water level accuracy to nearest hundredth of a foot,1,Department of Water Resources,WTP,344,Natomas Central Mutual Water Company
50861,386956N1215298W001,2174396,2015-10-27T08:30:00Z,23.8,23,0,20.7,3.1,20.7,19.9,NA,Electric sounder measurement,Water level accuracy to nearest hundredth of a foot,1,Department of Water Resources,WTP,344,Natomas Central Mutual Water Company
50861,386956N1215298W001,2174395,2015-10-20T09:00:00Z,23.8,23,0,20,3.8,20,19.2,NA,Electric sounder measurement,Water level accuracy to nearest hundredth of a foot,1,Department of Water Resources,WTP,344,Natomas Central Mutual Water Company
50861,386956N1215298W001,2174394,2015-10-13T09:05:00Z,23.8,23,0,19.5,4.3,19.5,18.7,NA,Electric sounder measurement,Water level accuracy to nearest hundredth of a foot,1,Department of Water Resources,WTP,344,Natomas Central Mutual Water Company
50861,386956N1215298W001,2174393,2015-10-05T09:00:00Z,23.8,23,0,18,5.8,18,17.2,NA,Electric sounder measurement,Water level accuracy to nearest hundredth of a foot,1,Department of Water Resources,WTP,344,Natomas Central Mutual Water Company
50861,386956N1215298W001,2174392,2015-10-01T09:00:00Z,23.8,23,0,20.9,2.9,20.9,20.1,NA,Electric sounder measurement,Water level accuracy to nearest hundredth of a foot,1,Department of Water Resources,WTP,344,Natomas Central Mutual Water Company
50861,386956N1215298W001,2174391,2015-09-24T09:00:00Z,23.8,23,0,19.6,4.2,19.6,18.8,NA,Electric sounder measurement,Water level accuracy to nearest hundredth of a foot,1,Department of Water Resources,WTP,344,Natomas Central Mutual Water Company
50861,386956N1215298W001,2174390,2015-09-15T08:10:00Z,23.8,23,0,24.9,-1.1,24.9,24.1,NA,Electric sounder measurement,Water level accuracy to nearest hundredth of a foot,1,Department of Water Resources,WTP,344,Natomas Central Mutual Water Company
50861,386956N1215298W001,2174389,2015-09-11T07:50:00Z,23.8,23,0,27.9,-4.1,27.9,27.1,NA,Electric sounder measurement,Water level accuracy to nearest hundredth of a foot,1,Department of Water Resources,WTP,344,Natomas Central Mutual Water Company
50861,386956N1215298W001,2174388,2015-09-03T08:40:00Z,23.8,23,0,173.2,-149.4,173.2,172.4,Pumping,Electric sounder measurement,Water level accuracy to nearest hundredth of a foot,1,Department of Water Resources,WTP,344,Natomas Central Mutual Water Company
50861,386956N1215298W001,2174387,2015-08-27T09:20:00Z,23.8,23,0,26.5,-2.7,26.5,25.7,NA,Electric sounder measurement,Water level accuracy to nearest hundredth of a foot,1,Department of Water Resources,WTP,344,Natomas Central Mutual Water Company
50861,386956N1215298W001,2174386,2015-08-19T08:50:00Z,23.8,23,0,24.4,-0.6,24.4,23.6,NA,Electric sounder measurement,Water level accuracy to nearest hundredth of a foot,1,Department of Water Resources,WTP,344,Natomas Central Mutual Water Company
50861,386956N1215298W001,2174385,2015-08-13T09:05:00Z,23.8,23,0,183.8,-160,183.8,183,Pumping,Electric sounder measurement,Water level accuracy to nearest hundredth of a foot,1,Department of Water Resources,WTP,344,Natomas Central Mutual Water Company
50861,386956N1215298W001,2174384,2015-08-06T07:35:00Z,23.8,23,0,182.3,-158.5,182.3,181.5,Pumping,Electric sounder measurement,Water level accuracy to nearest hundredth of a foot,1,Department of Water Resources,WTP,344,Natomas Central Mutual Water Company
50861,386956N1215298W001,2174383,2015-07-29T06:50:00Z,23.8,23,0,179.1,-155.3,179.1,178.3,Pumping,Electric sounder measurement,Water level accuracy to nearest hundredth of a foot,1,Department of Water Resources,WTP,344,Natomas Central Mutual Water Company
50861,386956N1215298W001,2174382,2015-07-24T14:50:00Z,23.8,23,0,24.1,-0.3,24.1,23.3,NA,Electric sounder measurement,Water level accuracy to nearest hundredth of a foot,1,Department of Water Resources,WTP,344,Natomas Central Mutual Water Company
50861,386956N1215298W001,2174381,2015-07-15T08:40:00Z,23.8,23,0,21,2.8,21,20.2,NA,Electric sounder measurement,Water level accuracy to nearest hundredth of a foot,1,Department of Water Resources,WTP,344,Natomas Central Mutual Water Company
50861,386956N1215298W001,2174380,2015-07-08T09:00:00Z,23.8,23,0,23,0.8,23,22.2,NA,Electric sounder measurement,Water level accuracy to nearest hundredth of a foot,1,Department of Water Resources,WTP,344,Natomas Central Mutual Water Company
50861,386956N1215298W001,2174379,2015-07-01T07:40:00Z,23.8,23,0,22.9,0.9,22.9,22.1,NA,Electric sounder measurement,Water level accuracy to nearest hundredth of a foot,1,Department of Water Resources,WTP,344,Natomas Central Mutual Water Company
50861,386956N1215298W001,2174378,2015-06-24T07:30:00Z,23.8,23,0,20.6,3.2,20.6,19.8,NA,Electric sounder measurement,Water level accuracy to nearest hundredth of a foot,1,Department of Water Resources,WTP,344,Natomas Central Mutual Water Company
50861,386956N1215298W001,2174377,2015-06-16T07:30:00Z,23.8,23,0,23.1,0.7,23.1,22.3,NA,Electric sounder measurement,Water level accuracy to nearest hundredth of a foot,1,Department of Water Resources,WTP,344,Natomas Central Mutual Water Company
50861,386956N1215298W001,2174376,2015-06-11T08:25:00Z,23.8,23,0,24.3,-0.5,24.3,23.5,NA,Electric sounder measurement,Water level accuracy to nearest hundredth of a foot,1,Department of Water Resources,WTP,344,Natomas Central Mutual Water Company
50861,386956N1215298W001,2174375,2015-05-08T09:25:00Z,23.8,23,0,16.8,7,16.8,16,NA,Electric sounder measurement,Water level accuracy to nearest hundredth of a foot,1,Department of Water Resources,WTP,344,Natomas Central Mutual Water Company
50861,386956N1215298W001,2174374,2015-03-13T14:00:00Z,23.8,23,0,17.2,6.6,17.2,16.4,NA,Electric sounder measurement,Water level accuracy to nearest hundredth of a foot,1,Department of Water Resources,WTP,344,Natomas Central Mutual Water Company
50861,386956N1215298W001,2147009,2015-02-13T10:30:00Z,23.8,23,0,17,6.8,17,16.2,NA,Electric sounder measurement,Water level accuracy to nearest hundredth of a foot,1,Department of Water Resources,WTP,344,Natomas Central Mutual Water Company
50861,386956N1215298W001,2147008,2015-01-05T13:15:00Z,23.8,23,0,18,5.8,18,17.2,NA,Electric sounder measurement,Water level accuracy to nearest hundredth of a foot,1,Department of Water Resources,WTP,344,Natomas Central Mutual Water Company
50861,386956N1215298W001,2147007,2014-12-09T08:50:00Z,23.8,23,0,20.2,3.6,20.2,19.4,NA,Electric sounder measurement,Water level accuracy to nearest hundredth of a foot,1,Department of Water Resources,WTP,344,Natomas Central Mutual Water Company
50861,386956N1215298W001,2147006,2014-11-03T08:30:00Z,23.8,23,0,19.2,4.6,19.2,18.4,NA,Electric sounder measurement,Water level accuracy to nearest hundredth of a foot,1,Department of Water Resources,WTP,344,Natomas Central Mutual Water Company
50861,386956N1215298W001,2147005,2014-10-23T13:15:00Z,23.8,23,0,18.6,5.2,18.6,17.8,NA,Electric sounder measurement,Water level accuracy to nearest hundredth of a foot,1,Department of Water Resources,WTP,344,Natomas Central Mutual Water Company
50861,386956N1215298W001,2147004,2014-10-15T08:35:00Z,23.8,23,0,17.2,6.6,17.2,16.4,NA,Electric sounder measurement,Water level accuracy to nearest hundredth of a foot,1,Department of Water Resources,WTP,344,Natomas Central Mutual Water Company
50861,386956N1215298W001,2147003,2014-10-09T08:00:00Z,23.8,23,0,18.6,5.2,18.6,17.8,NA,Electric sounder measurement,Water level accuracy to nearest hundredth of a foot,1,Department of Water Resources,WTP,344,Natomas Central Mutual Water Company
50861,386956N1215298W001,2147002,2014-10-03T08:15:00Z,23.8,23,0,19,4.8,19,18.2,NA,Electric sounder measurement,Water level accuracy to nearest hundredth of a foot,1,Department of Water Resources,WTP,344,Natomas Central Mutual Water Company
50861,386956N1215298W001,2147001,2014-09-25T09:25:00Z,23.8,23,0,17.1,6.7,17.1,16.3,NA,Electric sounder measurement,Water level accuracy to nearest hundredth of a foot,1,Department of Water Resources,WTP,344,Natomas Central Mutual Water Company
50861,386956N1215298W001,2147000,2014-09-18T09:00:00Z,23.8,23,0,18.7,5.1,18.7,17.9,NA,Electric sounder measurement,Water level accuracy to nearest hundredth of a foot,1,Department of Water Resources,WTP,344,Natomas Central Mutual Water Company
50861,386956N1215298W001,2146999,2014-09-09T08:00:00Z,23.8,23,0,20.2,3.6,20.2,19.4,NA,Electric sounder measurement,Water level accuracy to nearest hundredth of a foot,1,Department of Water Resources,WTP,344,Natomas Central Mutual Water Company
50861,386956N1215298W001,2146998,2014-09-03T08:45:00Z,23.8,23,0,90.1,-66.3,90.1,89.3,Pumped recently,Electric sounder measurement,Water level accuracy to nearest hundredth of a foot,1,Department of Water Resources,WTP,344,Natomas Central Mutual Water Company
50861,386956N1215298W001,2146997,2014-08-19T16:55:00Z,23.8,23,0,94.3,-70.5,94.3,93.5,Pumped recently,Electric sounder measurement,Water level accuracy to nearest hundredth of a foot,1,Department of Water Resources,WTP,344,Natomas Central Mutual Water Company
50861,386956N1215298W001,2146996,2014-08-13T15:25:00Z,23.8,23,0,81.1,-57.3,81.1,80.3,Pumped recently,Electric sounder measurement,Water level accuracy to nearest hundredth of a foot,1,Department of Water Resources,WTP,344,Natomas Central Mutual Water Company
50861,386956N1215298W001,2146995,2014-08-05T13:00:00Z,23.8,23,0,80.3,-56.5,80.3,79.5,Pumped recently,Electric sounder measurement,Water level accuracy to nearest hundredth of a foot,1,Department of Water Resources,WTP,344,Natomas Central Mutual Water Company
50861,386956N1215298W001,2146994,2014-07-29T14:55:00Z,23.8,23,0,100.4,-76.6,100.4,99.6,Pumped recently,Electric sounder measurement,Water level accuracy to nearest hundredth of a foot,1,Department of Water Resources,WTP,344,Natomas Central Mutual Water Company
50861,386956N1215298W001,2146993,2014-07-24T14:50:00Z,23.8,23,0,83.6,-59.8,83.6,82.8,Pumped recently,Electric sounder measurement,Water level accuracy to nearest hundredth of a foot,1,Department of Water Resources,WTP,344,Natomas Central Mutual Water Company
50861,386956N1215298W001,2146992,2014-07-09T09:00:00Z,23.8,23,0,90.2,-66.4,90.2,89.4,Pumped recently,Electric sounder measurement,Water level accuracy to nearest hundredth of a foot,1,Department of Water Resources,WTP,344,Natomas Central Mutual Water Company
50861,386956N1215298W001,2146991,2014-07-03T09:20:00Z,23.8,23,0,64.8,-41,64.8,64,Pumping,Electric sounder measurement,Water level accuracy to nearest hundredth of a foot,1,Department of Water Resources,WTP,344,Natomas Central Mutual Water Company
50861,386956N1215298W001,2146990,2014-06-03T14:50:00Z,23.8,23,0,18.8,5,18.8,18,NA,Electric sounder measurement,Water level accuracy to nearest hundredth of a foot,1,Department of Water Resources,WTP,344,Natomas Central Mutual Water Company
50861,386956N1215298W001,2146989,2014-05-27T08:10:00Z,23.8,23,0,18.6,5.2,18.6,17.8,NA,Electric sounder measurement,Water level accuracy to nearest hundredth of a foot,1,Department of Water Resources,WTP,344,Natomas Central Mutual Water Company
50861,386956N1215298W001,2146988,2014-05-19T14:20:00Z,23.8,23,0,18.5,5.3,18.5,17.7,NA,Electric sounder measurement,Water level accuracy to nearest hundredth of a foot,1,Department of Water Resources,WTP,344,Natomas Central Mutual Water Company
