STN_ID,SITE_CODE,WLM_ID,MSMT_DATE,WLM_RPE,WLM_GSE,RDNG_WS,RDNG_RP,WSE,RPE_WSE,GSE_WSE,WLM_QA_DESC,WLM_DESC,WLM_ACC_DESC,WLM_ORG_ID,WLM_ORG_NAME,MSMT_CMT,COOP_AGENCY_ORG_ID,COOP_ORG_NAME
50875,387509N1215060W001,2189264,2016-03-22T10:40:00Z,25.2,25,0,29.1,-3.9,29.1,28.9,NA,Electric sounder measurement,Water level accuracy to nearest hundredth of a foot,1,Department of Water Resources,WTP,344,Natomas Central Mutual Water Company
50875,387509N1215060W001,2189263,2016-02-16T11:25:00Z,25.2,25,0,27.7,-2.5,27.7,27.5,NA,Electric sounder measurement,Water level accuracy to nearest hundredth of a foot,1,Department of Water Resources,WTP,344,Natomas Central Mutual Water Company
50875,387509N1215060W001,2189262,2016-01-28T09:45:00Z,25.2,25,0,29.8,-4.6,29.8,29.6,NA,Electric sounder measurement,Water level accuracy to nearest hundredth of a foot,1,Department of Water Resources,WTP,344,Natomas Central Mutual Water Company
50875,387509N1215060W001,2189261,2016-01-15T00:00:00Z,25.2,25,NA,NA,NA,NA,NA,Temporarily inaccessible,NA,NA,1,Department of Water Resources,WTP,344,Natomas Central Mutual Water Company
50875,387509N1215060W001,2189260,2015-12-17T10:05:00Z,25.2,25,0,33,-7.8,33,32.8,NA,Electric sounder measurement,Water level accuracy to nearest hundredth of a foot,1,Department of Water Resources,WTP,344,Natomas Central Mutual Water Company
50875,387509N1215060W001,2189259,2015-11-17T11:05:00Z,25.2,25,0,34.6,-9.4,34.6,34.4,NA,Electric sounder measurement,Water level accuracy to nearest hundredth of a foot,1,Department of Water Resources,WTP,344,Natomas Central Mutual Water Company
50875,387509N1215060W001,2174176,2015-10-27T10:15:00Z,25.2,25,0,31.8,-6.6,31.8,31.6,NA,Electric sounder measurement,Water level accuracy to nearest hundredth of a foot,1,Department of Water Resources,WTP,344,Natomas Central Mutual Water Company
50875,387509N1215060W001,2174175,2015-10-20T10:30:00Z,25.2,25,0,33.4,-8.2,33.4,33.2,NA,Electric sounder measurement,Water level accuracy to nearest hundredth of a foot,1,Department of Water Resources,WTP,344,Natomas Central Mutual Water Company
50875,387509N1215060W001,2174174,2015-10-13T10:35:00Z,25.2,25,0,44.5,-19.3,44.5,44.3,NA,Electric sounder measurement,Water level accuracy to nearest hundredth of a foot,1,Department of Water Resources,WTP,344,Natomas Central Mutual Water Company
50875,387509N1215060W001,2174173,2015-10-05T10:40:00Z,25.2,25,0,35.5,-10.3,35.5,35.3,NA,Electric sounder measurement,Water level accuracy to nearest hundredth of a foot,1,Department of Water Resources,WTP,344,Natomas Central Mutual Water Company
50875,387509N1215060W001,2174172,2015-10-01T10:53:00Z,25.2,25,0,36.9,-11.7,36.9,36.7,NA,Electric sounder measurement,Water level accuracy to nearest hundredth of a foot,1,Department of Water Resources,WTP,344,Natomas Central Mutual Water Company
50875,387509N1215060W001,2174171,2015-09-24T10:50:00Z,25.2,25,0,38.5,-13.3,38.5,38.3,NA,Electric sounder measurement,Water level accuracy to nearest hundredth of a foot,1,Department of Water Resources,WTP,344,Natomas Central Mutual Water Company
50875,387509N1215060W001,2174170,2015-09-15T09:50:00Z,25.2,25,0,43.7,-18.5,43.7,43.5,NA,Electric sounder measurement,Water level accuracy to nearest hundredth of a foot,1,Department of Water Resources,WTP,344,Natomas Central Mutual Water Company
50875,387509N1215060W001,2174169,2015-09-11T10:05:00Z,25.2,25,0,45.9,-20.7,45.9,45.7,NA,Electric sounder measurement,Water level accuracy to nearest hundredth of a foot,1,Department of Water Resources,WTP,344,Natomas Central Mutual Water Company
50875,387509N1215060W001,2174168,2015-09-03T10:30:00Z,25.2,25,0,66,-40.8,66,65.8,Pumping,Electric sounder measurement,Water level accuracy to nearest hundredth of a foot,1,Department of Water Resources,WTP,344,Natomas Central Mutual Water Company
50875,387509N1215060W001,2174167,2015-08-27T11:10:00Z,25.2,25,0,67.9,-42.7,67.9,67.7,Pumping,Electric sounder measurement,Water level accuracy to nearest hundredth of a foot,1,Department of Water Resources,WTP,344,Natomas Central Mutual Water Company
50875,387509N1215060W001,2174166,2015-08-19T11:05:00Z,25.2,25,0,74.3,-49.1,74.3,74.1,Pumping,Electric sounder measurement,Water level accuracy to nearest hundredth of a foot,1,Department of Water Resources,WTP,344,Natomas Central Mutual Water Company
50875,387509N1215060W001,2174165,2015-08-13T11:15:00Z,25.2,25,0,80,-54.8,80,79.8,Pumping,Electric sounder measurement,Water level accuracy to nearest hundredth of a foot,1,Department of Water Resources,WTP,344,Natomas Central Mutual Water Company
50875,387509N1215060W001,2174164,2015-08-06T09:55:00Z,25.2,25,0,79.8,-54.6,79.8,79.6,Pumping,Electric sounder measurement,Water level accuracy to nearest hundredth of a foot,1,Department of Water Resources,WTP,344,Natomas Central Mutual Water Company
50875,387509N1215060W001,2174163,2015-07-29T09:00:00Z,25.2,25,0,79.1,-53.9,79.1,78.9,Pumping,Electric sounder measurement,Water level accuracy to nearest hundredth of a foot,1,Department of Water Resources,WTP,344,Natomas Central Mutual Water Company
50875,387509N1215060W001,2174162,2015-07-24T12:06:00Z,25.2,25,0,78.6,-53.4,78.6,78.4,Pumping,Electric sounder measurement,Water level accuracy to nearest hundredth of a foot,1,Department of Water Resources,WTP,344,Natomas Central Mutual Water Company
50875,387509N1215060W001,2174161,2015-07-15T11:05:00Z,25.2,25,0,79.3,-54.1,79.3,79.1,Pumping,Electric sounder measurement,Water level accuracy to nearest hundredth of a foot,1,Department of Water Resources,WTP,344,Natomas Central Mutual Water Company
50875,387509N1215060W001,2174160,2015-07-08T12:30:00Z,25.2,25,0,68,-42.8,68,67.8,Pumping,Electric sounder measurement,Water level accuracy to nearest hundredth of a foot,1,Department of Water Resources,WTP,344,Natomas Central Mutual Water Company
50875,387509N1215060W001,2174159,2015-07-01T10:00:00Z,25.2,25,0,68.5,-43.3,68.5,68.3,Pumping,Electric sounder measurement,Water level accuracy to nearest hundredth of a foot,1,Department of Water Resources,WTP,344,Natomas Central Mutual Water Company
50875,387509N1215060W001,2174158,2015-06-24T09:40:00Z,25.2,25,0,68.4,-43.2,68.4,68.2,Pumping,Electric sounder measurement,Water level accuracy to nearest hundredth of a foot,1,Department of Water Resources,WTP,344,Natomas Central Mutual Water Company
50875,387509N1215060W001,2174157,2015-06-16T09:30:00Z,25.2,25,0,72.3,-47.1,72.3,72.1,Pumping,Electric sounder measurement,Water level accuracy to nearest hundredth of a foot,1,Department of Water Resources,WTP,344,Natomas Central Mutual Water Company
50875,387509N1215060W001,2174156,2015-06-11T10:40:00Z,25.2,25,0,67.4,-42.2,67.4,67.2,Pumping,Electric sounder measurement,Water level accuracy to nearest hundredth of a foot,1,Department of Water Resources,WTP,344,Natomas Central Mutual Water Company
50875,387509N1215060W001,2174155,2015-06-04T10:05:00Z,25.2,25,0,64.1,-38.9,64.1,63.9,Pumping,Electric sounder measurement,Water level accuracy to nearest hundredth of a foot,1,Department of Water Resources,WTP,344,Natomas Central Mutual Water Company
50875,387509N1215060W001,2174154,2015-05-28T09:50:00Z,25.2,25,0,66.8,-41.6,66.8,66.6,Pumping,Electric sounder measurement,Water level accuracy to nearest hundredth of a foot,1,Department of Water Resources,WTP,344,Natomas Central Mutual Water Company
50875,387509N1215060W001,2174153,2015-05-21T11:44:00Z,25.2,25,0,59,-33.8,59,58.8,Pumping,Electric sounder measurement,Water level accuracy to nearest hundredth of a foot,1,Department of Water Resources,WTP,344,Natomas Central Mutual Water Company
50875,387509N1215060W001,2174152,2015-05-15T15:03:00Z,25.2,25,0,65.4,-40.2,65.4,65.2,Pumping,Electric sounder measurement,Water level accuracy to nearest hundredth of a foot,1,Department of Water Resources,WTP,344,Natomas Central Mutual Water Company
50875,387509N1215060W001,2174151,2015-04-14T12:25:00Z,25.2,25,0,26.3,-1.1,26.3,26.1,NA,Electric sounder measurement,Water level accuracy to nearest hundredth of a foot,1,Department of Water Resources,WTP,344,Natomas Central Mutual Water Company
50875,387509N1215060W001,2174150,2015-03-13T15:00:00Z,25.2,25,0,26.4,-1.2,26.4,26.2,NA,Electric sounder measurement,Water level accuracy to nearest hundredth of a foot,1,Department of Water Resources,WTP,344,Natomas Central Mutual Water Company
50875,387509N1215060W001,2147371,2015-02-13T11:00:00Z,25.2,25,0,26.8,-1.6,26.8,26.6,NA,Electric sounder measurement,Water level accuracy to nearest hundredth of a foot,1,Department of Water Resources,WTM,344,Natomas Central Mutual Water Company
50875,387509N1215060W001,2147370,2015-01-05T12:55:00Z,25.2,25,0,26.7,-1.5,26.7,26.5,NA,Electric sounder measurement,Water level accuracy to nearest hundredth of a foot,1,Department of Water Resources,WTM,344,Natomas Central Mutual Water Company
50875,387509N1215060W001,2147369,2014-12-09T10:05:00Z,25.2,25,0,28.1,-2.9,28.1,27.9,NA,Electric sounder measurement,Water level accuracy to nearest hundredth of a foot,1,Department of Water Resources,WTM,344,Natomas Central Mutual Water Company
50875,387509N1215060W001,2147368,2014-11-03T09:55:00Z,25.2,25,0,29.7,-4.5,29.7,29.5,NA,Electric sounder measurement,Water level accuracy to nearest hundredth of a foot,1,Department of Water Resources,WTM,344,Natomas Central Mutual Water Company
50875,387509N1215060W001,2147367,2014-10-23T14:05:00Z,25.2,25,0,29.1,-3.9,29.1,28.9,NA,Electric sounder measurement,Water level accuracy to nearest hundredth of a foot,1,Department of Water Resources,WTM,344,Natomas Central Mutual Water Company
50875,387509N1215060W001,2147366,2014-10-15T09:45:00Z,25.2,25,0,28.7,-3.5,28.7,28.5,NA,Electric sounder measurement,Water level accuracy to nearest hundredth of a foot,1,Department of Water Resources,WTM,344,Natomas Central Mutual Water Company
50875,387509N1215060W001,2147365,2014-10-09T08:55:00Z,25.2,25,0,28.9,-3.7,28.9,28.7,NA,Electric sounder measurement,Water level accuracy to nearest hundredth of a foot,1,Department of Water Resources,WTM,344,Natomas Central Mutual Water Company
50875,387509N1215060W001,2147364,2014-10-03T09:20:00Z,25.2,25,0,29.1,-3.9,29.1,28.9,NA,Electric sounder measurement,Water level accuracy to nearest hundredth of a foot,1,Department of Water Resources,WTM,344,Natomas Central Mutual Water Company
50875,387509N1215060W001,2147363,2014-09-25T15:50:00Z,25.2,25,0,29,-3.8,29,28.8,NA,Electric sounder measurement,Water level accuracy to nearest hundredth of a foot,1,Department of Water Resources,WTM,344,Natomas Central Mutual Water Company
50875,387509N1215060W001,2147362,2014-09-18T10:35:00Z,25.2,25,0,29.5,-4.3,29.5,29.3,NA,Electric sounder measurement,Water level accuracy to nearest hundredth of a foot,1,Department of Water Resources,WTM,344,Natomas Central Mutual Water Company
50875,387509N1215060W001,2147361,2014-09-09T09:30:00Z,25.2,25,0,36.5,-11.3,36.5,36.3,NA,Electric sounder measurement,Water level accuracy to nearest hundredth of a foot,1,Department of Water Resources,WTM,344,Natomas Central Mutual Water Company
50875,387509N1215060W001,2147360,2014-09-03T12:30:00Z,25.2,25,0,50.1,-24.9,50.1,49.9,NA,Electric sounder measurement,Water level accuracy to nearest hundredth of a foot,1,Department of Water Resources,WTM,344,Natomas Central Mutual Water Company
50875,387509N1215060W001,2147359,2014-08-26T14:45:00Z,25.2,25,0,39.5,-14.3,39.5,39.3,NA,Electric sounder measurement,Water level accuracy to nearest hundredth of a foot,1,Department of Water Resources,WTM,344,Natomas Central Mutual Water Company
50875,387509N1215060W001,2147358,2014-08-19T16:30:00Z,25.2,25,0,39.5,-14.3,39.5,39.3,NA,Electric sounder measurement,Water level accuracy to nearest hundredth of a foot,1,Department of Water Resources,WTM,344,Natomas Central Mutual Water Company
50875,387509N1215060W001,2147357,2014-08-13T13:05:00Z,25.2,25,0,42.5,-17.3,42.5,42.3,NA,Electric sounder measurement,Water level accuracy to nearest hundredth of a foot,1,Department of Water Resources,WTM,344,Natomas Central Mutual Water Company
50875,387509N1215060W001,2147356,2014-08-05T13:35:00Z,25.2,25,0,43.6,-18.4,43.6,43.4,NA,Electric sounder measurement,Water level accuracy to nearest hundredth of a foot,1,Department of Water Resources,WTM,344,Natomas Central Mutual Water Company
50875,387509N1215060W001,2147355,2014-07-29T14:10:00Z,25.2,25,0,43.9,-18.7,43.9,43.7,NA,Electric sounder measurement,Water level accuracy to nearest hundredth of a foot,1,Department of Water Resources,WTM,344,Natomas Central Mutual Water Company
50875,387509N1215060W001,2147354,2014-07-24T14:05:00Z,25.2,25,0,43,-17.8,43,42.8,NA,Electric sounder measurement,Water level accuracy to nearest hundredth of a foot,1,Department of Water Resources,WTM,344,Natomas Central Mutual Water Company
50875,387509N1215060W001,2147353,2014-07-16T10:20:00Z,25.2,25,0,40.5,-15.3,40.5,40.3,NA,Electric sounder measurement,Water level accuracy to nearest hundredth of a foot,1,Department of Water Resources,WTM,344,Natomas Central Mutual Water Company
50875,387509N1215060W001,2147352,2014-07-09T10:20:00Z,25.2,25,0,44.9,-19.7,44.9,44.7,NA,Electric sounder measurement,Water level accuracy to nearest hundredth of a foot,1,Department of Water Resources,WTM,344,Natomas Central Mutual Water Company
50875,387509N1215060W001,2147351,2014-07-03T11:20:00Z,25.2,25,0,43.2,-18,43.2,43,NA,Electric sounder measurement,Water level accuracy to nearest hundredth of a foot,1,Department of Water Resources,WTM,344,Natomas Central Mutual Water Company
50875,387509N1215060W001,2147350,2014-06-24T13:20:00Z,25.2,25,0,42.1,-16.9,42.1,41.9,NA,Electric sounder measurement,Water level accuracy to nearest hundredth of a foot,1,Department of Water Resources,WTM,344,Natomas Central Mutual Water Company
50875,387509N1215060W001,2147349,2014-06-17T12:35:00Z,25.2,25,0,41.3,-16.1,41.3,41.1,NA,Electric sounder measurement,Water level accuracy to nearest hundredth of a foot,1,Department of Water Resources,WTM,344,Natomas Central Mutual Water Company
50875,387509N1215060W001,2147348,2014-06-11T12:25:00Z,25.2,25,0,41.8,-16.6,41.8,41.6,NA,Electric sounder measurement,Water level accuracy to nearest hundredth of a foot,1,Department of Water Resources,WTM,344,Natomas Central Mutual Water Company
50875,387509N1215060W001,2147347,2014-06-03T13:05:00Z,25.2,25,0,39.3,-14.1,39.3,39.1,NA,Electric sounder measurement,Water level accuracy to nearest hundredth of a foot,1,Department of Water Resources,WTM,344,Natomas Central Mutual Water Company
50875,387509N1215060W001,2147346,2014-05-27T09:00:00Z,25.2,25,0,39,-13.8,39,38.8,NA,Electric sounder measurement,Water level accuracy to nearest hundredth of a foot,1,Department of Water Resources,WTM,344,Natomas Central Mutual Water Company
50875,387509N1215060W001,2147345,2014-05-19T13:05:00Z,25.2,25,0,35.1,-9.9,35.1,34.9,NA,Electric sounder measurement,Water level accuracy to nearest hundredth of a foot,1,Department of Water Resources,WTM,344,Natomas Central Mutual Water Company
