STN_ID,SITE_CODE,WLM_ID,MSMT_DATE,WLM_RPE,WLM_GSE,RDNG_WS,RDNG_RP,WSE,RPE_WSE,GSE_WSE,WLM_QA_DESC,WLM_DESC,WLM_ACC_DESC,WLM_ORG_ID,WLM_ORG_NAME,MSMT_CMT,COOP_AGENCY_ORG_ID,COOP_ORG_NAME
51000,369600N1204283W001,2616732,2019-10-18T00:00:00Z,141.5,141,0,124,17.5,124,123.5,NA,Acoustic or sonic sounder,Water level accuracy is unknown,6785,Triangle T Water District GSA,NA,6785,Triangle T Water District GSA
51000,369600N1204283W001,2453272,2019-03-28T00:00:00Z,141.5,141,0,109,32.5,109,108.5,NA,Acoustic or sonic sounder,Water level accuracy to nearest foot,5144,Madera-Chowchilla CASGEM Group,NA,5144,Madera-Chowchilla CASGEM Group
51000,369600N1204283W001,2415370,2018-10-18T00:00:00Z,141.5,141,0,132,9.5,132,131.5,NA,Acoustic or sonic sounder,Water level accuracy to nearest foot,5144,Madera-Chowchilla CASGEM Group,NA,5144,Madera-Chowchilla CASGEM Group
51000,369600N1204283W001,2292173,2018-03-16T00:00:00Z,141.5,141,0,118.8,22.7,118.8,118.3,NA,Acoustic or sonic sounder,Water level accuracy to nearest foot,5144,Madera-Chowchilla CASGEM Group,NA,5144,Madera-Chowchilla CASGEM Group
51000,369600N1204283W001,2268846,2017-10-17T00:00:00Z,141.5,141,0,128.01,13.49,128.01,127.51,NA,Acoustic or sonic sounder,Water level accuracy to nearest foot,5144,Madera-Chowchilla CASGEM Group,NA,5144,Madera-Chowchilla CASGEM Group
51000,369600N1204283W001,2237332,2017-03-16T00:00:00Z,141.5,141,0,123.58,17.92,123.58,123.08,NA,Acoustic or sonic sounder,Water level accuracy to nearest foot,5144,Madera-Chowchilla CASGEM Group,NA,5144,Madera-Chowchilla CASGEM Group
51000,369600N1204283W001,2213929,2016-10-17T00:00:00Z,141.5,141,0,140.32,1.18,140.32,139.82,NA,Acoustic or sonic sounder,Water level accuracy to nearest foot,5144,Madera-Chowchilla CASGEM Group,NA,5144,Madera-Chowchilla CASGEM Group
51000,369600N1204283W001,2163977,2015-10-08T00:00:00Z,141.5,141,0,141.7,-0.2,141.7,141.2,NA,Electric sounder measurement,Water level accuracy to nearest foot,5144,Madera-Chowchilla CASGEM Group,NA,5144,Madera-Chowchilla CASGEM Group
