STN_ID,SITE_CODE,WLM_ID,MSMT_DATE,WLM_RPE,WLM_GSE,RDNG_WS,RDNG_RP,WSE,RPE_WSE,GSE_WSE,WLM_QA_DESC,WLM_DESC,WLM_ACC_DESC,WLM_ORG_ID,WLM_ORG_NAME,MSMT_CMT,COOP_AGENCY_ORG_ID,COOP_ORG_NAME
51014,368735N1198255W001,2453138,2019-02-21T00:00:00Z,346,346,0,138,208,138,138,NA,Electric sounder measurement,Water level accuracy to nearest foot,5144,Madera-Chowchilla CASGEM Group,NA,5144,Madera-Chowchilla CASGEM Group
51014,368735N1198255W001,2453137,2018-10-04T00:00:00Z,346,346,0,139.6,206.4,139.6,139.6,NA,Electric sounder measurement,Water level accuracy to nearest foot,5144,Madera-Chowchilla CASGEM Group,NA,5144,Madera-Chowchilla CASGEM Group
51014,368735N1198255W001,2282221,2018-01-29T00:00:00Z,346,346,0,136.1,209.9,136.1,136.1,NA,Electric sounder measurement,Water level accuracy to nearest foot,5144,Madera-Chowchilla CASGEM Group,NA,5144,Madera-Chowchilla CASGEM Group
51014,368735N1198255W001,2279233,2017-10-15T00:00:00Z,346,346,0,132,214,132,132,NA,Electric sounder measurement,Water level accuracy to nearest foot,5144,Madera-Chowchilla CASGEM Group,NA,5144,Madera-Chowchilla CASGEM Group
51014,368735N1198255W001,2236756,2017-01-15T00:00:00Z,346,346,0,139,207,139,139,NA,Electric sounder measurement,Water level accuracy to nearest foot,5144,Madera-Chowchilla CASGEM Group,NA,5144,Madera-Chowchilla CASGEM Group
51014,368735N1198255W001,2221023,2016-10-15T00:00:00Z,346,346,0,142,204,142,142,NA,Electric sounder measurement,Water level accuracy to nearest foot,5144,Madera-Chowchilla CASGEM Group,NA,5144,Madera-Chowchilla CASGEM Group
51014,368735N1198255W001,2186811,2016-01-15T00:00:00Z,346,346,0,139,207,139,139,NA,Electric sounder measurement,Water level accuracy to nearest foot,5144,Madera-Chowchilla CASGEM Group,NA,5144,Madera-Chowchilla CASGEM Group
51014,368735N1198255W001,2162212,2015-10-17T00:00:00Z,349.2,349,0,143,206.2,143,142.8,NA,Electric sounder measurement,Water level accuracy to nearest foot,5144,Madera-Chowchilla CASGEM Group,NA,5144,Madera-Chowchilla CASGEM Group
51014,368735N1198255W001,2162222,2015-01-25T00:00:00Z,349.2,349,0,138,211.2,138,137.8,NA,Electric sounder measurement,Water level accuracy to nearest foot,5144,Madera-Chowchilla CASGEM Group,NA,5144,Madera-Chowchilla CASGEM Group
