STN_ID,SITE_CODE,WLM_ID,MSMT_DATE,WLM_RPE,WLM_GSE,RDNG_WS,RDNG_RP,WSE,RPE_WSE,GSE_WSE,WLM_QA_DESC,WLM_DESC,WLM_ACC_DESC,WLM_ORG_ID,WLM_ORG_NAME,MSMT_CMT,COOP_AGENCY_ORG_ID,COOP_ORG_NAME
51941,344389N1196326W002,2632446,2020-04-12T08:00:00Z,220.5,219,0,128,92.5,128,126.5,NA,Electric sounder measurement,Water level accuracy to nearest hundredth of a foot,2039,Montecito Water District,NA,2039,Montecito Water District
51941,344389N1196326W002,2494281,2019-11-13T08:00:00Z,220.5,219,0,136.67,83.83,136.67,135.17,NA,Electric sounder measurement,Water level accuracy to nearest hundredth of a foot,2039,Montecito Water District,NA,2039,Montecito Water District
51941,344389N1196326W002,2466023,2019-04-17T08:00:00Z,220.5,219,0,134.58,85.92,134.58,133.08,NA,Electric sounder measurement,Water level accuracy to nearest hundredth of a foot,2039,Montecito Water District,NA,2039,Montecito Water District
51941,344389N1196326W002,2430093,2018-10-16T00:00:00Z,220.5,219,0,198,22.5,198,196.5,NA,Electric sounder measurement,Water level accuracy to nearest hundredth of a foot,2039,Montecito Water District,NA,2039,Montecito Water District
51941,344389N1196326W002,2297952,2018-04-26T08:00:00Z,220.5,219,0,154.25,66.25,154.25,152.75,NA,Electric sounder measurement,Water level accuracy to nearest hundredth of a foot,2039,Montecito Water District,NA,2039,Montecito Water District
