STN_ID,SITE_CODE,WLM_ID,MSMT_DATE,WLM_RPE,WLM_GSE,RDNG_WS,RDNG_RP,WSE,RPE_WSE,GSE_WSE,WLM_QA_DESC,WLM_DESC,WLM_ACC_DESC,WLM_ORG_ID,WLM_ORG_NAME,MSMT_CMT,COOP_AGENCY_ORG_ID,COOP_ORG_NAME
52535,397674N1220912W002,2662986,2020-08-03T12:00:00Z,199,198,NA,NA,NA,NA,NA,Pumping,NA,NA,1,Department of Water Resources,Owner gave verbal permision to measure 22N02W16B003M during COVID-19,1,Department of Water Resources
52535,397674N1220912W002,2541100,2020-03-12T12:00:00Z,199,198,21.9,65,155.9,43.1,42.1,Oil or foreign substance in casing,Steel tape measurement,Water level accuracy to nearest tenth of a foot,1,Department of Water Resources,NA,1,Department of Water Resources
52535,397674N1220912W002,2484251,2019-10-15T12:00:00Z,199,198,NA,NA,NA,NA,NA,Pumping,NA,NA,1,Department of Water Resources,Pumping,1,Department of Water Resources
52535,397674N1220912W002,2473510,2019-08-02T12:00:00Z,199,198,NA,NA,NA,NA,NA,Pumping,NA,NA,1,Department of Water Resources,Pumping,1,Department of Water Resources
52535,397674N1220912W002,2450783,2019-03-19T00:00:00Z,199,198,12.5,40,171.5,27.5,26.5,Oil or foreign substance in casing,Steel tape measurement,Water level accuracy to nearest tenth of a foot,1,Department of Water Resources,NA,1,Department of Water Resources
52535,397674N1220912W002,2414673,2018-10-17T12:00:00Z,199,198,9,70,138,61,60,Oil or foreign substance in casing,Steel tape measurement,Water level accuracy to nearest tenth of a foot,1,Department of Water Resources,NA,1,Department of Water Resources
52535,397674N1220912W002,2308079,2018-08-08T12:00:00Z,199,198,1.2,85,115.2,83.8,82.8,NA,Steel tape measurement,Water level accuracy to nearest tenth of a foot,1,Department of Water Resources,NA,1,Department of Water Resources
