STN_ID,SITE_CODE,WLM_ID,MSMT_DATE,WLM_RPE,WLM_GSE,RDNG_WS,RDNG_RP,WSE,RPE_WSE,GSE_WSE,WLM_QA_DESC,WLM_DESC,WLM_ACC_DESC,WLM_ORG_ID,WLM_ORG_NAME,MSMT_CMT,COOP_AGENCY_ORG_ID,COOP_ORG_NAME
5260,345944N1179740W001,1410855,1964-02-24T00:00:00Z,2612.79,2612.79,0,219.92,2392.87,219.92,219.92,NA,Unknown,Water level accuracy is unknown,1,Department of Water Resources,NA,5167,United States Geological Survey
5260,345944N1179740W001,1410854,1956-05-09T00:00:00Z,2612.79,2612.79,0,234,2378.79,234,234,NA,Unknown,Water level accuracy is unknown,1,Department of Water Resources,NA,5167,United States Geological Survey
5260,345944N1179740W001,1410853,1955-03-25T00:00:00Z,2612.79,2612.79,0,222,2390.79,222,222,NA,Unknown,Water level accuracy is unknown,1,Department of Water Resources,NA,5167,United States Geological Survey
5260,345944N1179740W001,1410852,1954-08-24T00:00:00Z,2612.79,2612.79,0,233,2379.79,233,233,NA,Unknown,Water level accuracy is unknown,1,Department of Water Resources,NA,5167,United States Geological Survey
