STN_ID,SITE_CODE,WLM_ID,MSMT_DATE,WLM_RPE,WLM_GSE,RDNG_WS,RDNG_RP,WSE,RPE_WSE,GSE_WSE,WLM_QA_DESC,WLM_DESC,WLM_ACC_DESC,WLM_ORG_ID,WLM_ORG_NAME,MSMT_CMT,COOP_AGENCY_ORG_ID,COOP_ORG_NAME
53159,353364N1193605W002,2632683,2020-06-17T00:00:00Z,295.22,295.22,0,165.7,129.52,165.7,165.7,NA,Electric sounder measurement,Water level accuracy is unknown,1135,West Kern Water District,Well NW-4,1135,West Kern Water District
53159,353364N1193605W002,2632682,2020-05-20T00:00:00Z,295.22,295.22,0,175.5,119.72,175.5,175.5,NA,Electric sounder measurement,Water level accuracy is unknown,1135,West Kern Water District,Well NW-4,1135,West Kern Water District
53159,353364N1193605W002,2632681,2020-04-15T00:00:00Z,295.22,295.22,0,169.8,125.42,169.8,169.8,NA,Electric sounder measurement,Water level accuracy is unknown,1135,West Kern Water District,Well NW-4,1135,West Kern Water District
53159,353364N1193605W002,2632680,2020-03-18T00:00:00Z,295.22,295.22,0,171.6,123.62,171.6,171.6,NA,Electric sounder measurement,Water level accuracy is unknown,1135,West Kern Water District,Well NW-4,1135,West Kern Water District
53159,353364N1193605W002,2632679,2020-02-19T00:00:00Z,295.22,295.22,0,147.1,148.12,147.1,147.1,NA,Electric sounder measurement,Water level accuracy is unknown,1135,West Kern Water District,Well NW-4,1135,West Kern Water District
53159,353364N1193605W002,2632678,2020-01-22T00:00:00Z,295.22,295.22,0,153.2,142.02,153.2,153.2,NA,Electric sounder measurement,Water level accuracy is unknown,1135,West Kern Water District,Well NW-4,1135,West Kern Water District
53159,353364N1193605W002,2500037,2019-12-18T00:00:00Z,295.22,295.22,0,154.7,140.52,154.7,154.7,NA,Electric sounder measurement,Water level accuracy is unknown,1135,West Kern Water District,Well NW-4,1135,West Kern Water District
53159,353364N1193605W002,2500036,2019-11-20T00:00:00Z,295.22,295.22,0,161.5,133.72,161.5,161.5,NA,Electric sounder measurement,Water level accuracy is unknown,1135,West Kern Water District,Well NW-4,1135,West Kern Water District
53159,353364N1193605W002,2500035,2019-10-16T00:00:00Z,295.22,295.22,0,167.5,127.72,167.5,167.5,NA,Electric sounder measurement,Water level accuracy is unknown,1135,West Kern Water District,Well NW-4,1135,West Kern Water District
53159,353364N1193605W002,2500034,2019-09-18T00:00:00Z,295.22,295.22,0,171.2,124.02,171.2,171.2,NA,Electric sounder measurement,Water level accuracy is unknown,1135,West Kern Water District,Well NW-4,1135,West Kern Water District
53159,353364N1193605W002,2500033,2019-08-21T00:00:00Z,295.22,295.22,0,174.6,120.62,174.6,174.6,NA,Electric sounder measurement,Water level accuracy is unknown,1135,West Kern Water District,Well NW-4,1135,West Kern Water District
53159,353364N1193605W002,2477728,2019-07-17T00:00:00Z,295.22,295.22,0,172.5,122.72,172.5,172.5,NA,Electric sounder measurement,Water level accuracy is unknown,1135,West Kern Water District,Well NW-4,1135,West Kern Water District
53159,353364N1193605W002,2477727,2019-06-19T00:00:00Z,295.22,295.22,0,177.9,117.32,177.9,177.9,NA,Electric sounder measurement,Water level accuracy is unknown,1135,West Kern Water District,Well NW-4,1135,West Kern Water District
53159,353364N1193605W002,2477726,2019-05-15T00:00:00Z,295.22,295.22,0,170.7,124.52,170.7,170.7,NA,Electric sounder measurement,Water level accuracy is unknown,1135,West Kern Water District,Well NW-4,1135,West Kern Water District
53159,353364N1193605W002,2477725,2019-04-17T00:00:00Z,295.22,295.22,0,169.6,125.62,169.6,169.6,NA,Electric sounder measurement,Water level accuracy is unknown,1135,West Kern Water District,Well NW-4,1135,West Kern Water District
53159,353364N1193605W002,2477724,2019-04-03T00:00:00Z,295.22,295.22,0,172.2,123.02,172.2,172.2,NA,Electric sounder measurement,Water level accuracy is unknown,1135,West Kern Water District,Well NW-4,1135,West Kern Water District
53159,353364N1193605W002,2477723,2019-03-20T00:00:00Z,295.22,295.22,0,173.8,121.42,173.8,173.8,NA,Electric sounder measurement,Water level accuracy is unknown,1135,West Kern Water District,Well NW-4,1135,West Kern Water District
53159,353364N1193605W002,2477722,2019-02-21T00:00:00Z,295.22,295.22,0,173.4,121.82,173.4,173.4,NA,Electric sounder measurement,Water level accuracy is unknown,1135,West Kern Water District,Well NW-4,1135,West Kern Water District
53159,353364N1193605W002,2477721,2019-02-07T00:00:00Z,295.22,295.22,0,180.1,115.12,180.1,180.1,NA,Electric sounder measurement,Water level accuracy is unknown,1135,West Kern Water District,Well NW-4,1135,West Kern Water District
53159,353364N1193605W002,2477720,2019-01-16T00:00:00Z,295.22,295.22,0,179.8,115.42,179.8,179.8,NA,Electric sounder measurement,Water level accuracy is unknown,1135,West Kern Water District,Well NW-4,1135,West Kern Water District
53159,353364N1193605W002,2477719,2019-01-02T00:00:00Z,295.22,295.22,0,178.2,117.02,178.2,178.2,NA,Electric sounder measurement,Water level accuracy is unknown,1135,West Kern Water District,Well NW-4,1135,West Kern Water District
53159,353364N1193605W002,2477718,2018-12-19T00:00:00Z,295.22,295.22,0,178.4,116.82,178.4,178.4,NA,Electric sounder measurement,Water level accuracy is unknown,1135,West Kern Water District,Well NW-4,1135,West Kern Water District
53159,353364N1193605W002,2477717,2018-12-05T00:00:00Z,295.22,295.22,0,181.3,113.92,181.3,181.3,NA,Electric sounder measurement,Water level accuracy is unknown,1135,West Kern Water District,Well NW-4,1135,West Kern Water District
53159,353364N1193605W002,2477716,2018-11-21T00:00:00Z,295.22,295.22,0,181.3,113.92,181.3,181.3,NA,Electric sounder measurement,Water level accuracy is unknown,1135,West Kern Water District,Well NW-4,1135,West Kern Water District
53159,353364N1193605W002,2477715,2018-10-17T00:00:00Z,295.22,295.22,0,184.2,111.02,184.2,184.2,NA,Electric sounder measurement,Water level accuracy is unknown,1135,West Kern Water District,Well NW-4,1135,West Kern Water District
53159,353364N1193605W002,2477714,2018-10-03T00:00:00Z,295.22,295.22,0,184.3,110.92,184.3,184.3,NA,Electric sounder measurement,Water level accuracy is unknown,1135,West Kern Water District,Well NW-4,1135,West Kern Water District
53159,353364N1193605W002,2477713,2018-09-19T00:00:00Z,295.22,295.22,0,189.3,105.92,189.3,189.3,NA,Electric sounder measurement,Water level accuracy is unknown,1135,West Kern Water District,Well NW-4,1135,West Kern Water District
53159,353364N1193605W002,2477712,2018-08-15T00:00:00Z,295.22,295.22,0,204.2,91.02,204.2,204.2,NA,Electric sounder measurement,Water level accuracy is unknown,1135,West Kern Water District,Well NW-4,1135,West Kern Water District
53159,353364N1193605W002,2477711,2018-07-18T00:00:00Z,295.22,295.22,0,196.9,98.32,196.9,196.9,NA,Electric sounder measurement,Water level accuracy is unknown,1135,West Kern Water District,Well NW-4,1135,West Kern Water District
53159,353364N1193605W002,2477710,2018-06-20T00:00:00Z,295.22,295.22,0,199.8,95.42,199.8,199.8,NA,Electric sounder measurement,Water level accuracy is unknown,1135,West Kern Water District,Well NW-4,1135,West Kern Water District
53159,353364N1193605W002,2477709,2018-05-16T00:00:00Z,295.22,295.22,0,194.9,100.32,194.9,194.9,NA,Electric sounder measurement,Water level accuracy is unknown,1135,West Kern Water District,Well NW-4,1135,West Kern Water District
53159,353364N1193605W002,2477708,2018-04-18T00:00:00Z,295.22,295.22,0,146.7,148.52,146.7,146.7,NA,Electric sounder measurement,Water level accuracy is unknown,1135,West Kern Water District,Well NW-4,1135,West Kern Water District
53159,353364N1193605W002,2477707,2018-03-22T00:00:00Z,295.22,295.22,0,207.6,87.62,207.6,207.6,NA,Electric sounder measurement,Water level accuracy is unknown,1135,West Kern Water District,Well NW-4,1135,West Kern Water District
53159,353364N1193605W002,2477706,2018-02-21T00:00:00Z,295.22,295.22,0,193.1,102.12,193.1,193.1,NA,Electric sounder measurement,Water level accuracy is unknown,1135,West Kern Water District,Well NW-4,1135,West Kern Water District
53159,353364N1193605W002,2477705,2018-01-18T00:00:00Z,295.22,295.22,0,202.8,92.42,202.8,202.8,NA,Electric sounder measurement,Water level accuracy is unknown,1135,West Kern Water District,Well NW-4,1135,West Kern Water District
53159,353364N1193605W002,2477704,2017-12-20T00:00:00Z,295.22,295.22,0,209.3,85.92,209.3,209.3,NA,Electric sounder measurement,Water level accuracy is unknown,1135,West Kern Water District,Well NW-4,1135,West Kern Water District
53159,353364N1193605W002,2477703,2017-10-18T00:00:00Z,295.22,295.22,0,226.6,68.62,226.6,226.6,NA,Electric sounder measurement,Water level accuracy is unknown,1135,West Kern Water District,Well NW-4,1135,West Kern Water District
53159,353364N1193605W002,2477702,2017-08-16T00:00:00Z,295.22,295.22,0,233.8,61.42,233.8,233.8,NA,Electric sounder measurement,Water level accuracy is unknown,1135,West Kern Water District,Well NW-4,1135,West Kern Water District
53159,353364N1193605W002,2477701,2017-06-21T00:00:00Z,295.22,295.22,0,235.4,59.82,235.4,235.4,NA,Electric sounder measurement,Water level accuracy is unknown,1135,West Kern Water District,Well NW-4,1135,West Kern Water District
53159,353364N1193605W002,2477700,2017-05-17T00:00:00Z,295.22,295.22,0,224.8,70.42,224.8,224.8,NA,Electric sounder measurement,Water level accuracy is unknown,1135,West Kern Water District,Well NW-4,1135,West Kern Water District
53159,353364N1193605W002,2477699,2017-04-20T00:00:00Z,295.22,295.22,0,225.7,69.52,225.7,225.7,NA,Electric sounder measurement,Water level accuracy is unknown,1135,West Kern Water District,Well NW-4,1135,West Kern Water District
53159,353364N1193605W002,2477698,2017-03-15T00:00:00Z,295.22,295.22,0,227.1,68.12,227.1,227.1,NA,Electric sounder measurement,Water level accuracy is unknown,1135,West Kern Water District,Well NW-4,1135,West Kern Water District
53159,353364N1193605W002,2477697,2017-02-15T00:00:00Z,295.22,295.22,0,233.6,61.62,233.6,233.6,NA,Electric sounder measurement,Water level accuracy is unknown,1135,West Kern Water District,Well NW-4,1135,West Kern Water District
53159,353364N1193605W002,2477696,2017-01-18T00:00:00Z,295.22,295.22,0,234.7,60.52,234.7,234.7,NA,Electric sounder measurement,Water level accuracy is unknown,1135,West Kern Water District,Well NW-4,1135,West Kern Water District
53159,353364N1193605W002,2477695,2016-12-21T00:00:00Z,295.22,295.22,0,228.1,67.12,228.1,228.1,NA,Electric sounder measurement,Water level accuracy is unknown,1135,West Kern Water District,Well NW-4,1135,West Kern Water District
53159,353364N1193605W002,2477694,2016-10-19T00:00:00Z,295.22,295.22,0,240.8,54.42,240.8,240.8,NA,Electric sounder measurement,Water level accuracy is unknown,1135,West Kern Water District,Well NW-4,1135,West Kern Water District
53159,353364N1193605W002,2477693,2015-05-20T00:00:00Z,295.22,295.22,0,222.2,73.02,222.2,222.2,NA,Electric sounder measurement,Water level accuracy is unknown,1135,West Kern Water District,Well NW-4,1135,West Kern Water District
53159,353364N1193605W002,2477692,2015-02-19T00:00:00Z,295.22,295.22,0,212.6,82.62,212.6,212.6,NA,Electric sounder measurement,Water level accuracy is unknown,1135,West Kern Water District,Well NW-4,1135,West Kern Water District
53159,353364N1193605W002,2477691,2015-02-04T00:00:00Z,295.22,295.22,0,210.1,85.12,210.1,210.1,NA,Electric sounder measurement,Water level accuracy is unknown,1135,West Kern Water District,Well NW-4,1135,West Kern Water District
53159,353364N1193605W002,2477690,2015-01-22T00:00:00Z,295.22,295.22,0,209.4,85.82,209.4,209.4,NA,Electric sounder measurement,Water level accuracy is unknown,1135,West Kern Water District,Well NW-4,1135,West Kern Water District
53159,353364N1193605W002,2477689,2014-12-04T00:00:00Z,295.22,295.22,0,206.8,88.42,206.8,206.8,NA,Electric sounder measurement,Water level accuracy is unknown,1135,West Kern Water District,Well NW-4,1135,West Kern Water District
53159,353364N1193605W002,2477688,2014-11-05T00:00:00Z,295.22,295.22,0,228.6,66.62,228.6,228.6,NA,Electric sounder measurement,Water level accuracy is unknown,1135,West Kern Water District,Well NW-4,1135,West Kern Water District
53159,353364N1193605W002,2477687,2014-10-15T00:00:00Z,295.22,295.22,0,220.7,74.52,220.7,220.7,NA,Electric sounder measurement,Water level accuracy is unknown,1135,West Kern Water District,Well NW-4,1135,West Kern Water District
53159,353364N1193605W002,2477686,2014-10-01T00:00:00Z,295.22,295.22,0,215.4,79.82,215.4,215.4,NA,Electric sounder measurement,Water level accuracy is unknown,1135,West Kern Water District,Well NW-4,1135,West Kern Water District
53159,353364N1193605W002,2477685,2014-07-04T00:00:00Z,295.22,295.22,0,206.7,88.52,206.7,206.7,NA,Electric sounder measurement,Water level accuracy is unknown,1135,West Kern Water District,Well NW-4,1135,West Kern Water District
53159,353364N1193605W002,2477684,2014-06-04T00:00:00Z,295.22,295.22,0,197.5,97.72,197.5,197.5,NA,Electric sounder measurement,Water level accuracy is unknown,1135,West Kern Water District,Well NW-4,1135,West Kern Water District
53159,353364N1193605W002,2477683,2014-05-01T00:00:00Z,295.22,295.22,0,208.7,86.52,208.7,208.7,NA,Electric sounder measurement,Water level accuracy is unknown,1135,West Kern Water District,Well NW-4,1135,West Kern Water District
53159,353364N1193605W002,2477682,2014-04-17T00:00:00Z,295.22,295.22,0,204.2,91.02,204.2,204.2,NA,Electric sounder measurement,Water level accuracy is unknown,1135,West Kern Water District,Well NW-4,1135,West Kern Water District
53159,353364N1193605W002,2477681,2014-04-02T00:00:00Z,295.22,295.22,0,200.3,94.92,200.3,200.3,NA,Electric sounder measurement,Water level accuracy is unknown,1135,West Kern Water District,Well NW-4,1135,West Kern Water District
53159,353364N1193605W002,2477680,2014-03-19T00:00:00Z,295.22,295.22,0,195.6,99.62,195.6,195.6,NA,Electric sounder measurement,Water level accuracy is unknown,1135,West Kern Water District,Well NW-4,1135,West Kern Water District
53159,353364N1193605W002,2477679,2014-03-05T00:00:00Z,295.22,295.22,0,191.1,104.12,191.1,191.1,NA,Electric sounder measurement,Water level accuracy is unknown,1135,West Kern Water District,Well NW-4,1135,West Kern Water District
53159,353364N1193605W002,2477678,2013-12-11T00:00:00Z,295.22,295.22,0,169.1,126.12,169.1,169.1,NA,Electric sounder measurement,Water level accuracy is unknown,1135,West Kern Water District,Well NW-4,1135,West Kern Water District
53159,353364N1193605W002,2477677,2013-12-05T00:00:00Z,295.22,295.22,0,167.6,127.62,167.6,167.6,NA,Electric sounder measurement,Water level accuracy is unknown,1135,West Kern Water District,Well NW-4,1135,West Kern Water District
53159,353364N1193605W002,2477676,2013-08-02T00:00:00Z,295.22,295.22,0,193.2,102.02,193.2,193.2,NA,Electric sounder measurement,Water level accuracy is unknown,1135,West Kern Water District,Well NW-4,1135,West Kern Water District
53159,353364N1193605W002,2477675,2013-07-19T00:00:00Z,295.22,295.22,0,186.1,109.12,186.1,186.1,NA,Electric sounder measurement,Water level accuracy is unknown,1135,West Kern Water District,Well NW-4,1135,West Kern Water District
53159,353364N1193605W002,2477674,2013-06-20T00:00:00Z,295.22,295.22,0,187.4,107.82,187.4,187.4,NA,Electric sounder measurement,Water level accuracy is unknown,1135,West Kern Water District,Well NW-4,1135,West Kern Water District
53159,353364N1193605W002,2477673,2013-05-30T00:00:00Z,295.22,295.22,0,166.7,128.52,166.7,166.7,NA,Electric sounder measurement,Water level accuracy is unknown,1135,West Kern Water District,Well NW-4,1135,West Kern Water District
53159,353364N1193605W002,2477672,2013-05-22T00:00:00Z,295.22,295.22,0,165.5,129.72,165.5,165.5,NA,Electric sounder measurement,Water level accuracy is unknown,1135,West Kern Water District,Well NW-4,1135,West Kern Water District
53159,353364N1193605W002,2477671,2013-05-16T00:00:00Z,295.22,295.22,0,164.2,131.02,164.2,164.2,NA,Electric sounder measurement,Water level accuracy is unknown,1135,West Kern Water District,Well NW-4,1135,West Kern Water District
53159,353364N1193605W002,2477670,2013-05-08T00:00:00Z,295.22,295.22,0,160.8,134.42,160.8,160.8,NA,Electric sounder measurement,Water level accuracy is unknown,1135,West Kern Water District,Well NW-4,1135,West Kern Water District
53159,353364N1193605W002,2477669,2013-05-02T00:00:00Z,295.22,295.22,0,165.8,129.42,165.8,165.8,NA,Electric sounder measurement,Water level accuracy is unknown,1135,West Kern Water District,Well NW-4,1135,West Kern Water District
53159,353364N1193605W002,2477668,2013-04-18T00:00:00Z,295.22,295.22,0,162.3,132.92,162.3,162.3,NA,Electric sounder measurement,Water level accuracy is unknown,1135,West Kern Water District,Well NW-4,1135,West Kern Water District
53159,353364N1193605W002,2477667,2013-04-10T00:00:00Z,295.22,295.22,0,166.9,128.32,166.9,166.9,NA,Electric sounder measurement,Water level accuracy is unknown,1135,West Kern Water District,Well NW-4,1135,West Kern Water District
53159,353364N1193605W002,2477666,2013-04-03T00:00:00Z,295.22,295.22,0,152.1,143.12,152.1,152.1,NA,Electric sounder measurement,Water level accuracy is unknown,1135,West Kern Water District,Well NW-4,1135,West Kern Water District
53159,353364N1193605W002,2477665,2013-03-27T00:00:00Z,295.22,295.22,0,147.2,148.02,147.2,147.2,NA,Electric sounder measurement,Water level accuracy is unknown,1135,West Kern Water District,Well NW-4,1135,West Kern Water District
53159,353364N1193605W002,2477664,2013-03-20T00:00:00Z,295.22,295.22,0,153.8,141.42,153.8,153.8,NA,Electric sounder measurement,Water level accuracy is unknown,1135,West Kern Water District,Well NW-4,1135,West Kern Water District
53159,353364N1193605W002,2477663,2013-03-13T00:00:00Z,295.22,295.22,0,153.9,141.32,153.9,153.9,NA,Electric sounder measurement,Water level accuracy is unknown,1135,West Kern Water District,Well NW-4,1135,West Kern Water District
53159,353364N1193605W002,2477662,2013-03-07T00:00:00Z,295.22,295.22,0,154.2,141.02,154.2,154.2,NA,Electric sounder measurement,Water level accuracy is unknown,1135,West Kern Water District,Well NW-4,1135,West Kern Water District
53159,353364N1193605W002,2477661,2013-02-27T00:00:00Z,295.22,295.22,0,150.7,144.52,150.7,150.7,NA,Electric sounder measurement,Water level accuracy is unknown,1135,West Kern Water District,Well NW-4,1135,West Kern Water District
53159,353364N1193605W002,2477660,2013-02-21T00:00:00Z,295.22,295.22,0,149.5,145.72,149.5,149.5,NA,Electric sounder measurement,Water level accuracy is unknown,1135,West Kern Water District,Well NW-4,1135,West Kern Water District
53159,353364N1193605W002,2477659,2013-02-14T00:00:00Z,295.22,295.22,0,150.4,144.82,150.4,150.4,NA,Electric sounder measurement,Water level accuracy is unknown,1135,West Kern Water District,Well NW-4,1135,West Kern Water District
53159,353364N1193605W002,2477658,2013-02-07T00:00:00Z,295.22,295.22,0,148.4,146.82,148.4,148.4,NA,Electric sounder measurement,Water level accuracy is unknown,1135,West Kern Water District,Well NW-4,1135,West Kern Water District
53159,353364N1193605W002,2477657,2012-11-01T00:00:00Z,295.22,295.22,0,161.6,133.62,161.6,161.6,NA,Electric sounder measurement,Water level accuracy is unknown,1135,West Kern Water District,Well NW-4,1135,West Kern Water District
53159,353364N1193605W002,2477656,2012-10-04T00:00:00Z,295.22,295.22,0,148.6,146.62,148.6,148.6,NA,Electric sounder measurement,Water level accuracy is unknown,1135,West Kern Water District,Well NW-4,1135,West Kern Water District
53159,353364N1193605W002,2477655,2012-09-07T00:00:00Z,295.22,295.22,0,164.7,130.52,164.7,164.7,NA,Electric sounder measurement,Water level accuracy is unknown,1135,West Kern Water District,Well NW-4,1135,West Kern Water District
53159,353364N1193605W002,2477654,2012-08-29T00:00:00Z,295.22,295.22,0,169.8,125.42,169.8,169.8,NA,Electric sounder measurement,Water level accuracy is unknown,1135,West Kern Water District,Well NW-4,1135,West Kern Water District
53159,353364N1193605W002,2477653,2012-07-26T00:00:00Z,295.22,295.22,0,115.8,179.42,115.8,115.8,NA,Electric sounder measurement,Water level accuracy is unknown,1135,West Kern Water District,Well NW-4,1135,West Kern Water District
