STN_ID,SITE_CODE,WLM_ID,MSMT_DATE,WLM_RPE,WLM_GSE,RDNG_WS,RDNG_RP,WSE,RPE_WSE,GSE_WSE,WLM_QA_DESC,WLM_DESC,WLM_ACC_DESC,WLM_ORG_ID,WLM_ORG_NAME,MSMT_CMT,COOP_AGENCY_ORG_ID,COOP_ORG_NAME
53617,342274N1191090W001,2631127,2020-04-28T00:00:00Z,82.81,80,NA,NA,NA,NA,NA,Pumping,NA,NA,6812,Fox Canyon Groundwater Management Agency GSA - Oxnard,NA,5070,United Water Conservation District
53617,342274N1191090W001,2630840,2020-03-18T00:00:00Z,82.81,80,0,170.4,-87.59,170.4,167.59,Oil or foreign substance in casing,Unknown,Water level accuracy is unknown,6812,Fox Canyon Groundwater Management Agency GSA - Oxnard,NA,5070,United Water Conservation District
53617,342274N1191090W001,2631126,2020-02-12T00:00:00Z,82.81,80,NA,NA,NA,NA,NA,Pumping,NA,NA,6812,Fox Canyon Groundwater Management Agency GSA - Oxnard,NA,5070,United Water Conservation District
53617,342274N1191090W001,2631125,2020-01-17T00:00:00Z,82.81,80,NA,NA,NA,NA,NA,Pumping,NA,NA,6812,Fox Canyon Groundwater Management Agency GSA - Oxnard,NA,5070,United Water Conservation District
