STN_ID,SITE_CODE,WLM_ID,MSMT_DATE,WLM_RPE,WLM_GSE,RDNG_WS,RDNG_RP,WSE,RPE_WSE,GSE_WSE,WLM_QA_DESC,WLM_DESC,WLM_ACC_DESC,WLM_ORG_ID,WLM_ORG_NAME,MSMT_CMT,COOP_AGENCY_ORG_ID,COOP_ORG_NAME
54150,350522N1199665W001,2497713,2018-03-05T00:00:00Z,1507.93,1507.93,0,42.06,1465.87,42.06,42.06,NA,Unknown,Water level accuracy is unknown,5266,Cuyama Basin GSA,NA,5266,Cuyama Basin GSA
54150,350522N1199665W001,2497326,2018-03-05T00:00:00Z,1507.93,1507.93,0,42.06,1465.87,42.06,42.06,NA,Unknown,Water level accuracy is unknown,5266,Cuyama Basin GSA,NA,5266,Cuyama Basin GSA
54150,350522N1199665W001,2497712,2017-03-22T00:00:00Z,1507.93,1507.93,0,40.47,1467.46,40.47,40.47,NA,Unknown,Water level accuracy is unknown,5266,Cuyama Basin GSA,NA,5266,Cuyama Basin GSA
54150,350522N1199665W001,2497324,2017-03-22T00:00:00Z,1507.93,1507.93,0,40.47,1467.46,40.47,40.47,NA,Unknown,Water level accuracy is unknown,5266,Cuyama Basin GSA,NA,5266,Cuyama Basin GSA
