STN_ID,SITE_CODE,WLM_ID,MSMT_DATE,WLM_RPE,WLM_GSE,RDNG_WS,RDNG_RP,WSE,RPE_WSE,GSE_WSE,WLM_QA_DESC,WLM_DESC,WLM_ACC_DESC,WLM_ORG_ID,WLM_ORG_NAME,MSMT_CMT,COOP_AGENCY_ORG_ID,COOP_ORG_NAME
54385,367378N1197250W001,2659978,2020-04-01T12:00:00Z,311.2,309.6,0,106.3,204.9,106.3,104.7,NA,Electric sounder measurement,Water level accuracy to nearest tenth of a foot,6563,North Kings GSA,NA,6563,North Kings GSA
54385,367378N1197250W001,2659835,2019-10-01T12:00:00Z,311.2,309.6,0,108.7,202.5,108.7,107.1,NA,Electric sounder measurement,Water level accuracy to nearest tenth of a foot,6563,North Kings GSA,NA,6563,North Kings GSA
54385,367378N1197250W001,2618027,2019-04-01T12:00:00Z,311.2,309.6,0,115.3,195.9,115.3,113.7,NA,Unknown,Water level accuracy to nearest tenth of a foot,6563,North Kings GSA,NA,6563,North Kings GSA
54385,367378N1197250W001,2617963,2018-10-01T12:00:00Z,311.2,309.6,0,111.9,199.3,111.9,110.3,NA,Unknown,Water level accuracy to nearest tenth of a foot,6563,North Kings GSA,NA,6563,North Kings GSA
