STN_ID,SITE_CODE,WLM_ID,MSMT_DATE,WLM_RPE,WLM_GSE,RDNG_WS,RDNG_RP,WSE,RPE_WSE,GSE_WSE,WLM_QA_DESC,WLM_DESC,WLM_ACC_DESC,WLM_ORG_ID,WLM_ORG_NAME,MSMT_CMT,COOP_AGENCY_ORG_ID,COOP_ORG_NAME
54391,363752N1198257W001,2659925,2020-03-20T12:00:00Z,215.4,214.6,0,165,50.4,165,164.2,NA,Electric sounder measurement,Water level accuracy to nearest tenth of a foot,2068,North Fork Kings GSA,NA,2068,North Fork Kings GSA
54391,363752N1198257W001,2659782,2019-10-19T12:00:00Z,215.4,214.6,0,156,59.4,156,155.2,NA,Electric sounder measurement,Water level accuracy to nearest tenth of a foot,2068,North Fork Kings GSA,NA,2068,North Fork Kings GSA
54391,363752N1198257W001,2618050,2019-03-01T12:00:00Z,215.4,214.6,0,155.8,59.6,155.8,155,NA,Unknown,Water level accuracy to nearest tenth of a foot,2068,North Fork Kings GSA,NA,2068,North Fork Kings GSA
54391,363752N1198257W001,2617986,2018-10-01T12:00:00Z,215.4,214.6,0,164.8,50.6,164.8,164,NA,Unknown,Water level accuracy to nearest tenth of a foot,2068,North Fork Kings GSA,NA,2068,North Fork Kings GSA
