STN_ID,SITE_CODE,WLM_ID,MSMT_DATE,WLM_RPE,WLM_GSE,RDNG_WS,RDNG_RP,WSE,RPE_WSE,GSE_WSE,WLM_QA_DESC,WLM_DESC,WLM_ACC_DESC,WLM_ORG_ID,WLM_ORG_NAME,MSMT_CMT,COOP_AGENCY_ORG_ID,COOP_ORG_NAME
54636,362107N1194164W001,2660010,2020-03-15T12:00:00Z,257.09,257.09,0,155,102.09,155,155,NA,Unknown,Water level accuracy is unknown,5317,Mid-Kaweah GSA,NA,5317,Mid-Kaweah GSA
54636,362107N1194164W001,2660046,2019-10-15T12:00:00Z,257.09,257.09,0,163,94.09,163,163,NA,Unknown,Water level accuracy is unknown,5317,Mid-Kaweah GSA,NA,5317,Mid-Kaweah GSA
54636,362107N1194164W001,2619923,2019-03-15T12:00:00Z,257.09,257.09,0,159,98.09,159,159,NA,Unknown,Water level accuracy is unknown,5317,Mid-Kaweah GSA,NA,5317,Mid-Kaweah GSA
54636,362107N1194164W001,2619876,2018-10-15T12:00:00Z,257.09,257.09,0,162,95.09,162,162,NA,Unknown,Water level accuracy is unknown,5317,Mid-Kaweah GSA,NA,5317,Mid-Kaweah GSA
