STN_ID,SITE_CODE,WLM_ID,MSMT_DATE,WLM_RPE,WLM_GSE,RDNG_WS,RDNG_RP,WSE,RPE_WSE,GSE_WSE,WLM_QA_DESC,WLM_DESC,WLM_ACC_DESC,WLM_ORG_ID,WLM_ORG_NAME,MSMT_CMT,COOP_AGENCY_ORG_ID,COOP_ORG_NAME
5923,373627N1205916W001,67219,2012-03-01T12:00:00Z,163.067,166.467,NA,NA,NA,NA,NA,Special/Other,NA,NA,1,Department of Water Resources,NA,1,Department of Water Resources
5923,373627N1205916W001,67731,2011-03-01T12:00:00Z,163.067,166.467,NA,NA,NA,NA,NA,Special/Other,NA,NA,1,Department of Water Resources,NA,1,Department of Water Resources
5923,373627N1205916W001,1427220,2009-03-01T00:00:00Z,163.07,166.47,NA,NA,NA,NA,NA,Temporarily inaccessible,NA,NA,1,Department of Water Resources,NA,778,Merced Irrigation District
5923,373627N1205916W001,1427221,2008-10-01T00:00:00Z,163.07,166.47,NA,NA,NA,NA,NA,Special/Other,NA,NA,1,Department of Water Resources,NA,778,Merced Irrigation District
5923,373627N1205916W001,1427219,2008-03-03T00:00:00Z,163.07,166.47,NA,NA,NA,NA,NA,Special/Other,NA,NA,1,Department of Water Resources,NA,778,Merced Irrigation District
5923,373627N1205916W001,1427222,2008-03-01T00:00:00Z,163.07,166.47,NA,NA,NA,NA,NA,Special/Other,NA,NA,1,Department of Water Resources,NA,778,Merced Irrigation District
5923,373627N1205916W001,1427218,2007-02-01T00:00:00Z,163.07,166.47,NA,NA,NA,NA,NA,Special/Other,NA,NA,1,Department of Water Resources,NA,778,Merced Irrigation District
5923,373627N1205916W001,1427217,2006-02-01T00:00:00Z,163.07,166.47,NA,NA,NA,NA,NA,Special/Other,NA,NA,1,Department of Water Resources,NA,778,Merced Irrigation District
5923,373627N1205916W001,1427216,2005-02-01T00:00:00Z,163.07,166.47,NA,NA,NA,NA,NA,Special/Other,NA,NA,1,Department of Water Resources,NA,778,Merced Irrigation District
5923,373627N1205916W001,1427215,2004-02-01T00:00:00Z,163.07,166.47,NA,NA,NA,NA,NA,Temporarily inaccessible,NA,NA,1,Department of Water Resources,NA,778,Merced Irrigation District
5923,373627N1205916W001,1427214,1994-11-01T00:00:00Z,163.07,166.47,NA,NA,NA,NA,NA,Special/Other,NA,NA,1,Department of Water Resources,NA,778,Merced Irrigation District
5923,373627N1205916W001,1427213,1990-12-14T00:00:00Z,163.07,166.47,NA,NA,NA,NA,NA,Special/Other,NA,NA,1,Department of Water Resources,NA,778,Merced Irrigation District
5923,373627N1205916W001,1427212,1989-12-01T00:00:00Z,163.07,166.47,0,39.7,123.37,39.7,43.1,NA,Unknown,Water level accuracy is unknown,1,Department of Water Resources,NA,778,Merced Irrigation District
5923,373627N1205916W001,1427211,1988-12-01T00:00:00Z,163.07,166.47,0,37.1,125.97,37.1,40.5,NA,Unknown,Water level accuracy is unknown,1,Department of Water Resources,NA,778,Merced Irrigation District
5923,373627N1205916W001,1427210,1987-12-01T00:00:00Z,163.07,166.47,0,36.9,126.17,36.9,40.3,NA,Unknown,Water level accuracy is unknown,1,Department of Water Resources,NA,778,Merced Irrigation District
5923,373627N1205916W001,1427209,1987-10-22T00:00:00Z,163.07,166.47,0,38.6,124.47,38.6,42,NA,Unknown,Water level accuracy is unknown,1,Department of Water Resources,NA,778,Merced Irrigation District
5923,373627N1205916W001,1427208,1986-12-01T00:00:00Z,163.07,166.47,0,35.8,127.27,35.8,39.2,NA,Unknown,Water level accuracy is unknown,1,Department of Water Resources,NA,778,Merced Irrigation District
5923,373627N1205916W001,1427207,1983-10-06T00:00:00Z,163.07,166.47,0,34.6,128.47,34.6,38,NA,Unknown,Water level accuracy is unknown,1,Department of Water Resources,NA,778,Merced Irrigation District
5923,373627N1205916W001,1427206,1983-01-03T00:00:00Z,163.07,166.47,0,47,116.07,47,50.4,NA,Unknown,Water level accuracy is unknown,1,Department of Water Resources,NA,778,Merced Irrigation District
5923,373627N1205916W001,1427205,1982-10-21T00:00:00Z,163.07,166.47,NA,NA,NA,NA,NA,Pump house locked,NA,NA,1,Department of Water Resources,NA,1,Department of Water Resources
5923,373627N1205916W001,1427204,1982-01-27T00:00:00Z,163.07,166.47,0,36,127.07,36,39.4,NA,Unknown,Water level accuracy is unknown,1,Department of Water Resources,NA,5167,United States Geological Survey
5923,373627N1205916W001,1427203,1981-12-10T00:00:00Z,163.07,166.47,0,36.9,126.17,36.9,40.3,NA,Unknown,Water level accuracy is unknown,1,Department of Water Resources,NA,778,Merced Irrigation District
5923,373627N1205916W001,1427202,1981-10-07T00:00:00Z,163.07,166.47,0,37.4,125.67,37.4,40.8,NA,Unknown,Water level accuracy is unknown,1,Department of Water Resources,NA,5167,United States Geological Survey
5923,373627N1205916W001,1427201,1981-02-26T00:00:00Z,163.07,166.47,0,37.5,125.57,37.5,40.9,NA,Unknown,Water level accuracy is unknown,1,Department of Water Resources,NA,5167,United States Geological Survey
5923,373627N1205916W001,1427200,1980-12-01T00:00:00Z,163.07,166.47,0,36.9,126.17,36.9,40.3,NA,Unknown,Water level accuracy is unknown,1,Department of Water Resources,NA,778,Merced Irrigation District
5923,373627N1205916W001,1427199,1980-11-13T00:00:00Z,163.07,166.47,0,37.7,125.37,37.7,41.1,NA,Unknown,Water level accuracy is unknown,1,Department of Water Resources,NA,624,Bureau of Reclamation
5923,373627N1205916W001,1427198,1980-03-27T00:00:00Z,163.07,166.47,0,38.4,124.67,38.4,41.8,NA,Unknown,Water level accuracy is unknown,1,Department of Water Resources,NA,624,Bureau of Reclamation
5923,373627N1205916W001,1427197,1979-12-01T00:00:00Z,163.07,166.47,0,33.8,129.27,33.8,37.2,NA,Unknown,Water level accuracy is unknown,1,Department of Water Resources,NA,778,Merced Irrigation District
5923,373627N1205916W001,1427196,1979-11-27T00:00:00Z,163.07,166.47,0,39.6,123.47,39.6,43,NA,Unknown,Water level accuracy is unknown,1,Department of Water Resources,NA,624,Bureau of Reclamation
5923,373627N1205916W001,1427195,1979-04-25T00:00:00Z,163.07,166.47,0,40.4,122.67,40.4,43.8,NA,Unknown,Water level accuracy is unknown,1,Department of Water Resources,NA,624,Bureau of Reclamation
5923,373627N1205916W001,1427194,1978-11-02T00:00:00Z,163.07,166.47,0,45.8,117.27,45.8,49.2,NA,Unknown,Water level accuracy is unknown,1,Department of Water Resources,NA,624,Bureau of Reclamation
5923,373627N1205916W001,1427193,1978-04-27T00:00:00Z,163.07,166.47,0,45.5,117.57,45.5,48.9,NA,Unknown,Water level accuracy is unknown,1,Department of Water Resources,NA,624,Bureau of Reclamation
5923,373627N1205916W001,1427192,1977-12-01T00:00:00Z,163.07,166.47,0,52.6,110.47,52.6,56,NA,Unknown,Water level accuracy is unknown,1,Department of Water Resources,NA,778,Merced Irrigation District
5923,373627N1205916W001,1427191,1977-10-20T00:00:00Z,163.07,166.47,0,48.2,114.87,48.2,51.6,NA,Unknown,Water level accuracy is unknown,1,Department of Water Resources,NA,624,Bureau of Reclamation
5923,373627N1205916W001,1427190,1977-04-04T00:00:00Z,163.07,166.47,0,38.7,124.37,38.7,42.1,NA,Unknown,Water level accuracy is unknown,1,Department of Water Resources,NA,624,Bureau of Reclamation
5923,373627N1205916W001,1427189,1976-12-01T00:00:00Z,163.07,166.47,0,39.1,123.97,39.1,42.5,NA,Unknown,Water level accuracy is unknown,1,Department of Water Resources,NA,778,Merced Irrigation District
5923,373627N1205916W001,1427188,1976-02-02T00:00:00Z,163.07,166.47,0,14.8,148.27,14.8,18.2,NA,Unknown,Water level accuracy is unknown,1,Department of Water Resources,NA,778,Merced Irrigation District
5923,373627N1205916W001,1427187,1975-09-10T00:00:00Z,163.07,166.47,0,30.2,132.87,30.2,33.6,NA,Unknown,Water level accuracy is unknown,1,Department of Water Resources,NA,624,Bureau of Reclamation
5923,373627N1205916W001,1427186,1975-03-03T00:00:00Z,163.07,166.47,0,14.6,148.47,14.6,18,NA,Unknown,Water level accuracy is unknown,1,Department of Water Resources,NA,778,Merced Irrigation District
5923,373627N1205916W001,1427185,1974-11-01T00:00:00Z,163.07,166.47,0,28.2,134.87,28.2,31.6,NA,Unknown,Water level accuracy is unknown,1,Department of Water Resources,NA,778,Merced Irrigation District
5923,373627N1205916W001,1427184,1974-03-01T00:00:00Z,163.07,166.47,0,14.7,148.37,14.7,18.1,NA,Unknown,Water level accuracy is unknown,1,Department of Water Resources,NA,778,Merced Irrigation District
5923,373627N1205916W001,1427183,1972-03-02T00:00:00Z,163.07,166.47,0,15.1,147.97,15.1,18.5,NA,Unknown,Water level accuracy is unknown,1,Department of Water Resources,NA,778,Merced Irrigation District
5923,373627N1205916W001,1427182,1971-03-03T00:00:00Z,163.07,166.47,0,13.7,149.37,13.7,17.1,NA,Unknown,Water level accuracy is unknown,1,Department of Water Resources,NA,778,Merced Irrigation District
5923,373627N1205916W001,1427181,1970-10-05T00:00:00Z,163.07,166.47,0,12.9,150.17,12.9,16.3,NA,Unknown,Water level accuracy is unknown,1,Department of Water Resources,NA,778,Merced Irrigation District
5923,373627N1205916W001,1427180,1970-03-01T00:00:00Z,163.07,166.47,0,10.6,152.47,10.6,14,NA,Unknown,Water level accuracy is unknown,1,Department of Water Resources,NA,778,Merced Irrigation District
5923,373627N1205916W001,1427179,1963-03-01T00:00:00Z,163.07,166.47,0,7.99,155.08,7.99,11.39,NA,Unknown,Water level accuracy is unknown,1,Department of Water Resources,NA,778,Merced Irrigation District
5923,373627N1205916W001,1427178,1961-04-03T00:00:00Z,163.07,166.47,0,15.2,147.87,15.2,18.6,NA,Unknown,Water level accuracy is unknown,1,Department of Water Resources,NA,778,Merced Irrigation District
5923,373627N1205916W001,1427177,1961-03-01T00:00:00Z,163.07,166.47,0,15.4,147.67,15.4,18.8,NA,Unknown,Water level accuracy is unknown,1,Department of Water Resources,NA,778,Merced Irrigation District
5923,373627N1205916W001,1427176,1961-02-27T00:00:00Z,163.07,166.47,0,15,148.07,15,18.4,NA,Unknown,Water level accuracy is unknown,1,Department of Water Resources,NA,778,Merced Irrigation District
5923,373627N1205916W001,1427175,1961-02-01T00:00:00Z,163.07,166.47,0,15.5,147.57,15.5,18.9,NA,Unknown,Water level accuracy is unknown,1,Department of Water Resources,NA,778,Merced Irrigation District
5923,373627N1205916W001,1427174,1961-01-04T00:00:00Z,163.07,166.47,0,16.4,146.67,16.4,19.8,NA,Unknown,Water level accuracy is unknown,1,Department of Water Resources,NA,778,Merced Irrigation District
5923,373627N1205916W001,1427173,1960-12-05T00:00:00Z,163.07,166.47,NA,NA,NA,NA,NA,Dry well,NA,NA,1,Department of Water Resources,NA,778,Merced Irrigation District
5923,373627N1205916W001,1427172,1960-10-25T00:00:00Z,163.07,166.47,NA,NA,NA,NA,NA,Dry well,NA,NA,1,Department of Water Resources,NA,778,Merced Irrigation District
5923,373627N1205916W001,1427171,1960-10-01T00:00:00Z,163.07,166.47,NA,NA,NA,NA,NA,Dry well,NA,NA,1,Department of Water Resources,NA,778,Merced Irrigation District
5923,373627N1205916W001,1427170,1960-09-01T00:00:00Z,163.07,166.47,NA,NA,NA,NA,NA,Dry well,NA,NA,1,Department of Water Resources,NA,778,Merced Irrigation District
5923,373627N1205916W001,1427169,1960-08-01T00:00:00Z,163.07,166.47,NA,NA,NA,NA,NA,Dry well,NA,NA,1,Department of Water Resources,NA,778,Merced Irrigation District
5923,373627N1205916W001,1427168,1960-07-01T00:00:00Z,163.07,166.47,NA,NA,NA,NA,NA,Dry well,NA,NA,1,Department of Water Resources,NA,778,Merced Irrigation District
5923,373627N1205916W001,1427167,1960-06-01T00:00:00Z,163.07,166.47,NA,NA,NA,NA,NA,Dry well,NA,NA,1,Department of Water Resources,NA,778,Merced Irrigation District
5923,373627N1205916W001,1427166,1960-05-01T00:00:00Z,163.07,166.47,0,16.3,146.77,16.3,19.7,NA,Unknown,Water level accuracy is unknown,1,Department of Water Resources,NA,778,Merced Irrigation District
5923,373627N1205916W001,1427165,1960-04-01T00:00:00Z,163.07,166.47,0,16.4,146.67,16.4,19.8,NA,Unknown,Water level accuracy is unknown,1,Department of Water Resources,NA,778,Merced Irrigation District
5923,373627N1205916W001,1427164,1960-03-03T00:00:00Z,163.07,166.47,0,13.5,149.57,13.5,16.9,NA,Unknown,Water level accuracy is unknown,1,Department of Water Resources,NA,778,Merced Irrigation District
5923,373627N1205916W001,1427163,1960-03-01T00:00:00Z,163.07,166.47,0,13.1,149.97,13.1,16.5,NA,Unknown,Water level accuracy is unknown,1,Department of Water Resources,NA,778,Merced Irrigation District
5923,373627N1205916W001,1427162,1960-02-01T00:00:00Z,163.07,166.47,0,13.4,149.67,13.4,16.8,NA,Unknown,Water level accuracy is unknown,1,Department of Water Resources,NA,778,Merced Irrigation District
5923,373627N1205916W001,1427161,1960-01-01T00:00:00Z,163.07,166.47,NA,NA,NA,NA,NA,Dry well,NA,NA,1,Department of Water Resources,NA,778,Merced Irrigation District
