STN_ID,SITE_CODE,WLM_ID,MSMT_DATE,WLM_RPE,WLM_GSE,RDNG_WS,RDNG_RP,WSE,RPE_WSE,GSE_WSE,WLM_QA_DESC,WLM_DESC,WLM_ACC_DESC,WLM_ORG_ID,WLM_ORG_NAME,MSMT_CMT,COOP_AGENCY_ORG_ID,COOP_ORG_NAME
6027,382454N1217027W001,2662297,2020-09-09T00:00:00Z,3.55,2.45,0,3.9,-0.35,3.9,2.8,NA,Electric sounder measurement,Water level accuracy to nearest tenth of a foot,1,Department of Water Resources,Run 14,1,Department of Water Resources
6027,382454N1217027W001,2660534,2020-08-12T00:00:00Z,3.55,2.45,0,4.3,-0.75,4.3,3.2,NA,Electric sounder measurement,Water level accuracy to nearest tenth of a foot,1,Department of Water Resources,Run 14,1,Department of Water Resources
6027,382454N1217027W001,2655723,2020-07-14T00:00:00Z,3.55,2.45,0,4.5,-0.95,4.5,3.4,NA,Electric sounder measurement,Water level accuracy to nearest tenth of a foot,1,Department of Water Resources,Run 14,1,Department of Water Resources
6027,382454N1217027W001,2627758,2020-06-19T00:00:00Z,3.55,2.45,0,4.5,-0.95,4.5,3.4,NA,Electric sounder measurement,Water level accuracy to nearest tenth of a foot,1,Department of Water Resources,Run 14,1,Department of Water Resources
6027,382454N1217027W001,2624496,2020-05-13T00:00:00Z,3.55,2.45,0,3.5,0.05,3.5,2.4,NA,Electric sounder measurement,Water level accuracy to nearest tenth of a foot,1,Department of Water Resources,Run 14,1,Department of Water Resources
6027,382454N1217027W001,2624720,2020-04-01T00:00:00Z,3.55,2.45,NA,NA,NA,NA,NA,Special/Other,NA,NA,1,Department of Water Resources,Run 14 - Data not collected due to Covid-19,1,Department of Water Resources
6027,382454N1217027W001,2536700,2020-03-06T00:00:00Z,3.55,2.45,0,3.3,0.25,3.3,2.2,NA,Electric sounder measurement,Water level accuracy to nearest tenth of a foot,1,Department of Water Resources,NA,1,Department of Water Resources
6027,382454N1217027W001,2523313,2020-02-11T00:00:00Z,3.55,2.45,0,3.9,-0.35,3.9,2.8,NA,Electric sounder measurement,Water level accuracy to nearest tenth of a foot,1,Department of Water Resources,NA,1,Department of Water Resources
6027,382454N1217027W001,2494337,2020-01-14T00:00:00Z,3.55,2.45,0,3.8,-0.25,3.8,2.7,NA,Electric sounder measurement,Water level accuracy to nearest tenth of a foot,1,Department of Water Resources,NA,1,Department of Water Resources
6027,382454N1217027W001,2488686,2019-12-06T00:00:00Z,3.55,2.45,0,4,-0.45,4,2.9,NA,Electric sounder measurement,Water level accuracy to nearest tenth of a foot,1,Department of Water Resources,NA,1,Department of Water Resources
6027,382454N1217027W001,2484064,2019-11-07T00:00:00Z,3.55,2.45,0,4.3,-0.75,4.3,3.2,NA,Electric sounder measurement,Water level accuracy to nearest tenth of a foot,1,Department of Water Resources,NA,1,Department of Water Resources
6027,382454N1217027W001,2478122,2019-10-08T00:00:00Z,3.55,2.45,0,3.8,-0.25,3.8,2.7,NA,Electric sounder measurement,Water level accuracy to nearest tenth of a foot,1,Department of Water Resources,NA,1,Department of Water Resources
6027,382454N1217027W001,2475202,2019-09-13T00:00:00Z,3.55,2.45,0,3.7,-0.15,3.7,2.6,NA,Electric sounder measurement,Water level accuracy to nearest tenth of a foot,1,Department of Water Resources,NA,1,Department of Water Resources
6027,382454N1217027W001,2474672,2019-08-26T00:00:00Z,3.55,2.45,0,3.9,-0.35,3.9,2.8,NA,Electric sounder measurement,Water level accuracy to nearest tenth of a foot,1,Department of Water Resources,NA,1,Department of Water Resources
6027,382454N1217027W001,2469939,2019-07-08T00:00:00Z,3.55,2.45,0,3.7,-0.15,3.7,2.6,NA,Electric sounder measurement,Water level accuracy to nearest tenth of a foot,1,Department of Water Resources,NA,1,Department of Water Resources
6027,382454N1217027W001,2465030,2019-06-12T00:00:00Z,3.55,2.45,0,3.5,0.05,3.5,2.4,NA,Electric sounder measurement,Water level accuracy to nearest tenth of a foot,1,Department of Water Resources,NA,1,Department of Water Resources
6027,382454N1217027W001,2463244,2019-05-29T00:00:00Z,3.55,2.45,0,3.5,0.05,3.5,2.4,NA,Electric sounder measurement,Water level accuracy to nearest tenth of a foot,1,Department of Water Resources,NA,1,Department of Water Resources
6027,382454N1217027W001,2453204,2019-04-11T00:00:00Z,3.55,2.45,0,2.6,0.95,2.6,1.5,NA,Electric sounder measurement,Water level accuracy to nearest tenth of a foot,1,Department of Water Resources,NA,1,Department of Water Resources
6027,382454N1217027W001,2450386,2019-03-18T00:00:00Z,3.55,2.45,0,2,1.55,2,0.9,NA,Electric sounder measurement,Water level accuracy to nearest tenth of a foot,1,Department of Water Resources,NA,1,Department of Water Resources
6027,382454N1217027W001,2447661,2019-02-14T00:00:00Z,3.55,2.45,0,0.7,2.85,0.7,-0.4,NA,Electric sounder measurement,Water level accuracy to nearest tenth of a foot,1,Department of Water Resources,NA,1,Department of Water Resources
6027,382454N1217027W001,2433939,2019-01-07T00:00:00Z,3.55,2.45,0,2.5,1.05,2.5,1.4,NA,Electric sounder measurement,Water level accuracy to nearest tenth of a foot,1,Department of Water Resources,NA,1,Department of Water Resources
6027,382454N1217027W001,2433806,2018-12-01T00:00:00Z,3.55,2.45,NA,NA,NA,NA,NA,Temporarily inaccessible,NA,NA,1,Department of Water Resources,Temporarily unable to access.,1,Department of Water Resources
6027,382454N1217027W001,2429297,2018-11-30T00:00:00Z,3.55,2.45,0,3,0.55,3,1.9,NA,Electric sounder measurement,Water level accuracy to nearest tenth of a foot,1,Department of Water Resources,NA,1,Department of Water Resources
6027,382454N1217027W001,2413276,2018-10-04T00:00:00Z,3.55,2.45,0,3.7,-0.15,3.7,2.6,NA,Electric sounder measurement,Water level accuracy to nearest tenth of a foot,1,Department of Water Resources,NA,1,Department of Water Resources
6027,382454N1217027W001,2410291,2018-09-12T00:00:00Z,3.55,2.45,0,3.5,0.05,3.5,2.4,NA,Electric sounder measurement,Water level accuracy to nearest tenth of a foot,1,Department of Water Resources,NA,1,Department of Water Resources
6027,382454N1217027W001,2409303,2018-08-29T00:00:00Z,3.55,2.45,0,3.3,0.25,3.3,2.2,NA,Electric sounder measurement,Water level accuracy to nearest tenth of a foot,1,Department of Water Resources,NA,1,Department of Water Resources
6027,382454N1217027W001,2307608,2018-07-17T00:00:00Z,3.55,2.45,0,2.9,0.65,2.9,1.8,NA,Electric sounder measurement,Water level accuracy to nearest tenth of a foot,1,Department of Water Resources,NA,1,Department of Water Resources
6027,382454N1217027W001,2307596,2018-06-06T00:00:00Z,3.55,2.45,0,3.3,0.25,3.3,2.2,NA,Electric sounder measurement,Water level accuracy to nearest tenth of a foot,1,Department of Water Resources,NA,1,Department of Water Resources
6027,382454N1217027W001,2284787,2018-03-08T00:00:00Z,3.55,2.45,0,2.9,0.65,2.9,1.8,NA,Electric sounder measurement,Water level accuracy to nearest tenth of a foot,1,Department of Water Resources,NA,1,Department of Water Resources
6027,382454N1217027W001,2281076,2017-11-14T00:00:00Z,3.55,2.45,0,3.7,-0.15,3.7,2.6,NA,Electric sounder measurement,Water level accuracy to nearest tenth of a foot,1,Department of Water Resources,NA,1,Department of Water Resources
6027,382454N1217027W001,2237170,2017-03-16T00:00:00Z,3.55,2.45,0,2.4,1.15,2.4,1.3,NA,Electric sounder measurement,Water level accuracy to nearest tenth of a foot,1,Department of Water Resources,NA,1,Department of Water Resources
6027,382454N1217027W001,2216714,2016-11-02T00:00:00Z,3.55,2.45,0,3.5,0.05,3.5,2.4,NA,Electric sounder measurement,Water level accuracy to nearest tenth of a foot,1,Department of Water Resources,NA,1,Department of Water Resources
6027,382454N1217027W001,2185798,2016-03-29T00:00:00Z,3.55,2.45,0,3.3,0.25,3.3,2.2,NA,Electric sounder measurement,Water level accuracy to nearest tenth of a foot,1,Department of Water Resources,NA,1,Department of Water Resources
6027,382454N1217027W001,2175425,2015-11-05T00:00:00Z,3.55,2.45,0,3.5,0.05,3.5,2.4,NA,Electric sounder measurement,Water level accuracy to nearest tenth of a foot,1,Department of Water Resources,NA,1,Department of Water Resources
6027,382454N1217027W001,2120217,2015-03-06T00:00:00Z,3.55,2.45,0,3.9,-0.35,3.9,2.8,NA,Electric sounder measurement,Water level accuracy to nearest tenth of a foot,1,Department of Water Resources,NA,1,Department of Water Resources
6027,382454N1217027W001,2030492,2014-10-28T00:00:00Z,3.55,2.45,0,3.8,-0.25,3.8,2.7,NA,Electric sounder measurement,Water level accuracy to nearest tenth of a foot,1,Department of Water Resources,NA,1,Department of Water Resources
6027,382454N1217027W001,1884133,2014-03-26T00:00:00Z,3.55,2.45,0,3.1,0.45,3.1,2,NA,Electric sounder measurement,Water level accuracy to nearest tenth of a foot,1,Department of Water Resources,NA,1,Department of Water Resources
6027,382454N1217027W001,1823250,2013-12-23T00:00:00Z,3.55,2.45,0,4.2,-0.65,4.2,3.1,NA,Electric sounder measurement,Water level accuracy to nearest tenth of a foot,1,Department of Water Resources,NA,1,Department of Water Resources
6027,382454N1217027W001,1823231,2013-12-23T00:00:00Z,3.55,2.45,0,4.2,-0.65,4.2,3.1,NA,Electric sounder measurement,Water level accuracy to nearest tenth of a foot,1,Department of Water Resources,NA,1,Department of Water Resources
6027,382454N1217027W001,1717103,2013-05-17T00:00:00Z,3.55,2.45,0,4,-0.45,4,2.9,NA,Electric sounder measurement,Water level accuracy to nearest tenth of a foot,1,Department of Water Resources,NA,1,Department of Water Resources
6027,382454N1217027W001,1716730,2012-12-19T00:00:00Z,3.55,2.45,0,3,0.55,3,1.9,NA,Electric sounder measurement,Water level accuracy to nearest tenth of a foot,1,Department of Water Resources,NA,1,Department of Water Resources
6027,382454N1217027W001,66436,2012-04-11T00:00:00Z,3.55,2.45,0,3.5,0.05,3.5,2.4,NA,Electric sounder measurement,Water level accuracy to nearest tenth of a foot,1,Department of Water Resources,NA,1,Department of Water Resources
6027,382454N1217027W001,1560440,2011-10-24T00:00:00Z,3.55,2.45,0,3.9,-0.35,3.9,2.8,NA,Unknown,Water level accuracy is unknown,1,Department of Water Resources,NA,1,Department of Water Resources
6027,382454N1217027W001,1560439,2011-04-15T00:00:00Z,3.55,2.45,0,3.9,-0.35,3.9,2.8,NA,Unknown,Water level accuracy is unknown,1,Department of Water Resources,NA,1,Department of Water Resources
6027,382454N1217027W001,1560438,2010-10-09T00:00:00Z,3.55,2.45,0,4.3,-0.75,4.3,3.2,NA,Unknown,Water level accuracy is unknown,1,Department of Water Resources,NA,1,Department of Water Resources
6027,382454N1217027W001,1560437,2010-04-01T00:00:00Z,3.55,2.45,0,3.5,0.05,3.5,2.4,NA,Unknown,Water level accuracy is unknown,1,Department of Water Resources,NA,1,Department of Water Resources
6027,382454N1217027W001,1560436,2009-12-09T00:00:00Z,3.55,2.45,0,4.7,-1.15,4.7,3.6,NA,Unknown,Water level accuracy is unknown,1,Department of Water Resources,NA,1,Department of Water Resources
6027,382454N1217027W001,1560435,2009-04-17T00:00:00Z,3.55,2.45,0,3.9,-0.35,3.9,2.8,NA,Unknown,Water level accuracy is unknown,1,Department of Water Resources,NA,1,Department of Water Resources
6027,382454N1217027W001,1560434,2008-10-28T00:00:00Z,3.55,2.45,0,4.2,-0.65,4.2,3.1,NA,Unknown,Water level accuracy is unknown,1,Department of Water Resources,NA,1,Department of Water Resources
6027,382454N1217027W001,1560433,2008-03-26T00:00:00Z,3.55,2.45,0,4,-0.45,4,2.9,NA,Unknown,Water level accuracy is unknown,1,Department of Water Resources,NA,1,Department of Water Resources
6027,382454N1217027W001,1560432,2007-10-18T00:00:00Z,3.55,2.45,0,4.3,-0.75,4.3,3.2,NA,Unknown,Water level accuracy is unknown,1,Department of Water Resources,NA,1,Department of Water Resources
6027,382454N1217027W001,1560431,2007-03-22T00:00:00Z,3.55,2.45,0,4.2,-0.65,4.2,3.1,NA,Unknown,Water level accuracy is unknown,1,Department of Water Resources,NA,1,Department of Water Resources
6027,382454N1217027W001,1560430,2006-04-26T00:00:00Z,3.55,2.45,0,2.7,0.85,2.7,1.6,NA,Unknown,Water level accuracy is unknown,1,Department of Water Resources,NA,1,Department of Water Resources
6027,382454N1217027W001,1560429,2005-10-01T00:00:00Z,3.55,2.45,0,5.6,-2.05,5.6,4.5,NA,Unknown,Water level accuracy is unknown,1,Department of Water Resources,NA,1,Department of Water Resources
6027,382454N1217027W001,1560428,2005-04-05T00:00:00Z,3.55,2.45,0,29.5,-25.95,29.5,28.4,NA,Unknown,Water level accuracy is unknown,1,Department of Water Resources,NA,1,Department of Water Resources
6027,382454N1217027W001,1560427,2004-10-15T00:00:00Z,3.55,2.45,0,5.4,-1.85,5.4,4.3,NA,Unknown,Water level accuracy is unknown,1,Department of Water Resources,NA,1,Department of Water Resources
6027,382454N1217027W001,1560426,2004-03-18T00:00:00Z,3.55,2.45,0,3.1,0.45,3.1,2,NA,Unknown,Water level accuracy is unknown,1,Department of Water Resources,NA,1,Department of Water Resources
6027,382454N1217027W001,1560423,2003-11-04T00:00:00Z,3.55,2.45,0,4.4,-0.85,4.4,3.3,NA,Unknown,Water level accuracy is unknown,1,Department of Water Resources,NA,1,Department of Water Resources
6027,382454N1217027W001,1560422,2003-03-25T00:00:00Z,3.55,2.45,0,3.6,-0.05,3.6,2.5,NA,Unknown,Water level accuracy is unknown,1,Department of Water Resources,NA,1,Department of Water Resources
6027,382454N1217027W001,1560421,2002-11-22T00:00:00Z,3.55,2.45,0,4.4,-0.85,4.4,3.3,NA,Unknown,Water level accuracy is unknown,1,Department of Water Resources,NA,1,Department of Water Resources
6027,382454N1217027W001,1560420,2002-03-28T00:00:00Z,3.55,2.45,0,3.9,-0.35,3.9,2.8,NA,Unknown,Water level accuracy is unknown,1,Department of Water Resources,NA,1,Department of Water Resources
6027,382454N1217027W001,1560419,2001-11-05T00:00:00Z,3.55,2.45,0,4.3,-0.75,4.3,3.2,NA,Unknown,Water level accuracy is unknown,1,Department of Water Resources,NA,1,Department of Water Resources
6027,382454N1217027W001,1560418,2001-04-26T00:00:00Z,3.55,2.45,0,3.6,-0.05,3.6,2.5,NA,Unknown,Water level accuracy is unknown,1,Department of Water Resources,NA,1,Department of Water Resources
6027,382454N1217027W001,1560417,2000-11-08T00:00:00Z,3.55,2.45,0,4.9,-1.35,4.9,3.8,NA,Unknown,Water level accuracy is unknown,1,Department of Water Resources,NA,1,Department of Water Resources
6027,382454N1217027W001,1560416,2000-03-14T00:00:00Z,3.55,2.45,0,2.8,0.75,2.8,1.7,NA,Unknown,Water level accuracy is unknown,1,Department of Water Resources,NA,1,Department of Water Resources
6027,382454N1217027W001,1560425,1999-09-30T00:00:00Z,3.55,2.45,0,4.5,-0.95,4.5,3.4,NA,Unknown,Water level accuracy is unknown,1,Department of Water Resources,NA,1,Department of Water Resources
6027,382454N1217027W001,1560424,1999-03-16T00:00:00Z,3.55,2.45,0,2.7,0.85,2.7,1.6,NA,Unknown,Water level accuracy is unknown,1,Department of Water Resources,NA,1,Department of Water Resources
6027,382454N1217027W001,1560415,1997-09-23T00:00:00Z,3.55,2.45,0,5.2,-1.65,5.2,4.1,NA,Unknown,Water level accuracy is unknown,1,Department of Water Resources,NA,1,Department of Water Resources
6027,382454N1217027W001,1560414,1997-03-25T00:00:00Z,3.55,2.45,0,3,0.55,3,1.9,NA,Unknown,Water level accuracy is unknown,1,Department of Water Resources,NA,1,Department of Water Resources
6027,382454N1217027W001,1560413,1996-11-12T00:00:00Z,3.55,2.45,0,3.9,-0.35,3.9,2.8,NA,Unknown,Water level accuracy is unknown,1,Department of Water Resources,NA,1,Department of Water Resources
6027,382454N1217027W001,1560412,1996-03-25T00:00:00Z,3.55,2.45,0,2.1,1.45,2.1,1,NA,Unknown,Water level accuracy is unknown,1,Department of Water Resources,NA,1,Department of Water Resources
6027,382454N1217027W001,1560411,1995-10-19T00:00:00Z,3.55,2.45,0,6.6,-3.05,6.6,5.5,NA,Unknown,Water level accuracy is unknown,1,Department of Water Resources,NA,1,Department of Water Resources
6027,382454N1217027W001,1560410,1995-03-17T00:00:00Z,3.55,2.45,0,0.5,3.05,0.5,-0.6,NA,Unknown,Water level accuracy is unknown,1,Department of Water Resources,NA,1,Department of Water Resources
6027,382454N1217027W001,1560409,1994-09-19T00:00:00Z,3.55,2.45,0,6.8,-3.25,6.8,5.7,NA,Unknown,Water level accuracy is unknown,1,Department of Water Resources,NA,1,Department of Water Resources
6027,382454N1217027W001,1560408,1994-04-04T00:00:00Z,3.55,2.45,NA,NA,NA,NA,NA,Temporarily inaccessible,NA,NA,1,Department of Water Resources,NA,1,Department of Water Resources
6027,382454N1217027W001,1560407,1993-09-27T00:00:00Z,3.55,2.45,NA,NA,NA,NA,NA,Temporarily inaccessible,NA,NA,1,Department of Water Resources,NA,1,Department of Water Resources
6027,382454N1217027W001,1560406,1993-04-13T00:00:00Z,3.55,2.45,0,4.1,-0.55,4.1,3,NA,Unknown,Water level accuracy is unknown,1,Department of Water Resources,NA,1,Department of Water Resources
6027,382454N1217027W001,1560374,1992-10-05T00:00:00Z,3.55,2.45,0,6,-2.45,6,4.9,NA,Unknown,Water level accuracy is unknown,1,Department of Water Resources,NA,1,Department of Water Resources
6027,382454N1217027W001,1560373,1992-03-11T00:00:00Z,3.55,2.45,0,4.5,-0.95,4.5,3.4,NA,Unknown,Water level accuracy is unknown,1,Department of Water Resources,NA,1,Department of Water Resources
6027,382454N1217027W001,1560372,1991-10-18T00:00:00Z,3.55,2.45,0,6.2,-2.65,6.2,5.1,NA,Unknown,Water level accuracy is unknown,1,Department of Water Resources,NA,1,Department of Water Resources
6027,382454N1217027W001,1560371,1991-02-27T00:00:00Z,3.55,2.45,0,6.3,-2.75,6.3,5.2,NA,Unknown,Water level accuracy is unknown,1,Department of Water Resources,NA,1,Department of Water Resources
6027,382454N1217027W001,1560370,1990-10-17T00:00:00Z,3.55,2.45,0,6.9,-3.35,6.9,5.8,NA,Unknown,Water level accuracy is unknown,1,Department of Water Resources,NA,1,Department of Water Resources
6027,382454N1217027W001,1560369,1990-03-30T00:00:00Z,3.55,2.45,0,5.6,-2.05,5.6,4.5,NA,Unknown,Water level accuracy is unknown,1,Department of Water Resources,NA,1,Department of Water Resources
6027,382454N1217027W001,1560405,1989-10-12T00:00:00Z,3.55,2.45,0,6.5,-2.95,6.5,5.4,NA,Unknown,Water level accuracy is unknown,1,Department of Water Resources,NA,1,Department of Water Resources
6027,382454N1217027W001,1560404,1989-02-28T00:00:00Z,3.55,2.45,0,6,-2.45,6,4.9,NA,Unknown,Water level accuracy is unknown,1,Department of Water Resources,NA,1,Department of Water Resources
6027,382454N1217027W001,1560403,1988-10-03T00:00:00Z,3.55,2.45,0,7,-3.45,7,5.9,NA,Unknown,Water level accuracy is unknown,1,Department of Water Resources,NA,1,Department of Water Resources
6027,382454N1217027W001,1560402,1988-03-08T00:00:00Z,3.55,2.45,0,5.3,-1.75,5.3,4.2,NA,Unknown,Water level accuracy is unknown,1,Department of Water Resources,NA,1,Department of Water Resources
6027,382454N1217027W001,1560401,1987-10-13T00:00:00Z,3.55,2.45,0,6.2,-2.65,6.2,5.1,NA,Unknown,Water level accuracy is unknown,1,Department of Water Resources,NA,1,Department of Water Resources
6027,382454N1217027W001,1560400,1987-03-03T00:00:00Z,3.55,2.45,0,3.4,0.15,3.4,2.3,NA,Unknown,Water level accuracy is unknown,1,Department of Water Resources,NA,1,Department of Water Resources
6027,382454N1217027W001,1560399,1986-10-03T00:00:00Z,3.55,2.45,0,4.3,-0.75,4.3,3.2,NA,Unknown,Water level accuracy is unknown,1,Department of Water Resources,NA,1,Department of Water Resources
6027,382454N1217027W001,1560398,1986-03-18T00:00:00Z,3.55,2.45,0,0.8,2.75,0.8,-0.3,NA,Unknown,Water level accuracy is unknown,1,Department of Water Resources,NA,1,Department of Water Resources
6027,382454N1217027W001,1560397,1985-10-09T00:00:00Z,3.55,2.45,0,6,-2.45,6,4.9,NA,Unknown,Water level accuracy is unknown,1,Department of Water Resources,NA,1,Department of Water Resources
6027,382454N1217027W001,1560396,1985-03-11T00:00:00Z,3.55,2.45,0,4.5,-0.95,4.5,3.4,NA,Unknown,Water level accuracy is unknown,1,Department of Water Resources,NA,1,Department of Water Resources
6027,382454N1217027W001,1560395,1984-10-03T00:00:00Z,3.55,2.45,0,5.4,-1.85,5.4,4.3,NA,Unknown,Water level accuracy is unknown,1,Department of Water Resources,NA,1,Department of Water Resources
6027,382454N1217027W001,1560394,1984-03-20T00:00:00Z,3.55,2.45,0,4.1,-0.55,4.1,3,NA,Unknown,Water level accuracy is unknown,1,Department of Water Resources,NA,1,Department of Water Resources
6027,382454N1217027W001,1560393,1983-10-05T00:00:00Z,3.55,2.45,0,5,-1.45,5,3.9,NA,Unknown,Water level accuracy is unknown,1,Department of Water Resources,NA,1,Department of Water Resources
6027,382454N1217027W001,1560392,1983-03-16T00:00:00Z,3.55,2.45,0,0.1,3.45,0.1,-1,NA,Unknown,Water level accuracy is unknown,1,Department of Water Resources,NA,1,Department of Water Resources
6027,382454N1217027W001,1560391,1982-10-13T00:00:00Z,3.55,2.45,0,6.6,-3.05,6.6,5.5,NA,Unknown,Water level accuracy is unknown,1,Department of Water Resources,NA,1,Department of Water Resources
6027,382454N1217027W001,1560390,1982-03-03T00:00:00Z,3.55,2.45,0,3.6,-0.05,3.6,2.5,NA,Unknown,Water level accuracy is unknown,1,Department of Water Resources,NA,1,Department of Water Resources
6027,382454N1217027W001,1560389,1981-10-01T00:00:00Z,3.55,2.45,0,6.6,-3.05,6.6,5.5,NA,Unknown,Water level accuracy is unknown,1,Department of Water Resources,NA,1,Department of Water Resources
6027,382454N1217027W001,1560388,1981-03-11T00:00:00Z,3.55,2.45,0,5.5,-1.95,5.5,4.4,NA,Unknown,Water level accuracy is unknown,1,Department of Water Resources,NA,1,Department of Water Resources
6027,382454N1217027W001,1560387,1980-10-02T00:00:00Z,3.55,2.45,0,6,-2.45,6,4.9,NA,Unknown,Water level accuracy is unknown,1,Department of Water Resources,NA,1,Department of Water Resources
6027,382454N1217027W001,1560386,1980-03-31T00:00:00Z,3.55,2.45,0,3.8,-0.25,3.8,2.7,NA,Unknown,Water level accuracy is unknown,1,Department of Water Resources,NA,1,Department of Water Resources
6027,382454N1217027W001,1560385,1979-10-09T00:00:00Z,3.55,2.45,0,6.2,-2.65,6.2,5.1,NA,Unknown,Water level accuracy is unknown,1,Department of Water Resources,NA,1,Department of Water Resources
6027,382454N1217027W001,1560384,1979-03-21T00:00:00Z,3.55,2.45,0,3.7,-0.15,3.7,2.6,NA,Unknown,Water level accuracy is unknown,1,Department of Water Resources,NA,1,Department of Water Resources
6027,382454N1217027W001,1560383,1978-10-02T00:00:00Z,3.55,2.45,0,5.6,-2.05,5.6,4.5,NA,Unknown,Water level accuracy is unknown,1,Department of Water Resources,NA,1,Department of Water Resources
6027,382454N1217027W001,1560382,1978-03-23T00:00:00Z,3.55,2.45,0,3.4,0.15,3.4,2.3,NA,Unknown,Water level accuracy is unknown,1,Department of Water Resources,NA,1,Department of Water Resources
6027,382454N1217027W001,1560381,1977-10-04T00:00:00Z,3.55,2.45,0,5.8,-2.25,5.8,4.7,NA,Unknown,Water level accuracy is unknown,1,Department of Water Resources,NA,1,Department of Water Resources
6027,382454N1217027W001,1560380,1977-03-02T00:00:00Z,3.55,2.45,0,5,-1.45,5,3.9,NA,Unknown,Water level accuracy is unknown,1,Department of Water Resources,NA,1,Department of Water Resources
6027,382454N1217027W001,1560379,1976-10-08T00:00:00Z,3.55,2.45,0,6.5,-2.95,6.5,5.4,NA,Unknown,Water level accuracy is unknown,1,Department of Water Resources,NA,1,Department of Water Resources
6027,382454N1217027W001,1560378,1976-03-03T00:00:00Z,3.55,2.45,0,5,-1.45,5,3.9,NA,Unknown,Water level accuracy is unknown,1,Department of Water Resources,NA,1,Department of Water Resources
6027,382454N1217027W001,1560377,1975-10-02T00:00:00Z,3.55,2.45,0,6,-2.45,6,4.9,NA,Unknown,Water level accuracy is unknown,1,Department of Water Resources,NA,1,Department of Water Resources
6027,382454N1217027W001,1560376,1975-07-23T00:00:00Z,3.55,2.45,0,6,-2.45,6,4.9,NA,Unknown,Water level accuracy is unknown,1,Department of Water Resources,NA,1,Department of Water Resources
6027,382454N1217027W001,1560375,1974-04-04T00:00:00Z,3.55,2.45,0,3.6,-0.05,3.6,2.5,NA,Unknown,Water level accuracy is unknown,1,Department of Water Resources,NA,1,Department of Water Resources
