STN_ID,SITE_CODE,WLM_ID,MSMT_DATE,WLM_RPE,WLM_GSE,RDNG_WS,RDNG_RP,WSE,RPE_WSE,GSE_WSE,WLM_QA_DESC,WLM_DESC,WLM_ACC_DESC,WLM_ORG_ID,WLM_ORG_NAME,MSMT_CMT,COOP_AGENCY_ORG_ID,COOP_ORG_NAME
6580,378507N1216238W001,2581174,2020-03-18T00:00:00Z,24.42,23.46,0,8.4,16.02,8.4,7.44,NA,Electric sounder measurement,Water level accuracy to nearest tenth of a foot,5055,Diablo Water District,NA,5055,Diablo Water District
6580,378507N1216238W001,2478778,2019-10-14T00:00:00Z,24.42,23.46,0,9.8,14.62,9.8,8.84,NA,Electric sounder measurement,Water level accuracy to nearest tenth of a foot,5055,Diablo Water District,NA,5055,Diablo Water District
6580,378507N1216238W001,2286145,2018-04-11T00:00:00Z,24.42,23.46,NA,NA,NA,NA,NA,Measurement Discontinued,NA,NA,1,Department of Water Resources,This well is being removed from the monitoring network because of access issues.,1,Department of Water Resources
6580,378507N1216238W001,2295753,2018-03-21T00:00:00Z,24.42,23.46,0,12.4,12.02,12.4,11.44,NA,Electric sounder measurement,Water level accuracy to nearest hundredth of a foot,5055,Diablo Water District,NA,5055,Diablo Water District
6580,378507N1216238W001,2284730,2018-03-12T00:00:00Z,24.42,23.46,0,12,12.42,12,11.04,NA,Electric sounder measurement,Water level accuracy to nearest tenth of a foot,1,Department of Water Resources,NA,1,Department of Water Resources
6580,378507N1216238W001,2268258,2017-10-30T00:00:00Z,24.42,23.46,0.5,15,9.92,14.5,13.54,NA,Steel tape measurement,Water level accuracy to nearest tenth of a foot,1,Department of Water Resources,NA,1,Department of Water Resources
6580,378507N1216238W001,2267100,2017-10-12T00:00:00Z,24.42,23.46,0,10.1,14.32,10.1,9.14,NA,Electric sounder measurement,Water level accuracy to nearest tenth of a foot,5055,Diablo Water District,NA,5055,Diablo Water District
6580,378507N1216238W001,2262516,2017-08-24T00:00:00Z,24.42,23.46,0,10.1,14.32,10.1,9.14,NA,Steel tape measurement,Water level accuracy to nearest tenth of a foot,5055,Diablo Water District,NA,5055,Diablo Water District
6580,378507N1216238W001,2262515,2017-08-18T00:00:00Z,24.42,23.46,0,10.2,14.22,10.2,9.24,NA,Steel tape measurement,Water level accuracy to nearest tenth of a foot,5055,Diablo Water District,NA,5055,Diablo Water District
6580,378507N1216238W001,2262514,2017-07-20T00:00:00Z,24.42,23.46,0,10.1,14.32,10.1,9.14,NA,Steel tape measurement,Water level accuracy to nearest tenth of a foot,5055,Diablo Water District,NA,5055,Diablo Water District
6580,378507N1216238W001,2262513,2017-06-05T00:00:00Z,24.42,23.46,0,8.5,15.92,8.5,7.54,NA,Steel tape measurement,Water level accuracy to nearest tenth of a foot,5055,Diablo Water District,NA,5055,Diablo Water District
6580,378507N1216238W001,2262512,2017-05-03T00:00:00Z,24.42,23.46,0,8.8,15.62,8.8,7.84,NA,Steel tape measurement,Water level accuracy to nearest tenth of a foot,5055,Diablo Water District,NA,5055,Diablo Water District
6580,378507N1216238W001,2262511,2017-04-26T00:00:00Z,24.42,23.46,0,8.7,15.72,8.7,7.74,NA,Steel tape measurement,Water level accuracy to nearest tenth of a foot,5055,Diablo Water District,NA,5055,Diablo Water District
6580,378507N1216238W001,2236502,2017-03-29T00:00:00Z,24.42,23.46,6.1,14,16.52,7.9,6.94,NA,Steel tape measurement,Water level accuracy to nearest tenth of a foot,1,Department of Water Resources,NA,1,Department of Water Resources
6580,378507N1216238W001,2235139,2017-03-20T00:00:00Z,24.42,23.46,0,6.8,17.62,6.8,5.84,NA,Electric sounder measurement,Water level accuracy to nearest tenth of a foot,5055,Diablo Water District,NA,5055,Diablo Water District
6580,378507N1216238W001,2262510,2017-02-27T00:00:00Z,24.42,23.46,0,4.9,19.52,4.9,3.94,NA,Steel tape measurement,Water level accuracy to nearest tenth of a foot,5055,Diablo Water District,NA,5055,Diablo Water District
6580,378507N1216238W001,2262509,2017-01-20T00:00:00Z,24.42,23.46,0,8.8,15.62,8.8,7.84,NA,Steel tape measurement,Water level accuracy to nearest tenth of a foot,5055,Diablo Water District,NA,5055,Diablo Water District
6580,378507N1216238W001,2223853,2016-12-21T00:00:00Z,24.42,23.46,0,12.3,12.12,12.3,11.34,NA,Electric sounder measurement,Water level accuracy to nearest tenth of a foot,5055,Diablo Water District,NA,5055,Diablo Water District
6580,378507N1216238W001,2213999,2016-10-25T00:00:00Z,24.42,23.46,0,14,10.42,14,13.04,NA,Steel tape measurement,Water level accuracy to nearest tenth of a foot,1,Department of Water Resources,NA,1,Department of Water Resources
6580,378507N1216238W001,2262508,2016-10-24T00:00:00Z,24.42,23.46,0,11.9,12.52,11.9,10.94,NA,Steel tape measurement,Water level accuracy to nearest tenth of a foot,5055,Diablo Water District,NA,5055,Diablo Water District
6580,378507N1216238W001,2213680,2016-09-30T00:00:00Z,24.42,23.46,0,12.4,12.02,12.4,11.44,NA,Electric sounder measurement,Water level accuracy to nearest tenth of a foot,5055,Diablo Water District,NA,5055,Diablo Water District
6580,378507N1216238W001,2262507,2016-08-01T00:00:00Z,24.42,23.46,0,11.7,12.72,11.7,10.74,NA,Steel tape measurement,Water level accuracy to nearest tenth of a foot,5055,Diablo Water District,NA,5055,Diablo Water District
6580,378507N1216238W001,2201068,2016-06-27T00:00:00Z,24.42,23.46,0,11.2,13.22,11.2,10.24,NA,Electric sounder measurement,Water level accuracy to nearest tenth of a foot,5055,Diablo Water District,NA,5055,Diablo Water District
6580,378507N1216238W001,2262506,2016-05-25T00:00:00Z,24.42,23.46,0,9.4,15.02,9.4,8.44,NA,Steel tape measurement,Water level accuracy to nearest tenth of a foot,5055,Diablo Water District,NA,5055,Diablo Water District
6580,378507N1216238W001,2262505,2016-05-02T00:00:00Z,24.42,23.46,0,11.7,12.72,11.7,10.74,NA,Steel tape measurement,Water level accuracy to nearest tenth of a foot,5055,Diablo Water District,NA,5055,Diablo Water District
6580,378507N1216238W001,2184821,2016-03-24T00:00:00Z,24.42,23.46,1.3,12,13.72,10.7,9.74,NA,Steel tape measurement,Water level accuracy to nearest tenth of a foot,1,Department of Water Resources,NA,1,Department of Water Resources
6580,378507N1216238W001,2183901,2016-03-11T00:00:00Z,24.42,23.46,0,10.7,13.72,10.7,9.74,NA,Electric sounder measurement,Water level accuracy to nearest tenth of a foot,5055,Diablo Water District,NA,5055,Diablo Water District
6580,378507N1216238W001,2183918,2016-02-26T00:00:00Z,24.42,23.46,0,11.4,13.02,11.4,10.44,NA,Electric sounder measurement,Water level accuracy to nearest tenth of a foot,5055,Diablo Water District,NA,5055,Diablo Water District
6580,378507N1216238W001,2262504,2016-01-29T00:00:00Z,24.42,23.46,0,11.9,12.52,11.9,10.94,NA,Steel tape measurement,Water level accuracy to nearest tenth of a foot,5055,Diablo Water District,NA,5055,Diablo Water District
6580,378507N1216238W001,2179364,2015-12-18T00:00:00Z,24.42,23.46,0,11.8,12.62,11.8,10.84,NA,Electric sounder measurement,Water level accuracy to nearest tenth of a foot,5055,Diablo Water District,NA,5055,Diablo Water District
6580,378507N1216238W001,2262503,2015-11-20T00:00:00Z,24.42,23.46,0,11.4,13.02,11.4,10.44,NA,Steel tape measurement,Water level accuracy to nearest tenth of a foot,5055,Diablo Water District,NA,5055,Diablo Water District
6580,378507N1216238W001,2158379,2015-10-22T00:00:00Z,24.42,23.46,3.4,16,11.82,12.6,11.64,NA,Steel tape measurement,Water level accuracy to nearest tenth of a foot,1,Department of Water Resources,NA,1,Department of Water Resources
6580,378507N1216238W001,2156631,2015-10-06T00:00:00Z,24.42,23.46,0,11.8,12.62,11.8,10.84,NA,Electric sounder measurement,Water level accuracy to nearest tenth of a foot,5055,Diablo Water District,NA,5055,Diablo Water District
6580,378507N1216238W001,2262502,2015-06-26T00:00:00Z,24.42,23.46,0,10.4,14.02,10.4,9.44,NA,Steel tape measurement,Water level accuracy to nearest tenth of a foot,5055,Diablo Water District,NA,5055,Diablo Water District
6580,378507N1216238W001,2262501,2015-05-20T00:00:00Z,24.42,23.46,0,10.3,14.12,10.3,9.34,NA,Steel tape measurement,Water level accuracy to nearest tenth of a foot,5055,Diablo Water District,NA,5055,Diablo Water District
6580,378507N1216238W001,2119617,2015-03-26T00:00:00Z,24.42,23.46,0.1,11,13.52,10.9,9.94,NA,Steel tape measurement,Water level accuracy to nearest tenth of a foot,1,Department of Water Resources,NA,1,Department of Water Resources
6580,378507N1216238W001,2262500,2015-02-04T00:00:00Z,24.42,23.46,0,11.5,12.92,11.5,10.54,NA,Steel tape measurement,Water level accuracy to nearest tenth of a foot,5055,Diablo Water District,NA,5055,Diablo Water District
6580,378507N1216238W001,2262499,2014-12-17T00:00:00Z,24.42,23.46,0,9.2,15.22,9.2,8.24,NA,Steel tape measurement,Water level accuracy to nearest tenth of a foot,5055,Diablo Water District,NA,5055,Diablo Water District
6580,378507N1216238W001,2029381,2014-10-27T00:00:00Z,24.42,23.46,3.1,16,11.52,12.9,11.94,NA,Steel tape measurement,Water level accuracy to nearest tenth of a foot,1,Department of Water Resources,NA,1,Department of Water Resources
6580,378507N1216238W001,2262498,2014-10-16T00:00:00Z,24.42,23.46,0,13,11.42,13,12.04,NA,Steel tape measurement,Water level accuracy to nearest tenth of a foot,5055,Diablo Water District,NA,5055,Diablo Water District
6580,378507N1216238W001,1876779,2014-03-04T00:00:00Z,24.42,23.46,2.5,16,10.92,13.5,12.54,NA,Steel tape measurement,Water level accuracy to nearest tenth of a foot,1,Department of Water Resources,NA,1,Department of Water Resources
6580,378507N1216238W001,1808508,2013-12-09T00:00:00Z,24.42,23.46,2.8,17,10.22,14.2,13.24,NA,Steel tape measurement,Water level accuracy to nearest tenth of a foot,1,Department of Water Resources,NA,1,Department of Water Resources
6580,378507N1216238W001,1722919,2013-04-25T00:00:00Z,24.42,23.46,6.7,18,13.12,11.3,10.34,NA,Steel tape measurement,Water level accuracy to nearest tenth of a foot,1,Department of Water Resources,NA,1,Department of Water Resources
6580,378507N1216238W001,87922,2012-12-05T00:00:00Z,24.42,23.46,6.2,18,12.62,11.8,10.84,NA,Steel tape measurement,Water level accuracy to nearest tenth of a foot,1,Department of Water Resources,NA,1,Department of Water Resources
6580,378507N1216238W001,62402,2012-05-02T00:00:00Z,24.42,23.46,5.3,18,11.72,12.7,11.74,NA,Steel tape measurement,Water level accuracy to nearest tenth of a foot,1,Department of Water Resources,NA,1,Department of Water Resources
6580,378507N1216238W001,1617416,2011-12-14T00:00:00Z,24.42,23.46,0,14.1,10.32,14.1,13.14,NA,Unknown,Water level accuracy is unknown,1,Department of Water Resources,NA,1,Department of Water Resources
6580,378507N1216238W001,1617415,2011-05-12T00:00:00Z,24.42,23.46,0,11.7,12.72,11.7,10.74,NA,Unknown,Water level accuracy is unknown,1,Department of Water Resources,NA,1,Department of Water Resources
6580,378507N1216238W001,1617414,2010-12-07T00:00:00Z,24.42,23.46,0,13.9,10.52,13.9,12.94,NA,Unknown,Water level accuracy is unknown,1,Department of Water Resources,NA,1,Department of Water Resources
6580,378507N1216238W001,1617413,2010-04-21T00:00:00Z,24.42,23.46,0,11,13.42,11,10.04,NA,Unknown,Water level accuracy is unknown,1,Department of Water Resources,NA,1,Department of Water Resources
6580,378507N1216238W001,1617412,2009-11-16T00:00:00Z,24.42,23.46,0,14.3,10.12,14.3,13.34,NA,Unknown,Water level accuracy is unknown,1,Department of Water Resources,NA,1,Department of Water Resources
6580,378507N1216238W001,1617411,2009-04-16T00:00:00Z,24.42,23.46,0,12.5,11.92,12.5,11.54,NA,Unknown,Water level accuracy is unknown,1,Department of Water Resources,NA,1,Department of Water Resources
6580,378507N1216238W001,1617410,2008-11-24T00:00:00Z,24.42,23.46,0,13,11.42,13,12.04,NA,Unknown,Water level accuracy is unknown,1,Department of Water Resources,NA,1,Department of Water Resources
6580,378507N1216238W001,1617409,2008-04-23T00:00:00Z,24.42,23.46,0,11.5,12.92,11.5,10.54,NA,Unknown,Water level accuracy is unknown,1,Department of Water Resources,NA,1,Department of Water Resources
6580,378507N1216238W001,1617408,2007-11-16T00:00:00Z,24.42,23.46,0,12.3,12.12,12.3,11.34,NA,Unknown,Water level accuracy is unknown,1,Department of Water Resources,NA,1,Department of Water Resources
6580,378507N1216238W001,1617407,2007-04-19T00:00:00Z,24.42,23.46,0,12.8,11.62,12.8,11.84,NA,Unknown,Water level accuracy is unknown,1,Department of Water Resources,NA,1,Department of Water Resources
6580,378507N1216238W001,1617406,2006-11-21T00:00:00Z,24.42,23.46,0,11,13.42,11,10.04,NA,Unknown,Water level accuracy is unknown,1,Department of Water Resources,NA,1,Department of Water Resources
6580,378507N1216238W001,1617405,2006-04-26T00:00:00Z,24.42,23.46,0,9.7,14.72,9.7,8.74,NA,Unknown,Water level accuracy is unknown,1,Department of Water Resources,NA,1,Department of Water Resources
6580,378507N1216238W001,1617404,2005-12-06T00:00:00Z,24.42,23.46,0,11.8,12.62,11.8,10.84,NA,Unknown,Water level accuracy is unknown,1,Department of Water Resources,NA,1,Department of Water Resources
6580,378507N1216238W001,1617403,2005-04-06T00:00:00Z,24.42,23.46,0,8.9,15.52,8.9,7.94,NA,Unknown,Water level accuracy is unknown,1,Department of Water Resources,NA,1,Department of Water Resources
6580,378507N1216238W001,1617402,2004-11-09T00:00:00Z,24.42,23.46,0,10.2,14.22,10.2,9.24,NA,Unknown,Water level accuracy is unknown,1,Department of Water Resources,NA,1,Department of Water Resources
6580,378507N1216238W001,1617401,2004-03-29T00:00:00Z,24.42,23.46,0,9.8,14.62,9.8,8.84,NA,Unknown,Water level accuracy is unknown,1,Department of Water Resources,NA,1,Department of Water Resources
6580,378507N1216238W001,1617400,2003-11-06T00:00:00Z,24.42,23.46,0,11,13.42,11,10.04,NA,Unknown,Water level accuracy is unknown,1,Department of Water Resources,NA,1,Department of Water Resources
6580,378507N1216238W001,1617399,2003-04-30T00:00:00Z,24.42,23.46,0,10.1,14.32,10.1,9.14,NA,Unknown,Water level accuracy is unknown,1,Department of Water Resources,NA,1,Department of Water Resources
6580,378507N1216238W001,1617398,2002-11-12T00:00:00Z,24.42,23.46,0,11.5,12.92,11.5,10.54,NA,Unknown,Water level accuracy is unknown,1,Department of Water Resources,NA,1,Department of Water Resources
6580,378507N1216238W001,1617395,2002-04-11T00:00:00Z,24.42,23.46,0,10.5,13.92,10.5,9.54,NA,Unknown,Water level accuracy is unknown,1,Department of Water Resources,NA,1,Department of Water Resources
6580,378507N1216238W001,1617397,2001-10-25T00:00:00Z,24.42,23.46,0,10,14.42,10,9.04,NA,Unknown,Water level accuracy is unknown,1,Department of Water Resources,NA,1,Department of Water Resources
6580,378507N1216238W001,1617396,2001-05-09T00:00:00Z,24.42,23.46,0,9.3,15.12,9.3,8.34,NA,Unknown,Water level accuracy is unknown,1,Department of Water Resources,NA,1,Department of Water Resources
6580,378507N1216238W001,1617359,2000-10-25T00:00:00Z,24.42,23.46,0,8.1,16.32,8.1,7.14,NA,Unknown,Water level accuracy is unknown,1,Department of Water Resources,NA,1,Department of Water Resources
6580,378507N1216238W001,1617358,2000-04-13T00:00:00Z,24.42,23.46,0,6.4,18.02,6.4,5.44,NA,Unknown,Water level accuracy is unknown,1,Department of Water Resources,NA,1,Department of Water Resources
6580,378507N1216238W001,1617357,1999-11-18T00:00:00Z,24.42,23.46,0,7.8,16.62,7.8,6.84,NA,Unknown,Water level accuracy is unknown,1,Department of Water Resources,NA,1,Department of Water Resources
6580,378507N1216238W001,1617356,1999-03-03T00:00:00Z,24.42,23.46,0,5.5,18.92,5.5,4.54,NA,Unknown,Water level accuracy is unknown,1,Department of Water Resources,NA,1,Department of Water Resources
6580,378507N1216238W001,1617364,1998-11-11T00:00:00Z,24.42,23.46,0,5.9,18.52,5.9,4.94,NA,Unknown,Water level accuracy is unknown,1,Department of Water Resources,NA,1,Department of Water Resources
6580,378507N1216238W001,1617363,1998-04-17T00:00:00Z,24.42,23.46,0,3,21.42,3,2.04,NA,Unknown,Water level accuracy is unknown,1,Department of Water Resources,NA,1,Department of Water Resources
6580,378507N1216238W001,1617362,1997-11-18T00:00:00Z,24.42,23.46,0,7.4,17.02,7.4,6.44,NA,Unknown,Water level accuracy is unknown,1,Department of Water Resources,NA,1,Department of Water Resources
6580,378507N1216238W001,1617361,1997-04-16T00:00:00Z,24.42,23.46,0,4.5,19.92,4.5,3.54,NA,Unknown,Water level accuracy is unknown,1,Department of Water Resources,NA,1,Department of Water Resources
6580,378507N1216238W001,1617360,1996-11-15T00:00:00Z,24.42,23.46,0,6.5,17.92,6.5,5.54,NA,Unknown,Water level accuracy is unknown,1,Department of Water Resources,NA,1,Department of Water Resources
6580,378507N1216238W001,1617355,1996-05-08T00:00:00Z,24.42,23.46,0,4.8,19.62,4.8,3.84,NA,Unknown,Water level accuracy is unknown,1,Department of Water Resources,NA,1,Department of Water Resources
6580,378507N1216238W001,1617354,1995-12-14T00:00:00Z,24.42,23.46,0,5.7,18.72,5.7,4.74,NA,Unknown,Water level accuracy is unknown,1,Department of Water Resources,NA,1,Department of Water Resources
6580,378507N1216238W001,1617353,1995-05-11T00:00:00Z,24.42,23.46,0,8.7,15.72,8.7,7.74,NA,Unknown,Water level accuracy is unknown,1,Department of Water Resources,NA,1,Department of Water Resources
6580,378507N1216238W001,1617352,1994-12-21T00:00:00Z,24.42,23.46,0,7.7,16.72,7.7,6.74,NA,Unknown,Water level accuracy is unknown,1,Department of Water Resources,NA,1,Department of Water Resources
6580,378507N1216238W001,1617350,1994-05-05T00:00:00Z,24.42,23.46,0,7.1,17.32,7.1,6.14,NA,Unknown,Water level accuracy is unknown,1,Department of Water Resources,NA,1,Department of Water Resources
6580,378507N1216238W001,1617349,1993-11-19T00:00:00Z,24.42,23.46,0,7.8,16.62,7.8,6.84,Pumping,Unknown,Water level accuracy is unknown,1,Department of Water Resources,NA,1,Department of Water Resources
6580,378507N1216238W001,1617348,1993-05-06T00:00:00Z,24.42,23.46,0,20,4.42,20,19.04,Pumping,Unknown,Water level accuracy is unknown,1,Department of Water Resources,NA,1,Department of Water Resources
6580,378507N1216238W001,1617347,1992-12-04T00:00:00Z,24.42,23.46,0,9.1,15.32,9.1,8.14,NA,Unknown,Water level accuracy is unknown,1,Department of Water Resources,NA,1,Department of Water Resources
6580,378507N1216238W001,1617346,1992-05-05T00:00:00Z,24.42,23.46,NA,NA,NA,NA,NA,Pumping,NA,NA,1,Department of Water Resources,NA,1,Department of Water Resources
6580,378507N1216238W001,1617345,1991-10-03T00:00:00Z,24.42,23.46,0,9.1,15.32,9.1,8.14,NA,Unknown,Water level accuracy is unknown,1,Department of Water Resources,NA,1,Department of Water Resources
6580,378507N1216238W001,1617344,1991-04-22T00:00:00Z,24.42,23.46,0,9,15.42,9,8.04,NA,Unknown,Water level accuracy is unknown,1,Department of Water Resources,NA,1,Department of Water Resources
6580,378507N1216238W001,1617343,1990-11-06T00:00:00Z,24.42,23.46,0,12.4,12.02,12.4,11.44,Pumping,Unknown,Water level accuracy is unknown,1,Department of Water Resources,NA,1,Department of Water Resources
6580,378507N1216238W001,1617342,1990-04-20T00:00:00Z,24.42,23.46,0,10.3,14.12,10.3,9.34,NA,Unknown,Water level accuracy is unknown,1,Department of Water Resources,NA,1,Department of Water Resources
6580,378507N1216238W001,1617351,1989-12-14T00:00:00Z,24.42,23.46,NA,NA,NA,NA,NA,Can't get tape in casing,NA,NA,1,Department of Water Resources,NA,1,Department of Water Resources
6580,378507N1216238W001,1617394,1989-05-17T00:00:00Z,24.42,23.46,0,11.2,13.22,11.2,10.24,NA,Unknown,Water level accuracy is unknown,1,Department of Water Resources,NA,1,Department of Water Resources
6580,378507N1216238W001,1617393,1988-12-07T00:00:00Z,24.42,23.46,0,8.9,15.52,8.9,7.94,NA,Unknown,Water level accuracy is unknown,1,Department of Water Resources,NA,1,Department of Water Resources
6580,378507N1216238W001,1617392,1988-03-22T00:00:00Z,24.42,23.46,0,9.9,14.52,9.9,8.94,NA,Unknown,Water level accuracy is unknown,1,Department of Water Resources,NA,1,Department of Water Resources
6580,378507N1216238W001,1617391,1987-11-06T00:00:00Z,24.42,23.46,0,9.7,14.72,9.7,8.74,NA,Unknown,Water level accuracy is unknown,1,Department of Water Resources,NA,1,Department of Water Resources
6580,378507N1216238W001,1617390,1987-04-23T00:00:00Z,24.42,23.46,0,8.2,16.22,8.2,7.24,NA,Unknown,Water level accuracy is unknown,1,Department of Water Resources,NA,1,Department of Water Resources
6580,378507N1216238W001,1617389,1986-11-06T00:00:00Z,24.42,23.46,0,5.6,18.82,5.6,4.64,NA,Unknown,Water level accuracy is unknown,1,Department of Water Resources,NA,1,Department of Water Resources
6580,378507N1216238W001,1617388,1986-03-20T00:00:00Z,24.42,23.46,0,3,21.42,3,2.04,NA,Unknown,Water level accuracy is unknown,1,Department of Water Resources,NA,1,Department of Water Resources
6580,378507N1216238W001,1617387,1985-11-04T00:00:00Z,24.42,23.46,0,7,17.42,7,6.04,NA,Unknown,Water level accuracy is unknown,1,Department of Water Resources,NA,1,Department of Water Resources
6580,378507N1216238W001,1617386,1985-03-18T00:00:00Z,24.42,23.46,0,6,18.42,6,5.04,NA,Unknown,Water level accuracy is unknown,1,Department of Water Resources,NA,1,Department of Water Resources
6580,378507N1216238W001,1617385,1984-10-09T00:00:00Z,24.42,23.46,0,5.4,19.02,5.4,4.44,NA,Unknown,Water level accuracy is unknown,1,Department of Water Resources,NA,1,Department of Water Resources
6580,378507N1216238W001,1617384,1984-03-07T00:00:00Z,24.42,23.46,0,5.1,19.32,5.1,4.14,NA,Unknown,Water level accuracy is unknown,1,Department of Water Resources,NA,1,Department of Water Resources
6580,378507N1216238W001,1617383,1983-10-14T00:00:00Z,24.42,23.46,0,21.2,3.22,21.2,20.24,Pumping,Unknown,Water level accuracy is unknown,1,Department of Water Resources,NA,1,Department of Water Resources
6580,378507N1216238W001,1617382,1983-03-29T00:00:00Z,24.42,23.46,0,2,22.42,2,1.04,NA,Unknown,Water level accuracy is unknown,1,Department of Water Resources,NA,1,Department of Water Resources
6580,378507N1216238W001,1617381,1982-10-21T00:00:00Z,24.42,23.46,0,4.9,19.52,4.9,3.94,NA,Unknown,Water level accuracy is unknown,1,Department of Water Resources,NA,1,Department of Water Resources
6580,378507N1216238W001,1617380,1982-03-02T00:00:00Z,24.42,23.46,0,3.9,20.52,3.9,2.94,NA,Unknown,Water level accuracy is unknown,1,Department of Water Resources,NA,1,Department of Water Resources
6580,378507N1216238W001,1617379,1981-10-13T00:00:00Z,24.42,23.46,0,18.6,5.82,18.6,17.64,Pumping,Unknown,Water level accuracy is unknown,1,Department of Water Resources,NA,1,Department of Water Resources
6580,378507N1216238W001,1617378,1981-03-19T00:00:00Z,24.42,23.46,0,4.7,19.72,4.7,3.74,NA,Unknown,Water level accuracy is unknown,1,Department of Water Resources,NA,1,Department of Water Resources
6580,378507N1216238W001,1617377,1980-10-15T00:00:00Z,24.42,23.46,0,6,18.42,6,5.04,NA,Unknown,Water level accuracy is unknown,1,Department of Water Resources,NA,1,Department of Water Resources
6580,378507N1216238W001,1617376,1980-03-25T00:00:00Z,24.42,23.46,0,4.5,19.92,4.5,3.54,NA,Unknown,Water level accuracy is unknown,1,Department of Water Resources,NA,1,Department of Water Resources
6580,378507N1216238W001,1617375,1979-10-12T00:00:00Z,24.42,23.46,0,6.3,18.12,6.3,5.34,NA,Unknown,Water level accuracy is unknown,1,Department of Water Resources,NA,1,Department of Water Resources
6580,378507N1216238W001,1617374,1979-03-26T00:00:00Z,24.42,23.46,0,6.6,17.82,6.6,5.64,Pumped recently,Unknown,Water level accuracy is unknown,1,Department of Water Resources,NA,1,Department of Water Resources
6580,378507N1216238W001,1617373,1978-10-11T00:00:00Z,24.42,23.46,0,6.2,18.22,6.2,5.24,NA,Unknown,Water level accuracy is unknown,1,Department of Water Resources,NA,1,Department of Water Resources
6580,378507N1216238W001,1617372,1978-03-21T00:00:00Z,24.42,23.46,0,3.6,20.82,3.6,2.64,NA,Unknown,Water level accuracy is unknown,1,Department of Water Resources,NA,1,Department of Water Resources
6580,378507N1216238W001,1617371,1977-10-06T00:00:00Z,24.42,23.46,0,6.3,18.12,6.3,5.34,NA,Unknown,Water level accuracy is unknown,1,Department of Water Resources,NA,1,Department of Water Resources
6580,378507N1216238W001,1617370,1977-03-07T00:00:00Z,24.42,23.46,0,7.2,17.22,7.2,6.24,NA,Unknown,Water level accuracy is unknown,1,Department of Water Resources,NA,1,Department of Water Resources
6580,378507N1216238W001,1617369,1976-10-14T00:00:00Z,24.42,23.46,0,6.6,17.82,6.6,5.64,NA,Unknown,Water level accuracy is unknown,1,Department of Water Resources,NA,1,Department of Water Resources
6580,378507N1216238W001,1617368,1976-03-05T00:00:00Z,24.42,23.46,0,7,17.42,7,6.04,NA,Unknown,Water level accuracy is unknown,1,Department of Water Resources,NA,1,Department of Water Resources
6580,378507N1216238W001,1617367,1975-10-16T00:00:00Z,24.42,23.46,0,7.6,16.82,7.6,6.64,NA,Unknown,Water level accuracy is unknown,1,Department of Water Resources,NA,1,Department of Water Resources
6580,378507N1216238W001,1617366,1975-03-06T00:00:00Z,24.42,23.46,0,8.6,15.82,8.6,7.64,NA,Unknown,Water level accuracy is unknown,1,Department of Water Resources,NA,1,Department of Water Resources
6580,378507N1216238W001,1617365,1974-10-03T00:00:00Z,24.42,23.46,0,8,16.42,8,7.04,NA,Unknown,Water level accuracy is unknown,1,Department of Water Resources,NA,1,Department of Water Resources
