STN_ID,SITE_CODE,WLM_ID,MSMT_DATE,WLM_RPE,WLM_GSE,RDNG_WS,RDNG_RP,WSE,RPE_WSE,GSE_WSE,WLM_QA_DESC,WLM_DESC,WLM_ACC_DESC,WLM_ORG_ID,WLM_ORG_NAME,MSMT_CMT,COOP_AGENCY_ORG_ID,COOP_ORG_NAME
6755,377341N1213039W001,1809685,2013-10-02T12:00:00Z,21,20,0,12.6,8.4,12.6,11.6,NA,Electric sounder measurement,Water level accuracy to nearest foot,5022,San Joaquin County Flood Control and Water Conservation District,NA,5022,San Joaquin County Flood Control and Water Conservation District
6755,377341N1213039W001,1817471,2013-03-13T12:00:00Z,21,20,3,15,9,12,11,NA,Electric sounder measurement,Water level accuracy to nearest foot,5022,San Joaquin County Flood Control and Water Conservation District,NA,5022,San Joaquin County Flood Control and Water Conservation District
6755,377341N1213039W001,89350,2012-10-18T12:00:00Z,21,20,0,11.6,9.4,11.6,10.6,NA,Electric sounder measurement,Water level accuracy to nearest tenth of a foot,5022,San Joaquin County Flood Control and Water Conservation District,NA,5022,San Joaquin County Flood Control and Water Conservation District
6755,377341N1213039W001,57210,2012-03-22T12:00:00Z,21,20,0,9.8,11.2,9.8,8.8,NA,Electric sounder measurement,Water level accuracy to nearest tenth of a foot,5022,San Joaquin County Flood Control and Water Conservation District,NA,5022,San Joaquin County Flood Control and Water Conservation District
6755,377341N1213039W001,31021,2011-10-19T00:00:00Z,21,20,0,10.1,10.9,10.1,9.1,NA,Electric sounder measurement,Water level accuracy to nearest tenth of a foot,5022,San Joaquin County Flood Control and Water Conservation District,NA,5022,San Joaquin County Flood Control and Water Conservation District
6755,377341N1213039W001,1671121,2010-03-08T00:00:00Z,23.36,22.36,0,12.5,10.86,12.5,11.5,NA,Unknown,Water level accuracy is unknown,1,Department of Water Resources,NA,5022,San Joaquin County Flood Control and Water Conservation District
6755,377341N1213039W001,1671123,2009-10-05T00:00:00Z,23.36,22.36,0,12,11.36,12,11,NA,Unknown,Water level accuracy is unknown,1,Department of Water Resources,NA,5022,San Joaquin County Flood Control and Water Conservation District
6755,377341N1213039W001,1671120,2009-03-02T00:00:00Z,23.36,22.36,0,11,12.36,11,10,NA,Unknown,Water level accuracy is unknown,1,Department of Water Resources,NA,5022,San Joaquin County Flood Control and Water Conservation District
6755,377341N1213039W001,1671122,2008-10-10T00:00:00Z,23.36,22.36,0,12,11.36,12,11,NA,Unknown,Water level accuracy is unknown,1,Department of Water Resources,NA,5022,San Joaquin County Flood Control and Water Conservation District
6755,377341N1213039W001,1671119,2008-02-25T00:00:00Z,23.36,22.36,0,12,11.36,12,11,NA,Unknown,Water level accuracy is unknown,1,Department of Water Resources,NA,5022,San Joaquin County Flood Control and Water Conservation District
6755,377341N1213039W001,1671117,2007-10-05T00:00:00Z,23.36,22.36,0,12.5,10.86,12.5,11.5,NA,Unknown,Water level accuracy is unknown,1,Department of Water Resources,NA,5022,San Joaquin County Flood Control and Water Conservation District
6755,377341N1213039W001,1671118,2007-03-08T00:00:00Z,23.36,22.36,0,12.5,10.86,12.5,11.5,NA,Unknown,Water level accuracy is unknown,1,Department of Water Resources,NA,5022,San Joaquin County Flood Control and Water Conservation District
6755,377341N1213039W001,1671115,2006-10-01T00:00:00Z,23.36,22.36,0,9,14.36,9,8,NA,Unknown,Water level accuracy is unknown,1,Department of Water Resources,NA,5022,San Joaquin County Flood Control and Water Conservation District
6755,377341N1213039W001,1671116,2006-04-07T00:00:00Z,23.36,22.36,0,9.5,13.86,9.5,8.5,NA,Unknown,Water level accuracy is unknown,1,Department of Water Resources,NA,5022,San Joaquin County Flood Control and Water Conservation District
6755,377341N1213039W001,1671113,2005-10-25T00:00:00Z,23.36,22.36,0,11,12.36,11,10,NA,Unknown,Water level accuracy is unknown,1,Department of Water Resources,NA,5022,San Joaquin County Flood Control and Water Conservation District
6755,377341N1213039W001,1671114,2005-03-01T00:00:00Z,23.36,22.36,0,10.5,12.86,10.5,9.5,NA,Unknown,Water level accuracy is unknown,1,Department of Water Resources,NA,5022,San Joaquin County Flood Control and Water Conservation District
6755,377341N1213039W001,1671111,2004-10-01T00:00:00Z,23.36,22.36,0,11.5,11.86,11.5,10.5,NA,Unknown,Water level accuracy is unknown,1,Department of Water Resources,NA,5022,San Joaquin County Flood Control and Water Conservation District
6755,377341N1213039W001,1671112,2004-03-09T00:00:00Z,23.36,22.36,0,14,9.36,14,13,NA,Unknown,Water level accuracy is unknown,1,Department of Water Resources,NA,5022,San Joaquin County Flood Control and Water Conservation District
6755,377341N1213039W001,1671110,2003-09-30T00:00:00Z,23.36,22.36,0,11.5,11.86,11.5,10.5,NA,Unknown,Water level accuracy is unknown,1,Department of Water Resources,NA,5022,San Joaquin County Flood Control and Water Conservation District
6755,377341N1213039W001,1671109,2003-03-03T00:00:00Z,23.36,22.36,0,13,10.36,13,12,NA,Unknown,Water level accuracy is unknown,1,Department of Water Resources,NA,5022,San Joaquin County Flood Control and Water Conservation District
6755,377341N1213039W001,1671107,2002-09-30T00:00:00Z,23.36,22.36,0,10,13.36,10,9,NA,Unknown,Water level accuracy is unknown,1,Department of Water Resources,NA,5022,San Joaquin County Flood Control and Water Conservation District
6755,377341N1213039W001,1671108,2002-03-05T00:00:00Z,23.36,22.36,0,12.5,10.86,12.5,11.5,NA,Unknown,Water level accuracy is unknown,1,Department of Water Resources,NA,5022,San Joaquin County Flood Control and Water Conservation District
6755,377341N1213039W001,1671106,2001-10-09T00:00:00Z,23.36,22.36,0,7,16.36,7,6,NA,Unknown,Water level accuracy is unknown,1,Department of Water Resources,NA,5022,San Joaquin County Flood Control and Water Conservation District
6755,377341N1213039W001,1671105,2001-03-01T00:00:00Z,23.36,22.36,0,13.4,9.96,13.4,12.4,NA,Unknown,Water level accuracy is unknown,1,Department of Water Resources,NA,5022,San Joaquin County Flood Control and Water Conservation District
6755,377341N1213039W001,1671104,2000-10-02T00:00:00Z,23.36,22.36,0,13.5,9.86,13.5,12.5,NA,Unknown,Water level accuracy is unknown,1,Department of Water Resources,NA,5022,San Joaquin County Flood Control and Water Conservation District
6755,377341N1213039W001,1671100,2000-03-20T00:00:00Z,23.36,22.36,0,10.6,12.76,10.6,9.6,NA,Unknown,Water level accuracy is unknown,1,Department of Water Resources,NA,5022,San Joaquin County Flood Control and Water Conservation District
6755,377341N1213039W001,1671103,1997-09-29T00:00:00Z,23.36,22.36,0,11.8,11.56,11.8,10.8,NA,Unknown,Water level accuracy is unknown,1,Department of Water Resources,NA,5022,San Joaquin County Flood Control and Water Conservation District
6755,377341N1213039W001,1671102,1997-03-03T00:00:00Z,23.36,22.36,0,5.5,17.86,5.5,4.5,NA,Unknown,Water level accuracy is unknown,1,Department of Water Resources,NA,5022,San Joaquin County Flood Control and Water Conservation District
6755,377341N1213039W001,1671101,1996-10-01T00:00:00Z,23.36,22.36,0,12,11.36,12,11,NA,Unknown,Water level accuracy is unknown,1,Department of Water Resources,NA,5022,San Joaquin County Flood Control and Water Conservation District
6755,377341N1213039W001,1671099,1996-03-05T00:00:00Z,23.36,22.36,0,10.5,12.86,10.5,9.5,NA,Unknown,Water level accuracy is unknown,1,Department of Water Resources,NA,5022,San Joaquin County Flood Control and Water Conservation District
6755,377341N1213039W001,1671098,1995-10-05T00:00:00Z,23.36,22.36,0,11,12.36,11,10,NA,Unknown,Water level accuracy is unknown,1,Department of Water Resources,NA,5022,San Joaquin County Flood Control and Water Conservation District
6755,377341N1213039W001,1671097,1995-03-06T00:00:00Z,23.36,22.36,0,12,11.36,12,11,NA,Unknown,Water level accuracy is unknown,1,Department of Water Resources,NA,5022,San Joaquin County Flood Control and Water Conservation District
6755,377341N1213039W001,1671096,1994-10-07T00:00:00Z,23.36,22.36,0,12.5,10.86,12.5,11.5,NA,Unknown,Water level accuracy is unknown,1,Department of Water Resources,NA,5022,San Joaquin County Flood Control and Water Conservation District
6755,377341N1213039W001,1671095,1994-03-08T00:00:00Z,23.36,22.36,0,13,10.36,13,12,NA,Unknown,Water level accuracy is unknown,1,Department of Water Resources,NA,5022,San Joaquin County Flood Control and Water Conservation District
6755,377341N1213039W001,1671094,1993-10-08T00:00:00Z,23.36,22.36,0,11,12.36,11,10,NA,Unknown,Water level accuracy is unknown,1,Department of Water Resources,NA,5022,San Joaquin County Flood Control and Water Conservation District
6755,377341N1213039W001,1671093,1993-03-11T00:00:00Z,23.36,22.36,0,11,12.36,11,10,NA,Unknown,Water level accuracy is unknown,1,Department of Water Resources,NA,5022,San Joaquin County Flood Control and Water Conservation District
6755,377341N1213039W001,1671034,1992-10-05T00:00:00Z,23.36,22.36,0,12,11.36,12,11,NA,Unknown,Water level accuracy is unknown,1,Department of Water Resources,NA,5022,San Joaquin County Flood Control and Water Conservation District
6755,377341N1213039W001,1671033,1992-03-09T00:00:00Z,23.36,22.36,0,12,11.36,12,11,NA,Unknown,Water level accuracy is unknown,1,Department of Water Resources,NA,5022,San Joaquin County Flood Control and Water Conservation District
6755,377341N1213039W001,1671030,1991-10-08T00:00:00Z,23.36,22.36,0,12,11.36,12,11,NA,Unknown,Water level accuracy is unknown,1,Department of Water Resources,NA,5022,San Joaquin County Flood Control and Water Conservation District
6755,377341N1213039W001,1671032,1991-03-11T00:00:00Z,23.36,22.36,0,15,8.36,15,14,NA,Unknown,Water level accuracy is unknown,1,Department of Water Resources,NA,5022,San Joaquin County Flood Control and Water Conservation District
6755,377341N1213039W001,1671028,1990-10-11T00:00:00Z,23.36,22.36,0,13,10.36,13,12,NA,Unknown,Water level accuracy is unknown,1,Department of Water Resources,NA,5022,San Joaquin County Flood Control and Water Conservation District
6755,377341N1213039W001,1671027,1990-03-19T00:00:00Z,23.36,22.36,0,14,9.36,14,13,NA,Unknown,Water level accuracy is unknown,1,Department of Water Resources,NA,5022,San Joaquin County Flood Control and Water Conservation District
6755,377341N1213039W001,1671029,1989-10-10T00:00:00Z,23.36,22.36,0,12,11.36,12,11,NA,Unknown,Water level accuracy is unknown,1,Department of Water Resources,NA,5022,San Joaquin County Flood Control and Water Conservation District
6755,377341N1213039W001,1671031,1989-03-22T00:00:00Z,23.36,22.36,NA,NA,NA,NA,NA,Can't get tape in casing,NA,NA,1,Department of Water Resources,NA,5022,San Joaquin County Flood Control and Water Conservation District
6755,377341N1213039W001,1671092,1988-10-04T00:00:00Z,23.36,22.36,0,10,13.36,10,9,NA,Unknown,Water level accuracy is unknown,1,Department of Water Resources,NA,5022,San Joaquin County Flood Control and Water Conservation District
6755,377341N1213039W001,1671091,1988-03-08T00:00:00Z,23.36,22.36,0,13,10.36,13,12,NA,Unknown,Water level accuracy is unknown,1,Department of Water Resources,NA,5022,San Joaquin County Flood Control and Water Conservation District
6755,377341N1213039W001,1671090,1987-10-21T00:00:00Z,23.36,22.36,0,11.5,11.86,11.5,10.5,NA,Unknown,Water level accuracy is unknown,1,Department of Water Resources,NA,5022,San Joaquin County Flood Control and Water Conservation District
6755,377341N1213039W001,1671089,1987-04-06T00:00:00Z,23.36,22.36,0,11,12.36,11,10,NA,Unknown,Water level accuracy is unknown,1,Department of Water Resources,NA,5022,San Joaquin County Flood Control and Water Conservation District
6755,377341N1213039W001,1671088,1986-10-17T00:00:00Z,23.36,22.36,0,10,13.36,10,9,NA,Unknown,Water level accuracy is unknown,1,Department of Water Resources,NA,5022,San Joaquin County Flood Control and Water Conservation District
6755,377341N1213039W001,1671087,1986-04-01T00:00:00Z,23.36,22.36,0,8.5,14.86,8.5,7.5,NA,Unknown,Water level accuracy is unknown,1,Department of Water Resources,NA,5022,San Joaquin County Flood Control and Water Conservation District
6755,377341N1213039W001,1671086,1985-10-18T00:00:00Z,23.36,22.36,0,9,14.36,9,8,NA,Unknown,Water level accuracy is unknown,1,Department of Water Resources,NA,5022,San Joaquin County Flood Control and Water Conservation District
6755,377341N1213039W001,1671085,1985-03-12T00:00:00Z,23.36,22.36,0,5,18.36,5,4,NA,Unknown,Water level accuracy is unknown,1,Department of Water Resources,NA,5022,San Joaquin County Flood Control and Water Conservation District
6755,377341N1213039W001,1671084,1984-10-11T00:00:00Z,23.36,22.36,0,8,15.36,8,7,NA,Unknown,Water level accuracy is unknown,1,Department of Water Resources,NA,5022,San Joaquin County Flood Control and Water Conservation District
6755,377341N1213039W001,1671083,1984-03-21T00:00:00Z,23.36,22.36,0,5,18.36,5,4,NA,Unknown,Water level accuracy is unknown,1,Department of Water Resources,NA,5022,San Joaquin County Flood Control and Water Conservation District
6755,377341N1213039W001,1671082,1983-10-12T00:00:00Z,23.36,22.36,0,6,17.36,6,5,NA,Unknown,Water level accuracy is unknown,1,Department of Water Resources,NA,5022,San Joaquin County Flood Control and Water Conservation District
6755,377341N1213039W001,1671081,1983-04-11T00:00:00Z,23.36,22.36,0,4.5,18.86,4.5,3.5,Pumped recently,Unknown,Water level accuracy is unknown,1,Department of Water Resources,NA,5022,San Joaquin County Flood Control and Water Conservation District
6755,377341N1213039W001,1671080,1982-09-27T00:00:00Z,23.36,22.36,0,10,13.36,10,9,NA,Unknown,Water level accuracy is unknown,1,Department of Water Resources,NA,5022,San Joaquin County Flood Control and Water Conservation District
6755,377341N1213039W001,1671079,1982-04-19T00:00:00Z,23.36,22.36,0,8.5,14.86,8.5,7.5,NA,Unknown,Water level accuracy is unknown,1,Department of Water Resources,NA,5022,San Joaquin County Flood Control and Water Conservation District
6755,377341N1213039W001,1671078,1981-11-19T00:00:00Z,23.36,22.36,0,10,13.36,10,9,NA,Unknown,Water level accuracy is unknown,1,Department of Water Resources,NA,5022,San Joaquin County Flood Control and Water Conservation District
6755,377341N1213039W001,1671077,1981-04-02T00:00:00Z,23.36,22.36,0,11,12.36,11,10,NA,Unknown,Water level accuracy is unknown,1,Department of Water Resources,NA,5022,San Joaquin County Flood Control and Water Conservation District
6755,377341N1213039W001,1671076,1980-10-14T00:00:00Z,23.36,22.36,0,9,14.36,9,8,NA,Unknown,Water level accuracy is unknown,1,Department of Water Resources,NA,5022,San Joaquin County Flood Control and Water Conservation District
6755,377341N1213039W001,1671075,1980-03-20T00:00:00Z,23.36,22.36,0,7.5,15.86,7.5,6.5,NA,Unknown,Water level accuracy is unknown,1,Department of Water Resources,NA,5022,San Joaquin County Flood Control and Water Conservation District
6755,377341N1213039W001,1671074,1979-10-05T00:00:00Z,23.36,22.36,0,11.5,11.86,11.5,10.5,NA,Unknown,Water level accuracy is unknown,1,Department of Water Resources,NA,5022,San Joaquin County Flood Control and Water Conservation District
6755,377341N1213039W001,1671073,1979-03-22T00:00:00Z,23.36,22.36,0,13,10.36,13,12,NA,Unknown,Water level accuracy is unknown,1,Department of Water Resources,NA,5022,San Joaquin County Flood Control and Water Conservation District
6755,377341N1213039W001,1671072,1978-10-06T00:00:00Z,23.36,22.36,0,10.5,12.86,10.5,9.5,NA,Unknown,Water level accuracy is unknown,1,Department of Water Resources,NA,5022,San Joaquin County Flood Control and Water Conservation District
6755,377341N1213039W001,1671071,1978-03-30T00:00:00Z,23.36,22.36,0,14,9.36,14,13,NA,Unknown,Water level accuracy is unknown,1,Department of Water Resources,NA,5022,San Joaquin County Flood Control and Water Conservation District
6755,377341N1213039W001,1671070,1977-10-07T00:00:00Z,23.36,22.36,0,12,11.36,12,11,NA,Unknown,Water level accuracy is unknown,1,Department of Water Resources,NA,5022,San Joaquin County Flood Control and Water Conservation District
6755,377341N1213039W001,1671069,1977-03-15T00:00:00Z,23.36,22.36,0,12.5,10.86,12.5,11.5,NA,Unknown,Water level accuracy is unknown,1,Department of Water Resources,NA,5022,San Joaquin County Flood Control and Water Conservation District
6755,377341N1213039W001,1671068,1976-10-08T00:00:00Z,23.36,22.36,0,11.5,11.86,11.5,10.5,NA,Unknown,Water level accuracy is unknown,1,Department of Water Resources,NA,5022,San Joaquin County Flood Control and Water Conservation District
6755,377341N1213039W001,1671067,1976-03-15T00:00:00Z,23.36,22.36,0,11,12.36,11,10,NA,Unknown,Water level accuracy is unknown,1,Department of Water Resources,NA,5022,San Joaquin County Flood Control and Water Conservation District
6755,377341N1213039W001,1671066,1975-10-16T00:00:00Z,23.36,22.36,0,11,12.36,11,10,NA,Unknown,Water level accuracy is unknown,1,Department of Water Resources,NA,5022,San Joaquin County Flood Control and Water Conservation District
6755,377341N1213039W001,1671065,1975-03-03T00:00:00Z,23.36,22.36,0,12,11.36,12,11,NA,Unknown,Water level accuracy is unknown,1,Department of Water Resources,NA,5022,San Joaquin County Flood Control and Water Conservation District
6755,377341N1213039W001,1671064,1974-10-03T00:00:00Z,23.36,22.36,0,10,13.36,10,9,NA,Unknown,Water level accuracy is unknown,1,Department of Water Resources,NA,5022,San Joaquin County Flood Control and Water Conservation District
6755,377341N1213039W001,1671063,1974-03-13T00:00:00Z,23.36,22.36,0,9.5,13.86,9.5,8.5,NA,Unknown,Water level accuracy is unknown,1,Department of Water Resources,NA,5022,San Joaquin County Flood Control and Water Conservation District
6755,377341N1213039W001,1671062,1973-10-03T00:00:00Z,23.36,22.36,0,12,11.36,12,11,NA,Unknown,Water level accuracy is unknown,1,Department of Water Resources,NA,5022,San Joaquin County Flood Control and Water Conservation District
6755,377341N1213039W001,1671061,1973-03-15T00:00:00Z,23.36,22.36,0,10.1,13.26,10.1,9.1,NA,Unknown,Water level accuracy is unknown,1,Department of Water Resources,NA,5022,San Joaquin County Flood Control and Water Conservation District
6755,377341N1213039W001,1671060,1972-10-05T00:00:00Z,23.36,22.36,0,11.5,11.86,11.5,10.5,NA,Unknown,Water level accuracy is unknown,1,Department of Water Resources,NA,5022,San Joaquin County Flood Control and Water Conservation District
6755,377341N1213039W001,1671059,1972-03-13T00:00:00Z,23.36,22.36,0,12,11.36,12,11,NA,Unknown,Water level accuracy is unknown,1,Department of Water Resources,NA,5022,San Joaquin County Flood Control and Water Conservation District
6755,377341N1213039W001,1671058,1971-10-13T00:00:00Z,23.36,22.36,0,11,12.36,11,10,NA,Unknown,Water level accuracy is unknown,1,Department of Water Resources,NA,5022,San Joaquin County Flood Control and Water Conservation District
6755,377341N1213039W001,1671057,1971-03-10T00:00:00Z,23.36,22.36,0,12.5,10.86,12.5,11.5,NA,Unknown,Water level accuracy is unknown,1,Department of Water Resources,NA,5022,San Joaquin County Flood Control and Water Conservation District
6755,377341N1213039W001,1671056,1970-10-14T00:00:00Z,23.36,22.36,0,11,12.36,11,10,NA,Unknown,Water level accuracy is unknown,1,Department of Water Resources,NA,5022,San Joaquin County Flood Control and Water Conservation District
6755,377341N1213039W001,1671055,1970-03-23T00:00:00Z,23.36,22.36,0,8,15.36,8,7,NA,Unknown,Water level accuracy is unknown,1,Department of Water Resources,NA,5022,San Joaquin County Flood Control and Water Conservation District
6755,377341N1213039W001,1671054,1969-10-20T00:00:00Z,23.36,22.36,0,10.5,12.86,10.5,9.5,NA,Unknown,Water level accuracy is unknown,1,Department of Water Resources,NA,5022,San Joaquin County Flood Control and Water Conservation District
6755,377341N1213039W001,1671053,1969-04-07T00:00:00Z,23.36,22.36,0,6,17.36,6,5,NA,Unknown,Water level accuracy is unknown,1,Department of Water Resources,NA,5022,San Joaquin County Flood Control and Water Conservation District
6755,377341N1213039W001,1671052,1968-10-10T00:00:00Z,23.36,22.36,0,14,9.36,14,13,NA,Unknown,Water level accuracy is unknown,1,Department of Water Resources,NA,5022,San Joaquin County Flood Control and Water Conservation District
6755,377341N1213039W001,1671051,1968-03-18T00:00:00Z,23.36,22.36,0,12,11.36,12,11,NA,Unknown,Water level accuracy is unknown,1,Department of Water Resources,NA,5022,San Joaquin County Flood Control and Water Conservation District
6755,377341N1213039W001,1671050,1967-10-16T00:00:00Z,23.36,22.36,0,12.5,10.86,12.5,11.5,NA,Unknown,Water level accuracy is unknown,1,Department of Water Resources,NA,5022,San Joaquin County Flood Control and Water Conservation District
6755,377341N1213039W001,1671049,1967-03-06T00:00:00Z,23.36,22.36,0,14,9.36,14,13,NA,Unknown,Water level accuracy is unknown,1,Department of Water Resources,NA,5022,San Joaquin County Flood Control and Water Conservation District
6755,377341N1213039W001,1671048,1966-10-03T00:00:00Z,23.36,22.36,0,12,11.36,12,11,NA,Unknown,Water level accuracy is unknown,1,Department of Water Resources,NA,5022,San Joaquin County Flood Control and Water Conservation District
6755,377341N1213039W001,1671047,1966-03-07T00:00:00Z,23.36,22.36,0,10.5,12.86,10.5,9.5,NA,Unknown,Water level accuracy is unknown,1,Department of Water Resources,NA,5022,San Joaquin County Flood Control and Water Conservation District
6755,377341N1213039W001,1671046,1965-10-18T00:00:00Z,23.36,22.36,0,12,11.36,12,11,NA,Unknown,Water level accuracy is unknown,1,Department of Water Resources,NA,5022,San Joaquin County Flood Control and Water Conservation District
6755,377341N1213039W001,1671045,1965-03-08T00:00:00Z,23.36,22.36,0,10,13.36,10,9,NA,Unknown,Water level accuracy is unknown,1,Department of Water Resources,NA,5022,San Joaquin County Flood Control and Water Conservation District
6755,377341N1213039W001,1671044,1964-10-05T00:00:00Z,23.36,22.36,0,13,10.36,13,12,NA,Unknown,Water level accuracy is unknown,1,Department of Water Resources,NA,5022,San Joaquin County Flood Control and Water Conservation District
6755,377341N1213039W001,1671043,1964-03-18T00:00:00Z,23.36,22.36,0,11.5,11.86,11.5,10.5,NA,Unknown,Water level accuracy is unknown,1,Department of Water Resources,NA,5022,San Joaquin County Flood Control and Water Conservation District
6755,377341N1213039W001,1671042,1963-10-15T00:00:00Z,23.36,22.36,0,10,13.36,10,9,NA,Unknown,Water level accuracy is unknown,1,Department of Water Resources,NA,5022,San Joaquin County Flood Control and Water Conservation District
6755,377341N1213039W001,1671041,1963-03-18T00:00:00Z,23.36,22.36,0,14,9.36,14,13,NA,Unknown,Water level accuracy is unknown,1,Department of Water Resources,NA,5022,San Joaquin County Flood Control and Water Conservation District
6755,377341N1213039W001,1671040,1962-10-02T00:00:00Z,23.36,22.36,0,11,12.36,11,10,NA,Unknown,Water level accuracy is unknown,1,Department of Water Resources,NA,5022,San Joaquin County Flood Control and Water Conservation District
6755,377341N1213039W001,1671039,1962-03-05T00:00:00Z,23.36,22.36,0,12.5,10.86,12.5,11.5,NA,Unknown,Water level accuracy is unknown,1,Department of Water Resources,NA,5022,San Joaquin County Flood Control and Water Conservation District
6755,377341N1213039W001,1671038,1961-10-04T00:00:00Z,23.36,22.36,0,8,15.36,8,7,NA,Unknown,Water level accuracy is unknown,1,Department of Water Resources,NA,5022,San Joaquin County Flood Control and Water Conservation District
6755,377341N1213039W001,1671037,1961-03-01T00:00:00Z,23.36,22.36,0,13.5,9.86,13.5,12.5,NA,Unknown,Water level accuracy is unknown,1,Department of Water Resources,NA,5022,San Joaquin County Flood Control and Water Conservation District
6755,377341N1213039W001,1671036,1960-10-04T00:00:00Z,23.36,22.36,0,4,19.36,4,3,NA,Unknown,Water level accuracy is unknown,1,Department of Water Resources,NA,5022,San Joaquin County Flood Control and Water Conservation District
6755,377341N1213039W001,1671035,1960-03-11T00:00:00Z,23.36,22.36,0,15.4,7.96,15.4,14.4,NA,Unknown,Water level accuracy is unknown,1,Department of Water Resources,NA,5022,San Joaquin County Flood Control and Water Conservation District
