STN_ID,SITE_CODE,WLM_ID,MSMT_DATE,WLM_RPE,WLM_GSE,RDNG_WS,RDNG_RP,WSE,RPE_WSE,GSE_WSE,WLM_QA_DESC,WLM_DESC,WLM_ACC_DESC,WLM_ORG_ID,WLM_ORG_NAME,MSMT_CMT,COOP_AGENCY_ORG_ID,COOP_ORG_NAME
6769,373649N1208313W001,1421898,1975-03-04T00:00:00Z,98.37,97.37,NA,NA,NA,NA,NA,Well has been destroyed,NA,NA,1,Department of Water Resources,NA,1,Department of Water Resources
6769,373649N1208313W001,1421897,1974-03-21T00:00:00Z,98.37,97.37,0,28,70.37,28,27,NA,Unknown,Water level accuracy is unknown,1,Department of Water Resources,NA,1,Department of Water Resources
6769,373649N1208313W001,1421896,1973-04-11T00:00:00Z,98.37,97.37,0,23.2,75.17,23.2,22.2,Nearby pump operating,Unknown,Water level accuracy is unknown,1,Department of Water Resources,NA,1,Department of Water Resources
6769,373649N1208313W001,1421895,1972-02-22T00:00:00Z,98.37,97.37,0,21.3,77.07,21.3,20.3,NA,Unknown,Water level accuracy is unknown,1,Department of Water Resources,NA,1,Department of Water Resources
6769,373649N1208313W001,1421894,1971-03-09T00:00:00Z,98.37,97.37,0,25,73.37,25,24,NA,Unknown,Water level accuracy is unknown,1,Department of Water Resources,NA,1,Department of Water Resources
6769,373649N1208313W001,1421893,1969-03-18T00:00:00Z,98.37,97.37,0,22.2,76.17,22.2,21.2,NA,Unknown,Water level accuracy is unknown,1,Department of Water Resources,NA,1,Department of Water Resources
6769,373649N1208313W001,1421892,1968-03-25T00:00:00Z,98.37,97.37,0,24.6,73.77,24.6,23.6,NA,Unknown,Water level accuracy is unknown,1,Department of Water Resources,NA,1,Department of Water Resources
6769,373649N1208313W001,1421891,1967-03-29T00:00:00Z,98.37,97.37,NA,NA,NA,NA,NA,Pumping,NA,NA,1,Department of Water Resources,NA,1,Department of Water Resources
