STN_ID,SITE_CODE,WLM_ID,MSMT_DATE,WLM_RPE,WLM_GSE,RDNG_WS,RDNG_RP,WSE,RPE_WSE,GSE_WSE,WLM_QA_DESC,WLM_DESC,WLM_ACC_DESC,WLM_ORG_ID,WLM_ORG_NAME,MSMT_CMT,COOP_AGENCY_ORG_ID,COOP_ORG_NAME
6796,346467N1181496W002,1452950,1998-09-03T00:00:00Z,2521.81,2521.81,0,394.8,2127.01,394.8,394.8,NA,Unknown,Water level accuracy is unknown,1,Department of Water Resources,NA,5167,United States Geological Survey
6796,346467N1181496W002,1452949,1998-08-04T00:00:00Z,2521.81,2521.81,0,403.7,2118.11,403.7,403.7,Nearby pump operating,Unknown,Water level accuracy is unknown,1,Department of Water Resources,NA,5167,United States Geological Survey
6796,346467N1181496W002,1452948,1998-06-30T00:00:00Z,2521.81,2521.81,0,389.6,2132.21,389.6,389.6,NA,Unknown,Water level accuracy is unknown,1,Department of Water Resources,NA,5167,United States Geological Survey
6796,346467N1181496W002,1452947,1998-06-15T00:00:00Z,2521.81,2521.81,0,387.8,2134.01,387.8,387.8,Other,Unknown,Water level accuracy is unknown,1,Department of Water Resources,NA,5167,United States Geological Survey
6796,346467N1181496W002,1452946,1998-05-27T00:00:00Z,2521.81,2521.81,0,387.9,2133.91,387.9,387.9,Other,Unknown,Water level accuracy is unknown,1,Department of Water Resources,NA,5167,United States Geological Survey
6796,346467N1181496W002,1452945,1998-04-29T00:00:00Z,2521.81,2521.81,0,389.64,2132.17,389.64,389.64,Pumped recently,Unknown,Water level accuracy is unknown,1,Department of Water Resources,NA,5167,United States Geological Survey
6796,346467N1181496W002,1452944,1998-04-10T00:00:00Z,2521.81,2521.81,0,389.47,2132.34,389.47,389.47,NA,Unknown,Water level accuracy is unknown,1,Department of Water Resources,NA,5167,United States Geological Survey
6796,346467N1181496W002,1452943,1998-02-20T00:00:00Z,2521.81,2521.81,0,391.4,2130.41,391.4,391.4,NA,Unknown,Water level accuracy is unknown,1,Department of Water Resources,NA,5167,United States Geological Survey
6796,346467N1181496W002,1452942,1998-01-09T00:00:00Z,2521.81,2521.81,0,395.05,2126.76,395.05,395.05,NA,Unknown,Water level accuracy is unknown,1,Department of Water Resources,NA,5167,United States Geological Survey
6796,346467N1181496W002,1452941,1997-11-24T00:00:00Z,2521.81,2521.81,0,396.82,2124.99,396.82,396.82,NA,Unknown,Water level accuracy is unknown,1,Department of Water Resources,NA,5167,United States Geological Survey
6796,346467N1181496W002,1452940,1997-10-16T00:00:00Z,2521.81,2521.81,0,398.18,2123.63,398.18,398.18,NA,Unknown,Water level accuracy is unknown,1,Department of Water Resources,NA,5167,United States Geological Survey
6796,346467N1181496W002,1452939,1997-09-02T00:00:00Z,2521.81,2521.81,0,399.95,2121.86,399.95,399.95,Nearby pump operating,Unknown,Water level accuracy is unknown,1,Department of Water Resources,NA,5167,United States Geological Survey
6796,346467N1181496W002,1452938,1997-07-22T00:00:00Z,2521.81,2521.81,0,401.5,2120.31,401.5,401.5,Nearby pump operating,Unknown,Water level accuracy is unknown,1,Department of Water Resources,NA,5167,United States Geological Survey
6796,346467N1181496W002,1452937,1997-06-19T00:00:00Z,2521.81,2521.81,0,401.17,2120.64,401.17,401.17,Nearby pump operating,Unknown,Water level accuracy is unknown,1,Department of Water Resources,NA,5167,United States Geological Survey
6796,346467N1181496W002,1452936,1997-05-30T00:00:00Z,2521.81,2521.81,0,392.08,2129.73,392.08,392.08,Pumped recently,Unknown,Water level accuracy is unknown,1,Department of Water Resources,NA,5167,United States Geological Survey
6796,346467N1181496W002,1452935,1997-04-17T00:00:00Z,2521.81,2521.81,0,386.4,2135.41,386.4,386.4,Other,Unknown,Water level accuracy is unknown,1,Department of Water Resources,NA,5167,United States Geological Survey
6796,346467N1181496W002,1452934,1997-04-14T00:00:00Z,2521.81,2521.81,0,385.5,2136.31,385.5,385.5,Other,Unknown,Water level accuracy is unknown,1,Department of Water Resources,NA,5167,United States Geological Survey
6796,346467N1181496W002,1452933,1997-02-20T00:00:00Z,2521.81,2521.81,0,386.6,2135.21,386.6,386.6,Other,Unknown,Water level accuracy is unknown,1,Department of Water Resources,NA,5167,United States Geological Survey
6796,346467N1181496W002,1452932,1997-01-29T00:00:00Z,2521.81,2521.81,0,387.66,2134.15,387.66,387.66,Other,Unknown,Water level accuracy is unknown,1,Department of Water Resources,NA,5167,United States Geological Survey
6796,346467N1181496W002,1452931,1996-12-30T00:00:00Z,2521.81,2521.81,0,388.4,2133.41,388.4,388.4,Other,Unknown,Water level accuracy is unknown,1,Department of Water Resources,NA,5167,United States Geological Survey
6796,346467N1181496W002,1452930,1996-12-10T00:00:00Z,2521.81,2521.81,0,389.83,2131.98,389.83,389.83,Other,Unknown,Water level accuracy is unknown,1,Department of Water Resources,NA,5167,United States Geological Survey
6796,346467N1181496W002,1452929,1996-11-22T00:00:00Z,2521.81,2521.81,0,391.23,2130.58,391.23,391.23,Other,Unknown,Water level accuracy is unknown,1,Department of Water Resources,NA,5167,United States Geological Survey
6796,346467N1181496W002,1452928,1996-11-15T00:00:00Z,2521.81,2521.81,0,391.17,2130.64,391.17,391.17,Other,Unknown,Water level accuracy is unknown,1,Department of Water Resources,NA,5167,United States Geological Survey
6796,346467N1181496W002,1452927,1996-11-14T00:00:00Z,2521.81,2521.81,0,391.51,2130.3,391.51,391.51,Other,Unknown,Water level accuracy is unknown,1,Department of Water Resources,NA,5167,United States Geological Survey
6796,346467N1181496W002,1452926,1996-11-13T00:00:00Z,2521.81,2521.81,0,392.08,2129.73,392.08,392.08,Other,Unknown,Water level accuracy is unknown,1,Department of Water Resources,NA,5167,United States Geological Survey
6796,346467N1181496W002,1452925,1996-11-13T00:00:00Z,2521.81,2521.81,0,391.92,2129.89,391.92,391.92,Other,Unknown,Water level accuracy is unknown,1,Department of Water Resources,NA,5167,United States Geological Survey
6796,346467N1181496W002,1452924,1996-11-12T00:00:00Z,2521.81,2521.81,0,292.57,2229.24,292.57,292.57,NA,Unknown,Water level accuracy is unknown,1,Department of Water Resources,NA,5167,United States Geological Survey
6796,346467N1181496W002,1452923,1996-11-07T00:00:00Z,2521.81,2521.81,0,393.51,2128.3,393.51,393.51,NA,Unknown,Water level accuracy is unknown,1,Department of Water Resources,NA,5167,United States Geological Survey
6796,346467N1181496W002,1452922,1996-10-31T00:00:00Z,2521.81,2521.81,0,398.57,2123.24,398.57,398.57,Pumped recently,Unknown,Water level accuracy is unknown,1,Department of Water Resources,NA,5167,United States Geological Survey
6796,346467N1181496W002,1452920,1996-10-22T00:00:00Z,2521.81,2521.81,0,395.79,2126.02,395.79,395.79,NA,Unknown,Water level accuracy is unknown,1,Department of Water Resources,NA,5167,United States Geological Survey
6796,346467N1181496W002,1452921,1996-10-22T00:00:00Z,2521.81,2521.81,0,396.31,2125.5,396.31,396.31,NA,Unknown,Water level accuracy is unknown,1,Department of Water Resources,NA,5167,United States Geological Survey
6796,346467N1181496W002,1452919,1996-10-21T00:00:00Z,2521.81,2521.81,0,398.82,2122.99,398.82,398.82,NA,Unknown,Water level accuracy is unknown,1,Department of Water Resources,NA,5167,United States Geological Survey
