STN_ID,SITE_CODE,WLM_ID,MSMT_DATE,WLM_RPE,WLM_GSE,RDNG_WS,RDNG_RP,WSE,RPE_WSE,GSE_WSE,WLM_QA_DESC,WLM_DESC,WLM_ACC_DESC,WLM_ORG_ID,WLM_ORG_NAME,MSMT_CMT,COOP_AGENCY_ORG_ID,COOP_ORG_NAME
6966,345244N1178385W001,1571612,1976-03-09T00:00:00Z,3024.95,3024.95,0,0,3024.95,0,0,NA,Unknown,Water level accuracy is unknown,1,Department of Water Resources,NA,5167,United States Geological Survey
6966,345244N1178385W001,1571611,1976-03-08T00:00:00Z,3024.95,3024.95,NA,NA,NA,NA,NA,Dry well,NA,NA,1,Department of Water Resources,NA,5167,United States Geological Survey
6966,345244N1178385W001,1571610,1976-02-26T00:00:00Z,3024.95,3024.95,NA,NA,NA,NA,NA,Dry well,NA,NA,1,Department of Water Resources,NA,5167,United States Geological Survey
6966,345244N1178385W001,1571609,1975-02-13T00:00:00Z,3024.95,3024.95,NA,NA,NA,NA,NA,Dry well,NA,NA,1,Department of Water Resources,NA,5167,United States Geological Survey
6966,345244N1178385W001,1571608,1974-02-28T00:00:00Z,3024.95,3024.95,0,176.22,2848.73,176.22,176.22,NA,Unknown,Water level accuracy is unknown,1,Department of Water Resources,NA,5167,United States Geological Survey
6966,345244N1178385W001,1571607,1964-05-06T00:00:00Z,3024.95,3024.95,0,192.39,2832.56,192.39,192.39,NA,Unknown,Water level accuracy is unknown,1,Department of Water Resources,NA,5167,United States Geological Survey
6966,345244N1178385W001,1571606,1964-05-01T00:00:00Z,3024.95,3024.95,0,192,2832.95,192,192,NA,Unknown,Water level accuracy is unknown,1,Department of Water Resources,NA,5167,United States Geological Survey
