STN_ID,SITE_CODE,WLM_ID,MSMT_DATE,WLM_RPE,WLM_GSE,RDNG_WS,RDNG_RP,WSE,RPE_WSE,GSE_WSE,WLM_QA_DESC,WLM_DESC,WLM_ACC_DESC,WLM_ORG_ID,WLM_ORG_NAME,MSMT_CMT,COOP_AGENCY_ORG_ID,COOP_ORG_NAME
6972,345431N1179187W001,1571898,1961-10-16T00:00:00Z,2813.87,2813.87,0,106.6,2707.27,106.6,106.6,NA,Unknown,Water level accuracy is unknown,1,Department of Water Resources,NA,5167,United States Geological Survey
6972,345431N1179187W001,1571897,1960-03-09T00:00:00Z,2813.87,2813.87,0,99.3,2714.57,99.3,99.3,NA,Unknown,Water level accuracy is unknown,1,Department of Water Resources,NA,5167,United States Geological Survey
6972,345431N1179187W001,1571896,1959-11-13T00:00:00Z,2813.87,2813.87,0,100.6,2713.27,100.6,100.6,NA,Unknown,Water level accuracy is unknown,1,Department of Water Resources,NA,5167,United States Geological Survey
6972,345431N1179187W001,1571895,1959-03-19T00:00:00Z,2813.87,2813.87,0,104.8,2709.07,104.8,104.8,NA,Unknown,Water level accuracy is unknown,1,Department of Water Resources,NA,5167,United States Geological Survey
6972,345431N1179187W001,1571894,1958-11-25T00:00:00Z,2813.87,2813.87,0,99.2,2714.67,99.2,99.2,NA,Unknown,Water level accuracy is unknown,1,Department of Water Resources,NA,5167,United States Geological Survey
6972,345431N1179187W001,1571893,1958-03-11T00:00:00Z,2813.87,2813.87,0,99.5,2714.37,99.5,99.5,NA,Unknown,Water level accuracy is unknown,1,Department of Water Resources,NA,5167,United States Geological Survey
6972,345431N1179187W001,1571892,1957-11-18T00:00:00Z,2813.87,2813.87,0,98.8,2715.07,98.8,98.8,NA,Unknown,Water level accuracy is unknown,1,Department of Water Resources,NA,5167,United States Geological Survey
6972,345431N1179187W001,1571891,1957-03-13T00:00:00Z,2813.87,2813.87,0,102.2,2711.67,102.2,102.2,NA,Unknown,Water level accuracy is unknown,1,Department of Water Resources,NA,5167,United States Geological Survey
6972,345431N1179187W001,1571890,1956-11-29T00:00:00Z,2813.87,2813.87,0,98.5,2715.37,98.5,98.5,NA,Unknown,Water level accuracy is unknown,1,Department of Water Resources,NA,5167,United States Geological Survey
