STN_ID,SITE_CODE,WLM_ID,MSMT_DATE,WLM_RPE,WLM_GSE,RDNG_WS,RDNG_RP,WSE,RPE_WSE,GSE_WSE,WLM_QA_DESC,WLM_DESC,WLM_ACC_DESC,WLM_ORG_ID,WLM_ORG_NAME,MSMT_CMT,COOP_AGENCY_ORG_ID,COOP_ORG_NAME
7305,346344N1174062W001,1404319,2008-04-11T00:00:00Z,2772.74,2772.74,0,89.59,2683.15,89.59,89.59,NA,Unknown,Water level accuracy is unknown,1,Department of Water Resources,NA,5167,United States Geological Survey
7305,346344N1174062W001,1404320,2006-03-29T00:00:00Z,2772.74,2772.74,0,90.1,2682.64,90.1,90.1,NA,Unknown,Water level accuracy is unknown,1,Department of Water Resources,NA,5167,United States Geological Survey
7305,346344N1174062W001,1404318,1998-03-26T00:00:00Z,2772.74,2772.74,0,91.09,2681.65,91.09,91.09,NA,Unknown,Water level accuracy is unknown,1,Department of Water Resources,NA,5167,United States Geological Survey
7305,346344N1174062W001,1404317,1996-04-03T00:00:00Z,2772.74,2772.74,0,91.31,2681.43,91.31,91.31,NA,Unknown,Water level accuracy is unknown,1,Department of Water Resources,NA,5167,United States Geological Survey
7305,346344N1174062W001,1404316,1994-03-09T00:00:00Z,2772.74,2772.74,0,91.49,2681.25,91.49,91.49,NA,Unknown,Water level accuracy is unknown,1,Department of Water Resources,NA,5167,United States Geological Survey
