STN_ID,SITE_CODE,WLM_ID,MSMT_DATE,WLM_RPE,WLM_GSE,RDNG_WS,RDNG_RP,WSE,RPE_WSE,GSE_WSE,WLM_QA_DESC,WLM_DESC,WLM_ACC_DESC,WLM_ORG_ID,WLM_ORG_NAME,MSMT_CMT,COOP_AGENCY_ORG_ID,COOP_ORG_NAME
7477,382716N1224496W001,2662789,2020-09-16T00:00:00Z,46.16,45.66,0,26.1,20.06,26.1,25.6,NA,Electric sounder measurement,Water level accuracy to nearest tenth of a foot,1,Department of Water Resources,Run 4,1,Department of Water Resources
7477,382716N1224496W001,2660790,2020-08-13T00:00:00Z,46.16,45.66,NA,NA,NA,NA,NA,Temporarily inaccessible,NA,NA,1,Department of Water Resources,Run 4  Gate locked,1,Department of Water Resources
7477,382716N1224496W001,2654140,2020-07-14T00:00:00Z,46.16,45.66,0,15.9,30.26,15.9,15.4,NA,Electric sounder measurement,Water level accuracy to nearest tenth of a foot,1,Department of Water Resources,Run 4,1,Department of Water Resources
7477,382716N1224496W001,2626594,2020-06-10T00:00:00Z,46.16,45.66,0,8.5,37.66,8.5,8,NA,Electric sounder measurement,Water level accuracy to nearest tenth of a foot,1,Department of Water Resources,Run 4,1,Department of Water Resources
7477,382716N1224496W001,2624326,2020-05-14T00:00:00Z,46.16,45.66,0,7.3,38.86,7.3,6.8,NA,Electric sounder measurement,Water level accuracy to nearest tenth of a foot,1,Department of Water Resources,NA,1,Department of Water Resources
7477,382716N1224496W001,2624294,2020-04-20T00:00:00Z,46.16,45.66,NA,NA,NA,NA,NA,Special/Other,NA,NA,1,Department of Water Resources,No data collected due to COVID 19,1,Department of Water Resources
7477,382716N1224496W001,2538544,2020-03-09T00:00:00Z,46.16,45.66,0,5.9,40.26,5.9,5.4,NA,Electric sounder measurement,Water level accuracy to nearest tenth of a foot,1,Department of Water Resources,NA,1,Department of Water Resources
7477,382716N1224496W001,2526601,2020-02-12T00:00:00Z,46.16,45.66,0,6.7,39.46,6.7,6.2,NA,Electric sounder measurement,Water level accuracy to nearest tenth of a foot,1,Department of Water Resources,NA,1,Department of Water Resources
7477,382716N1224496W001,2494264,2020-01-13T00:00:00Z,46.16,45.66,0,12.4,33.76,12.4,11.9,NA,Electric sounder measurement,Water level accuracy to nearest tenth of a foot,1,Department of Water Resources,NA,1,Department of Water Resources
7477,382716N1224496W001,2491262,2019-12-19T00:00:00Z,46.16,45.66,0,24.8,21.36,24.8,24.3,NA,Electric sounder measurement,Water level accuracy to nearest tenth of a foot,1,Department of Water Resources,NA,1,Department of Water Resources
7477,382716N1224496W001,2487975,2019-11-25T00:00:00Z,46.16,45.66,0,22,24.16,22,21.5,NA,Electric sounder measurement,Water level accuracy to nearest tenth of a foot,1,Department of Water Resources,NA,1,Department of Water Resources
7477,382716N1224496W001,2479559,2019-10-21T00:00:00Z,46.16,45.66,0,12.8,33.36,12.8,12.3,NA,Electric sounder measurement,Water level accuracy to nearest tenth of a foot,1,Department of Water Resources,NA,1,Department of Water Resources
7477,382716N1224496W001,2475412,2019-09-23T00:00:00Z,46.16,45.66,0,15.3,30.86,15.3,14.8,NA,Electric sounder measurement,Water level accuracy to nearest tenth of a foot,1,Department of Water Resources,NA,1,Department of Water Resources
7477,382716N1224496W001,2473358,2019-08-05T00:00:00Z,46.16,45.66,0,8.6,37.56,8.6,8.1,NA,Electric sounder measurement,Water level accuracy to nearest tenth of a foot,1,Department of Water Resources,NA,1,Department of Water Resources
7477,382716N1224496W001,2470735,2019-07-10T00:00:00Z,46.16,45.66,0,7.1,39.06,7.1,6.6,NA,Electric sounder measurement,Water level accuracy to nearest tenth of a foot,1,Department of Water Resources,NA,1,Department of Water Resources
7477,382716N1224496W001,2463745,2019-06-03T00:00:00Z,46.16,45.66,0,4.6,41.56,4.6,4.1,NA,Electric sounder measurement,Water level accuracy to nearest tenth of a foot,1,Department of Water Resources,NA,1,Department of Water Resources
7477,382716N1224496W001,2457624,2019-05-07T00:00:00Z,46.16,45.66,0,4.9,41.26,4.9,4.4,NA,Electric sounder measurement,Water level accuracy to nearest tenth of a foot,1,Department of Water Resources,NA,1,Department of Water Resources
7477,382716N1224496W001,2453157,2019-04-15T00:00:00Z,46.16,45.66,0,4.2,41.96,4.2,3.7,NA,Electric sounder measurement,Water level accuracy to nearest tenth of a foot,1,Department of Water Resources,NA,1,Department of Water Resources
7477,382716N1224496W001,2449227,2019-03-04T00:00:00Z,46.16,45.66,0,2.7,43.46,2.7,2.2,NA,Electric sounder measurement,Water level accuracy to nearest tenth of a foot,1,Department of Water Resources,NA,1,Department of Water Resources
7477,382716N1224496W001,2447401,2019-02-04T00:00:00Z,46.16,45.66,0,1.9,44.26,1.9,1.4,NA,Electric sounder measurement,Water level accuracy to nearest tenth of a foot,1,Department of Water Resources,NA,1,Department of Water Resources
7477,382716N1224496W001,2438221,2019-01-08T00:00:00Z,46.16,45.66,0,3.8,42.36,3.8,3.3,NA,Electric sounder measurement,Water level accuracy to nearest tenth of a foot,1,Department of Water Resources,NA,1,Department of Water Resources
7477,382716N1224496W001,2433410,2018-12-04T00:00:00Z,46.16,45.66,0,13.7,32.46,13.7,13.2,NA,Electric sounder measurement,Water level accuracy to nearest tenth of a foot,1,Department of Water Resources,NA,1,Department of Water Resources
7477,382716N1224496W001,2429618,2018-11-06T00:00:00Z,46.16,45.66,0,28.4,17.76,28.4,27.9,NA,Electric sounder measurement,Water level accuracy to nearest tenth of a foot,1,Department of Water Resources,NA,1,Department of Water Resources
7477,382716N1224496W001,2410979,2018-10-08T00:00:00Z,46.16,45.66,0,26.4,19.76,26.4,25.9,NA,Electric sounder measurement,Water level accuracy to nearest tenth of a foot,1,Department of Water Resources,NA,1,Department of Water Resources
7477,382716N1224496W001,2409599,2018-09-10T00:00:00Z,46.16,45.66,0,22.7,23.46,22.7,22.2,NA,Electric sounder measurement,Water level accuracy to nearest tenth of a foot,1,Department of Water Resources,NA,1,Department of Water Resources
7477,382716N1224496W001,2308319,2018-08-13T00:00:00Z,46.16,45.66,0,17,29.16,17,16.5,NA,Electric sounder measurement,Water level accuracy to nearest tenth of a foot,1,Department of Water Resources,NA,1,Department of Water Resources
7477,382716N1224496W001,2306639,2018-07-09T00:00:00Z,46.16,45.66,0,8.4,37.76,8.4,7.9,NA,Electric sounder measurement,Water level accuracy to nearest tenth of a foot,1,Department of Water Resources,NA,1,Department of Water Resources
7477,382716N1224496W001,2306579,2018-05-29T00:00:00Z,46.16,45.66,0,5.6,40.56,5.6,5.1,NA,Electric sounder measurement,Water level accuracy to nearest tenth of a foot,1,Department of Water Resources,NA,1,Department of Water Resources
7477,382716N1224496W001,2284694,2018-03-19T00:00:00Z,46.16,45.66,0,9.8,36.36,9.8,9.3,NA,Electric sounder measurement,Water level accuracy to nearest tenth of a foot,1,Department of Water Resources,NA,1,Department of Water Resources
7477,382716N1224496W001,2283287,2018-02-16T00:00:00Z,46.16,45.66,0,15.2,30.96,15.2,14.7,NA,Electric sounder measurement,Water level accuracy to nearest tenth of a foot,1,Department of Water Resources,NA,1,Department of Water Resources
7477,382716N1224496W001,2280995,2018-01-25T00:00:00Z,46.16,45.66,0,11.5,34.66,11.5,11,NA,Electric sounder measurement,Water level accuracy to nearest tenth of a foot,1,Department of Water Resources,NA,1,Department of Water Resources
7477,382716N1224496W001,2268251,2017-10-31T00:00:00Z,46.16,45.66,NA,NA,NA,NA,NA,Special/Other,NA,NA,1,Department of Water Resources,Data not collected due to Napa/Sonoma area wild fires.  Monitoring will resume after well locations have been re-assessed,1,Department of Water Resources
7477,382716N1224496W001,2268243,2017-09-25T00:00:00Z,46.16,45.66,0,16,30.16,16,15.5,NA,Electric sounder measurement,Water level accuracy to nearest tenth of a foot,1,Department of Water Resources,NA,1,Department of Water Resources
7477,382716N1224496W001,2268235,2017-08-22T00:00:00Z,46.16,45.66,0,13.9,32.26,13.9,13.4,NA,Electric sounder measurement,Water level accuracy to nearest tenth of a foot,1,Department of Water Resources,NA,1,Department of Water Resources
7477,382716N1224496W001,2268227,2017-07-03T00:00:00Z,46.16,45.66,NA,NA,NA,NA,NA,Special/Other,NA,NA,1,Department of Water Resources,Groundwater data collection activities for the month of July cancelled,1,Department of Water Resources
7477,382716N1224496W001,2257110,2017-06-08T00:00:00Z,46.16,45.66,0,6.1,40.06,6.1,5.6,NA,Electric sounder measurement,Water level accuracy to nearest tenth of a foot,1,Department of Water Resources,NA,1,Department of Water Resources
7477,382716N1224496W001,2252670,2017-05-12T00:00:00Z,46.16,45.66,0,5.3,40.86,5.3,4.8,NA,Electric sounder measurement,Water level accuracy to nearest tenth of a foot,1,Department of Water Resources,NA,1,Department of Water Resources
7477,382716N1224496W001,2241759,2017-04-25T00:00:00Z,46.16,45.66,NA,NA,NA,NA,NA,Temporarily inaccessible,NA,NA,1,Department of Water Resources,Inaccessible due to road construction,1,Department of Water Resources
7477,382716N1224496W001,2236480,2017-03-13T00:00:00Z,46.16,45.66,0,3.3,42.86,3.3,2.8,NA,Electric sounder measurement,Water level accuracy to nearest tenth of a foot,1,Department of Water Resources,NA,1,Department of Water Resources
7477,382716N1224496W001,2236472,2017-02-28T00:00:00Z,46.16,45.66,NA,NA,NA,NA,NA,Special/Other,NA,NA,1,Department of Water Resources,Measurement unattainable due to weather and emergency operations,1,Department of Water Resources
7477,382716N1224496W001,2230760,2017-01-26T00:00:00Z,46.16,45.66,0,2.9,43.26,2.9,2.4,NA,Electric sounder measurement,Water level accuracy to nearest tenth of a foot,1,Department of Water Resources,checked twice,1,Department of Water Resources
7477,382716N1224496W001,2223807,2016-12-22T00:00:00Z,46.16,45.66,0,7.1,39.06,7.1,6.6,NA,Electric sounder measurement,Water level accuracy to nearest tenth of a foot,1,Department of Water Resources,NA,1,Department of Water Resources
7477,382716N1224496W001,2223785,2016-11-16T00:00:00Z,46.16,45.66,0,21.1,25.06,21.1,20.6,NA,Electric sounder measurement,Water level accuracy to nearest tenth of a foot,1,Department of Water Resources,NA,1,Department of Water Resources
7477,382716N1224496W001,2223777,2016-10-17T00:00:00Z,46.16,45.66,0,19.8,26.36,19.8,19.3,NA,Electric sounder measurement,Water level accuracy to nearest tenth of a foot,1,Department of Water Resources,NA,1,Department of Water Resources
7477,382716N1224496W001,2223769,2016-09-08T00:00:00Z,46.16,45.66,0,17.2,28.96,17.2,16.7,NA,Electric sounder measurement,Water level accuracy to nearest tenth of a foot,1,Department of Water Resources,NA,1,Department of Water Resources
7477,382716N1224496W001,2223759,2016-08-11T00:00:00Z,46.16,45.66,0,14.4,31.76,14.4,13.9,NA,Electric sounder measurement,Water level accuracy to nearest tenth of a foot,1,Department of Water Resources,NA,1,Department of Water Resources
7477,382716N1224496W001,2201591,2016-07-12T00:00:00Z,46.16,45.66,0,9.2,36.96,9.2,8.7,NA,Electric sounder measurement,Water level accuracy to nearest tenth of a foot,1,Department of Water Resources,NA,1,Department of Water Resources
7477,382716N1224496W001,2199277,2016-06-28T00:00:00Z,46.16,45.66,0,7.5,38.66,7.5,7,NA,Electric sounder measurement,Water level accuracy to nearest tenth of a foot,1,Department of Water Resources,NA,1,Department of Water Resources
7477,382716N1224496W001,2196851,2016-05-20T00:00:00Z,46.16,45.66,0,6,40.16,6,5.5,NA,Electric sounder measurement,Water level accuracy to nearest tenth of a foot,1,Department of Water Resources,NA,1,Department of Water Resources
7477,382716N1224496W001,2192032,2016-04-26T00:00:00Z,46.16,45.66,0,5.1,41.06,5.1,4.6,NA,Electric sounder measurement,Water level accuracy to nearest tenth of a foot,1,Department of Water Resources,NA,1,Department of Water Resources
7477,382716N1224496W001,2184122,2016-03-01T00:00:00Z,46.16,45.66,0,4.4,41.76,4.4,3.9,NA,Electric sounder measurement,Water level accuracy to nearest tenth of a foot,1,Department of Water Resources,NA,1,Department of Water Resources
7477,382716N1224496W001,2184114,2016-02-08T00:00:00Z,46.16,45.66,0,4.2,41.96,4.2,3.7,NA,Electric sounder measurement,Water level accuracy to nearest tenth of a foot,1,Department of Water Resources,NA,1,Department of Water Resources
7477,382716N1224496W001,2184106,2016-01-13T00:00:00Z,46.16,45.66,0,11.1,35.06,11.1,10.6,NA,Electric sounder measurement,Water level accuracy to nearest tenth of a foot,1,Department of Water Resources,NA,1,Department of Water Resources
7477,382716N1224496W001,2176031,2015-12-01T00:00:00Z,46.16,45.66,0,23.3,22.86,23.3,22.8,NA,Electric sounder measurement,Water level accuracy to nearest tenth of a foot,1,Department of Water Resources,NA,1,Department of Water Resources
7477,382716N1224496W001,2176023,2015-11-09T00:00:00Z,46.16,45.66,0,22.6,23.56,22.6,22.1,NA,Electric sounder measurement,Water level accuracy to nearest tenth of a foot,1,Department of Water Resources,NA,1,Department of Water Resources
7477,382716N1224496W001,2164292,2015-10-14T00:00:00Z,46.16,45.66,0,20.5,25.66,20.5,20,NA,Electric sounder measurement,Water level accuracy to nearest tenth of a foot,1,Department of Water Resources,NA,1,Department of Water Resources
7477,382716N1224496W001,2153010,2015-09-15T00:00:00Z,46.16,45.66,0,18.2,27.96,18.2,17.7,NA,Electric sounder measurement,Water level accuracy to nearest tenth of a foot,1,Department of Water Resources,NA,1,Department of Water Resources
7477,382716N1224496W001,2150996,2015-08-12T00:00:00Z,46.16,45.66,0,15.2,30.96,15.2,14.7,NA,Electric sounder measurement,Water level accuracy to nearest tenth of a foot,1,Department of Water Resources,NA,1,Department of Water Resources
7477,382716N1224496W001,2150988,2015-07-13T00:00:00Z,46.16,45.66,0,9.2,36.96,9.2,8.7,NA,Electric sounder measurement,Water level accuracy to nearest tenth of a foot,1,Department of Water Resources,NA,1,Department of Water Resources
7477,382716N1224496W001,2151040,2015-06-17T00:00:00Z,46.16,45.66,0,7.8,38.36,7.8,7.3,NA,Electric sounder measurement,Water level accuracy to nearest tenth of a foot,1,Department of Water Resources,NA,1,Department of Water Resources
7477,382716N1224496W001,2140791,2015-05-11T00:00:00Z,46.16,45.66,0,6.1,40.06,6.1,5.6,NA,Electric sounder measurement,Water level accuracy to nearest tenth of a foot,1,Department of Water Resources,NA,1,Department of Water Resources
7477,382716N1224496W001,2135628,2015-04-02T00:00:00Z,46.16,45.66,0,5.4,40.76,5.4,4.9,NA,Electric sounder measurement,Water level accuracy to nearest tenth of a foot,1,Department of Water Resources,NA,1,Department of Water Resources
7477,382716N1224496W001,2120250,2015-03-10T00:00:00Z,46.16,45.66,0,4.7,41.46,4.7,4.2,NA,Electric sounder measurement,Water level accuracy to nearest tenth of a foot,1,Department of Water Resources,NA,1,Department of Water Resources
7477,382716N1224496W001,2115091,2015-02-12T00:00:00Z,46.16,45.66,0,3.5,42.66,3.5,3,NA,Electric sounder measurement,Water level accuracy to nearest tenth of a foot,1,Department of Water Resources,NA,1,Department of Water Resources
7477,382716N1224496W001,2112981,2015-01-13T00:00:00Z,46.16,45.66,0,4.4,41.76,4.4,3.9,NA,Electric sounder measurement,Water level accuracy to nearest tenth of a foot,1,Department of Water Resources,NA,1,Department of Water Resources
7477,382716N1224496W001,2107538,2014-12-01T00:00:00Z,46.16,45.66,0,27.3,18.86,27.3,26.8,NA,Electric sounder measurement,Water level accuracy to nearest tenth of a foot,1,Department of Water Resources,NA,1,Department of Water Resources
7477,382716N1224496W001,2107532,2014-11-14T00:00:00Z,46.16,45.66,0,28.4,17.76,28.4,27.9,NA,Electric sounder measurement,Water level accuracy to nearest tenth of a foot,1,Department of Water Resources,NA,1,Department of Water Resources
7477,382716N1224496W001,2030540,2014-10-14T00:00:00Z,46.16,45.66,0,26.1,20.06,26.1,25.6,NA,Electric sounder measurement,Water level accuracy to nearest tenth of a foot,1,Department of Water Resources,NA,1,Department of Water Resources
7477,382716N1224496W001,2016029,2014-09-04T00:00:00Z,46.16,45.66,0,24.1,22.06,24.1,23.6,NA,Electric sounder measurement,Water level accuracy to nearest tenth of a foot,1,Department of Water Resources,NA,1,Department of Water Resources
7477,382716N1224496W001,1995691,2014-08-05T00:00:00Z,46.16,45.66,0,18.8,27.36,18.8,18.3,NA,Electric sounder measurement,Water level accuracy to nearest tenth of a foot,1,Department of Water Resources,NA,1,Department of Water Resources
7477,382716N1224496W001,1991306,2014-07-02T00:00:00Z,46.16,45.66,0,8.9,37.26,8.9,8.4,NA,Electric sounder measurement,Water level accuracy to nearest tenth of a foot,1,Department of Water Resources,NA,1,Department of Water Resources
7477,382716N1224496W001,1991300,2014-06-04T00:00:00Z,46.16,45.66,0,7.1,39.06,7.1,6.6,NA,Electric sounder measurement,Water level accuracy to nearest tenth of a foot,1,Department of Water Resources,NA,1,Department of Water Resources
7477,382716N1224496W001,1988205,2014-05-06T00:00:00Z,46.16,45.66,0,5.6,40.56,5.6,5.1,NA,Electric sounder measurement,Water level accuracy to nearest tenth of a foot,1,Department of Water Resources,NA,1,Department of Water Resources
7477,382716N1224496W001,1905102,2014-04-08T00:00:00Z,46.16,45.66,0,3.6,42.56,3.6,3.1,NA,Electric sounder measurement,Water level accuracy to nearest tenth of a foot,1,Department of Water Resources,NA,1,Department of Water Resources
7477,382716N1224496W001,1905108,2014-04-08T00:00:00Z,46.16,45.66,0,3.6,42.56,3.6,3.1,NA,Electric sounder measurement,Water level accuracy to nearest tenth of a foot,1,Department of Water Resources,NA,1,Department of Water Resources
7477,382716N1224496W001,1883997,2014-03-12T00:00:00Z,46.16,45.66,0,30.8,15.36,30.8,30.3,NA,Electric sounder measurement,Water level accuracy to nearest tenth of a foot,1,Department of Water Resources,NA,1,Department of Water Resources
7477,382716N1224496W001,1872282,2014-02-04T00:00:00Z,46.16,45.66,0,31.6,14.56,31.6,31.1,NA,Electric sounder measurement,Water level accuracy to nearest tenth of a foot,1,Department of Water Resources,NA,1,Department of Water Resources
7477,382716N1224496W001,1823118,2014-01-13T00:00:00Z,46.16,45.66,0,31.5,14.66,31.5,31,NA,Electric sounder measurement,Water level accuracy to nearest tenth of a foot,1,Department of Water Resources,NA,1,Department of Water Resources
7477,382716N1224496W001,1823112,2013-12-19T00:00:00Z,46.16,45.66,0,31.1,15.06,31.1,30.6,NA,Electric sounder measurement,Water level accuracy to nearest tenth of a foot,1,Department of Water Resources,NA,1,Department of Water Resources
7477,382716N1224496W001,1823106,2013-11-20T00:00:00Z,46.16,45.66,0,30.2,15.96,30.2,29.7,NA,Electric sounder measurement,Water level accuracy to nearest tenth of a foot,1,Department of Water Resources,NA,1,Department of Water Resources
7477,382716N1224496W001,1796882,2013-10-17T00:00:00Z,46.16,45.66,0,28,18.16,28,27.5,NA,Electric sounder measurement,Water level accuracy to nearest tenth of a foot,1,Department of Water Resources,NA,1,Department of Water Resources
7477,382716N1224496W001,1796876,2013-09-05T00:00:00Z,46.16,45.66,0,23.3,22.86,23.3,22.8,NA,Electric sounder measurement,Water level accuracy to nearest tenth of a foot,1,Department of Water Resources,NA,1,Department of Water Resources
7477,382716N1224496W001,1796870,2013-08-13T00:00:00Z,46.16,45.66,0,19.6,26.56,19.6,19.1,NA,Electric sounder measurement,Water level accuracy to nearest tenth of a foot,1,Department of Water Resources,NA,1,Department of Water Resources
7477,382716N1224496W001,1737105,2013-07-10T00:00:00Z,46.16,45.66,0,11.3,34.86,11.3,10.8,NA,Electric sounder measurement,Water level accuracy to nearest tenth of a foot,1,Department of Water Resources,NA,1,Department of Water Resources
7477,382716N1224496W001,1737099,2013-06-10T00:00:00Z,46.16,45.66,0,8.6,37.56,8.6,8.1,NA,Electric sounder measurement,Water level accuracy to nearest tenth of a foot,1,Department of Water Resources,NA,1,Department of Water Resources
7477,382716N1224496W001,1715239,2013-05-08T00:00:00Z,46.16,45.66,0,6.8,39.36,6.8,6.3,NA,Electric sounder measurement,Water level accuracy to nearest tenth of a foot,1,Department of Water Resources,NA,1,Department of Water Resources
7477,382716N1224496W001,1715226,2013-04-11T00:00:00Z,46.16,45.66,0,5.2,40.96,5.2,4.7,NA,Electric sounder measurement,Water level accuracy to nearest tenth of a foot,1,Department of Water Resources,NA,1,Department of Water Resources
7477,382716N1224496W001,1715219,2013-03-12T00:00:00Z,46.16,45.66,0,4.9,41.26,4.9,4.4,NA,Electric sounder measurement,Water level accuracy to nearest tenth of a foot,1,Department of Water Resources,NA,1,Department of Water Resources
7477,382716N1224496W001,96835,2013-02-07T00:00:00Z,46.16,45.66,0,4.4,41.76,4.4,3.9,NA,Electric sounder measurement,Water level accuracy to nearest tenth of a foot,1,Department of Water Resources,NA,1,Department of Water Resources
7477,382716N1224496W001,96829,2013-01-08T00:00:00Z,46.16,45.66,0,3.5,42.66,3.5,3,NA,Electric sounder measurement,Water level accuracy to nearest tenth of a foot,1,Department of Water Resources,NA,1,Department of Water Resources
7477,382716N1224496W001,96823,2012-12-11T00:00:00Z,46.16,45.66,0,6.8,39.36,6.8,6.3,NA,Electric sounder measurement,Water level accuracy to nearest tenth of a foot,1,Department of Water Resources,NA,1,Department of Water Resources
7477,382716N1224496W001,96817,2012-11-08T00:00:00Z,46.16,45.66,0,24.7,21.46,24.7,24.2,NA,Electric sounder measurement,Water level accuracy to nearest tenth of a foot,1,Department of Water Resources,NA,1,Department of Water Resources
7477,382716N1224496W001,96811,2012-10-10T00:00:00Z,46.16,45.66,0,19.9,26.26,19.9,19.4,NA,Electric sounder measurement,Water level accuracy to nearest tenth of a foot,1,Department of Water Resources,NA,1,Department of Water Resources
7477,382716N1224496W001,96805,2012-09-12T00:00:00Z,46.16,45.66,0,18.8,27.36,18.8,18.3,NA,Electric sounder measurement,Water level accuracy to nearest tenth of a foot,1,Department of Water Resources,NA,1,Department of Water Resources
7477,382716N1224496W001,63233,2012-08-08T00:00:00Z,46.16,45.66,0,10.4,35.76,10.4,9.9,NA,Electric sounder measurement,Water level accuracy to nearest tenth of a foot,1,Department of Water Resources,NA,1,Department of Water Resources
7477,382716N1224496W001,62623,2012-07-12T00:00:00Z,46.16,45.66,0,9.1,37.06,9.1,8.6,NA,Electric sounder measurement,Water level accuracy to nearest tenth of a foot,1,Department of Water Resources,NA,1,Department of Water Resources
7477,382716N1224496W001,62617,2012-06-06T00:00:00Z,46.16,45.66,0,6.6,39.56,6.6,6.1,NA,Electric sounder measurement,Water level accuracy to nearest tenth of a foot,1,Department of Water Resources,NA,1,Department of Water Resources
7477,382716N1224496W001,62611,2012-05-15T00:00:00Z,46.16,45.66,0,5.5,40.66,5.5,5,NA,Electric sounder measurement,Water level accuracy to nearest tenth of a foot,1,Department of Water Resources,NA,1,Department of Water Resources
7477,382716N1224496W001,62605,2012-04-18T00:00:00Z,46.16,45.66,0,4.1,42.06,4.1,3.6,NA,Electric sounder measurement,Water level accuracy to nearest tenth of a foot,1,Department of Water Resources,NA,1,Department of Water Resources
7477,382716N1224496W001,62599,2012-03-06T00:00:00Z,46.16,45.66,0,12.6,33.56,12.6,12.1,NA,Electric sounder measurement,Water level accuracy to nearest tenth of a foot,1,Department of Water Resources,NA,1,Department of Water Resources
7477,382716N1224496W001,62593,2012-02-09T00:00:00Z,46.16,45.66,0,13,33.16,13,12.5,NA,Electric sounder measurement,Water level accuracy to nearest tenth of a foot,1,Department of Water Resources,NA,1,Department of Water Resources
7477,382716N1224496W001,62587,2012-01-13T00:00:00Z,46.16,45.66,0,20.5,25.66,20.5,20,NA,Electric sounder measurement,Water level accuracy to nearest tenth of a foot,1,Department of Water Resources,NA,1,Department of Water Resources
7477,382716N1224496W001,1567004,2011-12-08T00:00:00Z,46.16,45.66,0,19.6,26.56,19.6,19.1,NA,Unknown,Water level accuracy is unknown,1,Department of Water Resources,NA,1,Department of Water Resources
7477,382716N1224496W001,1567003,2011-11-08T00:00:00Z,46.16,45.66,0,18.4,27.76,18.4,17.9,NA,Unknown,Water level accuracy is unknown,1,Department of Water Resources,NA,1,Department of Water Resources
7477,382716N1224496W001,1567002,2011-10-06T00:00:00Z,46.16,45.66,0,15.9,30.26,15.9,15.4,NA,Unknown,Water level accuracy is unknown,1,Department of Water Resources,NA,1,Department of Water Resources
7477,382716N1224496W001,1567001,2011-09-20T00:00:00Z,46.16,45.66,0,15.1,31.06,15.1,14.6,NA,Unknown,Water level accuracy is unknown,1,Department of Water Resources,NA,1,Department of Water Resources
7477,382716N1224496W001,1567000,2011-08-05T00:00:00Z,46.16,45.66,0,8.7,37.46,8.7,8.2,NA,Unknown,Water level accuracy is unknown,1,Department of Water Resources,NA,1,Department of Water Resources
7477,382716N1224496W001,1566999,2011-07-20T00:00:00Z,46.16,45.66,0,7.8,38.36,7.8,7.3,NA,Unknown,Water level accuracy is unknown,1,Department of Water Resources,NA,1,Department of Water Resources
7477,382716N1224496W001,1566998,2011-06-13T00:00:00Z,46.16,45.66,0,5.4,40.76,5.4,4.9,NA,Unknown,Water level accuracy is unknown,1,Department of Water Resources,NA,1,Department of Water Resources
7477,382716N1224496W001,1566997,2011-05-18T00:00:00Z,46.16,45.66,0,5.1,41.06,5.1,4.6,NA,Unknown,Water level accuracy is unknown,1,Department of Water Resources,NA,1,Department of Water Resources
7477,382716N1224496W001,1566996,2011-04-19T00:00:00Z,46.16,45.66,0,4.8,41.36,4.8,4.3,NA,Unknown,Water level accuracy is unknown,1,Department of Water Resources,NA,1,Department of Water Resources
7477,382716N1224496W001,1566995,2011-03-08T00:00:00Z,46.16,45.66,0,3.1,43.06,3.1,2.6,NA,Unknown,Water level accuracy is unknown,1,Department of Water Resources,NA,1,Department of Water Resources
7477,382716N1224496W001,1566994,2011-02-14T00:00:00Z,46.16,45.66,0,4.5,41.66,4.5,4,NA,Unknown,Water level accuracy is unknown,1,Department of Water Resources,NA,1,Department of Water Resources
7477,382716N1224496W001,1566993,2011-01-04T00:00:00Z,46.16,45.66,0,3.1,43.06,3.1,2.6,NA,Unknown,Water level accuracy is unknown,1,Department of Water Resources,NA,1,Department of Water Resources
7477,382716N1224496W001,1566992,2010-12-02T00:00:00Z,46.16,45.66,0,14.2,31.96,14.2,13.7,NA,Unknown,Water level accuracy is unknown,1,Department of Water Resources,NA,1,Department of Water Resources
7477,382716N1224496W001,1566991,2010-11-10T00:00:00Z,46.16,45.66,0,15.7,30.46,15.7,15.2,NA,Unknown,Water level accuracy is unknown,1,Department of Water Resources,NA,1,Department of Water Resources
7477,382716N1224496W001,1566990,2010-10-07T00:00:00Z,46.16,45.66,0,17.2,28.96,17.2,16.7,NA,Unknown,Water level accuracy is unknown,1,Department of Water Resources,NA,1,Department of Water Resources
7477,382716N1224496W001,1566989,2010-09-08T00:00:00Z,46.16,45.66,0,14.8,31.36,14.8,14.3,NA,Unknown,Water level accuracy is unknown,1,Department of Water Resources,NA,1,Department of Water Resources
7477,382716N1224496W001,1566988,2010-08-06T00:00:00Z,46.16,45.66,0,9.5,36.66,9.5,9,NA,Unknown,Water level accuracy is unknown,1,Department of Water Resources,NA,1,Department of Water Resources
7477,382716N1224496W001,1566987,2010-07-15T00:00:00Z,46.16,45.66,0,8.3,37.86,8.3,7.8,NA,Unknown,Water level accuracy is unknown,1,Department of Water Resources,NA,1,Department of Water Resources
7477,382716N1224496W001,1566986,2010-06-10T00:00:00Z,46.16,45.66,0,5.7,40.46,5.7,5.2,NA,Unknown,Water level accuracy is unknown,1,Department of Water Resources,NA,1,Department of Water Resources
7477,382716N1224496W001,1566985,2010-05-11T00:00:00Z,46.16,45.66,0,5.3,40.86,5.3,4.8,NA,Unknown,Water level accuracy is unknown,1,Department of Water Resources,NA,1,Department of Water Resources
7477,382716N1224496W001,1566984,2010-04-21T00:00:00Z,46.16,45.66,0,3.8,42.36,3.8,3.3,NA,Unknown,Water level accuracy is unknown,1,Department of Water Resources,NA,1,Department of Water Resources
7477,382716N1224496W001,1566983,2010-03-08T00:00:00Z,46.16,45.66,0,3,43.16,3,2.5,NA,Unknown,Water level accuracy is unknown,1,Department of Water Resources,NA,1,Department of Water Resources
7477,382716N1224496W001,1566982,2010-02-03T00:00:00Z,46.16,45.66,0,3.2,42.96,3.2,2.7,NA,Unknown,Water level accuracy is unknown,1,Department of Water Resources,NA,1,Department of Water Resources
7477,382716N1224496W001,1566981,2010-01-07T00:00:00Z,46.16,45.66,0,15.3,30.86,15.3,14.8,NA,Unknown,Water level accuracy is unknown,1,Department of Water Resources,NA,1,Department of Water Resources
7477,382716N1224496W001,1566980,2009-12-14T00:00:00Z,46.16,45.66,0,14.5,31.66,14.5,14,NA,Unknown,Water level accuracy is unknown,1,Department of Water Resources,NA,1,Department of Water Resources
7477,382716N1224496W001,1566979,2009-11-10T00:00:00Z,46.16,45.66,0,20.1,26.06,20.1,19.6,NA,Unknown,Water level accuracy is unknown,1,Department of Water Resources,NA,1,Department of Water Resources
7477,382716N1224496W001,1566978,2009-10-20T00:00:00Z,46.16,45.66,0,14.1,32.06,14.1,13.6,NA,Unknown,Water level accuracy is unknown,1,Department of Water Resources,NA,1,Department of Water Resources
7477,382716N1224496W001,1566977,2009-09-08T00:00:00Z,46.16,45.66,0,14.4,31.76,14.4,13.9,NA,Unknown,Water level accuracy is unknown,1,Department of Water Resources,NA,1,Department of Water Resources
7477,382716N1224496W001,1566976,2009-08-04T00:00:00Z,46.16,45.66,0,13.8,32.36,13.8,13.3,NA,Unknown,Water level accuracy is unknown,1,Department of Water Resources,NA,1,Department of Water Resources
7477,382716N1224496W001,1566975,2009-07-07T00:00:00Z,46.16,45.66,0,9.2,36.96,9.2,8.7,NA,Unknown,Water level accuracy is unknown,1,Department of Water Resources,NA,1,Department of Water Resources
7477,382716N1224496W001,1566974,2009-06-03T00:00:00Z,46.16,45.66,0,7,39.16,7,6.5,NA,Unknown,Water level accuracy is unknown,1,Department of Water Resources,NA,1,Department of Water Resources
7477,382716N1224496W001,1566973,2009-05-07T00:00:00Z,46.16,45.66,0,5.8,40.36,5.8,5.3,NA,Unknown,Water level accuracy is unknown,1,Department of Water Resources,NA,1,Department of Water Resources
7477,382716N1224496W001,1566972,2009-04-01T00:00:00Z,46.16,45.66,0,5.2,40.96,5.2,4.7,NA,Unknown,Water level accuracy is unknown,1,Department of Water Resources,NA,1,Department of Water Resources
7477,382716N1224496W001,1566971,2009-03-11T00:00:00Z,46.16,45.66,0,3.4,42.76,3.4,2.9,NA,Unknown,Water level accuracy is unknown,1,Department of Water Resources,NA,1,Department of Water Resources
7477,382716N1224496W001,1566970,2009-02-26T00:00:00Z,46.16,45.66,0,3.2,42.96,3.2,2.7,NA,Unknown,Water level accuracy is unknown,1,Department of Water Resources,NA,1,Department of Water Resources
7477,382716N1224496W001,1566969,2009-01-16T00:00:00Z,46.16,45.66,0,18,28.16,18,17.5,NA,Unknown,Water level accuracy is unknown,1,Department of Water Resources,NA,1,Department of Water Resources
7477,382716N1224496W001,1566968,2008-12-16T00:00:00Z,46.16,45.66,0,18.4,27.76,18.4,17.9,NA,Unknown,Water level accuracy is unknown,1,Department of Water Resources,NA,1,Department of Water Resources
7477,382716N1224496W001,1566964,2008-11-12T00:00:00Z,46.16,45.66,0,19.7,26.46,19.7,19.2,NA,Unknown,Water level accuracy is unknown,1,Department of Water Resources,NA,1,Department of Water Resources
7477,382716N1224496W001,1566967,2008-10-10T00:00:00Z,46.16,45.66,NA,NA,NA,NA,NA,Temporarily inaccessible,NA,NA,1,Department of Water Resources,CANNOT GET TO WELL DUE TO CONSTRUCTION,1,Department of Water Resources
7477,382716N1224496W001,1566966,2008-09-09T00:00:00Z,46.16,45.66,0,16.3,29.86,16.3,15.8,NA,Unknown,Water level accuracy is unknown,1,Department of Water Resources,NA,1,Department of Water Resources
7477,382716N1224496W001,1566965,2008-08-11T00:00:00Z,46.16,45.66,0,14.7,31.46,14.7,14.2,NA,Unknown,Water level accuracy is unknown,1,Department of Water Resources,NA,1,Department of Water Resources
7477,382716N1224496W001,1566963,2008-07-03T00:00:00Z,46.16,45.66,0,9.7,36.46,9.7,9.2,NA,Unknown,Water level accuracy is unknown,1,Department of Water Resources,NA,1,Department of Water Resources
7477,382716N1224496W001,1566962,2008-06-09T00:00:00Z,46.16,45.66,0,8.2,37.96,8.2,7.7,NA,Unknown,Water level accuracy is unknown,1,Department of Water Resources,NA,1,Department of Water Resources
7477,382716N1224496W001,1566961,2008-05-07T00:00:00Z,46.16,45.66,0,7,39.16,7,6.5,NA,Unknown,Water level accuracy is unknown,1,Department of Water Resources,NA,1,Department of Water Resources
7477,382716N1224496W001,1566960,2008-04-03T00:00:00Z,46.16,45.66,0,5.2,40.96,5.2,4.7,NA,Unknown,Water level accuracy is unknown,1,Department of Water Resources,NA,1,Department of Water Resources
7477,382716N1224496W001,1566959,2008-03-04T00:00:00Z,46.16,45.66,0,3.3,42.86,3.3,2.8,NA,Unknown,Water level accuracy is unknown,1,Department of Water Resources,NA,1,Department of Water Resources
7477,382716N1224496W001,1566958,2008-02-05T00:00:00Z,46.16,45.66,0,2.7,43.46,2.7,2.2,NA,Unknown,Water level accuracy is unknown,1,Department of Water Resources,NA,1,Department of Water Resources
7477,382716N1224496W001,1566956,2008-01-08T00:00:00Z,46.16,45.66,0,8.6,37.56,8.6,8.1,NA,Unknown,Water level accuracy is unknown,1,Department of Water Resources,NA,1,Department of Water Resources
7477,382716N1224496W001,1566955,2007-12-04T00:00:00Z,46.16,45.66,0,17.7,28.46,17.7,17.2,NA,Unknown,Water level accuracy is unknown,1,Department of Water Resources,NA,1,Department of Water Resources
7477,382716N1224496W001,1566954,2007-11-08T00:00:00Z,46.16,45.66,0,17.1,29.06,17.1,16.6,NA,Unknown,Water level accuracy is unknown,1,Department of Water Resources,NA,1,Department of Water Resources
7477,382716N1224496W001,1566957,2007-10-04T00:00:00Z,46.16,45.66,0,15.8,30.36,15.8,15.3,NA,Unknown,Water level accuracy is unknown,1,Department of Water Resources,NA,1,Department of Water Resources
7477,382716N1224496W001,1566953,2007-09-17T00:00:00Z,46.16,45.66,0,15.1,31.06,15.1,14.6,NA,Unknown,Water level accuracy is unknown,1,Department of Water Resources,NA,1,Department of Water Resources
7477,382716N1224496W001,1566952,2007-08-07T00:00:00Z,46.16,45.66,0,13.6,32.56,13.6,13.1,NA,Unknown,Water level accuracy is unknown,1,Department of Water Resources,NA,1,Department of Water Resources
7477,382716N1224496W001,1566951,2007-07-10T00:00:00Z,46.16,45.66,0,10.4,35.76,10.4,9.9,NA,Unknown,Water level accuracy is unknown,1,Department of Water Resources,NA,1,Department of Water Resources
7477,382716N1224496W001,1566950,2007-06-07T00:00:00Z,46.16,45.66,0,5.7,40.46,5.7,5.2,NA,Unknown,Water level accuracy is unknown,1,Department of Water Resources,NA,1,Department of Water Resources
7477,382716N1224496W001,1566949,2007-05-04T00:00:00Z,46.16,45.66,0,5.2,40.96,5.2,4.7,NA,Unknown,Water level accuracy is unknown,1,Department of Water Resources,NA,1,Department of Water Resources
7477,382716N1224496W001,1566948,2007-04-11T00:00:00Z,46.16,45.66,0,5.1,41.06,5.1,4.6,NA,Unknown,Water level accuracy is unknown,1,Department of Water Resources,NA,1,Department of Water Resources
7477,382716N1224496W001,1566947,2007-03-07T00:00:00Z,46.16,45.66,0,3.9,42.26,3.9,3.4,NA,Unknown,Water level accuracy is unknown,1,Department of Water Resources,NA,1,Department of Water Resources
7477,382716N1224496W001,1566946,2007-02-08T00:00:00Z,46.16,45.66,0,8.6,37.56,8.6,8.1,NA,Unknown,Water level accuracy is unknown,1,Department of Water Resources,NA,1,Department of Water Resources
7477,382716N1224496W001,1566945,2007-01-11T00:00:00Z,46.16,45.66,0,9,37.16,9,8.5,NA,Unknown,Water level accuracy is unknown,1,Department of Water Resources,NA,1,Department of Water Resources
7477,382716N1224496W001,1566944,2006-12-27T00:00:00Z,46.16,45.66,0,9.7,36.46,9.7,9.2,NA,Unknown,Water level accuracy is unknown,1,Department of Water Resources,NA,1,Department of Water Resources
7477,382716N1224496W001,1566943,2006-10-27T00:00:00Z,46.16,45.66,0,15.3,30.86,15.3,14.8,NA,Unknown,Water level accuracy is unknown,1,Department of Water Resources,NA,1,Department of Water Resources
7477,382716N1224496W001,1566942,2006-09-21T00:00:00Z,46.16,45.66,0,14.4,31.76,14.4,13.9,NA,Unknown,Water level accuracy is unknown,1,Department of Water Resources,NA,1,Department of Water Resources
7477,382716N1224496W001,1566941,2006-08-03T00:00:00Z,46.16,45.66,0,9.6,36.56,9.6,9.1,NA,Unknown,Water level accuracy is unknown,1,Department of Water Resources,NA,1,Department of Water Resources
7477,382716N1224496W001,1566940,2006-07-13T00:00:00Z,46.16,45.66,0,8.3,37.86,8.3,7.8,NA,Unknown,Water level accuracy is unknown,1,Department of Water Resources,NA,1,Department of Water Resources
7477,382716N1224496W001,1566939,2006-06-08T00:00:00Z,46.16,45.66,0,5.8,40.36,5.8,5.3,NA,Unknown,Water level accuracy is unknown,1,Department of Water Resources,NA,1,Department of Water Resources
7477,382716N1224496W001,1566938,2006-05-03T00:00:00Z,46.16,45.66,0,4.5,41.66,4.5,4,NA,Unknown,Water level accuracy is unknown,1,Department of Water Resources,NA,1,Department of Water Resources
7477,382716N1224496W001,1566937,2006-04-04T00:00:00Z,46.16,45.66,0,2.2,43.96,2.2,1.7,NA,Unknown,Water level accuracy is unknown,1,Department of Water Resources,NA,1,Department of Water Resources
7477,382716N1224496W001,1566936,2006-03-15T00:00:00Z,46.16,45.66,0,2.8,43.36,2.8,2.3,NA,Unknown,Water level accuracy is unknown,1,Department of Water Resources,NA,1,Department of Water Resources
7477,382716N1224496W001,1566935,2006-02-07T00:00:00Z,46.16,45.66,0,3,43.16,3,2.5,NA,Unknown,Water level accuracy is unknown,1,Department of Water Resources,NA,1,Department of Water Resources
7477,382716N1224496W001,1566934,2006-01-06T00:00:00Z,46.16,45.66,0,2.6,43.56,2.6,2.1,NA,Unknown,Water level accuracy is unknown,1,Department of Water Resources,NA,1,Department of Water Resources
7477,382716N1224496W001,1566933,2005-12-08T00:00:00Z,46.16,45.66,0,16.8,29.36,16.8,16.3,NA,Unknown,Water level accuracy is unknown,1,Department of Water Resources,NA,1,Department of Water Resources
7477,382716N1224496W001,1566932,2005-11-17T00:00:00Z,46.16,45.66,0,15.2,30.96,15.2,14.7,NA,Unknown,Water level accuracy is unknown,1,Department of Water Resources,NA,1,Department of Water Resources
7477,382716N1224496W001,1566931,2005-10-18T00:00:00Z,46.16,45.66,0,14.7,31.46,14.7,14.2,NA,Unknown,Water level accuracy is unknown,1,Department of Water Resources,NA,1,Department of Water Resources
7477,382716N1224496W001,1566930,2005-09-02T00:00:00Z,46.16,45.66,0,13.5,32.66,13.5,13,NA,Unknown,Water level accuracy is unknown,1,Department of Water Resources,NA,1,Department of Water Resources
7477,382716N1224496W001,1566928,2005-08-05T00:00:00Z,46.16,45.66,0,8.8,37.36,8.8,8.3,NA,Unknown,Water level accuracy is unknown,1,Department of Water Resources,NA,1,Department of Water Resources
7477,382716N1224496W001,1566927,2005-07-08T00:00:00Z,46.16,45.66,0,7.1,39.06,7.1,6.6,NA,Unknown,Water level accuracy is unknown,1,Department of Water Resources,NA,1,Department of Water Resources
7477,382716N1224496W001,1566926,2005-06-21T00:00:00Z,46.16,45.66,0,6.1,40.06,6.1,5.6,NA,Unknown,Water level accuracy is unknown,1,Department of Water Resources,NA,1,Department of Water Resources
7477,382716N1224496W001,1566929,2005-05-11T00:00:00Z,46.16,45.66,0,4.2,41.96,4.2,3.7,NA,Unknown,Water level accuracy is unknown,1,Department of Water Resources,NA,1,Department of Water Resources
7477,382716N1224496W001,1566925,2005-04-06T00:00:00Z,46.16,45.66,0,3.5,42.66,3.5,3,NA,Unknown,Water level accuracy is unknown,1,Department of Water Resources,NA,1,Department of Water Resources
7477,382716N1224496W001,1566924,2005-03-09T00:00:00Z,46.16,45.66,0,3.1,43.06,3.1,2.6,NA,Unknown,Water level accuracy is unknown,1,Department of Water Resources,NA,1,Department of Water Resources
7477,382716N1224496W001,1566923,2005-02-04T00:00:00Z,46.16,45.66,0,3.5,42.66,3.5,3,NA,Unknown,Water level accuracy is unknown,1,Department of Water Resources,NA,1,Department of Water Resources
7477,382716N1224496W001,1566922,2005-01-05T00:00:00Z,46.16,45.66,0,2.5,43.66,2.5,2,NA,Unknown,Water level accuracy is unknown,1,Department of Water Resources,NA,1,Department of Water Resources
7477,382716N1224496W001,1566921,2004-12-13T00:00:00Z,46.16,45.66,0,7.4,38.76,7.4,6.9,NA,Unknown,Water level accuracy is unknown,1,Department of Water Resources,NA,1,Department of Water Resources
7477,382716N1224496W001,1566920,2004-11-08T00:00:00Z,46.16,45.66,0,15.9,30.26,15.9,15.4,NA,Unknown,Water level accuracy is unknown,1,Department of Water Resources,NA,1,Department of Water Resources
7477,382716N1224496W001,1566919,2004-10-05T00:00:00Z,46.16,45.66,0,15.1,31.06,15.1,14.6,NA,Unknown,Water level accuracy is unknown,1,Department of Water Resources,NA,1,Department of Water Resources
7477,382716N1224496W001,1566918,2004-09-01T00:00:00Z,46.16,45.66,0,14.2,31.96,14.2,13.7,NA,Unknown,Water level accuracy is unknown,1,Department of Water Resources,NA,1,Department of Water Resources
7477,382716N1224496W001,1566917,2004-08-04T00:00:00Z,46.16,45.66,0,13.8,32.36,13.8,13.3,NA,Unknown,Water level accuracy is unknown,1,Department of Water Resources,NA,1,Department of Water Resources
7477,382716N1224496W001,1566916,2004-07-07T00:00:00Z,46.16,45.66,0,9.8,36.36,9.8,9.3,NA,Unknown,Water level accuracy is unknown,1,Department of Water Resources,NA,1,Department of Water Resources
7477,382716N1224496W001,1566915,2004-06-02T00:00:00Z,46.16,45.66,0,7.9,38.26,7.9,7.4,NA,Unknown,Water level accuracy is unknown,1,Department of Water Resources,NA,1,Department of Water Resources
7477,382716N1224496W001,1566914,2004-05-06T00:00:00Z,46.16,45.66,0,6.3,39.86,6.3,5.8,NA,Unknown,Water level accuracy is unknown,1,Department of Water Resources,NA,1,Department of Water Resources
7477,382716N1224496W001,1566913,2004-04-05T00:00:00Z,46.16,45.66,0,3.7,42.46,3.7,3.2,NA,Unknown,Water level accuracy is unknown,1,Department of Water Resources,NA,1,Department of Water Resources
7477,382716N1224496W001,1566912,2004-03-09T00:00:00Z,46.16,45.66,0,3.7,42.46,3.7,3.2,NA,Unknown,Water level accuracy is unknown,1,Department of Water Resources,NA,1,Department of Water Resources
7477,382716N1224496W001,1566911,2004-02-05T00:00:00Z,46.16,45.66,0,3,43.16,3,2.5,NA,Unknown,Water level accuracy is unknown,1,Department of Water Resources,NA,1,Department of Water Resources
7477,382716N1224496W001,1566910,2004-01-15T00:00:00Z,46.16,45.66,0,3.7,42.46,3.7,3.2,NA,Unknown,Water level accuracy is unknown,1,Department of Water Resources,NA,1,Department of Water Resources
7477,382716N1224496W001,1566909,2003-12-09T00:00:00Z,46.16,45.66,0,15.2,30.96,15.2,14.7,NA,Unknown,Water level accuracy is unknown,1,Department of Water Resources,NA,1,Department of Water Resources
7477,382716N1224496W001,1566908,2003-11-12T00:00:00Z,46.16,45.66,0,14.8,31.36,14.8,14.3,NA,Unknown,Water level accuracy is unknown,1,Department of Water Resources,NA,1,Department of Water Resources
7477,382716N1224496W001,1566907,2003-10-17T00:00:00Z,46.16,45.66,NA,NA,NA,NA,NA,Temporarily inaccessible,NA,NA,1,Department of Water Resources,NA,1,Department of Water Resources
7477,382716N1224496W001,1566906,2003-09-05T00:00:00Z,46.16,45.66,NA,NA,NA,NA,NA,Temporarily inaccessible,NA,NA,1,Department of Water Resources,NA,1,Department of Water Resources
7477,382716N1224496W001,1566905,2003-08-13T00:00:00Z,46.16,45.66,NA,NA,NA,NA,NA,Temporarily inaccessible,NA,NA,1,Department of Water Resources,NA,1,Department of Water Resources
7477,382716N1224496W001,1566904,2003-07-10T00:00:00Z,46.16,45.66,NA,NA,NA,NA,NA,Temporarily inaccessible,NA,NA,1,Department of Water Resources,NA,1,Department of Water Resources
7477,382716N1224496W001,1566903,2003-06-04T00:00:00Z,46.16,45.66,0,4.9,41.26,4.9,4.4,NA,Unknown,Water level accuracy is unknown,1,Department of Water Resources,NA,1,Department of Water Resources
7477,382716N1224496W001,1566902,2003-05-06T00:00:00Z,46.16,45.66,0,3.1,43.06,3.1,2.6,NA,Unknown,Water level accuracy is unknown,1,Department of Water Resources,NA,1,Department of Water Resources
7477,382716N1224496W001,1566901,2003-04-03T00:00:00Z,46.16,45.66,0,4.2,41.96,4.2,3.7,NA,Unknown,Water level accuracy is unknown,1,Department of Water Resources,NA,1,Department of Water Resources
7477,382716N1224496W001,1566900,2003-03-05T00:00:00Z,46.16,45.66,0,3.5,42.66,3.5,3,NA,Unknown,Water level accuracy is unknown,1,Department of Water Resources,NA,1,Department of Water Resources
7477,382716N1224496W001,1566899,2003-02-10T00:00:00Z,46.16,45.66,0,3.3,42.86,3.3,2.8,NA,Unknown,Water level accuracy is unknown,1,Department of Water Resources,NA,1,Department of Water Resources
7477,382716N1224496W001,1566898,2003-01-14T00:00:00Z,46.16,45.66,0,2.5,43.66,2.5,2,NA,Unknown,Water level accuracy is unknown,1,Department of Water Resources,NA,1,Department of Water Resources
7477,382716N1224496W001,1566896,2002-11-18T00:00:00Z,46.16,45.66,0,14.5,31.66,14.5,14,NA,Unknown,Water level accuracy is unknown,1,Department of Water Resources,NA,1,Department of Water Resources
7477,382716N1224496W001,1566897,2002-10-15T00:00:00Z,46.16,45.66,NA,NA,NA,NA,NA,Temporarily inaccessible,NA,NA,1,Department of Water Resources,NA,1,Department of Water Resources
7477,382716N1224496W001,1566823,2002-03-20T00:00:00Z,46.16,45.66,0,3.4,42.76,3.4,2.9,NA,Unknown,Water level accuracy is unknown,1,Department of Water Resources,NA,1,Department of Water Resources
7477,382716N1224496W001,1566822,2001-11-15T00:00:00Z,46.16,45.66,0,14.3,31.86,14.3,13.8,NA,Unknown,Water level accuracy is unknown,1,Department of Water Resources,NA,1,Department of Water Resources
7477,382716N1224496W001,1566821,2001-03-28T00:00:00Z,46.16,45.66,0,3.9,42.26,3.9,3.4,NA,Unknown,Water level accuracy is unknown,1,Department of Water Resources,NA,1,Department of Water Resources
7477,382716N1224496W001,1566814,2000-12-12T00:00:00Z,46.16,45.66,0,14.1,32.06,14.1,13.6,NA,Unknown,Water level accuracy is unknown,1,Department of Water Resources,NA,1,Department of Water Resources
7477,382716N1224496W001,1566812,2000-03-27T00:00:00Z,46.16,45.66,0,3.7,42.46,3.7,3.2,NA,Unknown,Water level accuracy is unknown,1,Department of Water Resources,NA,1,Department of Water Resources
7477,382716N1224496W001,1566818,1999-10-06T00:00:00Z,46.16,45.66,0,14,32.16,14,13.5,Other,Unknown,Water level accuracy is unknown,1,Department of Water Resources,NA,1,Department of Water Resources
7477,382716N1224496W001,1566815,1999-03-23T00:00:00Z,46.16,45.66,0,3,43.16,3,2.5,NA,Unknown,Water level accuracy is unknown,1,Department of Water Resources,NA,1,Department of Water Resources
7477,382716N1224496W001,1566820,1998-10-23T00:00:00Z,46.16,45.66,0,11.5,34.66,11.5,11,NA,Unknown,Water level accuracy is unknown,1,Department of Water Resources,NA,1,Department of Water Resources
7477,382716N1224496W001,1566819,1998-03-25T00:00:00Z,46.16,45.66,0,3.1,43.06,3.1,2.6,NA,Unknown,Water level accuracy is unknown,1,Department of Water Resources,NA,1,Department of Water Resources
7477,382716N1224496W001,1566817,1997-10-15T00:00:00Z,46.16,45.66,0,14.4,31.76,14.4,13.9,NA,Unknown,Water level accuracy is unknown,1,Department of Water Resources,NA,1,Department of Water Resources
7477,382716N1224496W001,1566816,1997-03-28T00:00:00Z,46.16,45.66,0,4,42.16,4,3.5,NA,Unknown,Water level accuracy is unknown,1,Department of Water Resources,NA,1,Department of Water Resources
7477,382716N1224496W001,1566813,1996-11-25T00:00:00Z,46.16,45.66,0,12.4,33.76,12.4,11.9,NA,Unknown,Water level accuracy is unknown,1,Department of Water Resources,NA,1,Department of Water Resources
7477,382716N1224496W001,1566811,1996-04-02T00:00:00Z,46.16,45.66,0,2.5,43.66,2.5,2,NA,Unknown,Water level accuracy is unknown,1,Department of Water Resources,NA,1,Department of Water Resources
7477,382716N1224496W001,1566810,1995-11-14T00:00:00Z,46.16,45.66,0,14.7,31.46,14.7,14.2,NA,Unknown,Water level accuracy is unknown,1,Department of Water Resources,NA,1,Department of Water Resources
7477,382716N1224496W001,1566809,1995-04-26T00:00:00Z,46.16,45.66,0,3.8,42.36,3.8,3.3,NA,Unknown,Water level accuracy is unknown,1,Department of Water Resources,NA,1,Department of Water Resources
7477,382716N1224496W001,1566808,1994-09-22T00:00:00Z,46.16,45.66,0,15.6,30.56,15.6,15.1,NA,Unknown,Water level accuracy is unknown,1,Department of Water Resources,NA,1,Department of Water Resources
7477,382716N1224496W001,1566806,1994-04-07T00:00:00Z,46.16,45.66,0,4.4,41.76,4.4,3.9,NA,Unknown,Water level accuracy is unknown,1,Department of Water Resources,NA,1,Department of Water Resources
7477,382716N1224496W001,1566805,1993-10-18T00:00:00Z,46.16,45.66,0,14.3,31.86,14.3,13.8,NA,Unknown,Water level accuracy is unknown,1,Department of Water Resources,NA,1,Department of Water Resources
7477,382716N1224496W001,1566804,1993-04-15T00:00:00Z,46.16,45.66,0,4.1,42.06,4.1,3.6,NA,Unknown,Water level accuracy is unknown,1,Department of Water Resources,NA,1,Department of Water Resources
7477,382716N1224496W001,1566803,1992-10-13T00:00:00Z,46.16,45.66,0,14.7,31.46,14.7,14.2,NA,Unknown,Water level accuracy is unknown,1,Department of Water Resources,NA,1,Department of Water Resources
7477,382716N1224496W001,1566802,1992-03-19T00:00:00Z,46.16,45.66,0,2.9,43.26,2.9,2.4,NA,Unknown,Water level accuracy is unknown,1,Department of Water Resources,NA,1,Department of Water Resources
7477,382716N1224496W001,1566801,1991-10-28T00:00:00Z,46.16,45.66,0,14.4,31.76,14.4,13.9,NA,Unknown,Water level accuracy is unknown,1,Department of Water Resources,NA,1,Department of Water Resources
7477,382716N1224496W001,1566800,1991-03-11T00:00:00Z,46.16,45.66,0,8.8,37.36,8.8,8.3,NA,Unknown,Water level accuracy is unknown,1,Department of Water Resources,NA,1,Department of Water Resources
7477,382716N1224496W001,1566799,1990-11-07T00:00:00Z,46.16,45.66,0,13.8,32.36,13.8,13.3,NA,Unknown,Water level accuracy is unknown,1,Department of Water Resources,NA,1,Department of Water Resources
7477,382716N1224496W001,1566798,1990-03-15T00:00:00Z,46.16,45.66,0,3,43.16,3,2.5,NA,Unknown,Water level accuracy is unknown,1,Department of Water Resources,NA,1,Department of Water Resources
7477,382716N1224496W001,1566807,1989-11-07T00:00:00Z,46.16,45.66,0,14.7,31.46,14.7,14.2,NA,Unknown,Water level accuracy is unknown,1,Department of Water Resources,NA,1,Department of Water Resources
7477,382716N1224496W001,1566895,1989-04-12T00:00:00Z,46.16,45.66,0,4,42.16,4,3.5,NA,Unknown,Water level accuracy is unknown,1,Department of Water Resources,NA,1,Department of Water Resources
7477,382716N1224496W001,1566894,1988-10-13T00:00:00Z,46.16,45.66,0,14.7,31.46,14.7,14.2,NA,Unknown,Water level accuracy is unknown,1,Department of Water Resources,NA,1,Department of Water Resources
7477,382716N1224496W001,1566893,1988-03-31T00:00:00Z,46.16,45.66,0,4.8,41.36,4.8,4.3,NA,Unknown,Water level accuracy is unknown,1,Department of Water Resources,NA,1,Department of Water Resources
7477,382716N1224496W001,1566892,1987-10-28T00:00:00Z,46.16,45.66,0,15,31.16,15,14.5,NA,Unknown,Water level accuracy is unknown,1,Department of Water Resources,NA,1,Department of Water Resources
7477,382716N1224496W001,1566891,1987-03-17T00:00:00Z,46.16,45.66,0,3.1,43.06,3.1,2.6,NA,Unknown,Water level accuracy is unknown,1,Department of Water Resources,NA,1,Department of Water Resources
7477,382716N1224496W001,1566890,1986-10-29T00:00:00Z,46.16,45.66,0,13.9,32.26,13.9,13.4,NA,Unknown,Water level accuracy is unknown,1,Department of Water Resources,NA,1,Department of Water Resources
7477,382716N1224496W001,1566889,1986-03-24T00:00:00Z,46.16,45.66,0,3,43.16,3,2.5,NA,Unknown,Water level accuracy is unknown,1,Department of Water Resources,NA,1,Department of Water Resources
7477,382716N1224496W001,1566888,1985-10-24T00:00:00Z,46.16,45.66,0,13.8,32.36,13.8,13.3,NA,Unknown,Water level accuracy is unknown,1,Department of Water Resources,NA,1,Department of Water Resources
7477,382716N1224496W001,1566887,1985-03-21T00:00:00Z,46.16,45.66,0,3.7,42.46,3.7,3.2,NA,Unknown,Water level accuracy is unknown,1,Department of Water Resources,NA,1,Department of Water Resources
7477,382716N1224496W001,1566886,1984-10-11T00:00:00Z,46.16,45.66,0,13.9,32.26,13.9,13.4,NA,Unknown,Water level accuracy is unknown,1,Department of Water Resources,NA,1,Department of Water Resources
7477,382716N1224496W001,1566885,1984-03-16T00:00:00Z,46.16,45.66,0,3.4,42.76,3.4,2.9,NA,Unknown,Water level accuracy is unknown,1,Department of Water Resources,NA,1,Department of Water Resources
7477,382716N1224496W001,1566884,1983-10-11T00:00:00Z,46.16,45.66,0,13.5,32.66,13.5,13,NA,Unknown,Water level accuracy is unknown,1,Department of Water Resources,NA,1,Department of Water Resources
7477,382716N1224496W001,1566883,1983-04-05T00:00:00Z,46.16,45.66,0,3.2,42.96,3.2,2.7,NA,Unknown,Water level accuracy is unknown,1,Department of Water Resources,NA,1,Department of Water Resources
7477,382716N1224496W001,1566882,1982-10-20T00:00:00Z,46.16,45.66,0,13.6,32.56,13.6,13.1,NA,Unknown,Water level accuracy is unknown,1,Department of Water Resources,NA,1,Department of Water Resources
7477,382716N1224496W001,1566881,1982-03-10T00:00:00Z,46.16,45.66,0,3,43.16,3,2.5,NA,Unknown,Water level accuracy is unknown,1,Department of Water Resources,NA,1,Department of Water Resources
7477,382716N1224496W001,1566880,1981-10-09T00:00:00Z,46.16,45.66,0,14,32.16,14,13.5,NA,Unknown,Water level accuracy is unknown,1,Department of Water Resources,NA,1,Department of Water Resources
7477,382716N1224496W001,1566879,1981-03-17T00:00:00Z,46.16,45.66,0,2.8,43.36,2.8,2.3,NA,Unknown,Water level accuracy is unknown,1,Department of Water Resources,NA,1,Department of Water Resources
7477,382716N1224496W001,1566878,1980-10-06T00:00:00Z,46.16,45.66,0,13.9,32.26,13.9,13.4,NA,Unknown,Water level accuracy is unknown,1,Department of Water Resources,NA,1,Department of Water Resources
7477,382716N1224496W001,1566877,1980-03-26T00:00:00Z,46.16,45.66,0,3.7,42.46,3.7,3.2,NA,Unknown,Water level accuracy is unknown,1,Department of Water Resources,NA,1,Department of Water Resources
7477,382716N1224496W001,1566876,1979-10-16T00:00:00Z,46.16,45.66,0,14.9,31.26,14.9,14.4,NA,Unknown,Water level accuracy is unknown,1,Department of Water Resources,NA,1,Department of Water Resources
7477,382716N1224496W001,1566875,1979-03-28T00:00:00Z,46.16,45.66,0,2.5,43.66,2.5,2,NA,Unknown,Water level accuracy is unknown,1,Department of Water Resources,NA,1,Department of Water Resources
7477,382716N1224496W001,1566874,1978-10-07T00:00:00Z,46.16,45.66,0,34.8,11.36,34.8,34.3,NA,Unknown,Water level accuracy is unknown,1,Department of Water Resources,NA,1,Department of Water Resources
7477,382716N1224496W001,1566873,1978-03-20T00:00:00Z,46.16,45.66,0,2.9,43.26,2.9,2.4,NA,Unknown,Water level accuracy is unknown,1,Department of Water Resources,NA,1,Department of Water Resources
7477,382716N1224496W001,1566872,1977-10-07T00:00:00Z,46.16,45.66,0,32.4,13.76,32.4,31.9,NA,Unknown,Water level accuracy is unknown,1,Department of Water Resources,NA,1,Department of Water Resources
7477,382716N1224496W001,1566871,1977-03-14T00:00:00Z,46.16,45.66,0,14.6,31.56,14.6,14.1,NA,Unknown,Water level accuracy is unknown,1,Department of Water Resources,NA,1,Department of Water Resources
7477,382716N1224496W001,1566870,1976-10-07T00:00:00Z,46.16,45.66,0,13.9,32.26,13.9,13.4,NA,Unknown,Water level accuracy is unknown,1,Department of Water Resources,NA,1,Department of Water Resources
7477,382716N1224496W001,1566869,1976-03-09T00:00:00Z,46.16,45.66,0,13.4,32.76,13.4,12.9,NA,Unknown,Water level accuracy is unknown,1,Department of Water Resources,NA,1,Department of Water Resources
7477,382716N1224496W001,1566868,1975-10-20T00:00:00Z,46.16,45.66,0,13.5,32.66,13.5,13,NA,Unknown,Water level accuracy is unknown,1,Department of Water Resources,NA,1,Department of Water Resources
7477,382716N1224496W001,1566867,1975-03-20T00:00:00Z,46.16,45.66,0,2.6,43.56,2.6,2.1,NA,Unknown,Water level accuracy is unknown,1,Department of Water Resources,NA,1,Department of Water Resources
7477,382716N1224496W001,1566866,1974-10-07T00:00:00Z,46.16,45.66,0,13.6,32.56,13.6,13.1,NA,Unknown,Water level accuracy is unknown,1,Department of Water Resources,NA,1,Department of Water Resources
7477,382716N1224496W001,1566865,1974-03-08T00:00:00Z,46.16,45.66,0,2.5,43.66,2.5,2,NA,Unknown,Water level accuracy is unknown,1,Department of Water Resources,NA,1,Department of Water Resources
7477,382716N1224496W001,1566864,1973-10-09T00:00:00Z,46.16,45.66,0,13.8,32.36,13.8,13.3,NA,Unknown,Water level accuracy is unknown,1,Department of Water Resources,NA,1,Department of Water Resources
7477,382716N1224496W001,1566863,1973-03-20T00:00:00Z,46.16,45.66,0,2.5,43.66,2.5,2,NA,Unknown,Water level accuracy is unknown,1,Department of Water Resources,NA,1,Department of Water Resources
7477,382716N1224496W001,1566862,1972-10-12T00:00:00Z,46.16,45.66,0,13.8,32.36,13.8,13.3,NA,Unknown,Water level accuracy is unknown,1,Department of Water Resources,NA,1,Department of Water Resources
7477,382716N1224496W001,1566861,1972-03-10T00:00:00Z,46.16,45.66,0,3.3,42.86,3.3,2.8,NA,Unknown,Water level accuracy is unknown,1,Department of Water Resources,NA,1,Department of Water Resources
7477,382716N1224496W001,1566860,1971-10-06T00:00:00Z,46.16,45.66,0,13.7,32.46,13.7,13.2,NA,Unknown,Water level accuracy is unknown,1,Department of Water Resources,NA,1,Department of Water Resources
7477,382716N1224496W001,1566859,1971-03-09T00:00:00Z,46.16,45.66,0,3.6,42.56,3.6,3.1,NA,Unknown,Water level accuracy is unknown,1,Department of Water Resources,NA,1,Department of Water Resources
7477,382716N1224496W001,1566858,1970-10-09T00:00:00Z,46.16,45.66,0,14,32.16,14,13.5,NA,Unknown,Water level accuracy is unknown,1,Department of Water Resources,NA,1,Department of Water Resources
7477,382716N1224496W001,1566857,1970-03-25T00:00:00Z,46.16,45.66,0,3.3,42.86,3.3,2.8,NA,Unknown,Water level accuracy is unknown,1,Department of Water Resources,NA,1,Department of Water Resources
7477,382716N1224496W001,1566856,1969-06-16T00:00:00Z,46.16,45.66,0,6.4,39.76,6.4,5.9,NA,Unknown,Water level accuracy is unknown,1,Department of Water Resources,NA,1,Department of Water Resources
7477,382716N1224496W001,1566855,1969-05-12T00:00:00Z,46.16,45.66,0,4.6,41.56,4.6,4.1,NA,Unknown,Water level accuracy is unknown,1,Department of Water Resources,NA,1,Department of Water Resources
7477,382716N1224496W001,1566854,1969-04-15T00:00:00Z,46.16,45.66,0,3.3,42.86,3.3,2.8,NA,Unknown,Water level accuracy is unknown,1,Department of Water Resources,NA,1,Department of Water Resources
7477,382716N1224496W001,1566853,1969-03-21T00:00:00Z,46.16,45.66,0,2.7,43.46,2.7,2.2,NA,Unknown,Water level accuracy is unknown,1,Department of Water Resources,NA,1,Department of Water Resources
7477,382716N1224496W001,1566852,1969-02-21T00:00:00Z,46.16,45.66,0,2.5,43.66,2.5,2,NA,Unknown,Water level accuracy is unknown,1,Department of Water Resources,NA,1,Department of Water Resources
7477,382716N1224496W001,1566851,1969-01-16T00:00:00Z,46.16,45.66,0,2.6,43.56,2.6,2.1,NA,Unknown,Water level accuracy is unknown,1,Department of Water Resources,NA,1,Department of Water Resources
7477,382716N1224496W001,1566850,1968-12-12T00:00:00Z,46.16,45.66,0,12,34.16,12,11.5,NA,Unknown,Water level accuracy is unknown,1,Department of Water Resources,NA,1,Department of Water Resources
7477,382716N1224496W001,1566849,1968-11-19T00:00:00Z,46.16,45.66,0,14.8,31.36,14.8,14.3,NA,Unknown,Water level accuracy is unknown,1,Department of Water Resources,NA,1,Department of Water Resources
7477,382716N1224496W001,1566848,1968-10-14T00:00:00Z,46.16,45.66,0,15.6,30.56,15.6,15.1,NA,Unknown,Water level accuracy is unknown,1,Department of Water Resources,NA,1,Department of Water Resources
7477,382716N1224496W001,1566847,1968-09-19T00:00:00Z,46.16,45.66,0,15.1,31.06,15.1,14.6,NA,Unknown,Water level accuracy is unknown,1,Department of Water Resources,NA,1,Department of Water Resources
7477,382716N1224496W001,1566846,1968-05-14T00:00:00Z,46.16,45.66,0,5.5,40.66,5.5,5,NA,Unknown,Water level accuracy is unknown,1,Department of Water Resources,NA,1,Department of Water Resources
7477,382716N1224496W001,1566845,1968-04-15T00:00:00Z,46.16,45.66,0,3.7,42.46,3.7,3.2,NA,Unknown,Water level accuracy is unknown,1,Department of Water Resources,NA,1,Department of Water Resources
7477,382716N1224496W001,1566844,1968-03-19T00:00:00Z,46.16,45.66,0,2.6,43.56,2.6,2.1,NA,Unknown,Water level accuracy is unknown,1,Department of Water Resources,NA,1,Department of Water Resources
7477,382716N1224496W001,1566843,1967-11-16T00:00:00Z,46.16,45.66,0,13.8,32.36,13.8,13.3,NA,Unknown,Water level accuracy is unknown,1,Department of Water Resources,NA,1,Department of Water Resources
7477,382716N1224496W001,1566842,1967-10-23T00:00:00Z,46.16,45.66,0,13.6,32.56,13.6,13.1,NA,Unknown,Water level accuracy is unknown,1,Department of Water Resources,NA,1,Department of Water Resources
7477,382716N1224496W001,1566841,1967-09-19T00:00:00Z,46.16,45.66,0,8.8,37.36,8.8,8.3,NA,Unknown,Water level accuracy is unknown,1,Department of Water Resources,NA,1,Department of Water Resources
7477,382716N1224496W001,1566840,1967-08-15T00:00:00Z,46.16,45.66,0,7.6,38.56,7.6,7.1,NA,Unknown,Water level accuracy is unknown,1,Department of Water Resources,NA,1,Department of Water Resources
7477,382716N1224496W001,1566839,1967-05-17T00:00:00Z,46.16,45.66,0,3.7,42.46,3.7,3.2,NA,Unknown,Water level accuracy is unknown,1,Department of Water Resources,NA,1,Department of Water Resources
7477,382716N1224496W001,1566838,1967-04-24T00:00:00Z,46.16,45.66,0,2.5,43.66,2.5,2,NA,Unknown,Water level accuracy is unknown,1,Department of Water Resources,NA,1,Department of Water Resources
7477,382716N1224496W001,1566837,1967-03-20T00:00:00Z,46.16,45.66,0,2.7,43.46,2.7,2.2,NA,Unknown,Water level accuracy is unknown,1,Department of Water Resources,NA,1,Department of Water Resources
7477,382716N1224496W001,1566836,1967-02-15T00:00:00Z,46.16,45.66,0,2.9,43.26,2.9,2.4,NA,Unknown,Water level accuracy is unknown,1,Department of Water Resources,NA,1,Department of Water Resources
7477,382716N1224496W001,1566835,1967-01-18T00:00:00Z,46.16,45.66,0,3.7,42.46,3.7,3.2,NA,Unknown,Water level accuracy is unknown,1,Department of Water Resources,NA,1,Department of Water Resources
7477,382716N1224496W001,1566834,1966-12-14T00:00:00Z,46.16,45.66,0,3.3,42.86,3.3,2.8,NA,Unknown,Water level accuracy is unknown,1,Department of Water Resources,NA,1,Department of Water Resources
7477,382716N1224496W001,1566833,1966-11-16T00:00:00Z,46.16,45.66,0,14.5,31.66,14.5,14,NA,Unknown,Water level accuracy is unknown,1,Department of Water Resources,NA,1,Department of Water Resources
7477,382716N1224496W001,1566832,1966-10-17T00:00:00Z,46.16,45.66,0,14.7,31.46,14.7,14.2,NA,Unknown,Water level accuracy is unknown,1,Department of Water Resources,NA,1,Department of Water Resources
7477,382716N1224496W001,1566831,1966-09-19T00:00:00Z,46.16,45.66,0,14.2,31.96,14.2,13.7,NA,Unknown,Water level accuracy is unknown,1,Department of Water Resources,NA,1,Department of Water Resources
7477,382716N1224496W001,1566830,1966-08-17T00:00:00Z,46.16,45.66,0,13.7,32.46,13.7,13.2,NA,Unknown,Water level accuracy is unknown,1,Department of Water Resources,NA,1,Department of Water Resources
7477,382716N1224496W001,1566829,1966-07-21T00:00:00Z,46.16,45.66,0,8.9,37.26,8.9,8.4,NA,Unknown,Water level accuracy is unknown,1,Department of Water Resources,NA,1,Department of Water Resources
7477,382716N1224496W001,1566828,1966-06-17T00:00:00Z,46.16,45.66,0,7.4,38.76,7.4,6.9,NA,Unknown,Water level accuracy is unknown,1,Department of Water Resources,NA,1,Department of Water Resources
7477,382716N1224496W001,1566827,1966-05-17T00:00:00Z,46.16,45.66,0,5.8,40.36,5.8,5.3,NA,Unknown,Water level accuracy is unknown,1,Department of Water Resources,NA,1,Department of Water Resources
7477,382716N1224496W001,1566826,1966-04-13T00:00:00Z,46.16,45.66,0,3.8,42.36,3.8,3.3,NA,Unknown,Water level accuracy is unknown,1,Department of Water Resources,NA,1,Department of Water Resources
7477,382716N1224496W001,1566825,1966-03-15T00:00:00Z,46.16,45.66,0,3,43.16,3,2.5,NA,Unknown,Water level accuracy is unknown,1,Department of Water Resources,NA,1,Department of Water Resources
7477,382716N1224496W001,1566824,1966-02-15T00:00:00Z,46.16,45.66,0,2.9,43.26,2.9,2.4,NA,Unknown,Water level accuracy is unknown,1,Department of Water Resources,NA,1,Department of Water Resources
