STN_ID,SITE_CODE,WLM_ID,MSMT_DATE,WLM_RPE,WLM_GSE,RDNG_WS,RDNG_RP,WSE,RPE_WSE,GSE_WSE,WLM_QA_DESC,WLM_DESC,WLM_ACC_DESC,WLM_ORG_ID,WLM_ORG_NAME,MSMT_CMT,COOP_AGENCY_ORG_ID,COOP_ORG_NAME
7852,347697N1173373W002,2623190,2020-03-17T08:11:00Z,2453.06,2453.06,0,67.26,2385.8,67.26,67.26,NA,Electric sounder measurement,Water level accuracy to nearest hundredth of a foot,5161,Mojave Water Agency,NA,5161,Mojave Water Agency
7852,347697N1173373W002,2623189,2020-01-15T15:14:00Z,2453.06,2453.06,0,67.17,2385.89,67.17,67.17,NA,Electric sounder measurement,Water level accuracy to nearest hundredth of a foot,5161,Mojave Water Agency,NA,5161,Mojave Water Agency
7852,347697N1173373W002,2490603,2019-09-27T12:41:00Z,2453.06,2453.06,0,67.14,2385.92,67.14,67.14,NA,Electric sounder measurement,Water level accuracy to nearest hundredth of a foot,5161,Mojave Water Agency,NA,5161,Mojave Water Agency
7852,347697N1173373W002,2490602,2019-07-09T13:37:00Z,2453.06,2453.06,0,67.18,2385.88,67.18,67.18,NA,Electric sounder measurement,Water level accuracy to nearest hundredth of a foot,5161,Mojave Water Agency,NA,5161,Mojave Water Agency
7852,347697N1173373W002,2462418,2019-03-13T11:47:00Z,2453.06,2453.06,0,67.24,2385.82,67.24,67.24,NA,Electric sounder measurement,Water level accuracy to nearest hundredth of a foot,5161,Mojave Water Agency,NA,5161,Mojave Water Agency
7852,347697N1173373W002,2462419,2019-02-07T11:57:00Z,2453.06,2453.06,0,67.34,2385.72,67.34,67.34,NA,Electric sounder measurement,Water level accuracy to nearest hundredth of a foot,5161,Mojave Water Agency,NA,5161,Mojave Water Agency
7852,347697N1173373W002,2462420,2019-01-15T12:38:00Z,2453.06,2453.06,0,67.22,2385.84,67.22,67.22,NA,Electric sounder measurement,Water level accuracy to nearest hundredth of a foot,5161,Mojave Water Agency,NA,5161,Mojave Water Agency
7852,347697N1173373W002,2432276,2018-10-23T10:03:00Z,2453.06,2453.06,0,67.15,2385.91,67.15,67.15,NA,Electric sounder measurement,Water level accuracy to nearest hundredth of a foot,5161,Mojave Water Agency,NA,5161,Mojave Water Agency
7852,347697N1173373W002,2432205,2018-08-08T00:00:00Z,2453.06,2453.06,0,66.93,2386.13,66.93,66.93,NA,Electric sounder measurement,Water level accuracy to nearest hundredth of a foot,5161,Mojave Water Agency,NA,5161,Mojave Water Agency
7852,347697N1173373W002,2433227,2018-07-10T09:53:00Z,2453.06,2453.06,0,66.82,2386.24,66.82,66.82,NA,Electric sounder measurement,Water level accuracy to nearest hundredth of a foot,5161,Mojave Water Agency,NA,5161,Mojave Water Agency
7852,347697N1173373W002,2299404,2018-03-26T10:19:00Z,2453.06,2453.06,0,66.58,2386.48,66.58,66.58,NA,Electric sounder measurement,Water level accuracy to nearest tenth of a foot,5161,Mojave Water Agency,NA,5161,Mojave Water Agency
7852,347697N1173373W002,2299405,2018-02-05T11:16:00Z,2453.06,2453.06,0,66.41,2386.65,66.41,66.41,NA,Electric sounder measurement,Water level accuracy to nearest tenth of a foot,5161,Mojave Water Agency,NA,5161,Mojave Water Agency
7852,347697N1173373W002,2299406,2018-01-08T12:38:00Z,2453.06,2453.06,0,66.36,2386.7,66.36,66.36,NA,Electric sounder measurement,Water level accuracy to nearest tenth of a foot,5161,Mojave Water Agency,NA,5161,Mojave Water Agency
7852,347697N1173373W002,2277071,2017-09-25T11:00:00Z,2453.06,2453.06,0,66.17,2386.89,66.17,66.17,NA,Electric sounder measurement,Water level accuracy to nearest tenth of a foot,5161,Mojave Water Agency,NA,5161,Mojave Water Agency
7852,347697N1173373W002,2277069,2017-09-06T13:06:00Z,2453.06,2453.06,0,66.18,2386.88,66.18,66.18,NA,Electric sounder measurement,Water level accuracy to nearest tenth of a foot,5161,Mojave Water Agency,NA,5161,Mojave Water Agency
7852,347697N1173373W002,2277070,2017-08-09T11:40:00Z,2453.06,2453.06,0,66.11,2386.95,66.11,66.11,NA,Electric sounder measurement,Water level accuracy to nearest tenth of a foot,5161,Mojave Water Agency,NA,5161,Mojave Water Agency
7852,347697N1173373W002,2277072,2017-07-10T13:40:00Z,2453.06,2453.06,0,66.03,2387.03,66.03,66.03,NA,Electric sounder measurement,Water level accuracy to nearest tenth of a foot,5161,Mojave Water Agency,NA,5161,Mojave Water Agency
7852,347697N1173373W002,2277068,2017-06-26T13:57:00Z,2453.06,2453.06,0,66.04,2387.02,66.04,66.04,NA,Electric sounder measurement,Water level accuracy to nearest tenth of a foot,5161,Mojave Water Agency,NA,5161,Mojave Water Agency
7852,347697N1173373W002,2254798,2017-04-18T11:28:00Z,2453.06,2453.06,0,66.09,2386.97,66.09,66.09,NA,Electric sounder measurement,Water level accuracy to nearest tenth of a foot,5161,Mojave Water Agency,NA,5161,Mojave Water Agency
7852,347697N1173373W002,2254797,2017-03-06T16:53:00Z,2453.06,2453.06,0,66.14,2386.92,66.14,66.14,NA,Electric sounder measurement,Water level accuracy to nearest tenth of a foot,5161,Mojave Water Agency,NA,5161,Mojave Water Agency
7852,347697N1173373W002,2254796,2017-01-17T15:39:00Z,2453.06,2453.06,0,66.24,2386.82,66.24,66.24,NA,Electric sounder measurement,Water level accuracy to nearest tenth of a foot,5161,Mojave Water Agency,NA,5161,Mojave Water Agency
7852,347697N1173373W002,2229384,2016-12-06T08:35:00Z,2453.06,2453.06,0,66.24,2386.82,66.24,66.24,NA,Electric sounder measurement,Water level accuracy to nearest tenth of a foot,5161,Mojave Water Agency,NA,5161,Mojave Water Agency
7852,347697N1173373W002,2229383,2016-11-07T15:58:00Z,2453.06,2453.06,0,66.26,2386.8,66.26,66.26,NA,Electric sounder measurement,Water level accuracy to nearest tenth of a foot,5161,Mojave Water Agency,NA,5161,Mojave Water Agency
7852,347697N1173373W002,2229382,2016-10-05T08:56:00Z,2453.06,2453.06,0,66.15,2386.91,66.15,66.15,NA,Electric sounder measurement,Water level accuracy to nearest tenth of a foot,5161,Mojave Water Agency,NA,5161,Mojave Water Agency
7852,347697N1173373W002,2229381,2016-09-07T09:45:00Z,2453.06,2453.06,0,66.09,2386.97,66.09,66.09,NA,Electric sounder measurement,Water level accuracy to nearest tenth of a foot,5161,Mojave Water Agency,NA,5161,Mojave Water Agency
7852,347697N1173373W002,2229380,2016-08-09T12:46:00Z,2453.06,2453.06,0,66,2387.06,66,66,NA,Electric sounder measurement,Water level accuracy to nearest tenth of a foot,5161,Mojave Water Agency,NA,5161,Mojave Water Agency
7852,347697N1173373W002,2229379,2016-07-11T15:09:00Z,2453.06,2453.06,0,65.93,2387.13,65.93,65.93,NA,Electric sounder measurement,Water level accuracy to nearest tenth of a foot,5161,Mojave Water Agency,NA,5161,Mojave Water Agency
7852,347697N1173373W002,2229378,2016-06-08T14:00:00Z,2453.06,2453.06,0,65.94,2387.12,65.94,65.94,NA,Electric sounder measurement,Water level accuracy to nearest tenth of a foot,5161,Mojave Water Agency,NA,5161,Mojave Water Agency
7852,347697N1173373W002,2229377,2016-05-18T14:44:00Z,2453.06,2453.06,0,65.94,2387.12,65.94,65.94,NA,Electric sounder measurement,Water level accuracy to nearest tenth of a foot,5161,Mojave Water Agency,NA,5161,Mojave Water Agency
7852,347697N1173373W002,2166983,2015-09-17T12:21:00Z,2453.06,2453.06,0,65.93,2387.13,65.93,65.93,NA,Electric sounder measurement,Water level accuracy to nearest tenth of a foot,5161,Mojave Water Agency,NA,5161,Mojave Water Agency
7852,347697N1173373W002,2166982,2015-08-06T12:01:00Z,2453.06,2453.06,0,65.82,2387.24,65.82,65.82,NA,Electric sounder measurement,Water level accuracy to nearest tenth of a foot,5161,Mojave Water Agency,NA,5161,Mojave Water Agency
7852,347697N1173373W002,2166981,2015-07-08T13:45:00Z,2453.06,2453.06,0,65.75,2387.31,65.75,65.75,NA,Electric sounder measurement,Water level accuracy to nearest tenth of a foot,5161,Mojave Water Agency,NA,5161,Mojave Water Agency
7852,347697N1173373W002,2166980,2015-06-18T13:10:00Z,2453.06,2453.06,0,65.87,2387.19,65.87,65.87,NA,Electric sounder measurement,Water level accuracy to nearest tenth of a foot,5161,Mojave Water Agency,NA,5161,Mojave Water Agency
7852,347697N1173373W002,2166979,2015-05-06T13:36:00Z,2453.06,2453.06,0,65.81,2387.25,65.81,65.81,NA,Electric sounder measurement,Water level accuracy to nearest tenth of a foot,5161,Mojave Water Agency,NA,5161,Mojave Water Agency
7852,347697N1173373W002,2166978,2015-03-31T12:52:00Z,2453.06,2453.06,0,65.79,2387.27,65.79,65.79,NA,Electric sounder measurement,Water level accuracy to nearest tenth of a foot,5161,Mojave Water Agency,NA,5161,Mojave Water Agency
7852,347697N1173373W002,2124470,2015-03-05T00:00:00Z,2453.06,2453.06,0,65.83,2387.23,65.83,65.83,NA,Electric sounder measurement,Water level accuracy to nearest tenth of a foot,5161,Mojave Water Agency,NA,5161,Mojave Water Agency
7852,347697N1173373W002,2124469,2015-02-12T00:00:00Z,2453.06,2453.06,0,65.69,2387.37,65.69,65.69,NA,Electric sounder measurement,Water level accuracy to nearest tenth of a foot,5161,Mojave Water Agency,NA,5161,Mojave Water Agency
7852,347697N1173373W002,2124468,2015-01-15T00:00:00Z,2453.06,2453.06,0,65.65,2387.41,65.65,65.65,NA,Electric sounder measurement,Water level accuracy to nearest tenth of a foot,5161,Mojave Water Agency,NA,5161,Mojave Water Agency
7852,347697N1173373W002,2124467,2014-12-08T00:00:00Z,2453.06,2453.06,0,65.55,2387.51,65.55,65.55,NA,Electric sounder measurement,Water level accuracy to nearest tenth of a foot,5161,Mojave Water Agency,NA,5161,Mojave Water Agency
7852,347697N1173373W002,2124466,2014-11-12T00:00:00Z,2453.06,2453.06,0,65.52,2387.54,65.52,65.52,NA,Electric sounder measurement,Water level accuracy to nearest tenth of a foot,5161,Mojave Water Agency,NA,5161,Mojave Water Agency
7852,347697N1173373W002,2102618,2014-09-09T11:59:00Z,2453.06,2453.06,0,67.79,2385.27,67.79,67.79,NA,Electric sounder measurement,Water level accuracy to nearest tenth of a foot,5161,Mojave Water Agency,NA,5161,Mojave Water Agency
7852,347697N1173373W002,2102620,2014-08-06T07:45:00Z,2453.06,2453.06,0,67.74,2385.32,67.74,67.74,NA,Electric sounder measurement,Water level accuracy to nearest tenth of a foot,5161,Mojave Water Agency,NA,5161,Mojave Water Agency
7852,347697N1173373W002,2102617,2014-07-09T10:02:00Z,2453.06,2453.06,0,67.67,2385.39,67.67,67.67,NA,Electric sounder measurement,Water level accuracy to nearest tenth of a foot,5161,Mojave Water Agency,NA,5161,Mojave Water Agency
7852,347697N1173373W002,2102615,2014-06-02T12:35:00Z,2453.06,2453.06,0,67.52,2385.54,67.52,67.52,NA,Electric sounder measurement,Water level accuracy to nearest tenth of a foot,5161,Mojave Water Agency,NA,5161,Mojave Water Agency
7852,347697N1173373W002,2102616,2014-05-12T07:51:00Z,2453.06,2453.06,0,67.61,2385.45,67.61,67.61,NA,Electric sounder measurement,Water level accuracy to nearest tenth of a foot,5161,Mojave Water Agency,NA,5161,Mojave Water Agency
7852,347697N1173373W002,2102619,2014-04-02T12:35:00Z,2453.06,2453.06,0,67.57,2385.49,67.57,67.57,NA,Electric sounder measurement,Water level accuracy to nearest tenth of a foot,5161,Mojave Water Agency,NA,5161,Mojave Water Agency
7852,347697N1173373W002,2070517,2014-02-04T15:05:00Z,2453.06,2453.06,0,67.34,2385.72,67.34,67.34,NA,Electric sounder measurement,Water level accuracy to nearest tenth of a foot,5161,Mojave Water Agency,NA,5161,Mojave Water Agency
7852,347697N1173373W002,2070516,2014-01-09T16:15:00Z,2453.06,2453.06,0,67.19,2385.87,67.19,67.19,NA,Electric sounder measurement,Water level accuracy to nearest tenth of a foot,5161,Mojave Water Agency,NA,5161,Mojave Water Agency
7852,347697N1173373W002,2070515,2013-12-11T15:35:00Z,2453.06,2453.06,0,67.21,2385.85,67.21,67.21,NA,Electric sounder measurement,Water level accuracy to nearest tenth of a foot,5161,Mojave Water Agency,NA,5161,Mojave Water Agency
7852,347697N1173373W002,2070514,2013-11-13T12:22:00Z,2453.06,2453.06,0,67.25,2385.81,67.25,67.25,NA,Electric sounder measurement,Water level accuracy to nearest tenth of a foot,5161,Mojave Water Agency,NA,5161,Mojave Water Agency
7852,347697N1173373W002,2070513,2013-10-21T08:48:00Z,2453.06,2453.06,0,67.23,2385.83,67.23,67.23,NA,Electric sounder measurement,Water level accuracy to nearest tenth of a foot,5161,Mojave Water Agency,NA,5161,Mojave Water Agency
7852,347697N1173373W002,2070512,2013-09-04T13:10:00Z,2453.06,2453.06,0,67.14,2385.92,67.14,67.14,NA,Electric sounder measurement,Water level accuracy to nearest tenth of a foot,5161,Mojave Water Agency,NA,5161,Mojave Water Agency
7852,347697N1173373W002,2070511,2013-08-13T11:07:00Z,2453.06,2453.06,0,67.06,2386,67.06,67.06,NA,Electric sounder measurement,Water level accuracy to nearest tenth of a foot,5161,Mojave Water Agency,NA,5161,Mojave Water Agency
7852,347697N1173373W002,2070510,2013-07-23T12:57:00Z,2453.06,2453.06,0,67.08,2385.98,67.08,67.08,NA,Electric sounder measurement,Water level accuracy to nearest tenth of a foot,5161,Mojave Water Agency,NA,5161,Mojave Water Agency
7852,347697N1173373W002,2070509,2013-06-27T09:38:00Z,2453.06,2453.06,0,66.99,2386.07,66.99,66.99,NA,Electric sounder measurement,Water level accuracy to nearest tenth of a foot,5161,Mojave Water Agency,NA,5161,Mojave Water Agency
7852,347697N1173373W002,2070508,2013-05-23T12:05:00Z,2453.06,2453.06,0,67.05,2386.01,67.05,67.05,NA,Electric sounder measurement,Water level accuracy to nearest tenth of a foot,5161,Mojave Water Agency,NA,5161,Mojave Water Agency
7852,347697N1173373W002,2070507,2013-04-18T14:45:00Z,2453.06,2453.06,0,67.11,2385.95,67.11,67.11,NA,Electric sounder measurement,Water level accuracy to nearest tenth of a foot,5161,Mojave Water Agency,NA,5161,Mojave Water Agency
7852,347697N1173373W002,2070506,2013-03-19T10:15:00Z,2453.06,2453.06,0,67.07,2385.99,67.07,67.07,NA,Electric sounder measurement,Water level accuracy to nearest tenth of a foot,5161,Mojave Water Agency,NA,5161,Mojave Water Agency
7852,347697N1173373W002,2070505,2013-02-06T14:30:00Z,2453.06,2453.06,0,66.98,2386.08,66.98,66.98,NA,Electric sounder measurement,Water level accuracy to nearest tenth of a foot,5161,Mojave Water Agency,NA,5161,Mojave Water Agency
7852,347697N1173373W002,2070504,2013-01-16T13:10:00Z,2453.06,2453.06,0,67.08,2385.98,67.08,67.08,NA,Electric sounder measurement,Water level accuracy to nearest tenth of a foot,5161,Mojave Water Agency,NA,5161,Mojave Water Agency
7852,347697N1173373W002,2070503,2012-12-17T12:50:00Z,2453.06,2453.06,0,67.07,2385.99,67.07,67.07,NA,Electric sounder measurement,Water level accuracy to nearest tenth of a foot,5161,Mojave Water Agency,NA,5161,Mojave Water Agency
7852,347697N1173373W002,2070502,2012-11-26T15:40:00Z,2453.06,2453.06,0,67.06,2386,67.06,67.06,NA,Electric sounder measurement,Water level accuracy to nearest tenth of a foot,5161,Mojave Water Agency,NA,5161,Mojave Water Agency
7852,347697N1173373W002,2070501,2012-10-23T14:20:00Z,2453.06,2453.06,0,67.03,2386.03,67.03,67.03,NA,Electric sounder measurement,Water level accuracy to nearest tenth of a foot,5161,Mojave Water Agency,NA,5161,Mojave Water Agency
7852,347697N1173373W002,2070500,2012-09-10T13:10:00Z,2453.06,2453.06,0,66.93,2386.13,66.93,66.93,NA,Electric sounder measurement,Water level accuracy to nearest tenth of a foot,5161,Mojave Water Agency,NA,5161,Mojave Water Agency
7852,347697N1173373W002,2070499,2012-08-15T11:45:00Z,2453.06,2453.06,0,66.93,2386.13,66.93,66.93,NA,Electric sounder measurement,Water level accuracy to nearest tenth of a foot,5161,Mojave Water Agency,NA,5161,Mojave Water Agency
7852,347697N1173373W002,2070498,2012-07-09T12:00:00Z,2453.06,2453.06,0,66.82,2386.24,66.82,66.82,NA,Electric sounder measurement,Water level accuracy to nearest tenth of a foot,5161,Mojave Water Agency,NA,5161,Mojave Water Agency
7852,347697N1173373W002,2070497,2012-06-11T15:50:00Z,2453.06,2453.06,0,66.82,2386.24,66.82,66.82,NA,Electric sounder measurement,Water level accuracy to nearest tenth of a foot,5161,Mojave Water Agency,NA,5161,Mojave Water Agency
7852,347697N1173373W002,2070496,2012-05-07T12:05:00Z,2453.06,2453.06,0,66.88,2386.18,66.88,66.88,NA,Electric sounder measurement,Water level accuracy to nearest tenth of a foot,5161,Mojave Water Agency,NA,5161,Mojave Water Agency
7852,347697N1173373W002,2070495,2012-04-09T13:55:00Z,2453.06,2453.06,0,66.9,2386.16,66.9,66.9,NA,Electric sounder measurement,Water level accuracy to nearest tenth of a foot,5161,Mojave Water Agency,NA,5161,Mojave Water Agency
7852,347697N1173373W002,2070494,2012-03-13T11:18:00Z,2453.06,2453.06,0,66.91,2386.15,66.91,66.91,NA,Electric sounder measurement,Water level accuracy to nearest tenth of a foot,5161,Mojave Water Agency,NA,5161,Mojave Water Agency
7852,347697N1173373W002,2070493,2012-02-21T14:50:00Z,2453.06,2453.06,0,66.92,2386.14,66.92,66.92,NA,Electric sounder measurement,Water level accuracy to nearest tenth of a foot,5161,Mojave Water Agency,NA,5161,Mojave Water Agency
7852,347697N1173373W002,2070492,2012-01-27T11:50:00Z,2453.06,2453.06,0,67.03,2386.03,67.03,67.03,NA,Electric sounder measurement,Water level accuracy to nearest tenth of a foot,5161,Mojave Water Agency,NA,5161,Mojave Water Agency
7852,347697N1173373W002,2070491,2011-12-16T11:34:00Z,2453.06,2453.06,0,67.13,2385.93,67.13,67.13,NA,Electric sounder measurement,Water level accuracy to nearest tenth of a foot,5161,Mojave Water Agency,NA,5161,Mojave Water Agency
7852,347697N1173373W002,2070490,2011-11-29T15:05:00Z,2453.06,2453.06,0,67.13,2385.93,67.13,67.13,NA,Electric sounder measurement,Water level accuracy to nearest tenth of a foot,5161,Mojave Water Agency,NA,5161,Mojave Water Agency
7852,347697N1173373W002,2070489,2011-09-22T14:44:00Z,2453.06,2453.06,0,67.19,2385.87,67.19,67.19,NA,Electric sounder measurement,Water level accuracy to nearest tenth of a foot,5161,Mojave Water Agency,NA,5161,Mojave Water Agency
7852,347697N1173373W002,2070488,2011-09-07T11:35:00Z,2453.06,2453.06,0,67.22,2385.84,67.22,67.22,NA,Electric sounder measurement,Water level accuracy to nearest tenth of a foot,5161,Mojave Water Agency,NA,5161,Mojave Water Agency
7852,347697N1173373W002,2070487,2011-08-15T15:05:00Z,2453.06,2453.06,0,67.19,2385.87,67.19,67.19,NA,Electric sounder measurement,Water level accuracy to nearest tenth of a foot,5161,Mojave Water Agency,NA,5161,Mojave Water Agency
7852,347697N1173373W002,2070486,2011-07-20T11:10:00Z,2453.06,2453.06,0,67.23,2385.83,67.23,67.23,NA,Electric sounder measurement,Water level accuracy to nearest tenth of a foot,5161,Mojave Water Agency,NA,5161,Mojave Water Agency
7852,347697N1173373W002,2070485,2011-06-27T12:06:00Z,2453.06,2453.06,0,67.35,2385.71,67.35,67.35,NA,Electric sounder measurement,Water level accuracy to nearest tenth of a foot,5161,Mojave Water Agency,NA,5161,Mojave Water Agency
7852,347697N1173373W002,2070484,2011-05-19T10:28:00Z,2453.06,2453.06,0,67.47,2385.59,67.47,67.47,NA,Electric sounder measurement,Water level accuracy to nearest tenth of a foot,5161,Mojave Water Agency,NA,5161,Mojave Water Agency
7852,347697N1173373W002,2070483,2011-04-12T12:27:00Z,2453.06,2453.06,0,67.56,2385.5,67.56,67.56,NA,Electric sounder measurement,Water level accuracy to nearest tenth of a foot,5161,Mojave Water Agency,NA,5161,Mojave Water Agency
7852,347697N1173373W002,2070482,2011-03-23T00:00:00Z,2453.06,2453.06,0,67.76,2385.3,67.76,67.76,NA,Electric sounder measurement,Water level accuracy to nearest tenth of a foot,5161,Mojave Water Agency,NA,5161,Mojave Water Agency
7852,347697N1173373W002,2070481,2011-02-14T00:00:00Z,2453.06,2453.06,0,68.11,2384.95,68.11,68.11,NA,Electric sounder measurement,Water level accuracy to nearest tenth of a foot,5161,Mojave Water Agency,NA,5161,Mojave Water Agency
7852,347697N1173373W002,2070480,2011-01-20T00:00:00Z,2453.06,2453.06,0,68.31,2384.75,68.31,68.31,NA,Electric sounder measurement,Water level accuracy to nearest tenth of a foot,5161,Mojave Water Agency,NA,5161,Mojave Water Agency
7852,347697N1173373W002,2070479,2010-12-15T00:00:00Z,2453.06,2453.06,0,68.53,2384.53,68.53,68.53,NA,Electric sounder measurement,Water level accuracy to nearest tenth of a foot,5161,Mojave Water Agency,NA,5161,Mojave Water Agency
7852,347697N1173373W002,2070478,2010-11-01T00:00:00Z,2453.06,2453.06,0,68.71,2384.35,68.71,68.71,NA,Electric sounder measurement,Water level accuracy to nearest tenth of a foot,5161,Mojave Water Agency,NA,5161,Mojave Water Agency
7852,347697N1173373W002,2070477,2010-10-08T00:00:00Z,2453.06,2453.06,0,68.76,2384.3,68.76,68.76,NA,Electric sounder measurement,Water level accuracy to nearest tenth of a foot,5161,Mojave Water Agency,NA,5161,Mojave Water Agency
7852,347697N1173373W002,2070476,2010-08-31T00:00:00Z,2453.06,2453.06,0,68.95,2384.11,68.95,68.95,NA,Electric sounder measurement,Water level accuracy to nearest tenth of a foot,5161,Mojave Water Agency,NA,5161,Mojave Water Agency
7852,347697N1173373W002,2070475,2010-07-27T00:00:00Z,2453.06,2453.06,0,69.03,2384.03,69.03,69.03,NA,Electric sounder measurement,Water level accuracy to nearest tenth of a foot,5161,Mojave Water Agency,NA,5161,Mojave Water Agency
7852,347697N1173373W002,2070474,2010-07-07T00:00:00Z,2453.06,2453.06,0,69.07,2383.99,69.07,69.07,NA,Electric sounder measurement,Water level accuracy to nearest tenth of a foot,5161,Mojave Water Agency,NA,5161,Mojave Water Agency
7852,347697N1173373W002,2070473,2010-06-15T00:00:00Z,2453.06,2453.06,0,69.11,2383.95,69.11,69.11,NA,Electric sounder measurement,Water level accuracy to nearest tenth of a foot,5161,Mojave Water Agency,NA,5161,Mojave Water Agency
7852,347697N1173373W002,2070472,2010-05-04T00:00:00Z,2453.06,2453.06,0,69.2,2383.86,69.2,69.2,NA,Electric sounder measurement,Water level accuracy to nearest tenth of a foot,5161,Mojave Water Agency,NA,5161,Mojave Water Agency
7852,347697N1173373W002,2070471,2010-03-29T00:00:00Z,2453.06,2453.06,0,69.24,2383.82,69.24,69.24,NA,Electric sounder measurement,Water level accuracy to nearest tenth of a foot,5161,Mojave Water Agency,NA,5161,Mojave Water Agency
7852,347697N1173373W002,2070470,2010-03-08T00:00:00Z,2453.06,2453.06,0,69.32,2383.74,69.32,69.32,NA,Electric sounder measurement,Water level accuracy to nearest tenth of a foot,5161,Mojave Water Agency,NA,5161,Mojave Water Agency
7852,347697N1173373W002,2070469,2010-02-02T00:00:00Z,2453.06,2453.06,0,69.48,2383.58,69.48,69.48,NA,Electric sounder measurement,Water level accuracy to nearest tenth of a foot,5161,Mojave Water Agency,NA,5161,Mojave Water Agency
7852,347697N1173373W002,2070468,2009-12-28T00:00:00Z,2453.06,2453.06,0,69.48,2383.58,69.48,69.48,NA,Electric sounder measurement,Water level accuracy to nearest tenth of a foot,5161,Mojave Water Agency,NA,5161,Mojave Water Agency
7852,347697N1173373W002,2070467,2009-11-23T00:00:00Z,2453.06,2453.06,0,67.21,2385.85,67.21,67.21,NA,Electric sounder measurement,Water level accuracy to nearest tenth of a foot,5161,Mojave Water Agency,NA,5161,Mojave Water Agency
7852,347697N1173373W002,2070466,2009-11-04T00:00:00Z,2453.06,2453.06,0,67.13,2385.93,67.13,67.13,NA,Electric sounder measurement,Water level accuracy to nearest tenth of a foot,5161,Mojave Water Agency,NA,5161,Mojave Water Agency
7852,347697N1173373W002,2070465,2009-10-07T00:00:00Z,2453.06,2453.06,0,69.31,2383.75,69.31,69.31,NA,Electric sounder measurement,Water level accuracy to nearest tenth of a foot,5161,Mojave Water Agency,NA,5161,Mojave Water Agency
7852,347697N1173373W002,2070464,2009-08-31T00:00:00Z,2453.06,2453.06,0,66.96,2386.1,66.96,66.96,NA,Electric sounder measurement,Water level accuracy to nearest tenth of a foot,5161,Mojave Water Agency,NA,5161,Mojave Water Agency
7852,347697N1173373W002,2070463,2009-07-28T00:00:00Z,2453.06,2453.06,0,69.07,2383.99,69.07,69.07,NA,Electric sounder measurement,Water level accuracy to nearest tenth of a foot,5161,Mojave Water Agency,NA,5161,Mojave Water Agency
7852,347697N1173373W002,2070462,2009-06-29T00:00:00Z,2453.06,2453.06,0,69.03,2384.03,69.03,69.03,NA,Electric sounder measurement,Water level accuracy to nearest tenth of a foot,5161,Mojave Water Agency,NA,5161,Mojave Water Agency
7852,347697N1173373W002,2070461,2009-06-01T00:00:00Z,2453.06,2453.06,0,69.02,2384.04,69.02,69.02,NA,Electric sounder measurement,Water level accuracy to nearest tenth of a foot,5161,Mojave Water Agency,NA,5161,Mojave Water Agency
7852,347697N1173373W002,2070460,2009-05-04T00:00:00Z,2453.06,2453.06,0,69.22,2383.84,69.22,69.22,NA,Electric sounder measurement,Water level accuracy to nearest tenth of a foot,5161,Mojave Water Agency,NA,5161,Mojave Water Agency
7852,347697N1173373W002,2070459,2009-04-06T00:00:00Z,2453.06,2453.06,0,69.39,2383.67,69.39,69.39,NA,Electric sounder measurement,Water level accuracy to nearest tenth of a foot,5161,Mojave Water Agency,NA,5161,Mojave Water Agency
7852,347697N1173373W002,2070458,2009-03-03T00:00:00Z,2453.06,2453.06,0,69.52,2383.54,69.52,69.52,NA,Electric sounder measurement,Water level accuracy to nearest tenth of a foot,5161,Mojave Water Agency,NA,5161,Mojave Water Agency
7852,347697N1173373W002,2070457,2009-02-03T00:00:00Z,2453.06,2453.06,0,67.36,2385.7,67.36,67.36,NA,Electric sounder measurement,Water level accuracy to nearest tenth of a foot,5161,Mojave Water Agency,NA,5161,Mojave Water Agency
7852,347697N1173373W002,2070456,2009-01-06T00:00:00Z,2453.06,2453.06,0,69.69,2383.37,69.69,69.69,NA,Electric sounder measurement,Water level accuracy to nearest tenth of a foot,5161,Mojave Water Agency,NA,5161,Mojave Water Agency
7852,347697N1173373W002,2070455,2008-12-02T00:00:00Z,2453.06,2453.06,0,69.65,2383.41,69.65,69.65,NA,Electric sounder measurement,Water level accuracy to nearest tenth of a foot,5161,Mojave Water Agency,NA,5161,Mojave Water Agency
7852,347697N1173373W002,2070454,2008-11-05T00:00:00Z,2453.06,2453.06,0,69.62,2383.44,69.62,69.62,NA,Electric sounder measurement,Water level accuracy to nearest tenth of a foot,5161,Mojave Water Agency,NA,5161,Mojave Water Agency
7852,347697N1173373W002,2070453,2008-10-01T00:00:00Z,2453.06,2453.06,0,69.45,2383.61,69.45,69.45,NA,Electric sounder measurement,Water level accuracy to nearest tenth of a foot,5161,Mojave Water Agency,NA,5161,Mojave Water Agency
7852,347697N1173373W002,2070452,2008-09-03T00:00:00Z,2453.06,2453.06,0,66.99,2386.07,66.99,66.99,NA,Electric sounder measurement,Water level accuracy to nearest tenth of a foot,5161,Mojave Water Agency,NA,5161,Mojave Water Agency
7852,347697N1173373W002,2070451,2008-08-06T00:00:00Z,2453.06,2453.06,0,69.17,2383.89,69.17,69.17,NA,Electric sounder measurement,Water level accuracy to nearest tenth of a foot,5161,Mojave Water Agency,NA,5161,Mojave Water Agency
7852,347697N1173373W002,2070450,2008-07-07T00:00:00Z,2453.06,2453.06,0,69.11,2383.95,69.11,69.11,NA,Electric sounder measurement,Water level accuracy to nearest tenth of a foot,5161,Mojave Water Agency,NA,5161,Mojave Water Agency
7852,347697N1173373W002,2070449,2008-06-05T00:00:00Z,2453.06,2453.06,0,69.11,2383.95,69.11,69.11,NA,Electric sounder measurement,Water level accuracy to nearest tenth of a foot,5161,Mojave Water Agency,NA,5161,Mojave Water Agency
7852,347697N1173373W002,2070448,2008-05-07T00:00:00Z,2453.06,2453.06,0,69.11,2383.95,69.11,69.11,NA,Electric sounder measurement,Water level accuracy to nearest tenth of a foot,5161,Mojave Water Agency,NA,5161,Mojave Water Agency
7852,347697N1173373W002,2070447,2008-04-07T00:00:00Z,2453.06,2453.06,0,69.36,2383.7,69.36,69.36,NA,Electric sounder measurement,Water level accuracy to nearest tenth of a foot,5161,Mojave Water Agency,NA,5161,Mojave Water Agency
7852,347697N1173373W002,2070446,2008-03-06T00:00:00Z,2453.06,2453.06,0,69.51,2383.55,69.51,69.51,NA,Electric sounder measurement,Water level accuracy to nearest tenth of a foot,5161,Mojave Water Agency,NA,5161,Mojave Water Agency
7852,347697N1173373W002,2070445,2008-02-05T00:00:00Z,2453.06,2453.06,0,69.64,2383.42,69.64,69.64,NA,Electric sounder measurement,Water level accuracy to nearest tenth of a foot,5161,Mojave Water Agency,NA,5161,Mojave Water Agency
7852,347697N1173373W002,2070444,2008-01-03T00:00:00Z,2453.06,2453.06,0,69.66,2383.4,69.66,69.66,NA,Electric sounder measurement,Water level accuracy to nearest tenth of a foot,5161,Mojave Water Agency,NA,5161,Mojave Water Agency
7852,347697N1173373W002,2070443,2007-12-05T00:00:00Z,2453.06,2453.06,0,69.71,2383.35,69.71,69.71,NA,Electric sounder measurement,Water level accuracy to nearest tenth of a foot,5161,Mojave Water Agency,NA,5161,Mojave Water Agency
7852,347697N1173373W002,2070442,2007-11-01T00:00:00Z,2453.06,2453.06,0,69.63,2383.43,69.63,69.63,NA,Electric sounder measurement,Water level accuracy to nearest tenth of a foot,5161,Mojave Water Agency,NA,5161,Mojave Water Agency
7852,347697N1173373W002,2070441,2007-10-04T00:00:00Z,2453.06,2453.06,0,69.52,2383.54,69.52,69.52,NA,Electric sounder measurement,Water level accuracy to nearest tenth of a foot,5161,Mojave Water Agency,NA,5161,Mojave Water Agency
7852,347697N1173373W002,2070440,2007-09-05T00:00:00Z,2453.06,2453.06,0,69.48,2383.58,69.48,69.48,NA,Electric sounder measurement,Water level accuracy to nearest tenth of a foot,5161,Mojave Water Agency,NA,5161,Mojave Water Agency
7852,347697N1173373W002,2070439,2007-08-06T00:00:00Z,2453.06,2453.06,0,69.46,2383.6,69.46,69.46,NA,Electric sounder measurement,Water level accuracy to nearest tenth of a foot,5161,Mojave Water Agency,NA,5161,Mojave Water Agency
7852,347697N1173373W002,2070438,2007-07-11T00:00:00Z,2453.06,2453.06,0,67.12,2385.94,67.12,67.12,NA,Electric sounder measurement,Water level accuracy to nearest tenth of a foot,5161,Mojave Water Agency,NA,5161,Mojave Water Agency
7852,347697N1173373W002,2070437,2007-06-05T00:00:00Z,2453.06,2453.06,0,67.06,2386,67.06,67.06,NA,Electric sounder measurement,Water level accuracy to nearest tenth of a foot,5161,Mojave Water Agency,NA,5161,Mojave Water Agency
7852,347697N1173373W002,2070436,2007-05-03T00:00:00Z,2453.06,2453.06,0,67.13,2385.93,67.13,67.13,NA,Electric sounder measurement,Water level accuracy to nearest tenth of a foot,5161,Mojave Water Agency,NA,5161,Mojave Water Agency
7852,347697N1173373W002,2070435,2007-04-04T00:00:00Z,2453.06,2453.06,0,67.19,2385.87,67.19,67.19,NA,Electric sounder measurement,Water level accuracy to nearest tenth of a foot,5161,Mojave Water Agency,NA,5161,Mojave Water Agency
7852,347697N1173373W002,2070434,2007-03-08T00:00:00Z,2453.06,2453.06,0,67.22,2385.84,67.22,67.22,NA,Electric sounder measurement,Water level accuracy to nearest tenth of a foot,5161,Mojave Water Agency,NA,5161,Mojave Water Agency
7852,347697N1173373W002,2070433,2007-02-06T00:00:00Z,2453.06,2453.06,0,67.28,2385.78,67.28,67.28,NA,Electric sounder measurement,Water level accuracy to nearest tenth of a foot,5161,Mojave Water Agency,NA,5161,Mojave Water Agency
7852,347697N1173373W002,2070432,2007-01-04T00:00:00Z,2453.06,2453.06,0,69.64,2383.42,69.64,69.64,NA,Electric sounder measurement,Water level accuracy to nearest tenth of a foot,5161,Mojave Water Agency,NA,5161,Mojave Water Agency
7852,347697N1173373W002,2070431,2006-12-07T00:00:00Z,2453.06,2453.06,0,67.42,2385.64,67.42,67.42,NA,Electric sounder measurement,Water level accuracy to nearest tenth of a foot,5161,Mojave Water Agency,NA,5161,Mojave Water Agency
7852,347697N1173373W002,2070430,2006-11-07T00:00:00Z,2453.06,2453.06,0,67.41,2385.65,67.41,67.41,NA,Electric sounder measurement,Water level accuracy to nearest tenth of a foot,5161,Mojave Water Agency,NA,5161,Mojave Water Agency
7852,347697N1173373W002,2070429,2006-10-11T00:00:00Z,2453.06,2453.06,0,67.35,2385.71,67.35,67.35,NA,Electric sounder measurement,Water level accuracy to nearest tenth of a foot,5161,Mojave Water Agency,NA,5161,Mojave Water Agency
7852,347697N1173373W002,2070428,2006-09-11T00:00:00Z,2453.06,2453.06,0,67.34,2385.72,67.34,67.34,NA,Electric sounder measurement,Water level accuracy to nearest tenth of a foot,5161,Mojave Water Agency,NA,5161,Mojave Water Agency
7852,347697N1173373W002,2070427,2006-08-02T00:00:00Z,2453.06,2453.06,0,67.34,2385.72,67.34,67.34,NA,Electric sounder measurement,Water level accuracy to nearest tenth of a foot,5161,Mojave Water Agency,NA,5161,Mojave Water Agency
7852,347697N1173373W002,2070426,2006-07-03T00:00:00Z,2453.06,2453.06,0,67.4,2385.66,67.4,67.4,NA,Electric sounder measurement,Water level accuracy to nearest tenth of a foot,5161,Mojave Water Agency,NA,5161,Mojave Water Agency
7852,347697N1173373W002,2070425,2006-06-01T00:00:00Z,2453.06,2453.06,0,67.53,2385.53,67.53,67.53,NA,Electric sounder measurement,Water level accuracy to nearest tenth of a foot,5161,Mojave Water Agency,NA,5161,Mojave Water Agency
7852,347697N1173373W002,2070424,2006-05-16T00:00:00Z,2453.06,2453.06,0,67.65,2385.41,67.65,67.65,NA,Electric sounder measurement,Water level accuracy to nearest tenth of a foot,5161,Mojave Water Agency,NA,5161,Mojave Water Agency
7852,347697N1173373W002,2070423,2006-04-04T00:00:00Z,2453.06,2453.06,0,67.83,2385.23,67.83,67.83,NA,Electric sounder measurement,Water level accuracy to nearest tenth of a foot,5161,Mojave Water Agency,NA,5161,Mojave Water Agency
7852,347697N1173373W002,2070422,2006-03-06T00:00:00Z,2453.06,2453.06,0,68.16,2384.9,68.16,68.16,NA,Electric sounder measurement,Water level accuracy to nearest tenth of a foot,5161,Mojave Water Agency,NA,5161,Mojave Water Agency
7852,347697N1173373W002,2070421,2006-02-02T00:00:00Z,2453.06,2453.06,0,68.41,2384.65,68.41,68.41,NA,Electric sounder measurement,Water level accuracy to nearest tenth of a foot,5161,Mojave Water Agency,NA,5161,Mojave Water Agency
7852,347697N1173373W002,2070420,2006-01-05T00:00:00Z,2453.06,2453.06,0,68.63,2384.43,68.63,68.63,NA,Electric sounder measurement,Water level accuracy to nearest tenth of a foot,5161,Mojave Water Agency,NA,5161,Mojave Water Agency
7852,347697N1173373W002,2070419,2005-12-13T00:00:00Z,2453.06,2453.06,0,68.7,2384.36,68.7,68.7,NA,Electric sounder measurement,Water level accuracy to nearest tenth of a foot,5161,Mojave Water Agency,NA,5161,Mojave Water Agency
7852,347697N1173373W002,2070418,2005-11-10T00:00:00Z,2453.06,2453.06,0,68.93,2384.13,68.93,68.93,NA,Electric sounder measurement,Water level accuracy to nearest tenth of a foot,5161,Mojave Water Agency,NA,5161,Mojave Water Agency
7852,347697N1173373W002,2070417,2005-10-11T00:00:00Z,2453.06,2453.06,0,69.12,2383.94,69.12,69.12,NA,Electric sounder measurement,Water level accuracy to nearest tenth of a foot,5161,Mojave Water Agency,NA,5161,Mojave Water Agency
7852,347697N1173373W002,2070416,2005-09-21T00:00:00Z,2453.06,2453.06,0,69.21,2383.85,69.21,69.21,NA,Electric sounder measurement,Water level accuracy to nearest tenth of a foot,5161,Mojave Water Agency,NA,5161,Mojave Water Agency
7852,347697N1173373W002,2070415,2005-08-17T00:00:00Z,2453.06,2453.06,0,69.49,2383.57,69.49,69.49,NA,Electric sounder measurement,Water level accuracy to nearest tenth of a foot,5161,Mojave Water Agency,NA,5161,Mojave Water Agency
7852,347697N1173373W002,2070414,2005-06-10T00:00:00Z,2453.06,2453.06,0,69.86,2383.2,69.86,69.86,NA,Electric sounder measurement,Water level accuracy to nearest tenth of a foot,5161,Mojave Water Agency,NA,5161,Mojave Water Agency
7852,347697N1173373W002,2070413,2005-05-16T00:00:00Z,2453.06,2453.06,0,70.02,2383.04,70.02,70.02,NA,Electric sounder measurement,Water level accuracy to nearest tenth of a foot,5161,Mojave Water Agency,NA,5161,Mojave Water Agency
7852,347697N1173373W002,2070412,2005-04-18T00:00:00Z,2453.06,2453.06,0,70.32,2382.74,70.32,70.32,NA,Electric sounder measurement,Water level accuracy to nearest tenth of a foot,5161,Mojave Water Agency,NA,5161,Mojave Water Agency
7852,347697N1173373W002,2070411,2005-03-07T00:00:00Z,2453.06,2453.06,0,70.75,2382.31,70.75,70.75,NA,Electric sounder measurement,Water level accuracy to nearest tenth of a foot,5161,Mojave Water Agency,NA,5161,Mojave Water Agency
7852,347697N1173373W002,2070410,2005-02-09T00:00:00Z,2453.06,2453.06,0,71.01,2382.05,71.01,71.01,NA,Electric sounder measurement,Water level accuracy to nearest tenth of a foot,5161,Mojave Water Agency,NA,5161,Mojave Water Agency
7852,347697N1173373W002,2070409,2005-01-11T00:00:00Z,2453.06,2453.06,0,71.08,2381.98,71.08,71.08,NA,Electric sounder measurement,Water level accuracy to nearest tenth of a foot,5161,Mojave Water Agency,NA,5161,Mojave Water Agency
7852,347697N1173373W002,2070408,2004-12-07T00:00:00Z,2453.06,2453.06,0,71.29,2381.77,71.29,71.29,NA,Electric sounder measurement,Water level accuracy to nearest tenth of a foot,5161,Mojave Water Agency,NA,5161,Mojave Water Agency
7852,347697N1173373W002,2070407,2004-11-02T00:00:00Z,2453.06,2453.06,0,71.39,2381.67,71.39,71.39,NA,Electric sounder measurement,Water level accuracy to nearest tenth of a foot,5161,Mojave Water Agency,NA,5161,Mojave Water Agency
7852,347697N1173373W002,2070406,2004-10-14T00:00:00Z,2453.06,2453.06,0,71.35,2381.71,71.35,71.35,NA,Electric sounder measurement,Water level accuracy to nearest tenth of a foot,5161,Mojave Water Agency,NA,5161,Mojave Water Agency
7852,347697N1173373W002,2070405,2004-09-01T00:00:00Z,2453.06,2453.06,0,71.12,2381.94,71.12,71.12,NA,Electric sounder measurement,Water level accuracy to nearest tenth of a foot,5161,Mojave Water Agency,NA,5161,Mojave Water Agency
7852,347697N1173373W002,2070404,2004-08-04T00:00:00Z,2453.06,2453.06,0,71,2382.06,71,71,NA,Electric sounder measurement,Water level accuracy to nearest tenth of a foot,5161,Mojave Water Agency,NA,5161,Mojave Water Agency
7852,347697N1173373W002,2070403,2004-07-13T00:00:00Z,2453.06,2453.06,0,70.97,2382.09,70.97,70.97,NA,Electric sounder measurement,Water level accuracy to nearest tenth of a foot,5161,Mojave Water Agency,NA,5161,Mojave Water Agency
7852,347697N1173373W002,2070402,2004-06-22T00:00:00Z,2453.06,2453.06,0,70.89,2382.17,70.89,70.89,NA,Electric sounder measurement,Water level accuracy to nearest tenth of a foot,5161,Mojave Water Agency,NA,5161,Mojave Water Agency
7852,347697N1173373W002,2070401,2004-05-19T00:00:00Z,2453.06,2453.06,0,70.81,2382.25,70.81,70.81,NA,Electric sounder measurement,Water level accuracy to nearest tenth of a foot,5161,Mojave Water Agency,NA,5161,Mojave Water Agency
7852,347697N1173373W002,2070400,2004-04-28T00:00:00Z,2453.06,2453.06,0,70.64,2382.42,70.64,70.64,NA,Electric sounder measurement,Water level accuracy to nearest tenth of a foot,5161,Mojave Water Agency,NA,5161,Mojave Water Agency
7852,347697N1173373W002,2070399,2004-03-23T00:00:00Z,2453.06,2453.06,0,70.59,2382.47,70.59,70.59,NA,Electric sounder measurement,Water level accuracy to nearest tenth of a foot,5161,Mojave Water Agency,NA,5161,Mojave Water Agency
7852,347697N1173373W002,2070398,2004-02-23T00:00:00Z,2453.06,2453.06,0,70.63,2382.43,70.63,70.63,NA,Electric sounder measurement,Water level accuracy to nearest tenth of a foot,5161,Mojave Water Agency,NA,5161,Mojave Water Agency
7852,347697N1173373W002,2070397,2004-01-12T00:00:00Z,2453.06,2453.06,0,70.79,2382.27,70.79,70.79,NA,Electric sounder measurement,Water level accuracy to nearest tenth of a foot,5161,Mojave Water Agency,NA,5161,Mojave Water Agency
7852,347697N1173373W002,2070396,2003-12-12T00:00:00Z,2453.06,2453.06,0,70.81,2382.25,70.81,70.81,NA,Electric sounder measurement,Water level accuracy to nearest tenth of a foot,5161,Mojave Water Agency,NA,5161,Mojave Water Agency
7852,347697N1173373W002,2070395,2003-11-19T00:00:00Z,2453.06,2453.06,0,70.91,2382.15,70.91,70.91,NA,Electric sounder measurement,Water level accuracy to nearest tenth of a foot,5161,Mojave Water Agency,NA,5161,Mojave Water Agency
7852,347697N1173373W002,2070394,2003-10-15T00:00:00Z,2453.06,2453.06,0,70.78,2382.28,70.78,70.78,NA,Electric sounder measurement,Water level accuracy to nearest tenth of a foot,5161,Mojave Water Agency,NA,5161,Mojave Water Agency
7852,347697N1173373W002,2070393,2003-09-05T00:00:00Z,2453.06,2453.06,0,70.71,2382.35,70.71,70.71,NA,Electric sounder measurement,Water level accuracy to nearest tenth of a foot,5161,Mojave Water Agency,NA,5161,Mojave Water Agency
7852,347697N1173373W002,2070392,2003-07-22T00:00:00Z,2453.06,2453.06,0,70.59,2382.47,70.59,70.59,NA,Electric sounder measurement,Water level accuracy to nearest tenth of a foot,5161,Mojave Water Agency,NA,5161,Mojave Water Agency
7852,347697N1173373W002,2070391,2003-06-17T00:00:00Z,2453.06,2453.06,0,70.45,2382.61,70.45,70.45,NA,Electric sounder measurement,Water level accuracy to nearest tenth of a foot,5161,Mojave Water Agency,NA,5161,Mojave Water Agency
7852,347697N1173373W002,2070390,2003-06-02T00:00:00Z,2453.06,2453.06,0,70.35,2382.71,70.35,70.35,NA,Electric sounder measurement,Water level accuracy to nearest tenth of a foot,5161,Mojave Water Agency,NA,5161,Mojave Water Agency
7852,347697N1173373W002,2070389,2003-04-30T00:00:00Z,2453.06,2453.06,0,70.47,2382.59,70.47,70.47,NA,Electric sounder measurement,Water level accuracy to nearest tenth of a foot,5161,Mojave Water Agency,NA,5161,Mojave Water Agency
7852,347697N1173373W002,2070388,2003-04-04T00:00:00Z,2453.06,2453.06,0,70.31,2382.75,70.31,70.31,NA,Electric sounder measurement,Water level accuracy to nearest tenth of a foot,5161,Mojave Water Agency,NA,5161,Mojave Water Agency
7852,347697N1173373W002,2070387,2003-03-06T00:00:00Z,2453.06,2453.06,0,70.39,2382.67,70.39,70.39,NA,Electric sounder measurement,Water level accuracy to nearest tenth of a foot,5161,Mojave Water Agency,NA,5161,Mojave Water Agency
7852,347697N1173373W002,2070386,2003-01-13T00:00:00Z,2453.06,2453.06,0,70.43,2382.63,70.43,70.43,NA,Electric sounder measurement,Water level accuracy to nearest tenth of a foot,5161,Mojave Water Agency,NA,5161,Mojave Water Agency
7852,347697N1173373W002,2070385,2002-09-09T00:00:00Z,2453.06,2453.06,0,70.14,2382.92,70.14,70.14,NA,Electric sounder measurement,Water level accuracy to nearest tenth of a foot,5161,Mojave Water Agency,NA,5161,Mojave Water Agency
7852,347697N1173373W002,2070384,2002-07-02T00:00:00Z,2453.06,2453.06,0,69.72,2383.34,69.72,69.72,NA,Electric sounder measurement,Water level accuracy to nearest tenth of a foot,5161,Mojave Water Agency,NA,5161,Mojave Water Agency
7852,347697N1173373W002,2070383,2002-03-21T00:00:00Z,2453.06,2453.06,0,69.29,2383.77,69.29,69.29,NA,Electric sounder measurement,Water level accuracy to nearest tenth of a foot,5161,Mojave Water Agency,NA,5161,Mojave Water Agency
7852,347697N1173373W002,2070382,2002-01-25T00:00:00Z,2453.06,2453.06,0,69.27,2383.79,69.27,69.27,NA,Electric sounder measurement,Water level accuracy to nearest tenth of a foot,5161,Mojave Water Agency,NA,5161,Mojave Water Agency
7852,347697N1173373W002,2070381,2001-11-05T00:00:00Z,2453.06,2453.06,0,69.34,2383.72,69.34,69.34,NA,Electric sounder measurement,Water level accuracy to nearest tenth of a foot,5161,Mojave Water Agency,NA,5161,Mojave Water Agency
7852,347697N1173373W002,2070380,2001-08-29T00:00:00Z,2453.06,2453.06,0,69.07,2383.99,69.07,69.07,NA,Electric sounder measurement,Water level accuracy to nearest tenth of a foot,5161,Mojave Water Agency,NA,5161,Mojave Water Agency
7852,347697N1173373W002,2070379,2001-07-31T00:00:00Z,2453.06,2453.06,0,68.95,2384.11,68.95,68.95,NA,Electric sounder measurement,Water level accuracy to nearest tenth of a foot,5161,Mojave Water Agency,NA,5161,Mojave Water Agency
7852,347697N1173373W002,2070378,2001-06-28T00:00:00Z,2453.06,2453.06,0,68.9,2384.16,68.9,68.9,NA,Electric sounder measurement,Water level accuracy to nearest tenth of a foot,5161,Mojave Water Agency,NA,5161,Mojave Water Agency
7852,347697N1173373W002,2070377,2001-05-31T00:00:00Z,2453.06,2453.06,0,68.77,2384.29,68.77,68.77,NA,Electric sounder measurement,Water level accuracy to nearest tenth of a foot,5161,Mojave Water Agency,NA,5161,Mojave Water Agency
7852,347697N1173373W002,2070376,2001-05-10T00:00:00Z,2453.06,2453.06,0,68.42,2384.64,68.42,68.42,NA,Electric sounder measurement,Water level accuracy to nearest tenth of a foot,5161,Mojave Water Agency,NA,5161,Mojave Water Agency
7852,347697N1173373W002,2070375,2001-04-03T00:00:00Z,2453.06,2453.06,0,68.24,2384.82,68.24,68.24,NA,Electric sounder measurement,Water level accuracy to nearest tenth of a foot,5161,Mojave Water Agency,NA,5161,Mojave Water Agency
7852,347697N1173373W002,2070374,2001-03-06T00:00:00Z,2453.06,2453.06,0,68.23,2384.83,68.23,68.23,NA,Electric sounder measurement,Water level accuracy to nearest tenth of a foot,5161,Mojave Water Agency,NA,5161,Mojave Water Agency
7852,347697N1173373W002,2070373,2001-01-30T00:00:00Z,2453.06,2453.06,0,68.54,2384.52,68.54,68.54,NA,Electric sounder measurement,Water level accuracy to nearest tenth of a foot,5161,Mojave Water Agency,NA,5161,Mojave Water Agency
7852,347697N1173373W002,2070372,2000-12-19T00:00:00Z,2453.06,2453.06,0,68.66,2384.4,68.66,68.66,NA,Electric sounder measurement,Water level accuracy to nearest tenth of a foot,5161,Mojave Water Agency,NA,5161,Mojave Water Agency
7852,347697N1173373W002,2070371,2000-11-27T00:00:00Z,2453.06,2453.06,0,68.5,2384.56,68.5,68.5,NA,Electric sounder measurement,Water level accuracy to nearest tenth of a foot,5161,Mojave Water Agency,NA,5161,Mojave Water Agency
7852,347697N1173373W002,2070370,2000-10-26T00:00:00Z,2453.06,2453.06,0,68.49,2384.57,68.49,68.49,NA,Electric sounder measurement,Water level accuracy to nearest tenth of a foot,5161,Mojave Water Agency,NA,5161,Mojave Water Agency
7852,347697N1173373W002,2070369,2000-09-20T00:00:00Z,2453.06,2453.06,0,68.32,2384.74,68.32,68.32,NA,Electric sounder measurement,Water level accuracy to nearest tenth of a foot,5161,Mojave Water Agency,NA,5161,Mojave Water Agency
7852,347697N1173373W002,2070368,2000-08-23T00:00:00Z,2453.06,2453.06,0,68.52,2384.54,68.52,68.52,NA,Electric sounder measurement,Water level accuracy to nearest tenth of a foot,5161,Mojave Water Agency,NA,5161,Mojave Water Agency
7852,347697N1173373W002,2070367,2000-07-26T00:00:00Z,2453.06,2453.06,0,68.28,2384.78,68.28,68.28,NA,Electric sounder measurement,Water level accuracy to nearest tenth of a foot,5161,Mojave Water Agency,NA,5161,Mojave Water Agency
7852,347697N1173373W002,2070366,2000-06-27T00:00:00Z,2453.06,2453.06,0,68.34,2384.72,68.34,68.34,NA,Electric sounder measurement,Water level accuracy to nearest tenth of a foot,5161,Mojave Water Agency,NA,5161,Mojave Water Agency
7852,347697N1173373W002,2070365,2000-05-22T00:00:00Z,2453.06,2453.06,0,71.01,2382.05,71.01,71.01,NA,Electric sounder measurement,Water level accuracy to nearest tenth of a foot,5161,Mojave Water Agency,NA,5161,Mojave Water Agency
7852,347697N1173373W002,2070364,2000-04-26T00:00:00Z,2453.06,2453.06,0,69.52,2383.54,69.52,69.52,NA,Electric sounder measurement,Water level accuracy to nearest tenth of a foot,5161,Mojave Water Agency,NA,5161,Mojave Water Agency
7852,347697N1173373W002,2070363,2000-03-27T00:00:00Z,2453.06,2453.06,0,67.88,2385.18,67.88,67.88,NA,Electric sounder measurement,Water level accuracy to nearest tenth of a foot,5161,Mojave Water Agency,NA,5161,Mojave Water Agency
7852,347697N1173373W002,2070362,2000-02-29T00:00:00Z,2453.06,2453.06,0,67.87,2385.19,67.87,67.87,NA,Electric sounder measurement,Water level accuracy to nearest tenth of a foot,5161,Mojave Water Agency,NA,5161,Mojave Water Agency
7852,347697N1173373W002,2070361,2000-01-27T00:00:00Z,2453.06,2453.06,0,68.04,2385.02,68.04,68.04,NA,Electric sounder measurement,Water level accuracy to nearest tenth of a foot,5161,Mojave Water Agency,NA,5161,Mojave Water Agency
7852,347697N1173373W002,2070360,1999-12-20T00:00:00Z,2453.06,2453.06,0,68.11,2384.95,68.11,68.11,NA,Electric sounder measurement,Water level accuracy to nearest tenth of a foot,5161,Mojave Water Agency,NA,5161,Mojave Water Agency
7852,347697N1173373W002,2070359,1999-12-01T00:00:00Z,2453.06,2453.06,0,68.18,2384.88,68.18,68.18,NA,Electric sounder measurement,Water level accuracy to nearest tenth of a foot,5161,Mojave Water Agency,NA,5161,Mojave Water Agency
7852,347697N1173373W002,2070358,1999-10-26T00:00:00Z,2453.06,2453.06,0,68.27,2384.79,68.27,68.27,NA,Electric sounder measurement,Water level accuracy to nearest tenth of a foot,5161,Mojave Water Agency,NA,5161,Mojave Water Agency
7852,347697N1173373W002,2070357,1999-09-28T00:00:00Z,2453.06,2453.06,0,68.38,2384.68,68.38,68.38,NA,Electric sounder measurement,Water level accuracy to nearest tenth of a foot,5161,Mojave Water Agency,NA,5161,Mojave Water Agency
7852,347697N1173373W002,2070356,1999-03-29T00:00:00Z,2453.06,2453.06,0,68.59,2384.47,68.59,68.59,NA,Electric sounder measurement,Water level accuracy to nearest tenth of a foot,5161,Mojave Water Agency,NA,5161,Mojave Water Agency
7852,347697N1173373W002,2070355,1999-02-23T00:00:00Z,2453.06,2453.06,0,68.76,2384.3,68.76,68.76,NA,Electric sounder measurement,Water level accuracy to nearest tenth of a foot,5161,Mojave Water Agency,NA,5161,Mojave Water Agency
7852,347697N1173373W002,2070354,1999-01-21T00:00:00Z,2453.06,2453.06,0,68.98,2384.08,68.98,68.98,NA,Electric sounder measurement,Water level accuracy to nearest tenth of a foot,5161,Mojave Water Agency,NA,5161,Mojave Water Agency
7852,347697N1173373W002,2070353,1998-12-21T00:00:00Z,2453.06,2453.06,0,69.31,2383.75,69.31,69.31,NA,Electric sounder measurement,Water level accuracy to nearest tenth of a foot,5161,Mojave Water Agency,NA,5161,Mojave Water Agency
7852,347697N1173373W002,2070352,1998-11-23T00:00:00Z,2453.06,2453.06,0,69.35,2383.71,69.35,69.35,NA,Electric sounder measurement,Water level accuracy to nearest tenth of a foot,5161,Mojave Water Agency,NA,5161,Mojave Water Agency
7852,347697N1173373W002,2070351,1998-10-23T00:00:00Z,2453.06,2453.06,0,69.63,2383.43,69.63,69.63,NA,Electric sounder measurement,Water level accuracy to nearest tenth of a foot,5161,Mojave Water Agency,NA,5161,Mojave Water Agency
7852,347697N1173373W002,2070350,1998-09-26T00:00:00Z,2453.06,2453.06,0,69.66,2383.4,69.66,69.66,NA,Electric sounder measurement,Water level accuracy to nearest tenth of a foot,5161,Mojave Water Agency,NA,5161,Mojave Water Agency
7852,347697N1173373W002,2070349,1998-08-24T00:00:00Z,2453.06,2453.06,0,69.78,2383.28,69.78,69.78,NA,Electric sounder measurement,Water level accuracy to nearest tenth of a foot,5161,Mojave Water Agency,NA,5161,Mojave Water Agency
7852,347697N1173373W002,2070348,1998-07-28T00:00:00Z,2453.06,2453.06,0,70.11,2382.95,70.11,70.11,NA,Electric sounder measurement,Water level accuracy to nearest tenth of a foot,5161,Mojave Water Agency,NA,5161,Mojave Water Agency
7852,347697N1173373W002,2070347,1998-06-25T00:00:00Z,2453.06,2453.06,0,70.23,2382.83,70.23,70.23,NA,Electric sounder measurement,Water level accuracy to nearest tenth of a foot,5161,Mojave Water Agency,NA,5161,Mojave Water Agency
7852,347697N1173373W002,2070346,1998-05-26T00:00:00Z,2453.06,2453.06,0,70.47,2382.59,70.47,70.47,NA,Electric sounder measurement,Water level accuracy to nearest tenth of a foot,5161,Mojave Water Agency,NA,5161,Mojave Water Agency
7852,347697N1173373W002,2070345,1998-04-23T00:00:00Z,2453.06,2453.06,0,70.14,2382.92,70.14,70.14,NA,Electric sounder measurement,Water level accuracy to nearest tenth of a foot,5161,Mojave Water Agency,NA,5161,Mojave Water Agency
7852,347697N1173373W002,2070344,1998-03-27T00:00:00Z,2453.06,2453.06,0,70.25,2382.81,70.25,70.25,NA,Electric sounder measurement,Water level accuracy to nearest tenth of a foot,5161,Mojave Water Agency,NA,5161,Mojave Water Agency
7852,347697N1173373W002,2070343,1998-03-02T00:00:00Z,2453.06,2453.06,0,70.42,2382.64,70.42,70.42,NA,Electric sounder measurement,Water level accuracy to nearest tenth of a foot,5161,Mojave Water Agency,NA,5161,Mojave Water Agency
7852,347697N1173373W002,2070342,1998-01-29T00:00:00Z,2453.06,2453.06,0,70.75,2382.31,70.75,70.75,NA,Electric sounder measurement,Water level accuracy to nearest tenth of a foot,5161,Mojave Water Agency,NA,5161,Mojave Water Agency
7852,347697N1173373W002,2070341,1997-12-30T00:00:00Z,2453.06,2453.06,0,71.06,2382,71.06,71.06,NA,Electric sounder measurement,Water level accuracy to nearest tenth of a foot,5161,Mojave Water Agency,NA,5161,Mojave Water Agency
7852,347697N1173373W002,2070340,1997-11-27T00:00:00Z,2453.06,2453.06,0,71.41,2381.65,71.41,71.41,NA,Electric sounder measurement,Water level accuracy to nearest tenth of a foot,5161,Mojave Water Agency,NA,5161,Mojave Water Agency
7852,347697N1173373W002,2070339,1997-11-07T00:00:00Z,2453.06,2453.06,0,71.59,2381.47,71.59,71.59,NA,Electric sounder measurement,Water level accuracy to nearest tenth of a foot,5161,Mojave Water Agency,NA,5161,Mojave Water Agency
7852,347697N1173373W002,2070338,1997-09-23T00:00:00Z,2453.06,2453.06,0,72.07,2380.99,72.07,72.07,NA,Electric sounder measurement,Water level accuracy to nearest tenth of a foot,5161,Mojave Water Agency,NA,5161,Mojave Water Agency
7852,347697N1173373W002,2070337,1997-08-29T00:00:00Z,2453.06,2453.06,0,72.22,2380.84,72.22,72.22,NA,Electric sounder measurement,Water level accuracy to nearest tenth of a foot,5161,Mojave Water Agency,NA,5161,Mojave Water Agency
7852,347697N1173373W002,2070336,1997-07-30T00:00:00Z,2453.06,2453.06,0,72.32,2380.74,72.32,72.32,NA,Electric sounder measurement,Water level accuracy to nearest tenth of a foot,5161,Mojave Water Agency,NA,5161,Mojave Water Agency
7852,347697N1173373W002,2070335,1997-06-30T00:00:00Z,2453.06,2453.06,0,71.86,2381.2,71.86,71.86,NA,Electric sounder measurement,Water level accuracy to nearest tenth of a foot,5161,Mojave Water Agency,NA,5161,Mojave Water Agency
7852,347697N1173373W002,2070334,1997-05-29T00:00:00Z,2453.06,2453.06,0,71.77,2381.29,71.77,71.77,NA,Electric sounder measurement,Water level accuracy to nearest tenth of a foot,5161,Mojave Water Agency,NA,5161,Mojave Water Agency
7852,347697N1173373W002,2070333,1997-04-29T00:00:00Z,2453.06,2453.06,0,71.3,2381.76,71.3,71.3,NA,Electric sounder measurement,Water level accuracy to nearest tenth of a foot,5161,Mojave Water Agency,NA,5161,Mojave Water Agency
7852,347697N1173373W002,2070332,1997-03-27T00:00:00Z,2453.06,2453.06,0,70.67,2382.39,70.67,70.67,NA,Electric sounder measurement,Water level accuracy to nearest tenth of a foot,5161,Mojave Water Agency,NA,5161,Mojave Water Agency
7852,347697N1173373W002,2070331,1997-02-27T00:00:00Z,2453.06,2453.06,0,70.07,2382.99,70.07,70.07,NA,Electric sounder measurement,Water level accuracy to nearest tenth of a foot,5161,Mojave Water Agency,NA,5161,Mojave Water Agency
7852,347697N1173373W002,2070330,1997-01-30T00:00:00Z,2453.06,2453.06,0,70.24,2382.82,70.24,70.24,NA,Electric sounder measurement,Water level accuracy to nearest tenth of a foot,5161,Mojave Water Agency,NA,5161,Mojave Water Agency
7852,347697N1173373W002,2070329,1997-01-02T00:00:00Z,2453.06,2453.06,0,70.41,2382.65,70.41,70.41,NA,Electric sounder measurement,Water level accuracy to nearest tenth of a foot,5161,Mojave Water Agency,NA,5161,Mojave Water Agency
7852,347697N1173373W002,2070328,1996-11-27T00:00:00Z,2453.06,2453.06,0,70.74,2382.32,70.74,70.74,NA,Electric sounder measurement,Water level accuracy to nearest tenth of a foot,5161,Mojave Water Agency,NA,5161,Mojave Water Agency
7852,347697N1173373W002,2070327,1996-10-22T00:00:00Z,2453.06,2453.06,0,71.32,2381.74,71.32,71.32,NA,Electric sounder measurement,Water level accuracy to nearest tenth of a foot,5161,Mojave Water Agency,NA,5161,Mojave Water Agency
7852,347697N1173373W002,2070326,1996-09-26T00:00:00Z,2453.06,2453.06,0,71.56,2381.5,71.56,71.56,NA,Electric sounder measurement,Water level accuracy to nearest tenth of a foot,5161,Mojave Water Agency,NA,5161,Mojave Water Agency
7852,347697N1173373W002,2070325,1996-08-21T00:00:00Z,2453.06,2453.06,0,71.5,2381.56,71.5,71.5,NA,Electric sounder measurement,Water level accuracy to nearest tenth of a foot,5161,Mojave Water Agency,NA,5161,Mojave Water Agency
7852,347697N1173373W002,2070324,1996-07-31T00:00:00Z,2453.06,2453.06,0,71.27,2381.79,71.27,71.27,NA,Electric sounder measurement,Water level accuracy to nearest tenth of a foot,5161,Mojave Water Agency,NA,5161,Mojave Water Agency
7852,347697N1173373W002,2070323,1996-07-02T00:00:00Z,2453.06,2453.06,0,71.06,2382,71.06,71.06,NA,Electric sounder measurement,Water level accuracy to nearest tenth of a foot,5161,Mojave Water Agency,NA,5161,Mojave Water Agency
7852,347697N1173373W002,2070322,1996-05-30T00:00:00Z,2453.06,2453.06,0,71.19,2381.87,71.19,71.19,NA,Electric sounder measurement,Water level accuracy to nearest tenth of a foot,5161,Mojave Water Agency,NA,5161,Mojave Water Agency
7852,347697N1173373W002,2070321,1996-04-29T00:00:00Z,2453.06,2453.06,0,70.95,2382.11,70.95,70.95,NA,Electric sounder measurement,Water level accuracy to nearest tenth of a foot,5161,Mojave Water Agency,NA,5161,Mojave Water Agency
7852,347697N1173373W002,2070320,1996-03-27T00:00:00Z,2453.06,2453.06,0,70.19,2382.87,70.19,70.19,NA,Electric sounder measurement,Water level accuracy to nearest tenth of a foot,5161,Mojave Water Agency,NA,5161,Mojave Water Agency
7852,347697N1173373W002,2070319,1996-02-29T00:00:00Z,2453.06,2453.06,0,70.33,2382.73,70.33,70.33,NA,Electric sounder measurement,Water level accuracy to nearest tenth of a foot,5161,Mojave Water Agency,NA,5161,Mojave Water Agency
7852,347697N1173373W002,2070318,1996-01-31T00:00:00Z,2453.06,2453.06,0,70.29,2382.77,70.29,70.29,NA,Electric sounder measurement,Water level accuracy to nearest tenth of a foot,5161,Mojave Water Agency,NA,5161,Mojave Water Agency
7852,347697N1173373W002,2070317,1995-12-18T00:00:00Z,2453.06,2453.06,0,71,2382.06,71,71,NA,Electric sounder measurement,Water level accuracy to nearest tenth of a foot,5161,Mojave Water Agency,NA,5161,Mojave Water Agency
7852,347697N1173373W002,2070316,1995-11-27T00:00:00Z,2453.06,2453.06,0,71.42,2381.64,71.42,71.42,NA,Electric sounder measurement,Water level accuracy to nearest tenth of a foot,5161,Mojave Water Agency,NA,5161,Mojave Water Agency
7852,347697N1173373W002,2070315,1995-10-30T00:00:00Z,2453.06,2453.06,0,71.59,2381.47,71.59,71.59,NA,Electric sounder measurement,Water level accuracy to nearest tenth of a foot,5161,Mojave Water Agency,NA,5161,Mojave Water Agency
7852,347697N1173373W002,2070314,1995-09-25T00:00:00Z,2453.06,2453.06,0,71.91,2381.15,71.91,71.91,NA,Electric sounder measurement,Water level accuracy to nearest tenth of a foot,5161,Mojave Water Agency,NA,5161,Mojave Water Agency
7852,347697N1173373W002,2070313,1995-08-28T00:00:00Z,2453.06,2453.06,0,72.11,2380.95,72.11,72.11,NA,Electric sounder measurement,Water level accuracy to nearest tenth of a foot,5161,Mojave Water Agency,NA,5161,Mojave Water Agency
7852,347697N1173373W002,2070312,1995-07-25T00:00:00Z,2453.06,2453.06,0,72.12,2380.94,72.12,72.12,NA,Electric sounder measurement,Water level accuracy to nearest tenth of a foot,5161,Mojave Water Agency,NA,5161,Mojave Water Agency
7852,347697N1173373W002,2070311,1995-06-26T00:00:00Z,2453.06,2453.06,0,71.77,2381.29,71.77,71.77,NA,Electric sounder measurement,Water level accuracy to nearest tenth of a foot,5161,Mojave Water Agency,NA,5161,Mojave Water Agency
7852,347697N1173373W002,2070310,1995-06-05T00:00:00Z,2453.06,2453.06,0,71.72,2381.34,71.72,71.72,NA,Unknown,Water level accuracy to nearest tenth of a foot,5161,Mojave Water Agency,NA,5161,Mojave Water Agency
7852,347697N1173373W002,2070309,1995-05-24T00:00:00Z,2453.06,2453.06,0,71.64,2381.42,71.64,71.64,NA,Electric sounder measurement,Water level accuracy to nearest tenth of a foot,5161,Mojave Water Agency,NA,5161,Mojave Water Agency
7852,347697N1173373W002,2070308,1995-04-27T00:00:00Z,2453.06,2453.06,0,71.62,2381.44,71.62,71.62,NA,Unknown,Water level accuracy to nearest tenth of a foot,5161,Mojave Water Agency,NA,5161,Mojave Water Agency
7852,347697N1173373W002,2070307,1995-04-25T00:00:00Z,2453.06,2453.06,0,71.6,2381.46,71.6,71.6,NA,Electric sounder measurement,Water level accuracy to nearest tenth of a foot,5161,Mojave Water Agency,NA,5161,Mojave Water Agency
7852,347697N1173373W002,2070306,1995-03-30T00:00:00Z,2453.06,2453.06,0,71.39,2381.67,71.39,71.39,NA,Electric sounder measurement,Water level accuracy to nearest tenth of a foot,5161,Mojave Water Agency,NA,5161,Mojave Water Agency
7852,347697N1173373W002,2070305,1995-03-07T00:00:00Z,2453.06,2453.06,0,72.01,2381.05,72.01,72.01,NA,Electric sounder measurement,Water level accuracy to nearest tenth of a foot,5161,Mojave Water Agency,NA,5161,Mojave Water Agency
7852,347697N1173373W002,2070304,1995-01-24T00:00:00Z,2453.06,2453.06,0,73.38,2379.68,73.38,73.38,NA,Unknown,Water level accuracy to nearest tenth of a foot,5161,Mojave Water Agency,NA,5161,Mojave Water Agency
