STN_ID,SITE_CODE,WLM_ID,MSMT_DATE,WLM_RPE,WLM_GSE,RDNG_WS,RDNG_RP,WSE,RPE_WSE,GSE_WSE,WLM_QA_DESC,WLM_DESC,WLM_ACC_DESC,WLM_ORG_ID,WLM_ORG_NAME,MSMT_CMT,COOP_AGENCY_ORG_ID,COOP_ORG_NAME
8036,372413N1209385W001,2135069,2015-03-25T14:30:00Z,79.1,77.5,NA,NA,NA,NA,NA,Well has been destroyed,NA,NA,1,Department of Water Resources,NA,1,Department of Water Resources
8036,372413N1209385W001,2107081,2014-10-22T12:00:00Z,79.1,77.5,0,2.4,76.7,2.4,0.8,NA,Unknown,Water level accuracy to nearest tenth of a foot,1,Department of Water Resources,NA,1,Department of Water Resources
8036,372413N1209385W001,1881068,2014-03-19T00:00:00Z,79.1,77.5,0,1.9,77.2,1.9,0.3,NA,Steel tape measurement,Water level accuracy to nearest tenth of a foot,1,Department of Water Resources,NA,1,Department of Water Resources
8036,372413N1209385W001,1812818,2013-12-18T00:00:00Z,79.1,77.5,0,2.9,76.2,2.9,1.3,NA,Unknown,Water level accuracy to nearest tenth of a foot,1,Department of Water Resources,NA,1,Department of Water Resources
8036,372413N1209385W001,1723129,2013-03-25T12:00:00Z,79.1,77.5,0,2.8,76.3,2.8,1.2,NA,Unknown,Water level accuracy to nearest tenth of a foot,1,Department of Water Resources,NA,1,Department of Water Resources
8036,372413N1209385W001,66564,2012-03-13T12:00:00Z,79.1,77.5,0,1.8,77.3,1.8,0.2,NA,Unknown,Water level accuracy to nearest tenth of a foot,1,Department of Water Resources,NA,1,Department of Water Resources
