STN_ID,SITE_CODE,WLM_ID,MSMT_DATE,WLM_RPE,WLM_GSE,RDNG_WS,RDNG_RP,WSE,RPE_WSE,GSE_WSE,WLM_QA_DESC,WLM_DESC,WLM_ACC_DESC,WLM_ORG_ID,WLM_ORG_NAME,MSMT_CMT,COOP_AGENCY_ORG_ID,COOP_ORG_NAME
8234,372196N1202357W001,1323613,1975-03-04T00:00:00Z,256.22,256.02,0,16.1,240.12,16.1,15.9,NA,Unknown,Water level accuracy is unknown,1,Department of Water Resources,NA,778,Merced Irrigation District
8234,372196N1202357W001,1323612,1973-03-07T00:00:00Z,256.22,256.02,0,15.2,241.02,15.2,15,NA,Unknown,Water level accuracy is unknown,1,Department of Water Resources,NA,778,Merced Irrigation District
8234,372196N1202357W001,1323611,1972-03-02T00:00:00Z,256.22,256.02,NA,NA,NA,NA,NA,Dry well,NA,NA,1,Department of Water Resources,NA,778,Merced Irrigation District
8234,372196N1202357W001,1323610,1969-03-01T00:00:00Z,256.22,256.02,0,15.7,240.52,15.7,15.5,NA,Unknown,Water level accuracy is unknown,1,Department of Water Resources,NA,778,Merced Irrigation District
8234,372196N1202357W001,1323609,1965-03-01T00:00:00Z,256.22,256.02,0,15.9,240.32,15.9,15.7,NA,Unknown,Water level accuracy is unknown,1,Department of Water Resources,NA,778,Merced Irrigation District
8234,372196N1202357W001,1323608,1962-03-05T00:00:00Z,256.22,256.02,NA,NA,NA,NA,NA,Dry well,NA,NA,1,Department of Water Resources,NA,778,Merced Irrigation District
8234,372196N1202357W001,1323607,1960-06-01T00:00:00Z,256.22,256.02,NA,NA,NA,NA,NA,Dry well,NA,NA,1,Department of Water Resources,NA,778,Merced Irrigation District
8234,372196N1202357W001,1323606,1960-01-01T00:00:00Z,256.22,256.02,NA,NA,NA,NA,NA,Dry well,NA,NA,1,Department of Water Resources,NA,778,Merced Irrigation District
