STN_ID,SITE_CODE,WLM_ID,MSMT_DATE,WLM_RPE,WLM_GSE,RDNG_WS,RDNG_RP,WSE,RPE_WSE,GSE_WSE,WLM_QA_DESC,WLM_DESC,WLM_ACC_DESC,WLM_ORG_ID,WLM_ORG_NAME,MSMT_CMT,COOP_AGENCY_ORG_ID,COOP_ORG_NAME
8591,373352N1207810W001,1462649,1982-01-25T00:00:00Z,101.89,101.39,0,10.2,91.69,10.2,9.7,NA,Unknown,Water level accuracy is unknown,1,Department of Water Resources,NA,5167,United States Geological Survey
8591,373352N1207810W001,1462648,1981-10-06T00:00:00Z,101.89,101.39,0,12.4,89.49,12.4,11.9,NA,Unknown,Water level accuracy is unknown,1,Department of Water Resources,NA,5167,United States Geological Survey
8591,373352N1207810W001,1462647,1981-02-09T00:00:00Z,101.89,101.39,0,9.3,92.59,9.3,8.8,NA,Unknown,Water level accuracy is unknown,1,Department of Water Resources,NA,5167,United States Geological Survey
8591,373352N1207810W001,1462646,1980-09-23T00:00:00Z,101.89,101.39,0,12.6,89.29,12.6,12.1,NA,Unknown,Water level accuracy is unknown,1,Department of Water Resources,NA,624,Bureau of Reclamation
8591,373352N1207810W001,1462645,1980-04-01T00:00:00Z,101.89,101.39,0,11.2,90.69,11.2,10.7,NA,Unknown,Water level accuracy is unknown,1,Department of Water Resources,NA,624,Bureau of Reclamation
8591,373352N1207810W001,1462644,1979-09-27T00:00:00Z,101.89,101.39,0,15.4,86.49,15.4,14.9,NA,Unknown,Water level accuracy is unknown,1,Department of Water Resources,NA,624,Bureau of Reclamation
