STN_ID,SITE_CODE,WLM_ID,MSMT_DATE,WLM_RPE,WLM_GSE,RDNG_WS,RDNG_RP,WSE,RPE_WSE,GSE_WSE,WLM_QA_DESC,WLM_DESC,WLM_ACC_DESC,WLM_ORG_ID,WLM_ORG_NAME,MSMT_CMT,COOP_AGENCY_ORG_ID,COOP_ORG_NAME
8750,372202N1208766W001,1316183,1990-10-24T00:00:00Z,79.09,77.49,NA,NA,NA,NA,NA,Temporarily inaccessible,NA,NA,1,Department of Water Resources,NA,1,Department of Water Resources
8750,372202N1208766W001,1316182,1990-02-15T00:00:00Z,79.09,77.49,NA,NA,NA,NA,NA,Unable to locate well,NA,NA,1,Department of Water Resources,NA,1,Department of Water Resources
8750,372202N1208766W001,1316181,1989-10-20T00:00:00Z,79.09,77.49,NA,NA,NA,NA,NA,Temporarily inaccessible,NA,NA,1,Department of Water Resources,NA,1,Department of Water Resources
8750,372202N1208766W001,1316180,1989-03-22T00:00:00Z,79.09,77.49,NA,NA,NA,NA,NA,Temporarily inaccessible,NA,NA,1,Department of Water Resources,NA,1,Department of Water Resources
8750,372202N1208766W001,1316179,1988-11-02T00:00:00Z,79.09,77.49,NA,NA,NA,NA,NA,Temporarily inaccessible,NA,NA,1,Department of Water Resources,NA,1,Department of Water Resources
8750,372202N1208766W001,1316178,1988-03-16T00:00:00Z,79.09,77.49,NA,NA,NA,NA,NA,Temporarily inaccessible,NA,NA,1,Department of Water Resources,NA,1,Department of Water Resources
8750,372202N1208766W001,1316177,1986-10-22T00:00:00Z,79.09,77.49,NA,NA,NA,NA,NA,Temporarily inaccessible,NA,NA,1,Department of Water Resources,NA,1,Department of Water Resources
8750,372202N1208766W001,1316176,1986-03-28T00:00:00Z,79.09,77.49,NA,NA,NA,NA,NA,Temporarily inaccessible,NA,NA,1,Department of Water Resources,NA,1,Department of Water Resources
8750,372202N1208766W001,1316175,1985-04-18T00:00:00Z,79.09,77.49,NA,NA,NA,NA,NA,Special/Other,NA,NA,1,Department of Water Resources,NA,1,Department of Water Resources
8750,372202N1208766W001,1316174,1983-11-10T00:00:00Z,79.09,77.49,0,13,66.09,13,11.4,NA,Unknown,Water level accuracy is unknown,1,Department of Water Resources,NA,1,Department of Water Resources
8750,372202N1208766W001,1316173,1983-04-21T00:00:00Z,79.09,77.49,0,1.99,77.1,1.99,0.39,NA,Unknown,Water level accuracy is unknown,1,Department of Water Resources,NA,1,Department of Water Resources
8750,372202N1208766W001,1316172,1982-11-04T00:00:00Z,79.09,77.49,NA,NA,NA,NA,NA,Special/Other,NA,NA,1,Department of Water Resources,NA,1,Department of Water Resources
8750,372202N1208766W001,1316171,1982-04-22T00:00:00Z,79.09,77.49,0,10.5,68.59,10.5,8.9,NA,Unknown,Water level accuracy is unknown,1,Department of Water Resources,NA,1,Department of Water Resources
8750,372202N1208766W001,1316170,1981-10-21T00:00:00Z,79.09,77.49,NA,NA,NA,NA,NA,Temporarily inaccessible,NA,NA,1,Department of Water Resources,NA,1,Department of Water Resources
8750,372202N1208766W001,1316169,1981-04-02T00:00:00Z,79.09,77.49,0,11,68.09,11,9.4,NA,Unknown,Water level accuracy is unknown,1,Department of Water Resources,NA,1,Department of Water Resources
8750,372202N1208766W001,1316168,1980-03-21T00:00:00Z,79.09,77.49,0,1.99,77.1,1.99,0.39,NA,Unknown,Water level accuracy is unknown,1,Department of Water Resources,NA,1,Department of Water Resources
8750,372202N1208766W001,1316167,1979-10-16T00:00:00Z,79.09,77.49,0,1.99,77.1,1.99,0.39,NA,Unknown,Water level accuracy is unknown,1,Department of Water Resources,NA,1,Department of Water Resources
8750,372202N1208766W001,1316166,1979-03-14T00:00:00Z,79.09,77.49,0,2.99,76.1,2.99,1.39,NA,Unknown,Water level accuracy is unknown,1,Department of Water Resources,NA,1,Department of Water Resources
8750,372202N1208766W001,1316165,1978-10-14T00:00:00Z,79.09,77.49,0,1.99,77.1,1.99,0.39,NA,Unknown,Water level accuracy is unknown,1,Department of Water Resources,NA,1,Department of Water Resources
8750,372202N1208766W001,1316164,1978-09-27T00:00:00Z,79.09,77.49,NA,NA,NA,NA,NA,Temporarily inaccessible,NA,NA,1,Department of Water Resources,NA,1,Department of Water Resources
8750,372202N1208766W001,1316163,1977-10-19T00:00:00Z,79.09,77.49,0,7.59,71.5,7.59,5.99,NA,Unknown,Water level accuracy is unknown,1,Department of Water Resources,NA,1,Department of Water Resources
8750,372202N1208766W001,1316162,1977-06-22T00:00:00Z,79.09,77.49,0,8.59,70.5,8.59,6.99,NA,Unknown,Water level accuracy is unknown,1,Department of Water Resources,NA,1,Department of Water Resources
8750,372202N1208766W001,1316161,1977-03-30T00:00:00Z,79.09,77.49,0,19.6,59.49,19.6,18,NA,Unknown,Water level accuracy is unknown,1,Department of Water Resources,NA,1,Department of Water Resources
8750,372202N1208766W001,1316160,1976-10-14T00:00:00Z,79.09,77.49,0,2.59,76.5,2.59,0.99,NA,Unknown,Water level accuracy is unknown,1,Department of Water Resources,NA,1,Department of Water Resources
8750,372202N1208766W001,1316159,1976-08-03T00:00:00Z,79.09,77.49,0,8.59,70.5,8.59,6.99,NA,Unknown,Water level accuracy is unknown,1,Department of Water Resources,NA,1,Department of Water Resources
8750,372202N1208766W001,1316158,1976-03-17T00:00:00Z,79.09,77.49,0,7.59,71.5,7.59,5.99,NA,Unknown,Water level accuracy is unknown,1,Department of Water Resources,NA,1,Department of Water Resources
8750,372202N1208766W001,1316157,1975-10-16T00:00:00Z,79.09,77.49,0,1.99,77.1,1.99,0.39,NA,Unknown,Water level accuracy is unknown,1,Department of Water Resources,NA,1,Department of Water Resources
8750,372202N1208766W001,1316156,1975-03-27T00:00:00Z,79.09,77.49,0,2.59,76.5,2.59,0.99,NA,Unknown,Water level accuracy is unknown,1,Department of Water Resources,NA,1,Department of Water Resources
8750,372202N1208766W001,1316155,1974-10-15T00:00:00Z,79.09,77.49,0,7.99,71.1,7.99,6.39,NA,Unknown,Water level accuracy is unknown,1,Department of Water Resources,NA,1,Department of Water Resources
8750,372202N1208766W001,1316154,1974-04-11T00:00:00Z,79.09,77.49,NA,NA,NA,NA,NA,Special/Other,NA,NA,1,Department of Water Resources,NA,1,Department of Water Resources
8750,372202N1208766W001,1316153,1973-04-19T00:00:00Z,79.09,77.49,NA,NA,NA,NA,NA,Special/Other,NA,NA,1,Department of Water Resources,NA,1,Department of Water Resources
8750,372202N1208766W001,1316152,1971-10-18T00:00:00Z,79.09,77.49,0,5.19,73.9,5.19,3.59,NA,Unknown,Water level accuracy is unknown,1,Department of Water Resources,NA,1,Department of Water Resources
8750,372202N1208766W001,1316151,1970-10-14T00:00:00Z,79.09,77.49,NA,NA,NA,NA,NA,Well has been destroyed,NA,NA,1,Department of Water Resources,NA,1,Department of Water Resources
8750,372202N1208766W001,1316150,1969-10-14T00:00:00Z,79.09,77.49,0,7.79,71.3,7.79,6.19,NA,Unknown,Water level accuracy is unknown,1,Department of Water Resources,NA,1,Department of Water Resources
8750,372202N1208766W001,1316149,1969-03-18T00:00:00Z,79.09,77.49,NA,NA,NA,NA,NA,Temporarily inaccessible,NA,NA,1,Department of Water Resources,NA,1,Department of Water Resources
8750,372202N1208766W001,1316148,1968-10-09T00:00:00Z,79.09,77.49,0,8.59,70.5,8.59,6.99,NA,Unknown,Water level accuracy is unknown,1,Department of Water Resources,NA,1,Department of Water Resources
8750,372202N1208766W001,1316147,1968-03-19T00:00:00Z,79.09,77.49,0,4.69,74.4,4.69,3.09,NA,Unknown,Water level accuracy is unknown,1,Department of Water Resources,NA,1,Department of Water Resources
8750,372202N1208766W001,1316146,1967-10-11T00:00:00Z,79.09,77.49,0,8.29,70.8,8.29,6.69,NA,Unknown,Water level accuracy is unknown,1,Department of Water Resources,NA,1,Department of Water Resources
8750,372202N1208766W001,1316145,1967-03-23T00:00:00Z,79.09,77.49,0,3.99,75.1,3.99,2.39,NA,Unknown,Water level accuracy is unknown,1,Department of Water Resources,NA,1,Department of Water Resources
8750,372202N1208766W001,1316144,1966-10-20T00:00:00Z,79.09,77.49,0,7.99,71.1,7.99,6.39,NA,Unknown,Water level accuracy is unknown,1,Department of Water Resources,NA,1,Department of Water Resources
8750,372202N1208766W001,1316143,1966-03-14T00:00:00Z,79.09,77.49,0,4.09,75,4.09,2.49,NA,Unknown,Water level accuracy is unknown,1,Department of Water Resources,NA,1,Department of Water Resources
8750,372202N1208766W001,1316142,1965-10-18T00:00:00Z,79.09,77.49,0,9.9,69.19,9.9,8.3,NA,Unknown,Water level accuracy is unknown,1,Department of Water Resources,NA,1,Department of Water Resources
8750,372202N1208766W001,1316141,1965-03-03T00:00:00Z,79.09,77.49,0,3.89,75.2,3.89,2.29,NA,Unknown,Water level accuracy is unknown,1,Department of Water Resources,NA,1,Department of Water Resources
8750,372202N1208766W001,1316140,1964-10-13T00:00:00Z,79.09,77.49,0,9.59,69.5,9.59,7.99,NA,Unknown,Water level accuracy is unknown,1,Department of Water Resources,NA,1,Department of Water Resources
8750,372202N1208766W001,1316139,1964-03-13T00:00:00Z,79.09,77.49,0,5.39,73.7,5.39,3.79,NA,Unknown,Water level accuracy is unknown,1,Department of Water Resources,NA,1,Department of Water Resources
8750,372202N1208766W001,1316138,1963-10-08T00:00:00Z,79.09,77.49,0,10.4,68.69,10.4,8.8,NA,Unknown,Water level accuracy is unknown,1,Department of Water Resources,NA,1,Department of Water Resources
8750,372202N1208766W001,1316137,1963-03-05T00:00:00Z,79.09,77.49,0,3.99,75.1,3.99,2.39,NA,Unknown,Water level accuracy is unknown,1,Department of Water Resources,NA,1,Department of Water Resources
8750,372202N1208766W001,1316136,1962-10-22T00:00:00Z,79.09,77.49,0,10.6,68.49,10.6,9,NA,Unknown,Water level accuracy is unknown,1,Department of Water Resources,NA,624,Bureau of Reclamation
8750,372202N1208766W001,1316135,1962-10-10T00:00:00Z,79.09,77.49,NA,NA,NA,NA,NA,Special/Other,NA,NA,1,Department of Water Resources,NA,1,Department of Water Resources
8750,372202N1208766W001,1316134,1962-03-21T00:00:00Z,79.09,77.49,0,3.59,75.5,3.59,1.99,NA,Unknown,Water level accuracy is unknown,1,Department of Water Resources,NA,624,Bureau of Reclamation
8750,372202N1208766W001,1316133,1961-09-29T00:00:00Z,79.09,77.49,0,11.9,67.19,11.9,10.3,NA,Unknown,Water level accuracy is unknown,1,Department of Water Resources,NA,624,Bureau of Reclamation
8750,372202N1208766W001,1316132,1961-03-09T00:00:00Z,79.09,77.49,0,5.39,73.7,5.39,3.79,NA,Unknown,Water level accuracy is unknown,1,Department of Water Resources,NA,624,Bureau of Reclamation
8750,372202N1208766W001,1316131,1960-10-06T00:00:00Z,79.09,77.49,0,12.5,66.59,12.5,10.9,NA,Unknown,Water level accuracy is unknown,1,Department of Water Resources,NA,624,Bureau of Reclamation
8750,372202N1208766W001,1316130,1960-10-01T00:00:00Z,79.09,77.49,0,12.5,66.59,12.5,10.9,NA,Unknown,Water level accuracy is unknown,1,Department of Water Resources,NA,624,Bureau of Reclamation
8750,372202N1208766W001,1316129,1960-02-29T00:00:00Z,79.09,77.49,0,4.99,74.1,4.99,3.39,NA,Unknown,Water level accuracy is unknown,1,Department of Water Resources,NA,624,Bureau of Reclamation
8750,372202N1208766W001,1316128,1959-09-30T00:00:00Z,79.09,77.49,0,64.5,14.59,64.5,62.9,NA,Unknown,Water level accuracy is unknown,1,Department of Water Resources,NA,624,Bureau of Reclamation
8750,372202N1208766W001,1316127,1959-03-18T00:00:00Z,79.09,77.49,0,4.79,74.3,4.79,3.19,NA,Unknown,Water level accuracy is unknown,1,Department of Water Resources,NA,624,Bureau of Reclamation
8750,372202N1208766W001,1316126,1958-09-11T00:00:00Z,79.09,77.49,0,11.7,67.39,11.7,10.1,NA,Unknown,Water level accuracy is unknown,1,Department of Water Resources,NA,624,Bureau of Reclamation
8750,372202N1208766W001,1316125,1957-09-24T00:00:00Z,79.09,77.49,0,10.1,68.99,10.1,8.5,NA,Unknown,Water level accuracy is unknown,1,Department of Water Resources,NA,624,Bureau of Reclamation
8750,372202N1208766W001,1316124,1957-03-27T00:00:00Z,79.09,77.49,0,5.99,73.1,5.99,4.39,NA,Unknown,Water level accuracy is unknown,1,Department of Water Resources,NA,624,Bureau of Reclamation
8750,372202N1208766W001,1316123,1956-09-21T00:00:00Z,79.09,77.49,0,10.5,68.59,10.5,8.9,NA,Unknown,Water level accuracy is unknown,1,Department of Water Resources,NA,624,Bureau of Reclamation
8750,372202N1208766W001,1316122,1956-04-02T00:00:00Z,79.09,77.49,0,5.39,73.7,5.39,3.79,NA,Unknown,Water level accuracy is unknown,1,Department of Water Resources,NA,624,Bureau of Reclamation
8750,372202N1208766W001,1316121,1955-09-19T00:00:00Z,79.09,77.49,0,10.8,68.29,10.8,9.2,NA,Unknown,Water level accuracy is unknown,1,Department of Water Resources,NA,624,Bureau of Reclamation
8750,372202N1208766W001,1316120,1955-03-22T00:00:00Z,79.09,77.49,0,6.49,72.6,6.49,4.89,NA,Unknown,Water level accuracy is unknown,1,Department of Water Resources,NA,624,Bureau of Reclamation
8750,372202N1208766W001,1316119,1954-09-17T00:00:00Z,79.09,77.49,0,11.5,67.59,11.5,9.9,NA,Unknown,Water level accuracy is unknown,1,Department of Water Resources,NA,624,Bureau of Reclamation
8750,372202N1208766W001,1316118,1954-03-09T00:00:00Z,79.09,77.49,0,7.49,71.6,7.49,5.89,NA,Unknown,Water level accuracy is unknown,1,Department of Water Resources,NA,624,Bureau of Reclamation
8750,372202N1208766W001,1316117,1953-09-17T00:00:00Z,79.09,77.49,0,11.1,67.99,11.1,9.5,NA,Unknown,Water level accuracy is unknown,1,Department of Water Resources,NA,624,Bureau of Reclamation
8750,372202N1208766W001,1316116,1953-03-03T00:00:00Z,79.09,77.49,0,7.39,71.7,7.39,5.79,NA,Unknown,Water level accuracy is unknown,1,Department of Water Resources,NA,624,Bureau of Reclamation
8750,372202N1208766W001,1316115,1952-11-04T00:00:00Z,79.09,77.49,0,11.8,67.29,11.8,10.2,NA,Unknown,Water level accuracy is unknown,1,Department of Water Resources,NA,624,Bureau of Reclamation
