STN_ID,SITE_CODE,WLM_ID,MSMT_DATE,WLM_RPE,WLM_GSE,RDNG_WS,RDNG_RP,WSE,RPE_WSE,GSE_WSE,WLM_QA_DESC,WLM_DESC,WLM_ACC_DESC,WLM_ORG_ID,WLM_ORG_NAME,MSMT_CMT,COOP_AGENCY_ORG_ID,COOP_ORG_NAME
8778,347814N1181093W001,1301164,1960-03-23T00:00:00Z,2298.76,2298.76,NA,NA,NA,NA,NA,Well has been destroyed,NA,NA,1,Department of Water Resources,NA,5167,United States Geological Survey
8778,347814N1181093W001,1301163,1951-11-15T00:00:00Z,2298.76,2298.76,0,16.46,2282.3,16.46,16.46,NA,Unknown,Water level accuracy is unknown,1,Department of Water Resources,NA,5167,United States Geological Survey
8778,347814N1181093W001,1301162,1951-11-04T00:00:00Z,2298.76,2298.76,0,13.05,2285.71,13.05,13.05,NA,Unknown,Water level accuracy is unknown,1,Department of Water Resources,NA,5167,United States Geological Survey
8778,347814N1181093W001,1301161,1951-05-17T00:00:00Z,2298.76,2298.76,0,11.98,2286.78,11.98,11.98,NA,Unknown,Water level accuracy is unknown,1,Department of Water Resources,NA,5167,United States Geological Survey
8778,347814N1181093W001,1301160,1951-03-04T00:00:00Z,2298.76,2298.76,0,13.26,2285.5,13.26,13.26,NA,Unknown,Water level accuracy is unknown,1,Department of Water Resources,NA,5167,United States Geological Survey
