STN_ID,SITE_CODE,WLM_ID,MSMT_DATE,WLM_RPE,WLM_GSE,RDNG_WS,RDNG_RP,WSE,RPE_WSE,GSE_WSE,WLM_QA_DESC,WLM_DESC,WLM_ACC_DESC,WLM_ORG_ID,WLM_ORG_NAME,MSMT_CMT,COOP_AGENCY_ORG_ID,COOP_ORG_NAME
9328,373385N1206446W001,67257,2012-03-01T12:00:00Z,144.448,144.448,NA,NA,NA,NA,NA,Special/Other,NA,NA,1,Department of Water Resources,NA,1,Department of Water Resources
9328,373385N1206446W001,67769,2011-03-01T12:00:00Z,144.448,144.448,NA,NA,NA,NA,NA,Special/Other,NA,NA,1,Department of Water Resources,NA,1,Department of Water Resources
9328,373385N1206446W001,1465317,2009-03-01T00:00:00Z,144.45,144.45,NA,NA,NA,NA,NA,Temporarily inaccessible,NA,NA,1,Department of Water Resources,NA,778,Merced Irrigation District
9328,373385N1206446W001,1465318,2008-10-01T00:00:00Z,144.45,144.45,NA,NA,NA,NA,NA,Special/Other,NA,NA,1,Department of Water Resources,NA,778,Merced Irrigation District
9328,373385N1206446W001,1465316,2008-03-03T00:00:00Z,144.45,144.45,NA,NA,NA,NA,NA,Special/Other,NA,NA,1,Department of Water Resources,NA,778,Merced Irrigation District
9328,373385N1206446W001,1465319,2008-03-01T00:00:00Z,144.45,144.45,NA,NA,NA,NA,NA,Special/Other,NA,NA,1,Department of Water Resources,NA,778,Merced Irrigation District
9328,373385N1206446W001,1465315,2007-02-01T00:00:00Z,144.45,144.45,NA,NA,NA,NA,NA,Special/Other,NA,NA,1,Department of Water Resources,NA,778,Merced Irrigation District
9328,373385N1206446W001,1465314,2006-02-01T00:00:00Z,144.45,144.45,NA,NA,NA,NA,NA,Special/Other,NA,NA,1,Department of Water Resources,NA,778,Merced Irrigation District
9328,373385N1206446W001,1465313,2005-02-01T00:00:00Z,144.45,144.45,NA,NA,NA,NA,NA,Special/Other,NA,NA,1,Department of Water Resources,NA,778,Merced Irrigation District
9328,373385N1206446W001,1465312,2004-02-01T00:00:00Z,144.45,144.45,NA,NA,NA,NA,NA,Temporarily inaccessible,NA,NA,1,Department of Water Resources,NA,778,Merced Irrigation District
9328,373385N1206446W001,1465311,1994-11-01T00:00:00Z,144.45,144.45,NA,NA,NA,NA,NA,Special/Other,NA,NA,1,Department of Water Resources,NA,778,Merced Irrigation District
9328,373385N1206446W001,1465310,1993-10-19T00:00:00Z,144.45,144.45,0,54,90.45,54,54,NA,Unknown,Water level accuracy is unknown,1,Department of Water Resources,NA,778,Merced Irrigation District
9328,373385N1206446W001,1465309,1993-02-09T00:00:00Z,144.45,144.45,0,53,91.45,53,53,NA,Unknown,Water level accuracy is unknown,1,Department of Water Resources,NA,778,Merced Irrigation District
9328,373385N1206446W001,1465308,1992-10-14T00:00:00Z,144.45,144.45,0,58.2,86.25,58.2,58.2,NA,Unknown,Water level accuracy is unknown,1,Department of Water Resources,NA,778,Merced Irrigation District
9328,373385N1206446W001,1465307,1991-10-29T00:00:00Z,144.45,144.45,0,51,93.45,51,51,NA,Unknown,Water level accuracy is unknown,1,Department of Water Resources,NA,778,Merced Irrigation District
9328,373385N1206446W001,1465306,1990-12-14T00:00:00Z,144.45,144.45,NA,NA,NA,NA,NA,Special/Other,NA,NA,1,Department of Water Resources,NA,778,Merced Irrigation District
9328,373385N1206446W001,1465305,1989-12-01T00:00:00Z,144.45,144.45,NA,NA,NA,NA,NA,Temporarily inaccessible,NA,NA,1,Department of Water Resources,NA,778,Merced Irrigation District
9328,373385N1206446W001,1465304,1988-12-01T00:00:00Z,144.45,144.45,0,39.2,105.25,39.2,39.2,NA,Unknown,Water level accuracy is unknown,1,Department of Water Resources,NA,778,Merced Irrigation District
9328,373385N1206446W001,1465303,1988-10-19T00:00:00Z,144.45,144.45,0,35,109.45,35,35,NA,Unknown,Water level accuracy is unknown,1,Department of Water Resources,NA,778,Merced Irrigation District
9328,373385N1206446W001,1465302,1987-12-01T00:00:00Z,144.45,144.45,0,28.7,115.75,28.7,28.7,NA,Unknown,Water level accuracy is unknown,1,Department of Water Resources,NA,778,Merced Irrigation District
9328,373385N1206446W001,1465301,1986-12-01T00:00:00Z,144.45,144.45,0,30.8,113.65,30.8,30.8,NA,Unknown,Water level accuracy is unknown,1,Department of Water Resources,NA,778,Merced Irrigation District
9328,373385N1206446W001,1465300,1986-10-28T00:00:00Z,144.45,144.45,0,27.5,116.95,27.5,27.5,NA,Unknown,Water level accuracy is unknown,1,Department of Water Resources,NA,778,Merced Irrigation District
9328,373385N1206446W001,1465299,1985-10-09T00:00:00Z,144.45,144.45,0,28,116.45,28,28,NA,Unknown,Water level accuracy is unknown,1,Department of Water Resources,NA,778,Merced Irrigation District
9328,373385N1206446W001,1465298,1984-10-25T00:00:00Z,144.45,144.45,0,29,115.45,29,29,NA,Unknown,Water level accuracy is unknown,1,Department of Water Resources,NA,778,Merced Irrigation District
9328,373385N1206446W001,1465297,1983-10-05T00:00:00Z,144.45,144.45,0,29,115.45,29,29,NA,Unknown,Water level accuracy is unknown,1,Department of Water Resources,NA,778,Merced Irrigation District
9328,373385N1206446W001,1465296,1983-01-03T00:00:00Z,144.45,144.45,0,24.3,120.15,24.3,24.3,NA,Unknown,Water level accuracy is unknown,1,Department of Water Resources,NA,778,Merced Irrigation District
9328,373385N1206446W001,1465295,1982-10-20T00:00:00Z,144.45,144.45,0,32,112.45,32,32,NA,Unknown,Water level accuracy is unknown,1,Department of Water Resources,NA,1,Department of Water Resources
9328,373385N1206446W001,1465294,1982-01-25T00:00:00Z,144.45,144.45,0,26.3,118.15,26.3,26.3,NA,Unknown,Water level accuracy is unknown,1,Department of Water Resources,NA,5167,United States Geological Survey
9328,373385N1206446W001,1465293,1981-12-10T00:00:00Z,144.45,144.45,0,26.4,118.05,26.4,26.4,NA,Unknown,Water level accuracy is unknown,1,Department of Water Resources,NA,778,Merced Irrigation District
9328,373385N1206446W001,1465292,1981-10-14T00:00:00Z,144.45,144.45,0,28,116.45,28,28,NA,Unknown,Water level accuracy is unknown,1,Department of Water Resources,NA,1,Department of Water Resources
9328,373385N1206446W001,1465291,1981-10-06T00:00:00Z,144.45,144.45,0,25.8,118.65,25.8,25.8,NA,Unknown,Water level accuracy is unknown,1,Department of Water Resources,NA,5167,United States Geological Survey
9328,373385N1206446W001,1465290,1981-02-10T00:00:00Z,144.45,144.45,0,26.4,118.05,26.4,26.4,NA,Unknown,Water level accuracy is unknown,1,Department of Water Resources,NA,5167,United States Geological Survey
9328,373385N1206446W001,1465289,1980-12-01T00:00:00Z,144.45,144.45,0,25.3,119.15,25.3,25.3,NA,Unknown,Water level accuracy is unknown,1,Department of Water Resources,NA,778,Merced Irrigation District
9328,373385N1206446W001,1465288,1980-09-18T00:00:00Z,144.45,144.45,0,25.7,118.75,25.7,25.7,NA,Unknown,Water level accuracy is unknown,1,Department of Water Resources,NA,624,Bureau of Reclamation
9328,373385N1206446W001,1465287,1980-03-27T00:00:00Z,144.45,144.45,0,26.8,117.65,26.8,26.8,NA,Unknown,Water level accuracy is unknown,1,Department of Water Resources,NA,624,Bureau of Reclamation
9328,373385N1206446W001,1465286,1979-12-01T00:00:00Z,144.45,144.45,0,29.1,115.35,29.1,29.1,NA,Unknown,Water level accuracy is unknown,1,Department of Water Resources,NA,778,Merced Irrigation District
9328,373385N1206446W001,1465285,1979-10-02T00:00:00Z,144.45,144.45,0,27.2,117.25,27.2,27.2,NA,Unknown,Water level accuracy is unknown,1,Department of Water Resources,NA,624,Bureau of Reclamation
9328,373385N1206446W001,1465284,1979-03-29T00:00:00Z,144.45,144.45,0,28.8,115.65,28.8,28.8,NA,Unknown,Water level accuracy is unknown,1,Department of Water Resources,NA,624,Bureau of Reclamation
9328,373385N1206446W001,1465283,1978-09-27T00:00:00Z,144.45,144.45,0,39.7,104.75,39.7,39.7,NA,Unknown,Water level accuracy is unknown,1,Department of Water Resources,NA,624,Bureau of Reclamation
9328,373385N1206446W001,1465282,1978-03-30T00:00:00Z,144.45,144.45,0,33.6,110.85,33.6,33.6,NA,Unknown,Water level accuracy is unknown,1,Department of Water Resources,NA,624,Bureau of Reclamation
9328,373385N1206446W001,1465281,1977-12-01T00:00:00Z,144.45,144.45,0,34.1,110.35,34.1,34.1,NA,Unknown,Water level accuracy is unknown,1,Department of Water Resources,NA,778,Merced Irrigation District
9328,373385N1206446W001,1465280,1977-09-27T00:00:00Z,144.45,144.45,0,30.6,113.85,30.6,30.6,NA,Unknown,Water level accuracy is unknown,1,Department of Water Resources,NA,624,Bureau of Reclamation
9328,373385N1206446W001,1465279,1977-04-04T00:00:00Z,144.45,144.45,0,38,106.45,38,38,NA,Unknown,Water level accuracy is unknown,1,Department of Water Resources,NA,624,Bureau of Reclamation
9328,373385N1206446W001,1465278,1976-12-01T00:00:00Z,144.45,144.45,0,26.2,118.25,26.2,26.2,NA,Unknown,Water level accuracy is unknown,1,Department of Water Resources,NA,778,Merced Irrigation District
9328,373385N1206446W001,1465277,1975-09-11T00:00:00Z,144.45,144.45,0,33.8,110.65,33.8,33.8,NA,Unknown,Water level accuracy is unknown,1,Department of Water Resources,NA,624,Bureau of Reclamation
9328,373385N1206446W001,1465276,1974-11-01T00:00:00Z,144.45,144.45,0,21.9,122.55,21.9,21.9,NA,Unknown,Water level accuracy is unknown,1,Department of Water Resources,NA,778,Merced Irrigation District
