STN_ID,SITE_CODE,WLM_ID,MSMT_DATE,WLM_RPE,WLM_GSE,RDNG_WS,RDNG_RP,WSE,RPE_WSE,GSE_WSE,WLM_QA_DESC,WLM_DESC,WLM_ACC_DESC,WLM_ORG_ID,WLM_ORG_NAME,MSMT_CMT,COOP_AGENCY_ORG_ID,COOP_ORG_NAME
9472,372602N1205966W001,1318342,1979-10-01T00:00:00Z,124.6,123.4,0,3.5,121.1,3.5,2.3,NA,Unknown,Water level accuracy is unknown,1,Department of Water Resources,NA,778,Merced Irrigation District
9472,372602N1205966W001,1318341,1978-10-01T00:00:00Z,124.6,123.4,0,3.7,120.9,3.7,2.5,NA,Unknown,Water level accuracy is unknown,1,Department of Water Resources,NA,778,Merced Irrigation District
9472,372602N1205966W001,1318340,1976-10-06T00:00:00Z,124.6,123.4,0,4.7,119.9,4.7,3.5,NA,Unknown,Water level accuracy is unknown,1,Department of Water Resources,NA,778,Merced Irrigation District
9472,372602N1205966W001,1318339,1976-02-03T00:00:00Z,124.6,123.4,0,9.8,114.8,9.8,8.6,NA,Unknown,Water level accuracy is unknown,1,Department of Water Resources,NA,778,Merced Irrigation District
9472,372602N1205966W001,1318338,1975-03-03T00:00:00Z,124.6,123.4,0,8.5,116.1,8.5,7.3,NA,Unknown,Water level accuracy is unknown,1,Department of Water Resources,NA,778,Merced Irrigation District
9472,372602N1205966W001,1318337,1974-03-01T00:00:00Z,124.6,123.4,0,7.9,116.7,7.9,6.7,NA,Unknown,Water level accuracy is unknown,1,Department of Water Resources,NA,778,Merced Irrigation District
9472,372602N1205966W001,1318336,1973-03-05T00:00:00Z,124.6,123.4,0,5.2,119.4,5.2,4,NA,Unknown,Water level accuracy is unknown,1,Department of Water Resources,NA,778,Merced Irrigation District
9472,372602N1205966W001,1318335,1972-03-03T00:00:00Z,124.6,123.4,0,10.2,114.4,10.2,9,NA,Unknown,Water level accuracy is unknown,1,Department of Water Resources,NA,778,Merced Irrigation District
9472,372602N1205966W001,1318334,1971-03-02T00:00:00Z,124.6,123.4,0,7.5,117.1,7.5,6.3,NA,Unknown,Water level accuracy is unknown,1,Department of Water Resources,NA,778,Merced Irrigation District
9472,372602N1205966W001,1318333,1970-10-07T00:00:00Z,124.6,123.4,0,5,119.6,5,3.8,NA,Unknown,Water level accuracy is unknown,1,Department of Water Resources,NA,778,Merced Irrigation District
9472,372602N1205966W001,1318332,1970-03-01T00:00:00Z,124.6,123.4,0,5.2,119.4,5.2,4,NA,Unknown,Water level accuracy is unknown,1,Department of Water Resources,NA,778,Merced Irrigation District
9472,372602N1205966W001,1318331,1968-03-01T00:00:00Z,124.6,123.4,0,7.6,117,7.6,6.4,NA,Unknown,Water level accuracy is unknown,1,Department of Water Resources,NA,778,Merced Irrigation District
9472,372602N1205966W001,1318330,1967-03-01T00:00:00Z,124.6,123.4,0,6.9,117.7,6.9,5.7,NA,Unknown,Water level accuracy is unknown,1,Department of Water Resources,NA,778,Merced Irrigation District
9472,372602N1205966W001,1318329,1966-03-01T00:00:00Z,124.6,123.4,NA,NA,NA,NA,NA,Special/Other,NA,NA,1,Department of Water Resources,NA,778,Merced Irrigation District
9472,372602N1205966W001,1318328,1965-03-01T00:00:00Z,124.6,123.4,0,5.4,119.2,5.4,4.2,NA,Unknown,Water level accuracy is unknown,1,Department of Water Resources,NA,778,Merced Irrigation District
9472,372602N1205966W001,1318327,1963-03-01T00:00:00Z,124.6,123.4,0,6,118.6,6,4.8,NA,Unknown,Water level accuracy is unknown,1,Department of Water Resources,NA,778,Merced Irrigation District
9472,372602N1205966W001,1318326,1962-02-28T00:00:00Z,124.6,123.4,0,8.3,116.3,8.3,7.1,NA,Unknown,Water level accuracy is unknown,1,Department of Water Resources,NA,778,Merced Irrigation District
9472,372602N1205966W001,1318325,1961-04-03T00:00:00Z,124.6,123.4,0,5.9,118.7,5.9,4.7,NA,Unknown,Water level accuracy is unknown,1,Department of Water Resources,NA,778,Merced Irrigation District
9472,372602N1205966W001,1318324,1961-03-01T00:00:00Z,124.6,123.4,NA,NA,NA,NA,NA,Special/Other,NA,NA,1,Department of Water Resources,NA,778,Merced Irrigation District
9472,372602N1205966W001,1318323,1961-02-27T00:00:00Z,124.6,123.4,0,7.7,116.9,7.7,6.5,NA,Unknown,Water level accuracy is unknown,1,Department of Water Resources,NA,778,Merced Irrigation District
9472,372602N1205966W001,1318322,1961-02-01T00:00:00Z,124.6,123.4,0,2.2,122.4,2.2,1,NA,Unknown,Water level accuracy is unknown,1,Department of Water Resources,NA,778,Merced Irrigation District
9472,372602N1205966W001,1318321,1961-01-04T00:00:00Z,124.6,123.4,0,9.3,115.3,9.3,8.1,NA,Unknown,Water level accuracy is unknown,1,Department of Water Resources,NA,778,Merced Irrigation District
9472,372602N1205966W001,1318320,1960-12-05T00:00:00Z,124.6,123.4,0,9,115.6,9,7.8,NA,Unknown,Water level accuracy is unknown,1,Department of Water Resources,NA,778,Merced Irrigation District
9472,372602N1205966W001,1318319,1960-10-25T00:00:00Z,124.6,123.4,0,9,115.6,9,7.8,NA,Unknown,Water level accuracy is unknown,1,Department of Water Resources,NA,778,Merced Irrigation District
9472,372602N1205966W001,1318318,1960-10-03T00:00:00Z,124.6,123.4,0,7.5,117.1,7.5,6.3,NA,Unknown,Water level accuracy is unknown,1,Department of Water Resources,NA,778,Merced Irrigation District
9472,372602N1205966W001,1318317,1960-10-01T00:00:00Z,124.6,123.4,0,7.5,117.1,7.5,6.3,NA,Unknown,Water level accuracy is unknown,1,Department of Water Resources,NA,778,Merced Irrigation District
9472,372602N1205966W001,1318316,1960-09-01T00:00:00Z,124.6,123.4,0,6.2,118.4,6.2,5,NA,Unknown,Water level accuracy is unknown,1,Department of Water Resources,NA,778,Merced Irrigation District
9472,372602N1205966W001,1318315,1960-08-01T00:00:00Z,124.6,123.4,0,4.4,120.2,4.4,3.2,NA,Unknown,Water level accuracy is unknown,1,Department of Water Resources,NA,778,Merced Irrigation District
9472,372602N1205966W001,1318314,1960-07-01T00:00:00Z,124.6,123.4,0,4.6,120,4.6,3.4,NA,Unknown,Water level accuracy is unknown,1,Department of Water Resources,NA,778,Merced Irrigation District
9472,372602N1205966W001,1318313,1960-06-01T00:00:00Z,124.6,123.4,0,3.7,120.9,3.7,2.5,NA,Unknown,Water level accuracy is unknown,1,Department of Water Resources,NA,778,Merced Irrigation District
9472,372602N1205966W001,1318312,1960-05-01T00:00:00Z,124.6,123.4,0,6.6,118,6.6,5.4,NA,Unknown,Water level accuracy is unknown,1,Department of Water Resources,NA,778,Merced Irrigation District
9472,372602N1205966W001,1318311,1960-04-01T00:00:00Z,124.6,123.4,0,6.8,117.8,6.8,5.6,NA,Unknown,Water level accuracy is unknown,1,Department of Water Resources,NA,778,Merced Irrigation District
9472,372602N1205966W001,1318310,1960-03-02T00:00:00Z,124.6,123.4,0,6.4,118.2,6.4,5.2,NA,Unknown,Water level accuracy is unknown,1,Department of Water Resources,NA,778,Merced Irrigation District
9472,372602N1205966W001,1318309,1960-03-01T00:00:00Z,124.6,123.4,0,5.4,119.2,5.4,4.2,NA,Unknown,Water level accuracy is unknown,1,Department of Water Resources,NA,778,Merced Irrigation District
9472,372602N1205966W001,1318308,1960-02-01T00:00:00Z,124.6,123.4,0,5.3,119.3,5.3,4.1,NA,Unknown,Water level accuracy is unknown,1,Department of Water Resources,NA,778,Merced Irrigation District
9472,372602N1205966W001,1318307,1960-01-01T00:00:00Z,124.6,123.4,NA,NA,NA,NA,NA,Dry well,NA,NA,1,Department of Water Resources,NA,778,Merced Irrigation District
9472,372602N1205966W001,1318306,1959-10-05T00:00:00Z,124.6,123.4,0,6.7,117.9,6.7,5.5,NA,Unknown,Water level accuracy is unknown,1,Department of Water Resources,NA,778,Merced Irrigation District
9472,372602N1205966W001,1318305,1959-03-03T00:00:00Z,124.6,123.4,0,7.2,117.4,7.2,6,NA,Unknown,Water level accuracy is unknown,1,Department of Water Resources,NA,778,Merced Irrigation District
9472,372602N1205966W001,1318304,1958-12-02T00:00:00Z,124.6,123.4,0,7.1,117.5,7.1,5.9,NA,Unknown,Water level accuracy is unknown,1,Department of Water Resources,NA,778,Merced Irrigation District
9472,372602N1205966W001,1318303,1958-10-06T00:00:00Z,124.6,123.4,0,6.5,118.1,6.5,5.3,NA,Unknown,Water level accuracy is unknown,1,Department of Water Resources,NA,778,Merced Irrigation District
9472,372602N1205966W001,1318302,1958-06-05T00:00:00Z,124.6,123.4,0,5,119.6,5,3.8,NA,Unknown,Water level accuracy is unknown,1,Department of Water Resources,NA,778,Merced Irrigation District
9472,372602N1205966W001,1318301,1958-03-05T00:00:00Z,124.6,123.4,0,5.5,119.1,5.5,4.3,NA,Unknown,Water level accuracy is unknown,1,Department of Water Resources,NA,778,Merced Irrigation District
