STN_ID,SITE_CODE,WLM_ID,MSMT_DATE,WLM_RPE,WLM_GSE,RDNG_WS,RDNG_RP,WSE,RPE_WSE,GSE_WSE,WLM_QA_DESC,WLM_DESC,WLM_ACC_DESC,WLM_ORG_ID,WLM_ORG_NAME,MSMT_CMT,COOP_AGENCY_ORG_ID,COOP_ORG_NAME
9857,348750N1168576W001,2623224,2020-03-03T10:58:00Z,1939.77,1939.77,0,170.7,1769.07,170.7,170.7,NA,Electric sounder measurement,Water level accuracy to nearest hundredth of a foot,5161,Mojave Water Agency,NA,5161,Mojave Water Agency
9857,348750N1168576W001,2462475,2019-04-02T14:11:00Z,1939.77,1939.77,0,169.19,1770.58,169.19,169.19,NA,Electric sounder measurement,Water level accuracy to nearest hundredth of a foot,5161,Mojave Water Agency,NA,5161,Mojave Water Agency
9857,348750N1168576W001,2432433,2018-10-16T14:18:00Z,1939.77,1939.77,0,170.02,1769.75,170.02,170.02,NA,Electric sounder measurement,Water level accuracy to nearest hundredth of a foot,5161,Mojave Water Agency,NA,5161,Mojave Water Agency
9857,348750N1168576W001,2299475,2018-04-13T13:56:00Z,1939.77,1939.77,0,168.48,1771.29,168.48,168.48,NA,Electric sounder measurement,Water level accuracy to nearest tenth of a foot,5161,Mojave Water Agency,NA,5161,Mojave Water Agency
9857,348750N1168576W001,2283869,2017-10-09T12:15:00Z,1939.77,1939.77,0,168.62,1771.15,168.62,168.62,NA,Electric sounder measurement,Water level accuracy to nearest tenth of a foot,5161,Mojave Water Agency,NA,5161,Mojave Water Agency
9857,348750N1168576W001,2254863,2017-03-21T12:44:00Z,1939.77,1939.77,0,166.67,1773.1,166.67,166.67,NA,Electric sounder measurement,Water level accuracy to nearest tenth of a foot,5161,Mojave Water Agency,NA,5161,Mojave Water Agency
9857,348750N1168576W001,2229520,2016-11-08T13:57:00Z,1939.77,1939.77,0,166.85,1772.92,166.85,166.85,NA,Electric sounder measurement,Water level accuracy to nearest tenth of a foot,5161,Mojave Water Agency,USGS Watch Well,5161,Mojave Water Agency
9857,348750N1168576W001,2167161,2015-09-24T10:58:00Z,1939.77,1939.77,0,165.34,1774.43,165.34,165.34,NA,Electric sounder measurement,Water level accuracy to nearest tenth of a foot,5161,Mojave Water Agency,NA,5161,Mojave Water Agency
9857,348750N1168576W001,2124573,2015-03-04T00:00:00Z,1939.77,1939.77,0,163.83,1775.94,163.83,163.83,NA,Electric sounder measurement,Water level accuracy to nearest tenth of a foot,5161,Mojave Water Agency,NA,5161,Mojave Water Agency
9857,348750N1168576W001,2102745,2014-09-17T13:13:00Z,1939.77,1939.77,0,164.09,1775.68,164.09,164.09,NA,Electric sounder measurement,Water level accuracy to nearest tenth of a foot,5161,Mojave Water Agency,NA,5161,Mojave Water Agency
9857,348750N1168576W001,2104127,2014-03-24T14:20:00Z,1939.77,1939.77,0,162.66,1777.11,162.66,162.66,NA,Electric sounder measurement,Water level accuracy to nearest tenth of a foot,5161,Mojave Water Agency,NA,5161,Mojave Water Agency
9857,348750N1168576W001,2074683,2013-10-17T09:05:00Z,1939.77,1939.77,0,162.53,1777.24,162.53,162.53,NA,Electric sounder measurement,Water level accuracy to nearest tenth of a foot,5161,Mojave Water Agency,NA,5161,Mojave Water Agency
9857,348750N1168576W001,2074682,2013-03-19T10:20:00Z,1939.77,1939.77,0,160.65,1779.12,160.65,160.65,NA,Electric sounder measurement,Water level accuracy to nearest tenth of a foot,5161,Mojave Water Agency,NA,5161,Mojave Water Agency
9857,348750N1168576W001,2074681,2012-10-23T09:45:00Z,1939.77,1939.77,0,161.07,1778.7,161.07,161.07,NA,Electric sounder measurement,Water level accuracy to nearest tenth of a foot,5161,Mojave Water Agency,NA,5161,Mojave Water Agency
9857,348750N1168576W001,2074680,2012-03-22T09:35:00Z,1939.77,1939.77,0,157.92,1781.85,157.92,157.92,NA,Electric sounder measurement,Water level accuracy to nearest tenth of a foot,5161,Mojave Water Agency,NA,5161,Mojave Water Agency
9857,348750N1168576W001,2074679,2011-10-18T13:10:00Z,1939.77,1939.77,0,159.39,1780.38,159.39,159.39,NA,Electric sounder measurement,Water level accuracy to nearest tenth of a foot,5161,Mojave Water Agency,NA,5161,Mojave Water Agency
9857,348750N1168576W001,2074678,2011-03-22T11:10:00Z,1939.77,1939.77,0,157.84,1781.93,157.84,157.84,NA,Electric sounder measurement,Water level accuracy to nearest tenth of a foot,5161,Mojave Water Agency,NA,5161,Mojave Water Agency
9857,348750N1168576W001,2074677,2010-03-03T00:00:00Z,1939.77,1939.77,0,157.76,1782.01,157.76,157.76,NA,Electric sounder measurement,Water level accuracy to nearest tenth of a foot,5161,Mojave Water Agency,NA,5161,Mojave Water Agency
9857,348750N1168576W001,2074676,2009-10-07T00:00:00Z,1939.77,1939.77,0,158.12,1781.65,158.12,158.12,NA,Electric sounder measurement,Water level accuracy to nearest tenth of a foot,5161,Mojave Water Agency,NA,5161,Mojave Water Agency
9857,348750N1168576W001,2074675,2009-03-03T00:00:00Z,1939.77,1939.77,0,156.14,1783.63,156.14,156.14,NA,Electric sounder measurement,Water level accuracy to nearest tenth of a foot,5161,Mojave Water Agency,NA,5161,Mojave Water Agency
9857,348750N1168576W001,2074674,2008-09-30T00:00:00Z,1939.77,1939.77,0,155.89,1783.88,155.89,155.89,NA,Electric sounder measurement,Water level accuracy to nearest tenth of a foot,5161,Mojave Water Agency,NA,5161,Mojave Water Agency
9857,348750N1168576W001,2074673,2008-03-04T00:00:00Z,1939.77,1939.77,0,153.2,1786.57,153.2,153.2,NA,Electric sounder measurement,Water level accuracy to nearest tenth of a foot,5161,Mojave Water Agency,NA,5161,Mojave Water Agency
9857,348750N1168576W001,2074672,2007-10-03T00:00:00Z,1939.77,1939.77,0,152.91,1786.86,152.91,152.91,NA,Electric sounder measurement,Water level accuracy to nearest tenth of a foot,5161,Mojave Water Agency,NA,5161,Mojave Water Agency
9857,348750N1168576W001,2074671,2007-03-06T00:00:00Z,1939.77,1939.77,0,148.59,1791.18,148.59,148.59,NA,Unknown,Water level accuracy to nearest tenth of a foot,5161,Mojave Water Agency,NA,5161,Mojave Water Agency
9857,348750N1168576W001,2074670,2006-10-10T00:00:00Z,1939.77,1939.77,0,149.97,1789.8,149.97,149.97,NA,Unknown,Water level accuracy to nearest tenth of a foot,5161,Mojave Water Agency,NA,5161,Mojave Water Agency
9857,348750N1168576W001,2074669,2006-03-06T00:00:00Z,1939.77,1939.77,0,147.74,1792.03,147.74,147.74,NA,Electric sounder measurement,Water level accuracy to nearest tenth of a foot,5161,Mojave Water Agency,NA,5161,Mojave Water Agency
9857,348750N1168576W001,2074668,2005-10-11T00:00:00Z,1939.77,1939.77,0,148.09,1791.68,148.09,148.09,NA,Unknown,Water level accuracy to nearest tenth of a foot,5161,Mojave Water Agency,NA,5161,Mojave Water Agency
9857,348750N1168576W001,2074667,2005-08-01T00:00:00Z,1939.77,1939.77,0,148.13,1791.64,148.13,148.13,NA,Unknown,Water level accuracy to nearest tenth of a foot,5161,Mojave Water Agency,NA,5161,Mojave Water Agency
9857,348750N1168576W001,2074666,2005-05-23T00:00:00Z,1939.77,1939.77,0,146.87,1792.9,146.87,146.87,NA,Unknown,Water level accuracy to nearest tenth of a foot,5161,Mojave Water Agency,NA,5161,Mojave Water Agency
9857,348750N1168576W001,2074665,2005-02-04T00:00:00Z,1939.77,1939.77,0,152.01,1787.76,152.01,152.01,NA,Electric sounder measurement,Water level accuracy to nearest tenth of a foot,5161,Mojave Water Agency,NA,5161,Mojave Water Agency
9857,348750N1168576W001,2074664,2004-09-14T00:00:00Z,1939.77,1939.77,0,153.36,1786.41,153.36,153.36,NA,Electric sounder measurement,Water level accuracy to nearest tenth of a foot,5161,Mojave Water Agency,NA,5161,Mojave Water Agency
9857,348750N1168576W001,2074663,2004-03-09T00:00:00Z,1939.77,1939.77,0,151.61,1788.16,151.61,151.61,NA,Electric sounder measurement,Water level accuracy to nearest tenth of a foot,5161,Mojave Water Agency,NA,5161,Mojave Water Agency
9857,348750N1168576W001,2074662,2003-10-28T00:00:00Z,1939.77,1939.77,0,153.4,1786.37,153.4,153.4,NA,Electric sounder measurement,Water level accuracy to nearest tenth of a foot,5161,Mojave Water Agency,NA,5161,Mojave Water Agency
9857,348750N1168576W001,2074661,2003-03-27T00:00:00Z,1939.77,1939.77,0,151.72,1788.05,151.72,151.72,NA,Electric sounder measurement,Water level accuracy to nearest tenth of a foot,5161,Mojave Water Agency,NA,5161,Mojave Water Agency
9857,348750N1168576W001,2074660,2002-12-02T00:00:00Z,1939.77,1939.77,0,151.76,1788.01,151.76,151.76,NA,Electric sounder measurement,Water level accuracy to nearest tenth of a foot,5161,Mojave Water Agency,NA,5161,Mojave Water Agency
9857,348750N1168576W001,2074659,2002-04-01T00:00:00Z,1939.77,1939.77,0,149.34,1790.43,149.34,149.34,NA,Electric sounder measurement,Water level accuracy to nearest tenth of a foot,5161,Mojave Water Agency,NA,5161,Mojave Water Agency
9857,348750N1168576W001,2074658,2001-11-14T00:00:00Z,1939.77,1939.77,0,149.73,1790.04,149.73,149.73,NA,Electric sounder measurement,Water level accuracy to nearest tenth of a foot,5161,Mojave Water Agency,NA,5161,Mojave Water Agency
9857,348750N1168576W001,2074657,2001-03-21T00:00:00Z,1939.77,1939.77,0,148.19,1791.58,148.19,148.19,NA,Electric sounder measurement,Water level accuracy to nearest tenth of a foot,5161,Mojave Water Agency,NA,5161,Mojave Water Agency
9857,348750N1168576W001,2074656,2000-10-17T00:00:00Z,1939.77,1939.77,0,148.28,1791.49,148.28,148.28,NA,Electric sounder measurement,Water level accuracy to nearest tenth of a foot,5161,Mojave Water Agency,NA,5161,Mojave Water Agency
9857,348750N1168576W001,2074655,2000-03-21T00:00:00Z,1939.77,1939.77,0,146.65,1793.12,146.65,146.65,NA,Electric sounder measurement,Water level accuracy to nearest tenth of a foot,5161,Mojave Water Agency,NA,5161,Mojave Water Agency
9857,348750N1168576W001,2074654,1999-10-11T00:00:00Z,1939.77,1939.77,0,149.88,1789.89,149.88,149.88,NA,Electric sounder measurement,Water level accuracy to nearest tenth of a foot,5161,Mojave Water Agency,NA,5161,Mojave Water Agency
9857,348750N1168576W001,2074653,1999-03-24T00:00:00Z,1939.77,1939.77,0,144.32,1795.45,144.32,144.32,NA,Electric sounder measurement,Water level accuracy to nearest tenth of a foot,5161,Mojave Water Agency,NA,5161,Mojave Water Agency
9857,348750N1168576W001,2074652,1998-10-06T00:00:00Z,1939.77,1939.77,0,147.18,1792.59,147.18,147.18,NA,Unknown,Water level accuracy to nearest tenth of a foot,5161,Mojave Water Agency,NA,5161,Mojave Water Agency
9857,348750N1168576W001,2074651,1998-04-06T00:00:00Z,1939.77,1939.77,0,141.43,1798.34,141.43,141.43,NA,Unknown,Water level accuracy to nearest tenth of a foot,5161,Mojave Water Agency,NA,5161,Mojave Water Agency
9857,348750N1168576W001,2074650,1997-10-08T00:00:00Z,1939.77,1939.77,0,144.68,1795.09,144.68,144.68,NA,Unknown,Water level accuracy to nearest tenth of a foot,5161,Mojave Water Agency,NA,5161,Mojave Water Agency
9857,348750N1168576W001,2074649,1997-03-17T00:00:00Z,1939.77,1939.77,0,139.58,1800.19,139.58,139.58,NA,Unknown,Water level accuracy to nearest tenth of a foot,5161,Mojave Water Agency,NA,5161,Mojave Water Agency
9857,348750N1168576W001,2074648,1996-10-08T00:00:00Z,1939.77,1939.77,0,142.26,1797.51,142.26,142.26,NA,Unknown,Water level accuracy to nearest tenth of a foot,5161,Mojave Water Agency,NA,5161,Mojave Water Agency
9857,348750N1168576W001,2074647,1996-03-26T00:00:00Z,1939.77,1939.77,0,134.92,1804.85,134.92,134.92,NA,Unknown,Water level accuracy to nearest tenth of a foot,5161,Mojave Water Agency,NA,5161,Mojave Water Agency
9857,348750N1168576W001,2074646,1995-11-08T00:00:00Z,1939.77,1939.77,0,136.72,1803.05,136.72,136.72,NA,Unknown,Water level accuracy to nearest tenth of a foot,5161,Mojave Water Agency,NA,5161,Mojave Water Agency
9857,348750N1168576W001,2074645,1995-03-22T00:00:00Z,1939.77,1939.77,0,134.75,1805.02,134.75,134.75,NA,Unknown,Water level accuracy to nearest tenth of a foot,5161,Mojave Water Agency,NA,5161,Mojave Water Agency
9857,348750N1168576W001,2074644,1994-11-15T00:00:00Z,1939.77,1939.77,0,133.75,1806.02,133.75,133.75,Nearby pump operating,Unknown,Water level accuracy to nearest tenth of a foot,5161,Mojave Water Agency,NA,5161,Mojave Water Agency
9857,348750N1168576W001,2074643,1994-03-23T00:00:00Z,1939.77,1939.77,0,127.35,1812.42,127.35,127.35,Nearby pump operating,Unknown,Water level accuracy to nearest tenth of a foot,5161,Mojave Water Agency,NA,5161,Mojave Water Agency
9857,348750N1168576W001,2074642,1993-11-16T00:00:00Z,1939.77,1939.77,0,126.53,1813.24,126.53,126.53,NA,Unknown,Water level accuracy to nearest tenth of a foot,5161,Mojave Water Agency,NA,5161,Mojave Water Agency
9857,348750N1168576W001,2074641,1993-03-24T00:00:00Z,1939.77,1939.77,0,117.75,1822.02,117.75,117.75,NA,Unknown,Water level accuracy to nearest tenth of a foot,5161,Mojave Water Agency,NA,5161,Mojave Water Agency
9857,348750N1168576W001,2074640,1993-03-04T00:00:00Z,1939.77,1939.77,0,130.54,1809.23,130.54,130.54,NA,Unknown,Water level accuracy to nearest tenth of a foot,5161,Mojave Water Agency,NA,5161,Mojave Water Agency
9857,348750N1168576W001,2074639,1993-02-04T00:00:00Z,1939.77,1939.77,0,130.54,1809.23,130.54,130.54,NA,Unknown,Water level accuracy to nearest tenth of a foot,5161,Mojave Water Agency,NA,5161,Mojave Water Agency
9857,348750N1168576W001,2074638,1992-11-20T00:00:00Z,1939.77,1939.77,0,132.54,1807.23,132.54,132.54,NA,Unknown,Water level accuracy to nearest tenth of a foot,5161,Mojave Water Agency,NA,5161,Mojave Water Agency
9857,348750N1168576W001,2074637,1992-05-08T00:00:00Z,1939.77,1939.77,0,129.32,1810.45,129.32,129.32,NA,Unknown,Water level accuracy to nearest tenth of a foot,5161,Mojave Water Agency,NA,5161,Mojave Water Agency
9857,348750N1168576W001,2074636,1992-03-10T00:00:00Z,1939.77,1939.77,0,127.14,1812.63,127.14,127.14,NA,Unknown,Water level accuracy to nearest tenth of a foot,5161,Mojave Water Agency,NA,5161,Mojave Water Agency
9857,348750N1168576W001,2074635,1991-11-20T00:00:00Z,1939.77,1939.77,0,129.54,1810.23,129.54,129.54,NA,Unknown,Water level accuracy to nearest tenth of a foot,5161,Mojave Water Agency,NA,5161,Mojave Water Agency
