StationID,New_Lat,New_Long
000CAT148,39.0752298,-119.89944
000CAT228,39.0730718,-119.92005
102PS0139,41.9959481,-122.9597
103CDCHHR,41.7888953,-124.07784
103FC1106,41.93406515,-124.1081494
103FCA168,41.6496191,-124.09118
103KLCMSR,41.8554564,-123.85215
103PS0217,41.68690641,-124.0834599
103RDCBCC,41.9548095,-124.0625
103WER026,41.8499865,-124.03322
103WER029,41.809766,-124.11209
103WER030,41.8564882,-123.91194
105BVCAGC,41.6120215,-123.29225
105CE0329,41.3081753,-123.03392
105CLCATC,41.7344726,-123.54826
105CR0901,41.3180889,-123.52799
105CR0913,41.8428251,-122.89869
105DLCDCC,41.5728015,-123.54469
105FC1116,41.91258293,-120.9212504
105FC1120,41.55364143,-121.9246852
105FC1297,41.32860037,-123.4199184
105FCA116,41.3178155,-123.04812
105FS0416,41.614111,-123.28187
105FS0425,41.3582685,-123.07451
105FS0428,41.4410528,-123.35829
105NWC151,41.91713452,-120.8810529
105PS0028,41.7509508,-122.00312
105PS0043,41.7293919,-123.23671
105PS0067,41.139249,-123.13937
105PS0069,41.2982463,-123.94255
105PS0083,41.364694,-123.18717
105PS0090,41.0800405,-123.02912
105PS0092,41.5768499,-121.9255
105PS0097,41.7415719,-123.35549
105PS0107,41.7137526,-123.01732
105PS0129,41.9237684,-123.46483
105PS0149,41.240996,-123.65543
105PS0154,41.0981249,-123.0734
105PS0188,41.7185053,-122.34972
105PS0193,41.8294124,-123.38486
105PS0195,41.1888599,-123.07484
105PS0211,41.42695936,-122.9216991
105PS0231,41.60811142,-122.456988
105PS0259,41.1406891,-123.1727316
105PS0267,41.88067552,-123.1299006
105PS0276,41.9900047,-120.81078
105PS0468,41.8941492,-121.02359
105PS0540,41.6200195,-122.06924
105PS0660,41.9156453,-120.88859
105PS1148,41.8659071,-122.4641
105PS1404,41.92436523,-122.3888787
105PS1492,41.86225988,-120.9951605
105TMCACC,41.7369287,-123.54872
105WE0598,41.2443927,-123.32933
105WLC135,41.89911096,-121.0443755
105WLCABC,41.4422517,-123.35041
106FC1183,40.63704093,-122.7464956
106FC1313,40.87031945,-122.800388
106FCA036,40.8012662,-122.92964
106FS0040,40.1691243,-123.02515
106HLCACC,41.0170233,-123.59492
106MNCAHC,40.6380533,-123.322
106PS0022,40.6725933,-123.52155
106PS0051,41.2473451,-122.6416
106PS0078,40.5543134,-123.13761
106PS0106,40.8118785,-123.11906
106PS0115,41.1729013,-122.86959
106PS0122,41.1122723,-122.86482
106PS0124,40.1705465,-123.02867
106PS0142,40.458489,-123.16704
106PS0166,41.0441162,-123.6117
106PS0173,40.3778176,-123.29927
106PS0186,40.3062027,-123.12127
106PTCAHC,40.4951813,-123.03531
106WE0505,40.8623465,-122.90302
106WE1079,41.1348577,-122.80509
106WER011,40.9358845,-123.15486
106WER016,40.4896507,-123.02946
107GWCAPC,41.3679359,-124.02424
107LLM101,41.3269745,-124.02387
107PS0021,41.3241209,-124.00796
107RWCBHW,41.1966306,-123.99642
107WER092,41.3999561,-124.0579
108PS0197,41.1758895,-124.08516
109PS0162,40.9052103,-124.04158
110ECSLSF,40.6732014,-124.09629
110FCA102,40.7252711,-124.11628
110PS0114,40.68793,-124.05051
110SMCATH,40.6386718,-124.10349
111BBRBCC,39.6995084,-122.92445
111BGCAER,40.0223251,-123.06148
111CBCAER,39.5290482,-122.84833
111CE0569,40.3467571,-123.99247
111ERATRC,39.5522234,-122.86134
111FC1098,39.7573889,-123.7248396
111FCA207,40.1071607,-123.79689
111FS0001,39.3270926,-122.83111
111FS0007,39.4712271,-122.83378
111FS0008,39.3192973,-122.8454
111HSCAER,39.5250339,-122.85276
111PAL105,40.3497286,-123.96396
111PS0008,39.5216399,-123.3977
111PS0013,40.4064142,-123.84924
111PS0057,40.4695442,-123.92922
111PS0095,39.7889376,-123.73564
111PS0110,39.3514196,-122.87621
111PS0121,40.2256824,-123.84553
111PS0144,39.9001796,-123.01714
111PS0159,39.7998206,-123.65584
111PS0160,39.44612,-123.02926
111PS0169,40.5829325,-123.98764
111PS0178,40.6800425,-123.95064
111PS0204,39.2769337,-122.86581
111PS0237,40.33346505,-123.4650096
111RSCAER,39.9877222,-123.05062
111TGCAER,39.3956853,-122.86374
111WE0816,39.5874056,-122.91817
111WE1050,39.7114702,-122.84193
111WE1071,39.7005337,-122.81255
111WER003,39.5381653,-122.8613
111WER008,39.4936568,-122.86392
111WER159,39.4293679,-122.84518
112PS0157,40.2318936,-124.11228
113GAR010,38.8373627,-123.54676
113GAR011,38.891405,-123.4558
113GAR015,38.8931351,-123.50899
113GAR030,38.8701823,-123.56664
113GAR038,38.8391981,-123.53473
113GAR046,38.8557845,-123.56358
113GAR061,38.8839311,-123.59204
113GAR062,38.8596418,-123.54839
113GAR084,38.9265675,-123.62855
113GAR087,38.9081323,-123.48967
113GAR089,38.9081704,-123.35105
113GAR094,38.8628504,-123.56834
113GAR105,38.8995896,-123.39059
113GAR110,38.8552976,-123.56028
113GAR112,38.9248844,-123.49051
113GAR118,38.8426575,-123.54952
113GAR178,38.8749038,-123.49378
113GAR244,38.9315862,-123.59243
113PS0012,39.2577361,-123.50874
113PS0076,38.9363703,-123.50043
113PS0084,39.4060874,-123.71299
113PS0100,39.3182046,-123.63071
113PS0120,39.1507359,-123.63595
113PS0132,39.5566601,-123.72353
113PS0168,38.7536289,-123.40457
113PS0196,39.5439544,-123.6553
113PS0216,38.51536858,-123.2422148
113PS0232,38.66792741,-123.3099517
113PS0268,39.15614643,-123.4592251
113RG8046,38.4757678,-123.15212
114AU7778,38.5872353,-123.11801
114CE0131,38.7908601,-123.19624
114CR0903,38.81626966,-123.0111917
114FCA199,38.8296335,-122.90837
114MA2364,38.6305657,-122.76807
114PS0088,38.5572989,-123.09358
114PS0145,38.8936121,-123.07017
114PS0149,38.4340999,-122.67607
114PS0152,38.4634283,-123.00882
114PS0209,38.78600112,-123.155201
114PS0229,38.61538062,-122.7839078
114WE0614,38.5391692,-123.07191
114WER118,38.5920087,-123.07044
115EBAG01,38.3461333,-122.91535
115SALG01,38.3434928,-122.95896
201AHO350,37.9447607,-122.74297
201CHE300,38.0394499,-122.7418
201LAG190,38.0295397,-122.73625
201LAG335,37.9917933,-122.66195
201LAG380,37.9674509,-122.65414
201MRS020,37.9196808,-122.66952
201RDW080,37.8769478,-122.5811
202BUT030,37.224863,-122.33258
202BUT040,37.2413177,-122.31696
202BUT050,37.2092356,-122.33267
202BUT480,37.213486,-122.31451
202BUT600,37.2152307,-122.30854
202BUT850,37.2266,-122.2412
202DRY010,37.3592,-122.3912
202LAH950,37.3887289,-122.28286
202MIC150,37.452,-122.392
202PES162,37.2691585,-122.26407
202PES168,37.2617,-122.2408
202PS0246,37.46254652,-122.374612
202R00024,37.3247,-122.2467
202R00072,37.5148391,-122.38632
202R00087,37.6447,-122.4801
202R00248,37.3203,-122.3398
202R00280,37.2935,-122.2189
202R00284,37.5052,-122.4872
202R00908,37.6113,-122.4934
202SPE090,37.5750082,-122.46419
202TUN600,37.391,-122.368
203PS0070,37.990506,-122.59329
203R00983,37.8751,-122.2366
204AHOACR,37.4615831,-121.76902
204ALA525,37.4961869,-121.76068
204ALP040,37.696382,-121.81633
204ARH090,37.451,-121.755
204IND200,37.5620443,-121.79842
204PS0038,37.7269685,-122.17257
204PS0094,37.6893169,-121.87579
204PS0102,37.69796,-122.02884
204PS0118,37.529357,-122.35871
204R00047,37.6883,-122.0726
204R00063,37.7966,-122.1997
204R00068,37.6991,-121.8089
204R00084,37.7009,-121.9255
204R00100,37.6826,-121.8961
204R00180,37.5731,-122.3693
204R00189,37.3209,-121.6635
204R00191,37.6658,-121.8784
204R00200,37.5233,-122.3409
204R00232,37.4635,-122.2515
204R00244,37.4715,-122.2453
204R00303,37.6842,-122.0819
204R00319,37.7994,-122.2182
204R00327,37.6201,-122.1007
204R00334,37.6466,-121.7881
204R00340,37.7022,-121.9207
204R00356,37.6687,-121.9093
204R00367,37.6596,-122.0417
204R00383,37.6591,-122.1368
204R00391,37.5868,-122.0236
204R00436,37.5817,-122.3707
204R00447,37.6583,-121.861
204R00455,37.6468,-122.0393
204R00473,37.6705,-121.7611
204R00520,37.5122,-122.2912
204R00583,37.6191,-122.0593
204R00590,37.6421,-121.7818
204R00596,37.7006,-121.9033
204R00623,37.6946,-122.0448
204R00639,37.6814,-122.1443
204R00647,37.6097,-122.0175
204R00680,37.438,-122.2413
204R00724,37.6961,-121.9454
204R00751,37.8041,-122.1613
204R00807,37.6523,-122.422
204R00852,37.7197,-121.9134
204R00884,37.5778,-122.3851
204R01316,37.6846,-121.9154
204R01471,37.6922,-121.8689
204SIN300,37.6405005,-121.92468
204VAL400,37.471,-121.667
205AAG075,37.3904,-121.7835
205AAG375,37.36,-121.737
205AAG400,37.371877,-121.73258
205COY140,37.3991061,-121.79693
205COY585,37.09,-121.4699
205COY610,37.1177117,-121.48092
205COY615,37.121,-121.48
205COY850,37.1824044,-121.50666
205COY853,37.178,-121.497
205COY900,37.1753765,-121.47731
205COY930,37.1898,-121.4689
205CYCAHH,37.1014602,-121.47223
205CYCBBC,37.1262177,-121.48118
205GCAxxx,37.1815326,-121.87305
205LGA700,37.1195171,-121.90274
205PS0045,37.2939459,-121.933
205PS0074,37.4542875,-122.1336
205PS0106,37.3843238,-121.9077
205PS0109,37.2933977,-121.88042
205PS0138,37.4105192,-122.1385
205PS0157,37.3014053,-121.83516
205PS0170,37.3619837,-121.87388
205PS0173,37.2389732,-121.88488
205PS0202,37.3455956,-122.0888769
205PS0221,37.26711533,-121.7960653
205PS0234,37.39338731,-121.8142016
205R00021,37.2549286,-121.57799
205R00035,37.3815,-121.8567
205R00042,37.2458,-121.7702
205R00058,37.2517,-122.0841
205R00067,37.3769,-121.9686
205R00088,37.372,-122.2196
205R00090,37.2881,-121.8792
205R00099,37.3077,-122.0217
205R00110,37.5027,-121.9123
205R00115,37.4059,-122.0691
205R00131,37.434,-121.9128
205R00154,37.234,-121.8376
205R00168,37.3968,-122.2323
205R00170,37.2482,-122.0721
205R00174,37.5282,-121.9477
205R00182,37.1875,-121.8401
205R00218,37.29,-121.818
205R00227,37.4099,-122.1383
205R00234,37.2662,-121.9908
205R00241,37.2764,-121.765
205R00259,37.3672,-121.9248
205R00282,37.2376,-121.8884
205R00291,37.3172,-121.8486
205R00346,37.2597,-121.8701
205R00374,37.1942,-121.8232
205R00387,37.4456,-121.9109
205R00419,37.3205,-122.0609
205R00430,37.4826,-121.9373
205R00451,37.386,-121.9096
205R00474,37.2788,-121.8078
205R00538,37.2179,-121.914
205R00547,37.3484,-121.9895
205R00554,37.2467,-121.9952
205R00586,37.1655,-121.9792
205R00602,37.2297,-121.8659
205R00627,37.3963,-121.9869
205R00666,37.2692,-121.7967
205R00686,37.5124,-121.9439
205R00707,37.3906,-121.8433
205R00714,37.2342,-121.9733
205R00739,37.4297,-122.1282
205R00771,37.3406,-121.9021
205R00787,37.4014,-121.795
205R00872,37.4213,-122.2459
205R00878,37.5546,-121.987
205R00984,37.4254,-122.2635
205R01134,37.5005,-121.9156
205R01198,37.5088,-121.9666
205R01390,37.5308,-121.9702
205SAR057,37.2776929,-122.01151
205SAR060,37.2722047,-122.01633
205SAR070,37.2614607,-122.02952
205SAR080,37.2541447,-122.0421
205SFC880,37.3066832,-121.68885
205STE110,37.2864413,-122.12528
205WUN450,37.4489718,-122.29447
205WUN550,37.4521,-122.2985
206BRC020,37.9281785,-122.14996
206FC1339,38.5973119,-122.5983847
206FCA155,38.0694568,-122.53237
206HCT020,38.471318,-122.48866
206NAP700,38.6272947,-122.61301
206PIN610,37.9704433,-122.2411
206PIN825,37.962453,-122.20134
206PS0054,37.9656965,-122.3133
206PS0073,38.0983137,-122.56697
206PS0165,38.5736,-122.56931
206PS0230,37.95974703,-122.2786716
206R00407,37.944068,-121.92226
206R00551,37.962813,-122.34641
206R00919,37.955958,-122.26969
206RCCBDC,38.3547434,-122.42662
206RIC100,38.5514306,-122.52171
206SON300,38.4427022,-122.5307
206TUL120,38.2846145,-122.21754
207MTD117,37.9185185,-121.94435
207PS0142,37.9500284,-121.97295
207PS0150,37.8604875,-122.03364
207PS0241,38.29350337,-122.0228675
207R00395,37.8927882,-122.10487
207R00631,37.9442386,-122.06558
207R00843,37.867723,-122.09569
207SUI290,38.3718771,-122.14051
207WAL475,37.8306396,-122.07502
304APS,37.0013834,-121.90621
304BEP,37.1278994,-122.12155
304BH9,37.1267828,-122.12174
304PS0006,36.9764261,-121.89395
304PS0018,37.1185791,-122.04957
304PS0146,36.9831855,-121.99481
304PS0194,37.1596564,-122.234
304PS0253,37.20195637,-122.1467874
304PS0274,37.04828006,-122.0667958
304SCM,37.1042967,-122.25171
304SL9,37.0886046,-122.08778
304SOU,37.03414,-121.94311
304SPC236,37.1682838,-122.21376
304WDCAH1,37.1137324,-122.26962
304ZAY,37.0493801,-122.06547
305BRI,36.6145634,-121.21102
305CLCSBR,36.3616297,-120.75938
305COR2,36.9890148,-121.80242
305LGCACR,36.3491015,-120.82104
305LGCBRC,37.1476993,-121.77339
305PS0034,36.915363,-121.69639
305PS0061,37.082372,-121.60103
305SSCAUC,37.0847848,-121.79411
305UVCASC,37.0866973,-121.79445
307CE0094,36.428069,-121.75771
307CMRADC,36.3721962,-121.66301
307PS0028,36.4081937,-121.68047
307PS0044,36.5053552,-121.76334
307SCCARR,36.4307261,-121.79839
308BGC,36.070003,-121.59998
308BSU,36.2455985,-121.77339
308LILPAL,36.3403402,-121.80863
308LSRASC,36.3258426,-121.78933
308MWCAH1,36.1625779,-121.66598
308PS0156,36.3276744,-121.78976
308PS0204,36.26013902,-121.7941469
308PWCAH1,35.9355457,-121.46781
308ROCBBQ,36.3781458,-121.88621
308SAM,35.8143905,-121.35896
308SANWIL,36.4905477,-121.86728
308SBCAH1,36.45627,-121.92522
309ARCBRC,36.2360842,-121.48341
309ARSARC,36.1198069,-121.46888
309CAW126,36.2307198,-121.55156
309CLCBVC,36.4662684,-121.15444
309LAS1MI,36.2289511,-121.49513
309LOR,36.2672139,-121.06957
309PS0040,36.3490241,-121.2167
309PS0043,35.7589271,-120.8399
309PS0116,36.0640029,-121.32616
309PSO,35.6278374,-120.68404
309SAP,35.2942387,-120.38856
309SARANF,36.064477,-121.38526
309SAT,35.4916639,-120.64564
309SDCMCC,36.482772,-121.1551
309SEC,36.280487,-121.32257
309SED071,36.218716,-121.51399
309SET,36.3221175,-121.29494
309WLCATC,36.2130111,-121.53507
310COO,35.2549357,-120.88721
310LPCBPC,35.2653908,-120.5226
310OLD,35.4719089,-120.86074
310SSU,35.6088713,-121.07764
312DAVDAV,34.7610735,-119.95359
312MZCDBC,34.7705778,-119.93641
312PS0099,34.7795763,-119.95796
312RYCALR,34.6743933,-119.29754
312SIV,34.8396342,-120.16853
314WE1102,34.6956168,-119.91043
315ARH101,34.4817976,-120.14056
315CHCALS,34.5935018,-120.53067
402BA0079,34.4114154,-119.27442
402BA0095,34.4626023,-119.34602
402BA0143,34.365779,-119.31082
402BA0287,34.5028367,-119.36579
402BA0335,34.3798845,-119.30754
402M00005,34.51364,-119.40097
402MTCUNF,34.5175101,-119.37918
402SNPMCR,34.50488408,-119.3775053
403BA0015,34.5317307,-119.18367
403BA0047,34.2705938,-119.1531
403BA0064,34.644256,-118.514219
403BA0068,34.3934669,-118.90237
403BA0136,34.5114202,-118.45102
403BA0140,34.3464977,-118.56399
403BA0171,34.5857856,-119.28339
403FCA022,34.3558321,-119.02335
403LNCASC,34.5390101,-119.16119
403M01505,34.41709,-118.92546
403M01506,34.39739,-118.79347
403M05757,34.54518,-118.43467
403M05758,34.43484,-118.61254
403M05771,34.69939,-118.79476
403PRCAGH,34.6947465,-118.92046
403S00640,34.6006768,-118.55867
403S00772,34.4146283,-118.92884
403S00831,34.430471,-118.83183
403S00875,34.5566544,-119.3063
403S00960,34.5907602,-118.46176
403S01136,34.6276219,-118.74403
403S01163,34.6985895,-118.8648
403S01195,34.5583603,-119.26767
403S01272,34.4030438,-118.69122
403S01536,34.5690899,-118.39213
403S01707,34.598357,-119.34798
403S01728,34.574901,-118.46002
403S01784,34.4025266,-118.74659
403S01883,34.7162595,-119.01885
403S02764,34.4477819,-118.7549
403S03320,34.4000033,-118.72342
403S03643,34.5620881,-119.12887
403S03832,34.4017533,-118.78462
403S04868,34.4049151,-118.93944
403S05247,34.3693071,-118.98742
403S05291,34.5639777,-119.26304
403S06283,34.6938801,-118.86075
403S06315,34.5922323,-119.31034
403S06660,34.4296395,-118.92374
403S07024,34.6091998,-118.75772
403S07227,34.5620828,-119.16664
403S11084,34.4248673,-118.56073
403S14156,34.4252649,-118.58262
403S15608,34.4018979,-118.70052
403S16332,34.5317333,-118.7580909
403S16493,34.68672206,-118.8453414
403S16978,34.42314167,-118.7676907
403S18093,34.69441881,-118.8565009
403S34646,34.42555553,-118.5661534
403S39062,34.43231469,-118.617167
403STC064,34.5581481,-119.10459
403STC086,34.5562473,-119.20592
403WE0501,34.5413991,-118.77434
403WE0540,34.6509686,-119.12032
403WE0683,34.4396074,-119.07726
403WE1027,34.7265549,-119.02943
404BA0084,34.0904364,-118.94854
404BA0104,34.0946846,-118.73172
404BA0142,34.0504769,-118.77572
404BA0376,34.1159699,-118.66184
404BA0526,34.0422483,-118.8715
404BA0616,34.1739569,-118.69901
404BA0808,34.113506,-118.778914
404BA0852,34.0783557,-118.81985
404BA0964,34.0604318,-118.9652
404BA1128,34.10329,-118.712649
404BA1144,34.0600696,-118.63744
404BA1166,34.0374964,-118.74963
404M07346,33.8024,-118.39639
404M07349,34.07803,-118.70166
404S02920,34.1771192,-118.76634
404S03048,34.1834952,-118.79048
404S05992,34.1566207,-118.75836
404S06456,34.0639417,-118.58722
404S08040,34.1439575,-118.75545
404S08616,34.1213372,-118.79107
404S08846,34.0544356,-118.58175
404S11406,34.048696,-118.68987
404S11880,34.1252931,-118.70828
404S13160,34.1577493,-118.75972
404S13416,34.0987507,-118.71595
404S13672,34.0754009,-118.70292
404S14952,34.14268,-118.7009
404S16168,34.0676895,-118.70704
404S16232,34.1254982,-118.75317
404S16516,34.1290766,-118.75588
404S17016,34.11832742,-118.7804456
404S17266,34.1068007,-118.71195
404S17664,34.1496081,-118.69795
404S18250,34.13226976,-118.8204588
404S18666,34.1720681,-118.76375
404S22464,34.1262046,-118.70699
404S23297,34.05002515,-118.5810426
404S24066,34.1632254,-118.7007054
404S25298,34.0456312,-118.68751
404S25668,34.1214685,-118.70914
404S26670,34.1638541,-118.76204
404S26868,34.0967506,-118.71737
404S27470,34.174452,-118.76389
404S28068,34.1393617,-118.70366
404S28270,34.1366826,-118.75723
404S31468,34.1687397,-118.7616
404S32468,34.0998989,-118.72305
404S33670,34.1582601,-118.70014
404S34120,34.1655975,-118.78917
404S34230,34.06908074,-118.5868061
404S35270,34.1332063,-118.70659
404S35418,34.0826182,-118.70858
404S37670,34.14075971,-118.701215
404S44210,34.14301391,-118.757784
404S44642,34.16870016,-118.7030663
404S45622,34.06150703,-118.5852418
404S45745,34.05905849,-118.9336949
404S48200,34.07765954,-118.9238144
405BH2Axx,34.242887,-117.87308
405BH2Bxx,34.242887,-117.87308
405BH3Axx,34.2297888,-117.77193
405BH3Bxx,34.2297888,-117.77193
405BH3Cxx,34.22951429,-117.7796281
405BRCAMS,34.2737652,-117.89901
405BRCASG,34.2409231,-117.88449
405BRCSGR,34.2515686,-117.88354
405CE0280,34.2299122,-117.75247
405M10598,34.06991,-117.77146
405M10599,33.95045,-118.04896
405PS0030,34.2354539,-117.80636
405PS0036,34.240568,-117.93456
405SGRAAG,34.2655782,-117.74754
405WER318,34.2681885,-117.89294
407M01516,34.25539,-119.25498
408BA0268,34.3261185,-118.71846
408BA0580,34.2665131,-119.09295
408BA0916,34.2326525,-118.95422
408BH5Axx,34.283752,-118.81071
408BH5Bxx,34.283752,-118.81071
408BH5Cxx,34.283752,-118.81071
408BH6Axx,34.2036517,-119.00135
408BH6Bxx,34.2036517,-119.00135
408BH6Cxx,34.2036517,-119.00135
408M03005,34.27001,-118.74203
408M03015,34.20947,-118.88115
408M03019,34.2678337,-118.93799
408PS0032,34.1678243,-119.058
412BH1Axx,34.2739747,-118.31534
412BH1Bxx,34.2739747,-118.31534
412BH1Cxx,34.27303,-118.3223
412BH4Axx,34.2069839,-118.16806
412BH4Bxx,34.2069839,-118.16806
412BH4Cxx,34.2069839,-118.16806
412CE0232,34.1585563,-118.45554
412M08597,34.15524,-118.43907
412M08599,34.10602,-118.24338
412M08602,33.97131,-118.16996
412PS0020,34.0675466,-118.09346
412PS0040,34.264256,-118.48851
412PS0052,34.1953164,-118.59146
412WE0552,34.2389496,-118.18159
481S05856,34.19149377,-117.6761402
504DCFRxx,40.1050351,-122.03923
504FC1115,39.98053642,-121.9723424
504PS0019,39.7284896,-121.8816
504PS0051,40.0954773,-122.06673
504PS0147,39.7757209,-122.21781
504PS0227,39.9892558,-121.96981
504PS0238,39.9388279,-122.0665
504PS0243,40.1409122,-122.14074
504PS0295,39.7477238,-121.80802
504PS0371,39.9711459,-122.08107
504PS0574,39.8958421,-121.9236015
504PS0595,39.75120971,-122.1332522
504WE0527,40.1075195,-122.0311
505BMCMCR,41.0956669,-122.13599
505FC1275,41.29989015,-122.1187894
505LBCAMR,41.0920492,-122.11268
505PS0110,41.0965556,-122.2015
505PS0156,41.2494854,-121.95089
505PS0174,40.9970069,-122.05907
505PS0940,41.2271332,-122.00899
505PS1180,41.26380159,-121.9137994
506PS0003,40.9436277,-122.33592
506PS0062,40.8609785,-122.46223
507BCSFBM,40.4787892,-121.59669
507BTC269,40.35193462,-121.6345078
507DCABSF,40.44288699,-121.7245803
507DCBLLB,40.43881548,-121.7771261
507MZCAML,40.5311695,-121.55295
507PS0122,40.3946581,-121.93617
507PS0142,40.6710053,-122.13952
507PS0286,40.5004397,-121.9328
507PS0314,40.4254914,-121.99258
507RCABRS,40.4532008,-121.7537452
507RCBLPF,40.45496782,-121.8332885
508CR1011,40.47343227,-122.3032304
508PS0042,40.5451607,-122.17608
508PS0298,40.5344735,-122.23382
508PS0458,40.49392984,-122.4475522
508PS0618,40.51949943,-122.3718929
509ACNFPP,40.2415177,-121.86257
509ACSFPP,40.2414128,-121.86211
509ATCINC,40.2330987,-121.87842
509BCCBPW,39.8682039,-121.70741
509BCCH32,40.0720146,-121.59881
509BSCADC,40.1020575,-121.66361
509CBCADC,40.2022219,-121.50903
509CTCADC,40.2206384,-121.41317
509CWCPLR,40.2098862,-121.92768
509DCPWxx,40.0694096,-121.7098
509DRCBPC,40.1661181,-121.60047
509FCA054,40.2181228,-121.9989
509ICPPCX,40.2331385,-121.87787
509MLC145,40.28931,-121.568222
509PCDTWR,40.3117318,-121.88652
509PMC197,40.31215097,-121.891156
509PS0049,40.2630735,-121.40776
509PS0085,40.2551587,-121.55899
509PS0170,40.2650519,-121.76812
509PS0234,40.231948,-121.89898
509PS0334,40.2242573,-121.98898
511CCC505,38.685599,-121.87698
511FC1357,38.34677067,-121.8999914
511PS0081,38.625336,-121.73708
511PS0145,38.3409751,-121.99733
511PS0209,38.3841206,-121.93034
511PS0401,38.3403603,-121.97067
511PS0657,38.3477727,-122.003069
513BTCACC,39.1670893,-122.64117
513PS0008,38.932386,-122.93223
513PS0024,39.0373388,-122.41239
513PS0088,38.9844141,-122.52218
513PS0200,39.180011,-122.66729
513PS0248,39.2167356,-122.72897
513STCAIV,39.184573,-122.53572
513UNCAKC,39.1674139,-122.5077
514BMCARC,38.8726299,-120.74361
514BRUUPX,38.8144808,-120.61598
514DNCLDC,39.1387716,-120.47561
514FC1215,38.97274598,-121.2914587
514FC1278,39.14468378,-120.4664721
514ICEUPx,38.8200764,-120.31396
514LNCASC,38.8135653,-120.22609
514PCAPCR,38.92412362,-120.4816858
514PCASMR,38.89606285,-120.5497047
514PS0019,38.8556853,-120.36576
514PS0084,38.798367,-121.22034
514PS0099,38.959999,-120.48396
514PS0131,38.70483841,-120.2294503
514PS0351,38.8928824,-121.14416
514SBCAMR,38.7607788,-120.10687
514SCCAAR,38.7910954,-120.10481
514SFA222,38.69487538,-120.2013539
514SSC190,38.81763335,-120.4408652
515PS0106,39.2256189,-121.51396
515PS0410,38.985799,-121.48175
515PS0430,39.0507029,-121.38518
515PS0490,39.3200216,-121.51941
515PS0622,39.00533966,-121.3993523
516PS0014,39.1878349,-120.94104
516PS0287,39.0455375,-121.11505
516PS0324,39.108574,-121.29184
516PS0516,39.02439732,-121.2308057
516PS0543,39.09776448,-121.1108176
517FC1248,39.66106231,-120.8893215
517FCA046,39.4654645,-120.96739
517FCA139,39.5986367,-120.99798
517FCA222,39.2997961,-120.9693
517LCCAYB,39.5992134,-120.51126
517PLC130,39.59001272,-120.8006765
517PS0030,39.3181993,-120.46061
517PS0039,39.4997595,-121.28654
517PS0054,39.445798,-121.03355
517PS0061,39.6847633,-120.74971
517PS0074,39.6237242,-120.72481
517PS0078,39.3015311,-120.99848
517PS0132,39.2989832,-121.29992
517SMC266,39.61971417,-120.6104561
518BTCASC,40.1869497,-121.30683
518CHCANF,39.7200416,-121.42155
518CPCRCR,40.004658,-121.2706
518FC1060,40.02552347,-120.9640593
518FC1350,40.11088978,-121.1253962
518FCA075,39.9061276,-121.04677
518FRE265,40.01131873,-121.2088769
518FRE277,40.00794499,-121.1899704
518FRM117,39.86453788,-120.7613754
518GZCUPx,39.8899253,-121.27793
518JSC273,39.76837916,-120.6847574
518KNCAWC,40.4502822,-121.3672
518LCC233,40.05694615,-120.5725883
518MLC181,39.92723927,-121.181199
518PS0001,39.7098926,-121.37889
518PS0017,39.7064404,-121.20443
518PS0029,40.0627097,-120.62957
518PS0033,39.9097993,-121.07063
518PS0045,40.003291,-120.93414
518PS0073,39.9594516,-120.25461
518PS0089,39.921356,-120.40488
518PS0093,39.998223,-120.73782
518PS0113,40.0712997,-121.25629
518PS0125,39.80922338,-120.6563791
518RCC169,39.98885908,-120.56938
518RCNAPC,40.3999116,-121.44101
518SDCAHR,40.2118867,-121.2724
518SED086,39.8062227,-121.0421
518SNCABC,39.6214339,-120.19227
518SPC134,39.68967378,-120.5120299
518WE0521,39.8129715,-120.68211
518WLCBCP,40.0504679,-120.37073
518WLCBWL,40.3853787,-121.34085
518YLCAFR,40.0120603,-121.24746
519CR0904,38.80836033,-121.6352067
519CR0912,38.57234057,-121.3577503
519MNRASR,38.7589175,-121.25675
519PS0002,38.6554442,-121.38861
519PS0134,38.4824404,-121.39653
519PS0194,38.7027073,-121.41506
519PS0198,38.4627147,-121.31125
519PS0253,38.6790923,-121.32829
519PS0278,38.4766679,-121.29143
519PS0290,38.4168745,-121.36358
519PS0305,38.4779303,-121.42897
519PS0322,38.7170691,-121.24055
519PS0340,38.7547261,-121.23612
519PS0390,38.481406,-121.40314
519PS0402,38.7986086,-121.34792
519PS0449,38.6852912,-121.44147
519PS0450,38.7331372,-121.39474
519PS0514,38.7339052,-121.27622
519PS0534,38.6038324,-121.41264
519PS0561,38.4592813,-121.43073
519PS0578,38.77477548,-121.2533616
519PS0646,38.5144868,-121.4101074
519SCRAMR,38.759146,-121.25626
520CR1010,39.5007605,-121.9976307
520FC1087,39.61321014,-121.7793704
520PS0007,39.6199165,-121.7753
520PS0071,39.700577,-121.85499
520PS0135,39.6468949,-121.63945
520PS0199,39.7102401,-121.7314
520PS0202,39.4023354,-122.1635
520PS0455,39.70288599,-121.7744391
521BTCLBC,39.7864113,-121.66052
521FCA170,40.0781248,-121.56038
521LCCBSR,39.8853132,-121.65031
521PS0663,39.75879777,-121.6764362
522CE0027,39.2911814,-122.55901
522GSCBSC,39.7223709,-122.72358
522MFSCRB,39.3776187,-122.65322
522PS0430,39.3769489,-122.64545
522PS0504,39.28089987,-122.6249052
522PS0643,39.37284796,-122.6101367
523PS0172,39.9345856,-122.8274
523PS0222,39.8598634,-122.63915
523PS0414,40.0268251,-122.64924
523TMCATG,39.853653,-122.67094
524PS0202,40.6907249,-122.64017
524PS0342,40.1699249,-122.67529
524PS0394,40.5855517,-122.5513
524PS0650,40.54267967,-122.5801591
526ASC237,41.20302227,-120.8606416
526ESCAMC,41.1753026,-120.20589
526HTC129,40.70991224,-121.4231824
526PNCAMF,41.3614539,-120.28212
526PS0072,41.1351076,-120.80025
526PS0076,41.2743417,-120.26368
526PS0220,41.0090277,-121.65077
526PS0228,41.1792136,-121.16291
526PS0344,41.4241036,-121.00347
526PS0356,41.1772655,-121.16283
526PS0396,41.3782703,-120.4142
526PS0440,41.2310443,-120.39822
526PS0472,41.4463365,-120.50531
526PS0504,41.1809051,-120.20974
526PS0756,41.19594,-120.9836
526PS0764,40.8949943,-121.94401
526PS0808,41.4909573,-120.79071
526PS0948,41.2077268,-120.93309
526PS1036,41.5512079,-120.45411
526PS1100,41.2913478,-120.2497
526PS1144,41.0825564,-120.34939
526PS1420,41.36560478,-120.4582741
526PS1496,41.4472378,-120.5109293
526PSCBBL,41.1670656,-120.30202
526PSCBLK,41.1609847,-120.28927
526WER123,41.2728098,-120.27339
526WTCACT,41.4426463,-121.01539
527PS0388,41.8263508,-120.29548
527PS1156,41.9467494,-120.28884
527PS1412,41.72801742,-120.3321003
531PS0365,37.9139489,-121.07092
531PS0381,37.8811429,-121.24921
531PS0429,37.8533047,-121.17267
532CPC238,38.68031692,-120.4158392
532CRM206,38.58445931,-120.3064894
532FC1181,38.7323238,-120.4783979
532FC1271,38.58011767,-119.8887183
532PS0050,38.540813,-119.88855
532PS0062,38.6791303,-120.66661
532PS0071,38.4902045,-120.39671
532PTCAER,38.511093,-120.33743
532SFC142,38.61333552,-120.5613118
532TGRUPX,38.4826201,-120.44889
533FC1043,38.18245018,-120.7010396
534ANCACF,38.4073554,-119.79934
534CFSAIM,38.4161343,-119.73995
534CYCANB,38.0550719,-120.47711
534DCC167,38.44072352,-120.0111523
534MLC108,38.3004897,-119.93472
534PS0043,38.1650206,-120.09099
534PS0070,38.3262399,-119.93849
534PS0114,38.3881095,-120.06182
534RSCAGG,38.1326339,-120.21849
534SPC227,38.20090277,-120.24876
534SRCFFC,38.3659299,-119.86907
534WER219,38.4183292,-119.75143
535CR0910,37.5967799,-121.12931
535PS0221,37.6305282,-120.98591
535PS0265,37.6440121,-120.69392
536CLR247,38.06350909,-120.0201628
536HLCBFM,38.0456648,-120.09967
536PS0107,38.0458303,-120.0237
536SED006,37.9055389,-119.99696
536SED108,37.8688122,-119.90435
536STR127,37.80924464,-119.9631934
536TRC119,38.11575891,-120.0035228
537ADCH41,37.5804956,-119.67816
537BLCABG,37.7045776,-119.97417
537BSCAWR,37.6208359,-119.67804
537GZCAMR,37.5242445,-119.4645
537MDR255,37.66186746,-119.9197547
537PS0386,37.6601072,-119.99491
537TYCAML,37.7593154,-119.52897
539CCRARR,37.260413,-119.94625
539NDCACC,37.4250002,-119.59622
539PS0127,37.42787411,-119.6613123
540BCA168,37.2338128,-119.13584
540CDC136,37.39721998,-119.0013566
540CQCBBR,37.512904,-119.42528
540GNCBTC,37.5641933,-119.31546
540MNCANF,37.4131773,-118.90796
540MNCASJ,37.6395992,-119.08799
540MRC196,37.64089043,-119.0946299
540MSJ132,37.59601994,-119.0921538
540PKC272,37.85435995,-119.1390899
540PS0008,37.2180745,-119.21886
540PS0258,37.1636667,-119.35193
540SDC212,37.32109006,-119.4921495
540SED003,37.241985,-118.94655
540SSJ200,37.32603201,-119.0163622
541PS0055,37.2993703,-120.94798
542DPCDPC,37.4208663,-121.37372
544R00281,37.952557,-121.69589
545PS0335,36.9879295,-120.02075
551PS0308,36.7236574,-119.45933
552DKC268,37.09119045,-119.1563768
552DRCAEF,37.0069006,-119.06365
552FC1226,37.11440996,-119.1692801
552FCA017,36.9636736,-119.2314
552KRSFBC,36.7894211,-118.55104
552MFC120,36.78282966,-119.0241709
552MFCAKR,36.8538418,-119.0974
552PS0028,36.8430603,-119.09718
552PS0072,37.1168754,-119.17263
552PS0284,36.9090585,-119.12727
552SCCTSR,36.9180632,-119.27533
553KRMAPC,36.5198665,-118.75975
553KRNAYC,36.5464579,-118.8978
553TCCAKR,36.5450613,-118.89593
554CLCALK,36.2127214,-118.51665
554FSC207,36.0972601,-118.2505353
554LCCADR,35.4808635,-118.6802
554NYCGWD,36.02064,-118.56706
554PMCABC,35.9528641,-118.41543
554PMCGWD,36.0835735,-118.54755
554PS0160,35.4662255,-118.32579
554PS0224,35.5297306,-118.60656
554PS0448,35.6850624,-118.25595
554PS0946,35.7083398,-118.19208
554SED027,35.9006824,-118.36897
555PS0064,36.1822344,-118.78806
601PRK002,37.8427634,-119.14729
601PS0057,37.9169112,-119.0743
601PS0065,37.945279,-119.20368
601PS0077,38.0309842,-119.18359
601WRN001,37.9539981,-119.22815
602FC1102,37.89016025,-118.7154475
603CON001,37.6151908,-118.82714
603DDM002,37.750057,-118.96709
603DDM004,37.7082113,-119.057
603DDM005,37.7082668,-119.0532
603FCA145,37.5651365,-118.75445
603GLS001,37.7470734,-118.98624
603GSCADC,37.7397429,-119.04998
603MAM003,37.6339929,-118.95914
603MCG001,37.5653442,-118.78331
603OHCAOR,37.7449878,-118.75563
603PNC001,37.380402,-118.67247
603PS0008,37.4857939,-118.76047
603PS0024,37.5389881,-118.64399
603PS0040,37.5280719,-118.70994
603PS0044,37.1254722,-118.35199
603PS0045,37.5512459,-118.80158
603PS0056,37.3417361,-118.73378
603PS0072,37.3743766,-118.67665
603PS0073,37.7093396,-119.05803
603PS0075,37.7571266,-118.44124
603PS0076,37.3187978,-118.50609
603PS0079,37.7039368,-118.77646
603PS0092,37.2863882,-118.4042
603PS0108,37.1637171,-118.29026
603PS0109,36.5949449,-118.14485
603PS0132,37.48024772,-118.5584239
603PS0136,37.42486153,-118.5792427
603PS0137,37.74786675,-118.9710045
603PS0557,36.4627431,-118.1141
603PS0720,36.8314648,-118.2214
603PS1056,36.982039,-118.30243
603PS1488,36.71298374,-118.2769232
603PSx109,37.5926993,-118.78253
603RCC156,37.4782898,-118.721124
603RCK001,37.5611498,-118.66291
603SPCBWC,36.7168478,-118.26553
603UOW001,37.6855791,-118.76158
603UOW003,37.7123386,-118.78859
603UOW009,37.7535658,-118.93131
609PS0053,35.7463518,-116.22256
620PS0669,36.3194946,-117.52608
626PS0171,34.4475803,-118.01591
626PS0619,34.4187649,-117.97471
626PS0827,34.3865167,-117.82502
626PS1195,34.45460942,-118.0171989
628MRW138,34.2847107,-117.37374
628PS0527,34.2471922,-117.11022
628PS0715,34.5358352,-117.28926
628PS1019,34.3361436,-117.16144
628PS1039,34.2642214,-117.12565
628PS1179,34.3390158,-117.1669
628PS1307,34.34422966,-117.2267769
628PS1483,34.51247043,-117.2615044
630FCA097,38.2712964,-119.33055
630PS0005,38.066096,-119.22505
630RBS005,38.1452967,-119.3861
630SED034,38.1343845,-119.23532
631DEP001,38.4547143,-119.45503
631FC1099,38.36417187,-119.4447781
631LWK002,38.3212344,-119.44997
631POR001,38.3347081,-119.533
631PS0001,38.3129483,-119.61195
631PS0011,38.3731259,-119.53433
631PS0023,38.4717665,-119.35308
631PS0033,38.287577,-119.54742
631PS0051,38.538792,-119.47966
631PS0145,38.31980926,-119.5495281
631WWK005,38.3091402,-119.55058
632CHV001,38.6782496,-119.90081
632DIX001,38.5606873,-119.70506
632ELD001,38.4993978,-119.74089
632HNCAHL,38.6556957,-119.64425
632MRK001,38.6975735,-119.77462
632MUR001,38.4920484,-119.70201
632NOB001,38.5739459,-119.7906
632PS0007,38.5333475,-119.59371
632PS0014,38.5654945,-119.62348
632PS0046,38.696085,-119.77415
632PS0058,38.6061113,-119.69002
632PS0110,38.75037339,-119.644716
632SVK001,38.5515643,-119.61095
633PS0003,38.8174123,-119.90947
633PS0142,38.80733182,-119.7777962
633WCR001,38.7909985,-119.79301
633WCR003,38.6807625,-119.93308
633WE0991,38.7322424,-119.92962
633WIL001,38.7838189,-119.91829
634CAT055,39.0057699,-120.16517
634CLD001,38.8990091,-119.95141
634EGL005,38.9398811,-120.12467
634GACALL,38.8732769,-120.09564
634GRF001,39.265502,-120.02681
634HHCATC,38.8536826,-119.94794
634HID001,38.8714398,-119.9653
634MKC278,39.05558296,-120.1539532
634PS0019,38.7952144,-119.98684
634PS0035,38.8715412,-120.09935
634PS0126,38.87660009,-119.9840046
634PS0131,38.82055663,-120.0192451
634R10BMW,38.7796377,-119.99806
634R10GNL,39.0299623,-120.1604
634R10UTR,38.7782606,-120.02936
634SAX002,38.882835,-119.9805
634TAY001,38.9239015,-120.05706
634TRT001,38.8569926,-119.94436
634TRT002,38.9285435,-119.97611
634TRT005,38.8841708,-119.97783
634TRU231,38.8102695,-120.017453
634UTR005,38.8629038,-120.02332
634UTRADC,38.729967,-120.01776
634WRD001,39.1398154,-120.19108
634WSN001,39.2220405,-120.10178
635BER001,39.1901383,-120.19806
635CLS001,39.3002795,-120.25219
635PRN001,39.3857483,-120.2524
635PS0018,39.178365,-120.19251
635PS0034,39.2584433,-120.20859
635PS0038,39.3823765,-120.22624
635PS0118,39.34775238,-120.1223277
635PS0146,39.32331518,-120.2281119
636PS0006,39.4895671,-120.28038
636PS0010,39.4617379,-120.18913
636PS0070,39.4946973,-120.33373
636SAG001,39.4372801,-120.2295
636SHCWES,39.4310516,-120.24152
637PS0018,40.3611592,-120.80594
637PS0130,40.4180714,-120.8534657
639PS1279,40.73350087,-120.1178288
705PCCPCP,34.16677039,-116.5726525
719BMCPRE,34.03638408,-116.5675151
719HOTCPF,33.57493477,-116.4168443
719MISSCK,34.0077515,-116.6223365
719NP7AZC,33.85608846,-116.8062677
719NP7BNC,33.86807372,-116.772727
719NP7DPC,33.63366193,-116.3919569
719NP7LBC,33.89152158,-116.694835
719NP7TWP,33.85534905,-116.7805625
719TPPSQH,33.83104862,-116.3117276
719TRMDSS,33.84028187,-116.6136044
719WWRPUS,33.99036935,-116.6605846
722ABSPPC,33.2784493,-116.4293077
722NP7CGC,33.3546,-116.48263
722NP7IDC,33.34707,-116.47844
722PS0535,33.3695331,-116.4226
722PS0611,33.112553,-116.44469
801BNC530,34.17820411,-116.9088645
801BRC184,34.16553455,-117.0153951
801CCCCTT,34.1839589,-117.62696
801CCWFAC,34.1895145,-117.18186
801CYC398,34.1364652,-117.1896772
801DRC025,34.17399098,-116.984161
801EBC686,34.16915234,-116.8919788
801EEWADD,34.1873138,-117.52055
801ETC226,34.19154779,-117.2740511
801LCMFAS,34.249615,-117.518
801LYC271,34.22909641,-117.4737859
801LYC600,34.23094448,-117.4829106
801M12611,33.80456,-117.86822
801M12617,33.65489,-117.77451
801M12625,33.69499,-117.93471
801M16861,33.89732,-117.36136
801M16873,33.90145,-117.4664
801MHC219,34.11077451,-116.9924906
801MIC042,33.94653043,-117.6147465
801MIC370,34.10027317,-117.0240712
801NLC105,34.25299621,-117.4935903
801PFB019,33.92390741,-117.5975265
801PS0019,34.154549,-117.13613
801RB8361,33.9690442,-117.43755
801S01671,34.1695965,-116.82554
801S01783,34.1901583,-117.27273
801S01805,33.986623,-117.14226
801S02567,34.1846561,-116.89681
801S02947,33.699192,-117.81143
801S03111,34.2453684,-117.61054
801S03488,34.248016,-117.62685
801S03971,33.6755112,-117.82775
801S04078,33.9975871,-117.72325
801S04471,34.11111,-117.14747
801S05127,34.18282123,-117.0096419
801S05383,34.16560172,-117.0154885
801S06231,34.23260465,-117.4288231
801S06679,34.2616443,-117.46943
801S07485,33.94733648,-117.6140583
801S08183,34.07338046,-117.3043306
801S08727,34.21709071,-117.4618374
801S10259,33.6489139,-117.69841
801S19286,33.71868401,-117.7883146
801S19399,33.65550258,-117.7622746
801S19486,33.67632076,-117.8269997
801SANT1x,33.7091141,-117.61451
801SAR110,33.96406821,-117.4652868
801SAR124,34.12660524,-117.0773108
801SDC180,33.67355501,-117.790901
801SDC418,33.68066618,-117.8069575
801SJR159,33.739122,-116.8309172
801SNP001,34.24427608,-117.5072515
801SNP002,34.2560162,-117.6415304
801STW055,34.03865508,-117.2204469
801STW085,34.04953875,-117.2326774
801STW258,34.0138836,-117.1784404
801WBC106,34.15518954,-116.8851043
801WCC247,34.18785675,-117.1837143
801WE0674,34.1756773,-116.98476
801WE1008,34.1809747,-116.91249
801WE1132,34.1337834,-116.84314
801XXX305,33.70865251,-117.8003953
802FMCAIP,33.8070008,-116.74394
802NJR147,33.79422602,-116.7472887
802S25949,33.7943936,-116.74822
802S33361,33.7390683,-116.7251
802S33561,33.7435692,-116.71028
802S37697,33.8796266,-117.21403
802S45233,33.76989101,-116.7787525
802SJR116,33.66404168,-117.278696
802SJR587,33.72196724,-116.8043104
845PS0011,33.8812514,-117.89713
901ATCAAS,33.6827445,-117.5017
901BELOLV,33.6397295,-117.55393
901CSCADC,33.493881,-117.43028
901DCCSMC,33.4736221,-117.4656
901M14118,33.6098,-117.62739
901M14124,33.43535,-117.62556
901NP9FLC,33.67595868,-117.5366404
901NP9LCC,33.62729681,-117.4288649
901PS0057,33.5281378,-117.66961
901S00313,33.6060508,-117.44681
901S00469,33.5298794,-117.40905
901S00997,33.4395601,-117.61966
901S01705,33.6030549,-117.50973
901S01811,33.5633426,-117.71768
901S01849,33.5552391,-117.3978
901S02873,33.54344,-117.39739
901S04309,33.4748612,-117.46605
901S04409,33.6034762,-117.45315
901S04565,33.5316062,-117.41415
901S06030,33.5022585,-117.64837
901S06798,33.5315427,-117.74145
901S06851,33.5505243,-117.67543
901S06969,33.5533437,-117.3958
901S11685,33.5098517,-117.63485
901S12942,33.4778404,-117.67851
901S39498,33.4903897,-117.66532
901S45253,33.5144227,-117.62614
901SCCA74,33.6185364,-117.50984
901SJSJC9,33.4842296,-117.67552
901SJSMT2,33.5500509,-117.39568
902ARO100,33.4436457,-116.98743
902M18864,33.49207,-117.24653
902M20161,33.4187,-117.14103
902S00117,33.341774,-117.33188
902S00565,33.4108286,-117.23891
902S02293,33.4233868,-117.20467
902S02357,33.4056847,-117.24977
902S05173,33.3971084,-117.28365
902SMSND3,33.4151877,-117.24663
902SMSTN1,33.4310563,-117.18926
902WE0888,33.4541711,-117.30288
903ACPCT1,33.2968568,-116.63839
903FCPSPx,33.3511683,-116.91311
903FRC,33.35894181,-116.9064902
903M20124,33.29947,-117.08415
903M20153,33.31876,-117.10161
903NP9SLR,33.34993721,-116.6650801
903S06113,33.2644836,-116.81301
903SLFRCx,33.3417803,-116.87746
903SLKYS3,33.28785,-117.08242
903SLMSA2,33.2853227,-117.20872
903WE0798,33.3368651,-116.82934
903WE0900,33.330711,-116.81609
904CBAHC6,33.14968,-117.29649
904CBESC8,33.0343335,-117.23599
904M21713,33.11944,-117.09511
904M21720,33.15678,-117.28243
904PS0034,33.0681292,-117.26263
904S00537,33.0499534,-117.22443
904S02201,33.1797995,-117.33735
904S02585,33.090855,-117.24471
904S08089,33.0890172,-117.13747
904S12185,33.0991845,-117.13014
904WE1125,33.0990574,-117.12941
905BCC,33.13023688,-116.79877
905DGCC1x,33.1579419,-116.85173
905PS0026,33.1075387,-116.8642
905S01953,33.0892649,-116.90366
905S02561,33.1297426,-116.63592
905S15201,33.117781,-116.85445
905SDBDN9,33.09303,-116.89707
905SDYSA7,33.0852105,-116.91754
905WE0679,33.131625,-116.65517
905WE1018,33.1244164,-116.6825
906LPLPC6,32.9058216,-117.22704
906LPRSC4,32.8369516,-117.23159
906M23302,32.81736,-117.19986
906M23318,32.8249,-117.23035
906S02246,32.9463653,-117.09849
907BCT,32.96681101,-116.6521283
907CCCR02,33.0010791,-116.70977
907CONECR,32.89028,-116.76306
907S00577,33.0760858,-116.67566
907S01418,32.9924644,-116.71858
907S01434,32.9042752,-116.62556
907S01610,32.9667551,-116.65275
907S02774,32.811821,-116.97324
907S03210,33.0031286,-116.72919
907S03786,32.8942187,-116.65844
907S05514,32.9797401,-116.74247
907S46499,32.9626887,-116.74933
907SDCHC3,32.8472168,-116.80681
907SDFRC2,32.8396903,-117.00111
907SSDR11,32.8217451,-117.06302
909JPCH79,32.9182367,-116.57144
909JQCASR,32.9145272,-116.56561
909SHAR02,32.8104503,-116.84246
909SLAW02,32.7542273,-116.77888
909SSWR08,32.65897,-117.04181
909WE0662,32.8996669,-116.58881
910DZRA03,32.6533838,-116.79143
910S06570,32.634814,-116.88541
910S14762,32.647877,-116.86999
911COPPER,32.5630219,-116.82907
911KCKCRx,32.7874036,-116.451
911LAP,32.7002313,-116.48152
911M24916,32.54938,-116.99128
911NCPCR2,32.8636443,-116.50915
911NCPCRx,32.86373,-116.51654
911NP9ATC,32.7706879,-116.41849
911NP9UCW,32.8184104,-116.49262
911S00538,32.7810141,-116.63302
911S00858,32.9028237,-116.49337
911S01142,32.7354777,-116.65268
911S01818,32.8616556,-116.52029
911S02058,32.7608238,-116.6431
911S03354,32.790719,-116.61715
911S04086,32.6747681,-116.57821
911S12262,32.6566508,-116.68056
911TCAM01,32.58928,-116.51797
911TCCTCx,32.8075175,-116.44042
911TJIND2,32.8973878,-116.50434
911TJKC1x,32.7527985,-116.4519
911TJKTC5,32.7527985,-116.4519
911TJLCC2,32.7784977,-116.4448
911TJWIL3,32.693986,-116.6957
911TTJR01,32.5658506,-116.77158
REF-TCAS,33.67408061,-117.5371902
SGLT506,34.0616723,-117.99384
SGUR103,34.2427675,-118.04972
SGUT503,34.2914337,-117.83966
SMC00027,34.6629638,-119.05229
SMC00036,34.2149695,-118.87999
SMC00105,33.7458076,-117.58472
SMC00135,34.0781823,-116.87856
SMC00153,33.2215539,-117.34665
SMC00191,34.3676103,-119.05379
SMC00198,32.937358,-117.1395
SMC00206,33.5451478,-117.65998
SMC00271,34.5489318,-119.16562
SMC00288,34.1308591,-117.76104
SMC00318,33.8130527,-118.20559
SMC00375,34.1090279,-117.15266
SMC00382,34.0444783,-117.9951
SMC00428,34.245972,-118.04868
SMC00436,34.1484908,-118.27845
SMC00440,34.2861499,-118.52907
SMC00446,34.0201858,-118.04625
SMC00457,33.2336868,-117.09475
SMC00464,34.2417188,-117.86624
SMC00473,33.0385323,-117.15843
SMC00476,34.2426391,-118.13468
SMC00479,34.2634002,-119.24095
SMC00480,34.2342633,-117.73221
SMC00520,34.2959145,-118.28307
SMC00531,33.5589272,-117.77256
SMC00544,34.1467739,-117.74153
SMC00608,34.1234431,-117.90224
SMC00632,34.148748,-118.55605
SMC00660,34.2678337,-118.93799
SMC00665,33.2740051,-117.23159
SMC00670,33.8686273,-117.90923
SMC00684,34.096982,-118.02374
SMC00686,34.032203,-117.8382
SMC00693,33.2964867,-117.08551
SMC00702,33.8779562,-118.00298
SMC00710,32.8891902,-117.20109
SMC00729,33.1350249,-117.17517
SMC00748,34.075488,-118.07881
SMC00766,33.6571859,-117.83741
SMC00827,34.5571629,-119.18882
SMC00830,33.943059,-118.16606
SMC00836,34.1901929,-119.0056
SMC00857,33.2460983,-117.30089
SMC00873,33.5978762,-117.62711
SMC00899,33.717471,-117.7888
SMC00910,33.5135612,-117.74432
SMC00911,34.5080262,-119.2979
SMC00921,33.1062473,-117.11568
SMC00924,34.2234965,-118.18015
SMC00926,33.9074099,-117.88296
SMC00957,33.9619585,-117.37075
SMC00958,33.8253264,-117.99894
SMC00963,33.5640155,-117.6514
SMC01004,34.1492659,-118.16567
SMC01013,33.480581,-117.14397
SMC01040,34.3051727,-118.15833
SMC01046,32.7946457,-117.18536
SMC01049,33.1773783,-117.20403
SMC01096,34.2848271,-118.29322
SMC01097,33.4867467,-117.2556
SMC01151,34.3725182,-118.97152
SMC01155,33.7611238,-117.67931
SMC01158,32.9625062,-117.16733
SMC01161,33.4467309,-117.25528
SMC01174,33.0167752,-117.01646
SMC01196,34.278378,-118.0296
SMC01201,33.0858228,-117.05531
SMC01208,34.1901544,-118.53647
SMC01215,34.3396913,-119.06785
SMC01248,34.2589568,-117.74499
SMC01257,33.6084222,-117.6186
SMC01260,34.0650236,-117.97474
SMC01278,33.8203072,-118.06683
SMC01320,34.298516,-118.25076
SMC01358,33.9096517,-118.24673
SMC01383,34.0662228,-117.54181
SMC01384,34.0645362,-118.70035
SMC01413,33.3055192,-116.80626
SMC01424,34.2401184,-117.81617
SMC01452,34.0909013,-118.06673
SMC01454,33.9550309,-117.8613
SMC01464,34.2751627,-118.52666
SMC01504,34.253273,-117.71385
SMC01512,34.2763996,-118.67251
SMC01544,34.2973085,-118.24852
SMC01555,33.5499879,-117.77966
SMC01567,34.5096111,-119.38373
SMC01606,32.8414045,-117.23471
SMC01640,34.1530146,-118.69681
SMC01656,34.1563171,-118.53628
SMC01662,33.9247973,-117.95667
SMC01684,34.2761401,-118.91576
SMC01689,33.2678939,-117.23569
SMC01692,34.1979861,-118.16973
SMC01694,33.9200198,-117.90271
SMC01716,34.2074702,-118.49728
SMC01717,33.3396866,-117.13286
SMC01726,33.8635246,-117.98813
SMC01748,34.2875933,-118.82832
SMC01772,34.1101391,-118.12296
SMC01808,34.3094037,-118.07316
SMC01814,33.0229871,-117.22543
SMC01824,34.0912769,-117.75598
SMC01881,33.23547964,-117.3416689
SMC01902,34.0103479,-117.85606
SMC01909,33.3112067,-117.13878
SMC01912,34.2342728,-118.60292
SMC01923,33.6722164,-117.78872
SMC01934,33.4902157,-117.66594
SMC01960,34.2655455,-118.75916
SMC01962,32.660647,-117.03925
SMC01972,34.2402289,-118.49563
SMC01979,34.452055,-119.13625
SMC01987,33.5901892,-117.71183
SMC01990,32.7957746,-117.11338
SMC02006,32.8311536,-116.9851
SMC02028,34.1286798,-118.16554
SMC02059,34.0619306,-117.30704
SMC02075,34.6718919,-119.03759
SMC02088,34.3022609,-118.2596
SMC02092,34.2794817,-118.20685
SMC02127,34.4227975,-119.26449
SMC02139,34.6716022,-119.0172
SMC02145,33.2693444,-117.03147
SMC02167,34.1045001,-117.15946
SMC02206,33.8709893,-117.85003
SMC02208,34.12693386,-117.7745917
SMC02228,34.0689012,-118.22422
SMC02232,34.23225105,-118.551065
SMC02270,33.7957032,-117.77237
SMC02302,33.81526128,-118.0412627
SMC02366,33.84684,-118.14043
SMC02417,33.1338537,-117.06236
SMC02436,34.261878,-118.97228
SMC02452,34.2733012,-118.89985
SMC02457,33.2557748,-117.25005
SMC02484,34.1451,-118.36764
SMC02494,33.9132,-117.97397
SMC02536,34.2686145,-118.6736
SMC02563,33.6819351,-117.67299
SMC02568,34.2786712,-118.22029
SMC02573,34.0134459,-117.17764
SMC02591,34.5178405,-119.37847
SMC02622,33.8972134,-118.18619
SMC02644,34.1815757,-118.88652
SMC02656,34.0747152,-117.87267
SMC02680,34.1953164,-118.59146
SMC02712,34.3617882,-118.30349
SMC02718,33.88936,-117.88771
SMC02804,34.1453408,-118.40866
SMC02884,34.217656,-118.98516
SMC02902,32.9490746,-117.06443
SMC02905,33.2409019,-117.3287074
SMC02933,33.3195689,-117.16562
SMC02936,34.18656639,-118.640822
SMC02972,34.2495807,-118.0755
SMC02976,34.2578936,-117.75662
SMC02984,34.2652841,-118.75052
SMC02988,34.16076712,-117.9889704
SMC02996,34.22105711,-118.4229118
SMC03011,33.61449445,-117.6954876
SMC03110,32.8110566,-117.07336
SMC03133,34.0016699,-117.5996
SMC03216,34.2809211,-117.84094
SMC03222,33.0221034,-117.06726
SMC03268,34.1610653,-119.0654
SMC03280,34.2568564,-117.85653
SMC03304,34.288298,-118.72312
SMC03401,33.45042413,-117.3116849
SMC03438,33.9370556,-117.79254
SMC03452,34.3035424,-117.83231
SMC03510,32.5636372,-116.78734
SMC03523,33.58472708,-117.6642715
SMC03687,34.0829581,-117.58255
SMC03737,33.1196879,-117.0926
SMC03929,33.1787043,-117.30481
SMC03984,34.24613,-117.90187
SMC03988,34.2132269,-118.89766
SMC04000,34.2328252,-117.74778
SMC04008,34.2834758,-118.80806
SMC04047,34.4577525,-119.29185
SMC04054,32.8369445,-117.01854
SMC04121,33.1846546,-117.19835
SMC04132,34.2147317,-118.8842
SMC04134,32.828743,-117.05243
SMC04175,34.4081619,-119.27685
SMC04204,34.203604,-118.01854
SMC04239,34.3607261,-119.31117
SMC04294,32.93776564,-117.1417065
SMC04308,34.1938427,-118.90776
SMC04383,34.5022107,-119.35587
SMC04399,34.3073017,-119.30126
SMC04426,33.0069669,-116.66995
SMC04524,34.24762604,-118.0335586
SMC04532,34.1559541,-118.28772
SMC04600,34.3972362,-118.71045
SMC04661,33.4060694,-117.225
SMC04682,32.9711528,-116.64815
SMC04749,33.8575368,-117.21321
SMC04756,34.2709208,-118.92691
SMC04795,34.479889,-119.17068
SMC04806,32.89033124,-117.1935657
SMC04880,34.3088434,-118.09828
SMC04932,34.2013757,-119.00115
SMC04934,33.03306902,-117.1625869
SMC04972,34.24042879,-117.9346293
SMC05017,33.11264881,-117.107745
SMC05020,34.2349708,-118.17772
SMC05109,33.4744657,-117.1391
SMC05146,32.8452739,-116.61347
SMC05165,33.5818344,-117.25572
SMC05199,34.4041244,-119.28071
SMC05230,33.8730987,-117.75076
SMC05243,34.5924824,-119.25123
SMC05296,34.5548103,-118.77543
SMC05332,34.186847,-118.90743
SMC05379,33.7277949,-117.77911
SMC05402,32.8046848,-116.57311
SMC05407,34.5012511,-119.35044
SMC05423,34.2864603,-119.30791
SMC05524,34.2703268,-118.91724
SMC05567,34.32042598,-119.089273
SMC05640,34.2786712,-118.22029
SMC05694,33.8617481,-118.19751
SMC05702,32.8320149,-117.22946
SMC05759,34.3523389,-119.03461
SMC05764,34.2311986,-119.11095
SMC05848,34.31804348,-118.3196642
SMC05956,34.2289976,-118.97103
SMC05968,34.23484409,-117.8055227
SMC06019,33.6826123,-117.81233
SMC06036,34.2309189,-118.93493
SMC06044,34.22210116,-118.1777087
SMC06079,34.4110452,-119.0820596
SMC06188,34.28189342,-118.198017
SMC06216,34.2737902,-118.31563
SMC06252,34.19336624,-118.017228
SMC06288,34.26670658,-117.8444777
SMC06298,32.9119894,-116.57136
SMC06302,33.867005,-117.85366
SMC06356,34.20146377,-118.911647
SMC06458,32.6690158,-117.01724
SMC06467,33.7911793,-117.71768
SMC06496,34.1696784,-117.88903
SMC06612,34.28615853,-118.8546428
SMC06653,33.9637117,-117.46268
SMC06714,32.6758,-117.00603
SMC06740,34.1807329,-118.8744298
SMC06794,32.8302964,-116.64672
SMC06863,34.4941698,-119.30535
SMC06904,34.419678,-118.78762
SMC07085,33.8838196,-117.51706
SMC07126,32.8434597,-117.03499
SMC07128,34.34480875,-118.3619765
SMC07828,34.27567808,-118.8944784
SMC08068,34.18020769,-119.1037067
SMC08094,33.8195224,-117.85355
SMC08150,32.8373223,-117.01979
SMC08157,33.5391339,-117.26484
SMC08335,34.3458855,-119.29951
SMC08414,33.796306,-117.81994
SMC08426,32.65071,-117.05483
SMC08655,34.5082206,-119.28404
SMC08660,34.28495383,-118.8693831
SMC08845,33.8735355,-117.21443
SMC09091,33.7133968,-117.7958319
SMC09118,33.80878056,-117.8626159
SMC09162,32.8408791,-116.70988
SMC09174,32.8396738,-117.00183
SMC09286,32.7818797,-117.11418
SMC09325,33.5625284,-117.12886
SMC09503,34.4975675,-119.33913
SMC09591,34.1039648,-117.16672
SMC09698,33.7459227,-116.70738
SMC10198,32.821824,-116.97619
SMC10685,34.0188203,-117.36879
SMC10756,34.42352216,-118.9288084
SMC11181,33.8888266,-117.50297
SMC11343,34.3728727,-119.30855
SMC11430,32.848352,-116.86012
SMC11581,33.9520362,-117.6066
SMC11593,33.4646179,-117.27792
SMC11727,34.4784671,-119.29335
SMC12246,32.83988796,-117.0428545
SMC12862,33.921483,-118.11149
SMC13062,32.77548502,-117.1955706
SMC13187,33.67807404,-117.8024507
SMC13214,33.80453149,-117.8724084
SMC13391,34.4179083,-119.26999
SMC13402,32.81507335,-116.5654208
SMC13599,34.4989794,-119.34187
SMC13630,33.8608337,-118.10342
SMC14099,33.62772224,-117.7355714
SMC14211,33.68948519,-117.8230866
SMC14218,32.8299851,-116.73604
SMC15677,33.9540988,-117.60468
SMC16045,33.8819353,-117.52241
SMC16169,33.74654851,-117.5935285
SMC16266,32.8185584,-116.75313
SMC16446,34.4129833,-119.27294
SMC16832,33.8844398,-118.10855
SMC16980,34.4326882,-119.24975
SMC17432,33.84435,-118.09802
SMC17918,32.66308691,-117.031729
SMC18046,34.42233403,-119.2645502
SMC18169,33.8917519,-117.57191
SMC18545,34.4843681,-119.3084428
SMC19228,32.6640469,-116.98508
SMC19552,32.83946175,-117.0238016
SMC19669,33.57150358,-117.1610317
SMC19697,34.34808172,-119.3008795
SMC19809,34.5013483,-119.3529618
SMC19945,34.50495923,-119.2817754
SMC20032,33.8766423,-118.10775
SMC20497,34.31230232,-119.2983849
SMC21069,33.59691984,-117.1241435
SMC21371,33.894502,-117.57861
SMC21822,33.8723705,-117.70893
SMC21921,33.88788907,-117.5057604
SMC22521,33.87800368,-117.5405022
SMC23495,32.83389787,-116.7230298
SMC24222,33.8714981,-117.71733
SMC24921,33.878246,-117.55355
SMC26288,33.7755508,-117.69538
SMC26909,33.6663642,-117.27519
SMC27709,33.6626982,-117.28999
SMC29064,33.7956097,-116.74266
SMC32718,32.8845526,-116.82225
SMC32897,33.8689631,-117.21319
SMC33179,33.47315683,-117.1435069
SMC34888,33.7738814,-117.68434
SMC35697,34.353928,-119.30973
SMC35837,33.7364053,-116.82611
SMC37632,32.67204914,-116.9990446
SMC40887,33.76274758,-117.4638484
SMCR8_218,33.8086603,-116.74191
SMCR8_474,34.2476693,-117.62449
SMCR8_513,33.719636,-116.7621
SMCR8_572,34.0679585,-117.29326
SMCR8_601,34.0265599,-117.58724
SMCR8_605,33.7389633,-116.72555
SMCR8_613,33.9846311,-117.12823
SMCR8_688,33.7517427,-116.70593
